sample_id,settlement_distance_m
1,8527.804783906795
2,2514.589434313537
3,8282.970230663661
4,4175.554053955753
5,735.5344107873159
6,15122.421017443605
7,9118.780236915147
8,6656.70977009552
9,10516.11078771898
10,11432.599266968928
11,3659.8929350357776
12,15110.792902849164
13,31890.28651407967
14,10120.009912332445
15,636.1418495508666
16,9307.896800301753
17,5633.284219242812
18,5864.748993428475
19,5636.71372657078
20,11073.707295624039
21,2819.550909309956
22,630.066949059841
23,16267.441664394653
24,8591.251771491956
25,955.0782678299361
26,12777.657885596936
27,21948.897048098155
28,8876.974532134398
29,13313.853509293642
30,15232.151249941826
31,3971.0622874003907
32,8513.407338308838
33,15404.985792607717
34,13347.690629138053
35,4866.888378016468
36,14301.305865884797
37,8819.727744171365
38,4099.128917267983
39,18515.326099907623
40,1330.4907272161188
41,7744.813997784146
42,942.1723671302951
43,8021.03761832589
44,5239.59802058942
45,2658.7350742880512
46,24622.14934772477
47,1291.7723305187546
48,5044.724098562016
49,6139.290297540714
50,14901.252336404339
51,737.559761245347
52,7831.191367011851
53,3669.740361079959
54,3604.0385692835316
55,2709.8592290027555
56,12227.402523493112
57,4786.53853388566
58,5445.666921463304
59,9497.962682851836
60,2590.43721214128
61,13219.018716006287
62,11445.181956125609
63,4340.735913761615
64,14648.62657655064
65,1074.6034030685767
66,2703.8214535466805
67,464.47210632187824
68,3315.6975487086834
69,2202.589069319584
70,3137.1552193228863
71,6970.371554580072
72,7774.664295438625
73,13074.272152443638
74,5719.671943603221
75,12637.685716172298
76,4069.986704697762
77,5412.72512941051
78,7022.621437765513
79,17472.15833050474
80,17057.3177565417
81,5180.201943664166
82,10501.00010946435
83,1162.1151883806651
84,4636.646550563913
85,1830.9394991954186
86,9459.65941356563
87,3312.209921565627
88,13739.972830904953
89,4078.3441495437824
90,6154.71114622454
91,3348.6157018070694
92,5244.218380357418
93,5843.562877410054
94,4789.771983762519
95,13630.802219086178
96,3825.8336856912274
97,7618.175591021481
98,6847.383366792714
99,3736.1254181690797
100,16969.919137171935
101,4636.365291848049
102,2113.564150362404
103,12794.151187353798
104,3192.201632751949
105,2513.6686168044607
106,14964.04946465511
107,1592.946504645269
108,13714.323819689755
109,14507.545792801078
110,19945.921519440024
111,1271.7292741873152
112,2843.4232034494007
113,10006.03161603121
114,14732.952250910183
115,3542.902681911372
116,7169.712838337101
117,2104.3643929829045
118,14790.245105434113
119,5901.245772241959
120,22948.368407187063
121,6248.172495762041
122,3315.1726146019105
123,2372.825227013119
124,4474.597577815201
125,8833.368791930017
126,22392.812230975756
127,714.9562941870934
128,6906.52002120407
129,12227.068731466268
130,2762.5215027709655
131,2280.5981691870106
132,6340.330481136794
133,1152.9085607823715
134,4584.7863772975215
135,18173.35585177023
136,4504.21267536656
137,10096.973430492892
138,12673.488959189992
139,1397.458513555195
140,19695.301272592344
141,13820.652159102317
142,3764.9141389682754
143,13787.285442549915
144,14276.500792047309
145,6564.45938631203
146,12507.879931790347
147,7354.837761868025
148,3580.31071822112
149,4037.0398823361356
150,8547.761417484498
151,13616.997956514948
152,2193.190727816904
153,8408.35989383541
154,5777.506866584103
155,5512.764995310026
156,1860.8078967916756
157,3597.369389268516
158,322.6229740777711
159,22284.537313814497
160,2145.5655118582104
161,10160.4458594743
162,22950.903703765005
163,3114.042898158213
164,3128.014577419171
165,2269.3009135780862
166,7045.568033774
167,1808.5385485521601
168,27319.052102337802
169,4998.534577650602
170,4550.352078900465
171,3609.242915825059
172,3438.601744281522
173,4390.5716914179475
174,7001.04857140718
175,7464.965026305355
176,10830.6669939855
177,5714.747120649389
178,2817.993730617908
179,5931.194668744245
180,11144.707571501387
181,4146.327891412439
182,9503.69724601273
183,4837.0107672173035
184,25284.751410275527
185,16317.00388872105
186,4878.3974305412
187,1342.9989357540699
188,8553.098477499747
189,4606.510851528857
190,14731.329062482533
191,3723.0345849090218
192,4401.038867634463
193,35141.503879854194
194,3155.5450323841796
195,9140.293088618188
196,7811.00612744965
197,11971.033401721801
198,1968.5386513238122
199,13116.477669780297
200,10317.135110885478
201,5885.122803713968
202,3557.0197377228537
203,2928.9583563727883
204,12839.87373563292
205,8031.160547906613
206,2932.3780486319906
207,14432.085736880716
208,1084.1849594646756
209,13561.773671612253
210,5166.267476889429
211,11840.738306541876
212,6694.833955047727
213,1832.4045295539006
214,6229.4598398249855
215,5800.571402457366
216,2264.057407900408
217,2855.71226373797
218,2144.360343188652
219,8871.282731945816
220,6786.551382904004
221,34551.85855930759
222,9371.894945041371
223,917.6085211632956
224,4087.2767087872194
225,2296.879586663304
226,7588.72328791769
227,695.0983292086077
228,1895.0692845795502
229,6727.966605619612
230,8321.86263765923
231,3569.8586393881274
232,6946.251647202922
233,3109.4633999943912
234,1971.0674859190042
235,1929.4099224571848
236,3236.1007926482994
237,17798.277717943554
238,18861.322987663672
239,4136.417627797635
240,6372.080907321723
241,4303.937214853679
242,9232.168894387563
243,1515.7819036607796
244,8969.353169047492
245,3770.151692157103
246,1508.5259513971819
247,14242.406469098078
248,6283.274119484133
249,6691.973219160184
250,28169.809808199094
251,5793.677651565944
252,7209.945033539682
253,8108.198199623238
254,7426.819574932148
255,7270.417090949082
256,13192.800824988597
257,12321.945253779477
258,1450.4906856861717
259,9216.976356671596
260,8984.685330445818
261,930.27342829129
262,14865.45392917653
263,8737.606136754286
264,8920.387466966058
265,13821.14512123023
266,19706.96921282294
267,6385.743416229694
268,7589.425545129265
269,2713.3229492040045
270,7012.981490732245
271,23918.041194547466
272,7177.40192877981
273,3582.4755105941517
274,3290.971593416521
275,6064.585982265753
276,14027.956909257624
277,7582.163589065023
278,3642.5908333373122
279,20784.728319962913
280,3838.9264906264048
281,26059.175484263826
282,10755.425771510607
283,2904.9601590487446
284,12248.33380090929
285,4894.644118311183
286,9929.525604584092
287,732.1710098646864
288,7297.524914700052
289,9407.561482600262
290,22009.658313954533
291,2115.478496817913
292,31547.037274237642
293,2852.515850342287
294,3692.596585800068
295,1320.3381498946508
296,958.3189106571406
297,13935.599345186236
298,3462.3951112209047
299,8679.969367058042
300,1556.6432285015048
301,10123.688508149296
302,20734.268101663085
303,8487.865548983373
304,8093.608548752491
305,5966.993659732376
306,1917.8410190503873
307,5687.701989781639
308,8962.842918564442
309,4471.095580169206
310,15512.132801052281
311,10920.798378212217
312,3444.176147540872
313,3520.179738878435
314,14842.9723351297
315,2224.6530288316785
316,23132.993614635783
317,7284.658521623485
318,5890.363775201713
319,1573.9699849495844
320,1366.0173785892166
321,5129.62003099411
322,4227.172480236467
323,10660.733877843513
324,5664.983195184663
325,5844.735118766575
326,1634.179117742925
327,4910.706264778898
328,6274.864346118359
329,21901.577077058853
330,1997.9594433986151
331,4405.165689108532
332,1823.6774195859923
333,3956.664499576972
334,9801.64172364797
335,2339.053812952728
336,559.4383886479264
337,57.74742747926763
338,7977.706894155752
339,3546.613996076766
340,2545.9568251725163
341,5821.21674020424
342,1864.694126685346
343,4550.3678419941
344,2476.791887843833
345,3980.8039209845756
346,6644.095078570511
347,20455.82363779515
348,4057.548437148708
349,16105.266540613917
350,3125.9164354014783
351,11844.222206639512
352,4386.297497036345
353,13123.676420780512
354,6343.9124409672795
355,10991.112383046891
356,7706.088062246854
357,8297.260466667964
358,3207.2376186318943
359,2633.525332835116
360,2261.1388127682458
361,1443.562932347736
362,12227.52131460722
363,7154.007589241214
364,9915.296722324416
365,3609.501397227271
366,1170.7962612392232
367,6368.191705793573
368,14089.946817404894
369,9144.136215307863
370,4661.293053446337
371,12233.365926079412
372,4153.972239409261
373,1322.7347998989983
374,6126.486004562619
375,4455.386340563357
376,1724.4960071008888
377,1437.3702003709718
378,6389.160761876697
379,2753.436675585119
380,15770.702524393884
381,19553.572625477453
382,6023.787488260915
383,1633.6408823539716
384,9082.369202883414
385,9381.42260623402
386,3385.2561824395298
387,1496.8783108091984
388,3124.716544433918
389,3176.226384023188
390,3004.570473826101
391,23358.37016704068
392,2881.854865832347
393,1019.8100548849357
394,7479.732672985022
395,1548.2024010400992
396,843.3393560351909
397,2670.6777618875985
398,6588.698478104922
399,6113.098650204834
400,1836.175438166503
401,13716.340677315453
402,36769.07993155794
403,3194.0241165095886
404,4346.4585594731425
405,10743.475358835796
406,6287.667853940527
407,3014.174430970218
408,318.63225126420997
409,8147.089074910541
410,16127.819384867744
411,24967.184372089585
412,14670.74908445606
413,7586.977576946686
414,8341.463771195049
415,17460.202517114
416,8248.908278288574
417,11029.621006607958
418,5806.963909038941
419,3480.1784218406065
420,7156.329819035565
421,5396.536456890646
422,1209.2112420763485
423,1111.1500373609938
424,15683.505594857032
425,13885.820836513572
426,7480.885845631418
427,4574.417887649011
428,4794.558580777869
429,11426.356945586818
430,8169.8018265832425
431,9429.545581318655
432,6100.317606879525
433,12057.675183661971
434,247.4211004853198
435,21693.69410720344
436,4769.8151142673205
437,5113.657071572546
438,877.0315894518985
439,2263.952543737389
440,7410.6005369228
441,29061.571608080292
442,12325.961071523334
443,6250.961768633571
444,4856.458577743161
445,5886.986133922222
446,4466.500401641091
447,22631.79359863159
448,29770.05702413694
449,7377.877790780891
450,15539.37439662908
451,7908.720384482559
452,4862.985171384053
453,1570.294947566297
454,12558.503185205476
455,9565.80271975588
456,6837.752803525773
457,7724.78814611635
458,8760.763909386758
459,9943.657338711955
460,2907.5698102946585
461,4789.1949131670735
462,19258.14029023528
463,11011.867423060768
464,1714.7638464706147
465,14606.54396941027
466,13175.786938261861
467,10507.367734351274
468,5428.321381281151
469,847.4990079970112
470,283.4993188736943
471,3682.3075683774305
472,3561.5800851569206
473,6724.593774592332
474,12481.762010212995
475,13810.885062113366
476,7502.579208251418
477,1324.472670176461
478,1692.3668996154256
479,2969.6122903178407
480,6941.338038505564
481,11013.39386250507
482,14788.292728465405
483,2044.35073553126
484,11642.742949498235
485,5815.783009105185
486,22203.24095243429
487,2146.2028494642714
488,8618.84754043932
489,9506.412996055134
490,13794.59112470957
491,2193.530559442193
492,3120.2489361322555
493,2980.745286221712
494,14301.252194018447
495,5142.655687775583
496,2649.8288302339934
497,6436.053407313349
498,14446.758783209354
499,9837.344956728948
500,3737.7413565940446
501,1274.9277730671633
502,4524.642910324961
503,614.5220634996956
504,4116.660307874333
505,13183.959811517094
506,1744.3044673736329
507,2398.2736767101364
508,12068.936096469628
509,10200.542461872301
510,17188.28623873573
511,4439.755255392488
512,1230.743017318716
513,12637.457726490737
514,26617.11124677602
515,410.19622833315196
516,33000.18143171942
517,10683.434781180495
518,2341.0753702937504
519,5859.622012937602
520,10730.334063579212
521,10142.799953206442
522,2791.5841885261625
523,17355.419939693074
524,9431.480117388475
525,5499.708842782633
526,590.8347935305334
527,3087.644567516237
528,10888.762293568434
529,6585.308315991046
530,2345.9025640974173
531,1148.5055860018288
532,15820.60481213395
533,3930.2881976508334
534,9019.17740854993
535,9010.5545855478
536,4135.452859995625
537,721.7071964860472
538,13620.820458847262
539,3616.7804959211153
540,8300.071724134035
541,3071.652776442573
542,6534.792634647902
543,5766.839921545196
544,14443.0119051637
545,21331.676618651552
546,2199.3405696711056
547,6893.968780263991
548,7148.597515562046
549,11072.530325384754
550,16012.497930803838
551,820.1881273193884
552,4869.527759229629
553,3905.374076688535
554,7607.341299857906
555,2391.5532923133683
556,2395.277843491789
557,3376.5214542698686
558,31469.842706660173
559,3990.0933060419516
560,3525.753611453763
561,17023.23055875957
562,4976.649960613479
563,5876.083043247149
564,6094.123131034159
565,6079.115018215221
566,24546.788731839795
567,10199.017468747983
568,1817.6763103167189
569,14653.649149046909
570,5729.37777776253
571,20233.17867271863
572,6079.985523951862
573,7680.1628173457375
574,4738.428833650953
575,14990.996965836935
576,11975.851648618534
577,14119.27286469327
578,4925.984799327297
579,6037.5626359950475
580,14295.290045604916
581,2550.080378105502
582,10000.32562947071
583,2094.9004711841567
584,14429.539926639221
585,15856.418385961695
586,4936.423745952586
587,7589.616285482912
588,5072.020909882118
589,26775.26066149344
590,9314.119727996374
591,3888.5408965609304
592,1209.3746396184972
593,8942.905398772224
594,15489.308866601454
595,3820.462164866549
596,8142.782511220173
597,843.4658330805074
598,6893.399602143097
599,6457.399212343246
600,9068.251295911026
601,10497.83267594072
602,8107.072707389465
603,4364.727001748336
604,4297.03112049324
605,8088.973090795984
606,7969.15029462772
607,15891.071976980435
608,31004.9696594344
609,1106.6527567908051
610,17762.813262020787
611,5241.874757437898
612,20378.51376575032
613,12261.920983382668
614,2919.0790280302426
615,11910.643126192901
616,6154.228851161418
617,7996.0348621578305
618,11711.602859488521
619,2113.2550939848215
620,19671.76196460783
621,7272.884571598735
622,6749.02137381803
623,658.8966390029342
624,13614.280850093459
625,20150.671773578364
626,193.9440723594988
627,10403.441695724448
628,552.2020264061168
629,31363.587082090893
630,1044.6493671188593
631,8234.018518412404
632,14551.092733919106
633,5517.559180791969
634,15452.433316808581
635,2937.7500256207004
636,4742.172733996477
637,4237.552988768157
638,2880.361436808302
639,1003.5330618982442
640,1845.944985811723
641,4588.774086414799
642,2437.4045329296714
643,7320.813975009526
644,4374.321697533393
645,1579.744197179678
646,2414.137594345053
647,9577.605231132495
648,2411.874829577248
649,4779.065065177873
650,10746.747089362541
651,3435.062467624377
652,1664.6383285028724
653,11295.131701485203
654,2004.3606874239338
655,20692.159199487396
656,4366.567967793201
657,2191.681789180187
658,5274.716740528103
659,20824.045463270624
660,4789.724152289401
661,1028.9555423329473
662,15745.582082224571
663,8565.238192522753
664,1797.7157575942636
665,10212.793365351647
666,27626.118353236907
667,5271.920081760698
668,5191.538593750755
669,5331.82538753097
670,6874.896540571223
671,2835.827695414584
672,5030.08276638419
673,4264.226208486256
674,6430.051603314522
675,17074.30183797482
676,4944.711651744354
677,1990.3266741279276
678,5971.464497674738
679,5981.357279335538
680,5155.355473597441
681,1577.26367051917
682,20222.799724737128
683,4467.494268527162
684,15703.198962804638
685,1827.1048959432726
686,10126.023357175787
687,1122.6251294374874
688,7540.249972111117
689,6574.522375412568
690,2844.7788653279986
691,17381.23408229079
692,685.4667303298819
693,13420.895966100165
694,2952.9349202196113
695,1788.308423661692
696,6496.784387555839
697,23730.0221005008
698,4241.740896348846
699,2868.2614889931415
700,6791.662702621688
701,3200.6148158248952
702,17772.96123105865
703,11878.578717338527
704,9863.673586397033
705,1550.0054064446924
706,3123.535669011899
707,1857.5424897773378
708,7551.512535789406
709,8333.895565438012
710,3051.6269284997843
711,6305.081067002239
712,7902.610765325127
713,2461.8170921524743
714,8749.499228893446
715,3187.4415792941145
716,17268.222427867844
717,5758.311709513529
718,2512.943339496243
719,6369.8503158702515
720,6152.0104035205795
721,531.9164392334628
722,1960.5001214007466
723,11516.130131254244
724,2856.295280172592
725,33411.32838486945
726,9047.26984384806
727,8493.394104965613
728,19203.69514499654
729,9000.993417142341
730,1689.1104626653166
731,4331.315271154552
732,3232.2454712769627
733,14937.387902663637
734,9643.862002346505
735,4289.369479153286
736,3286.702268777937
737,14335.616404986864
738,1180.4420202006668
739,10834.852816769084
740,12499.292469748101
741,8093.920692251903
742,16656.599221047774
743,6918.266307295923
744,5781.35731161833
745,6426.34538108286
746,1200.0234128283114
747,5257.325545560943
748,2375.0538110839793
749,1681.2284419133114
750,5966.255756594379
751,6906.9453856427635
752,5123.866046280257
753,898.0349921716831
754,6524.043103456692
755,2720.0807330757953
756,3387.0542905340303
757,12258.241036834735
758,6437.940008982654
759,2932.304533964014
760,7827.252950052181
761,17410.793613513262
762,8784.834472143362
763,2025.2365986017335
764,10455.45206311651
765,12432.939888220819
766,4348.146013867414
767,1562.9649805148185
768,2888.5298690184245
769,8047.644337361275
770,4644.730145259896
771,12720.792702743085
772,4791.07501102247
773,19556.743373479807
774,2578.7541912149463
775,5276.785777428737
776,3133.4352797242877
777,14064.235812065654
778,32012.04943732829
779,5782.1772334071375
780,12869.446632774205
781,12306.225801458042
782,637.5860683496314
783,15305.200079291819
784,1132.5473592563326
785,1295.0526574589885
786,7735.937611054299
787,1154.426444169698
788,647.8171049195204
789,16453.153677241553
790,1370.8145624126194
791,10020.667508906685
792,1084.2369572063408
793,5947.90806378095
794,6592.00366648797
795,1924.7800739279924
796,5049.950422104048
797,5438.040889111062
798,5576.169934565864
799,12756.201943172022
800,785.3831921601975
801,8887.562595811658
802,5452.921248267464
803,6017.8518567277915
804,12875.584902621587
805,2659.414540197792
806,8018.98171444622
807,562.247645787958
808,6025.992473893935
809,9445.773445061988
810,4963.804082959227
811,1613.2381376030123
812,11912.10723075376
813,929.280413663436
814,2646.678880219976
815,1004.8822151273233
816,2777.73749499149
817,5118.2018207665915
818,594.5480832586258
819,8652.27502244343
820,4367.454676283692
821,3501.5214212375963
822,27809.53769083252
823,5405.311342289665
824,6889.423465682732
825,7217.136219890788
826,2214.2425734462345
827,6165.155383804221
828,5951.718946142336
829,3563.0848302879313
830,1384.217580385128
831,33766.400465591265
832,1504.371533547869
833,3154.8041590775215
834,10650.908323335725
835,5020.637374664713
836,10441.415265492178
837,7547.307914106068
838,5815.591041216873
839,6253.430935176057
840,27640.159417176506
841,2215.056955093731
842,18760.684039187432
843,2636.0768535541706
844,6144.578166732423
845,8880.445125286817
846,4330.129091763369
847,15200.308766565086
848,13806.27385522212
849,6320.1961571990705
850,15437.978192085187
851,10281.286336280575
852,3598.9784483686085
853,3906.3610733795454
854,5206.390660730034
855,8661.919561853068
856,3873.080164091196
857,4987.463132444655
858,4528.6714992086245
859,9593.249437839082
860,3164.5238038537427
861,2903.261912864522
862,8396.963641071008
863,5703.259666238095
864,9521.817045448282
865,9113.057823036626
866,2809.752231314444
867,9257.418797864751
868,7088.266303438972
869,14086.043146526286
870,3048.4035035204533
871,2350.9847719373533
872,7786.533697111226
873,8583.434343543664
874,9835.230538070113
875,4346.811231661629
876,5395.433813262866
877,7935.656973596724
878,1968.7765373930847
879,14715.397865169462
880,9895.587221461912
881,14312.479028185558
882,30269.146425819894
883,711.3402582051094
884,1152.6410817831734
885,18271.56470290676
886,3422.7614990539714
887,5423.392545406609
888,1574.288404909806
889,14063.033044079913
890,394.91153002723297
891,2190.5065487445886
892,11304.541718548246
893,13163.235636738811
894,20676.58175197985
895,39422.54736221245
896,1819.9416878086938
897,10559.409388492137
898,15814.003936323936
899,5495.805022770492
900,5944.300293287935
901,3622.227407148141
902,9422.764388234978
903,13168.677092428827
904,10259.554007653644
905,3346.286224792319
906,4553.039039769275
907,23844.83990719223
908,3810.9917737090163
909,3768.509131602558
910,4079.9809883177463
911,2655.040444965352
912,18402.008280992464
913,3477.628812791466
914,1333.510627275468
915,14290.796776578865
916,14274.28951449296
917,18378.01720618054
918,1637.2853732076028
919,10867.709182380795
920,5074.0159632457535
921,5226.395045683038
922,5048.496531156953
923,5103.867764263715
924,3211.526210089849
925,2317.3450966586547
926,3313.7985653361643
927,1357.5896257512827
928,2297.8477182339398
929,4729.4742917605345
930,8983.190889559964
931,10583.901930148062
932,5542.768088984097
933,6670.1420842426405
934,286.2433765509845
935,2916.479927364321
936,3066.1960661806984
937,3562.2456109830996
938,2841.517330686473
939,5329.867217324919
940,11689.825350998017
941,32893.50983810441
942,792.9374191382991
943,17066.09523894172
944,4825.241754242512
945,3148.7022375525958
946,10961.614224122786
947,9376.998505795098
948,2973.5931796184136
949,3409.431341987078
950,3105.1519221577614
951,1190.9235983321228
952,5272.026262185472
953,4044.19609085091
954,3985.145941849354
955,17252.739835176915
956,1311.7728898069156
957,6957.98183159999
958,737.6612168525527
959,7804.262245071903
960,17842.912874123347
961,9306.24133473964
962,2955.5597833886054
963,15966.438173203638
964,2897.318328106087
965,8244.46526346857
966,2982.155201122981
967,17617.021718183678
968,1859.9177213651656
969,2238.7719790640144
970,7444.40466917806
971,10781.96868647757
972,1424.3496518461827
973,5830.938948281737
974,4379.935428090572
975,2613.449933632173
976,16730.699430400586
977,7509.063110241402
978,12523.321012534905
979,2448.6431405557855
980,8097.207397705057
981,1909.6352600762505
982,4248.119109415659
983,18234.519875206843
984,4778.083876470743
985,27069.562535198147
986,5448.429882780765
987,4713.555277778988
988,5317.691747921089
989,12066.921210104092
990,7704.390410712826
991,3296.3126408823655
992,7622.956042328023
993,9505.08750825882
994,22624.90770274083
995,6942.616718055269
996,6385.825627950381
997,1322.8713093085616
998,2730.8990887468512
999,4260.171662393844
1000,7202.829751464075
1001,11315.680503738855
1002,35110.08613606801
1003,9556.830999772536
1004,3958.14918110473
1005,16919.91469022184
1006,10193.953099297954
1007,1619.1403812565304
1008,5746.505277843695
1009,6583.081344758255
1010,1389.2607263197503
1011,15454.741699382588
1012,2350.6926342875795
1013,4404.491412970516
1014,5158.480942673466
1015,3506.1272829519794
1016,2611.1678597234154
1017,11717.142763553107
1018,4179.715288248535
1019,4903.4932802664025
1020,10116.673914707297
1021,23193.991861256145
1022,5610.4436018712
1023,19256.96607059788
1024,6851.432432828957
1025,19869.292917383522
1026,4799.631196712773
1027,6408.28423137835
1028,3535.551218771569
1029,6783.807699301287
1030,5533.262385682235
1031,724.3406112787709
1032,7598.999692196753
1033,12455.055986043324
1034,1610.6965658577997
1035,9276.65744606623
1036,605.3088612025873
1037,4148.557294702837
1038,9777.83372815029
1039,4848.435874196724
1040,5469.498915330697
1041,4838.4476315730135
1042,3612.117127645127
1043,20794.481145363356
1044,7764.756283889845
1045,22651.15787318825
1046,1822.501582655922
1047,3050.852613550965
1048,18696.76319929507
1049,5341.797564544585
1050,3052.7791329184674
1051,10770.641108979222
1052,11416.014831692088
1053,5201.839871995185
1054,9158.121612141513
1055,13260.332874541034
1056,3226.305819173176
1057,4214.4608179179995
1058,12374.603036449655
1059,21398.040067928334
1060,26807.367843850738
1061,2757.53003352467
1062,16054.478623942541
1063,7809.206878542127
1064,6446.759697137994
1065,9310.910056238008
1066,4029.5459298951446
1067,629.8673371226959
1068,17982.41354341677
1069,11753.015016383462
1070,1529.6199410564573
1071,4311.708954438649
1072,7549.258956627426
1073,13548.62192929843
1074,1137.627378524387
1075,8038.984758928828
1076,8932.160045268487
1077,8772.678630471772
1078,13465.861567893156
1079,1987.2163751224448
1080,2557.967462594119
1081,2836.9478679825884
1082,11727.381312352927
1083,10780.573205183518
1084,2371.5466632145944
1085,4500.531158659595
1086,7815.622546498918
1087,4501.865472308903
1088,9214.90870120259
1089,7884.207299718951
1090,12530.322749184446
1091,5670.408018015803
1092,25882.359760301162
1093,6342.957102692153
1094,4333.810266261926
1095,2707.654022057944
1096,19609.440298151607
1097,3435.8095939414675
1098,17488.802530226552
1099,2119.225745362586
1100,15833.140074333318
1101,2287.2324902564715
1102,3366.30242646194
1103,2922.5221684350286
1104,7480.177765620957
1105,3818.5729895784543
1106,11604.69390510258
1107,4664.960204407829
1108,5385.53649215444
1109,1320.0075236764485
1110,4601.686411322772
1111,2481.004165152528
1112,1723.605088384851
1113,27140.94441468641
1114,7196.435877977861
1115,12396.609380290132
1116,2900.8844594652273
1117,8471.732336650502
1118,1311.1596503285145
1119,3545.726673684648
1120,467.77195073824174
1121,18767.450686334472
1122,3065.4529292400434
1123,3750.7645552909016
1124,8690.111649100927
1125,3490.9626518848004
1126,1891.0389186898528
1127,15395.755701320668
1128,15320.603489129537
1129,2674.188475932939
1130,16085.456882396364
1131,9187.725508602474
1132,678.4498798401305
1133,15450.694321946605
1134,4911.15585536333
1135,13898.494130671985
1136,13214.676909002726
1137,928.2316713602763
1138,2814.5034396749643
1139,4722.728104480006
1140,3298.619501403974
1141,1124.7558167759714
1142,4478.0929727870425
1143,1190.6106120376971
1144,1451.9403990249155
1145,3747.994679981853
1146,11899.37428616178
1147,1845.14707543607
1148,23052.20006959119
1149,7062.117314581128
1150,6320.569010950679
1151,4877.7923112077115
1152,3718.625689745114
1153,6902.776610296433
1154,21519.535715904905
1155,3372.17186331228
1156,11515.929262513857
1157,11557.887631388268
1158,5955.211278880289
1159,20711.422133103122
1160,5817.912488960148
1161,8076.0000165039
1162,3956.9465240594027
1163,2081.01772360855
1164,19372.370160047845
1165,2838.3245481245976
1166,9686.521868128959
1167,3160.3564975947675
1168,8041.622753425724
1169,4887.639589944315
1170,11551.199209169767
1171,7097.539101111741
1172,3231.9909552400077
1173,766.0440881615366
1174,7673.711538425554
1175,12588.609806260318
1176,8867.511132405178
1177,12552.147472086077
1178,3686.2569160111157
1179,4871.198530991759
1180,2549.680328524718
1181,7556.14138663653
1182,11562.557303701135
1183,9043.105318671349
1184,20019.075565296003
1185,1766.566414536425
1186,6776.416100146846
1187,4849.070962676495
1188,7635.97056565037
1189,5796.009393601633
1190,489.218393703827
1191,2161.627405012847
1192,4495.65028469502
1193,22824.011750019617
1194,8230.64946206936
1195,17325.069297117607
1196,3369.6430915705514
1197,3256.7299159555305
1198,3949.276356629395
1199,11811.876711400835
1200,17693.900708467452
1201,18617.109709577777
1202,8075.919566992814
1203,10203.878572960473
1204,6616.722310756059
1205,12421.46901945118
1206,4614.833018901609
1207,9919.355156846636
1208,13664.177117018971
1209,1459.7452338436128
1210,8660.009210449449
1211,6231.581626424923
1212,11637.10110537648
1213,2266.6669156373737
1214,9443.316536746124
1215,6571.999900234153
1216,23052.492387954575
1217,7677.9396162042
1218,15254.917701064454
1219,13852.222578609173
1220,11029.049438015554
1221,4515.276104583753
1222,2695.1517170468733
1223,6480.721214523932
1224,8586.515698409225
1225,12278.06465733897
1226,4134.756423367897
1227,6889.197083021729
1228,9162.357508549178
1229,3832.376574311895
1230,1351.229256164712
1231,9580.110576499408
1232,3738.1033495589195
1233,637.7534621628108
1234,4380.781907111303
1235,6566.637187830971
1236,9441.267713433384
1237,1503.7595217809474
1238,15816.652875169619
1239,5453.74414137432
1240,2747.257149241544
1241,8554.666593638362
1242,1969.1933484056926
1243,5482.469047696832
1244,1268.4069053135936
1245,6340.324892178378
1246,6223.401180346161
1247,6913.335286844584
1248,7583.051081445011
1249,4811.674117098836
1250,3494.5592845230212
1251,3044.833399383287
1252,7473.570612240643
1253,2149.59620330979
1254,1643.410508615484
1255,5069.01703755932
1256,969.0000589884186
1257,4250.428877952793
1258,3286.154896500738
1259,728.1842291738453
1260,8477.376409612352
1261,6311.712265436602
1262,3041.02832229507
1263,687.6479401397659
1264,3508.1841465061657
1265,3960.124219486976
1266,1822.1392880656792
1267,4653.619872602437
1268,1321.1606678909357
1269,4531.722060558816
1270,3857.1139448502263
1271,6817.355953871165
1272,5814.1650972411135
1273,1211.167515348402
1274,3799.2102595382635
1275,9133.84840072791
1276,2822.800189154152
1277,3397.8983838004406
1278,5276.331355585347
1279,4866.045531138811
1280,8933.78051277811
1281,6011.852031381045
1282,14345.360090189772
1283,4521.776161586295
1284,16688.26569412385
1285,6135.2340797451525
1286,3598.3920118827627
1287,5294.076852712494
1288,8151.568979139764
1289,2840.9913724116445
1290,7181.962955785875
1291,5015.795600444311
1292,2073.948905604508
1293,2175.6323398712548
1294,7506.884590541662
1295,3967.3612587296607
1296,5666.425676861609
1297,2322.795647032719
1298,18905.501773206128
1299,3633.514872998188
1300,6535.4000561164075
1301,6856.4162318653935
1302,3847.6742958771893
1303,2075.4604832728655
1304,5015.958800605985
1305,7335.760474822343
1306,2016.6532561781369
1307,9592.541666445839
1308,7282.512391688462
1309,2624.1357663749686
1310,7521.447731732853
1311,7536.765386834708
1312,3063.4781804854124
1313,3270.7123264458455
1314,9493.486790903991
1315,5949.309738795748
1316,6445.348533262294
1317,569.5775875983977
1318,5951.535921992619
1319,9409.815517066554
1320,2178.65833608453
1321,3600.7438332763295
1322,6642.31881244548
1323,10898.755871507326
1324,8731.99325052843
1325,9348.360836280952
1326,11864.907129533482
1327,7677.510415633505
1328,2783.6292346095065
1329,4572.11530902124
1330,5816.943923307635
1331,7807.011387731484
1332,10334.299276733056
1333,541.0674358723173
1334,8877.655165648459
1335,123.42952402471953
1336,2732.0345366705355
1337,4617.835616771397
1338,1984.688119530437
1339,5151.541310819921
1340,10061.104708036466
1341,7246.282572178962
1342,8183.09693711899
1343,5300.697359127656
1344,5251.025341524031
1345,4955.374595133231
1346,2792.1362887462615
1347,1891.6286636029781
1348,2305.500266973524
1349,6316.1775959055085
1350,6990.75267588587
1351,1701.5496511533674
1352,492.1617679016259
1353,7628.878506170833
1354,13155.626158545349
1355,12409.640797253527
1356,8484.979058716648
1357,439.31087433785603
1358,2944.8692919205228
1359,2819.6680899743164
1360,2733.524395785721
1361,7670.942792652562
1362,1011.9919970661373
1363,3862.1443986189897
1364,12947.573587151497
1365,2284.5843099592375
1366,2317.4474999953845
1367,5380.876978259096
1368,1666.407980124522
1369,3074.969015495136
1370,4861.689865184912
1371,2325.710912560428
1372,5468.824516584497
1373,12675.758817424174
1374,4393.732437948565
1375,1979.7079982654207
1376,7551.26995950602
1377,12097.861676458253
1378,6859.9566955494965
1379,5969.911701964159
1380,4746.912241226148
1381,8575.311602948575
1382,4922.899335592794
1383,670.9302885961957
1384,4498.184978207026
1385,14395.193520545237
1386,6449.894967905519
1387,11168.828628263464
1388,5492.066273776511
1389,2129.286353909392
1390,10822.873337254
1391,5135.324991004595
1392,222.80587603471875
1393,2579.4805851189985
1394,4022.780176810133
1395,2607.707412388011
1396,1576.7422792998639
1397,1267.0271603860115
1398,2338.8021977279845
1399,2560.8633185877143
1400,9287.281730948382
1401,4411.765200384754
1402,7210.029159705396
1403,8880.85431700731
1404,5946.953777926789
1405,1973.8726473827573
1406,2570.709030681741
1407,4619.470478385201
1408,6507.746584079632
1409,6809.432988427139
1410,3533.7262532013733
1411,4360.156311756246
1412,9106.202725715084
1413,3742.1861459831025
1414,5682.41217172283
1415,4104.983600201018
1416,1025.6159738450851
1417,10054.38492448538
1418,4132.924627714599
1419,3755.2283874760064
1420,7484.959321706931
1421,3719.497433379983
1422,3522.09952948942
1423,6954.505022066313
1424,6662.880079604839
1425,1721.0408891349036
1426,4145.751204857279
1427,1755.1104507488465
1428,5550.343914858614
1429,13552.436529270753
1430,12802.582353796832
1431,4042.7353754498054
1432,5999.244451911561
1433,10229.795766084448
1434,6319.417055334726
1435,2820.8134362469036
1436,6123.263663404653
1437,5777.073541125139
1438,6409.227011153253
1439,5739.435597766503
1440,8484.985911295847
1441,7414.5584602262425
1442,1131.9386634503276
1443,2142.562583527405
1444,5957.260637622886
1445,3911.4160828528898
1446,3937.663161629045
1447,2482.3283834423714
1448,3971.348655666401
1449,3040.571241644267
1450,5769.444749297133
1451,5011.211967838642
1452,5238.791497040942
1453,2501.127016369328
1454,5616.069672296254
1455,4307.60158601878
1456,5314.183110962008
1457,10695.974398560606
1458,2079.0843131598235
1459,6381.826304293232
1460,6037.414696447878
1461,3922.9079321296867
1462,3631.0353364046227
1463,3397.9054890143875
1464,5624.695299985099
1465,7868.2789654816315
1466,9923.44641640169
1467,5139.121509167898
1468,9391.315924671528
1469,10753.479433733917
1470,881.6830470568544
1471,3806.959109931062
1472,10135.193234689443
1473,1505.7120216683807
1474,9439.586809698447
1475,4411.615954180287
1476,6369.206954069278
1477,14185.56629188112
1478,5852.408047623247
1479,7732.870993562889
1480,4384.377534577812
1481,6105.32724668731
1482,6180.941633085952
1483,4059.4935129691453
1484,4727.094922923141
1485,12395.430274494105
1486,913.1083725465368
1487,13815.168538001059
1488,5730.796715722108
1489,4286.501192109114
1490,1966.2491633632994
1491,10368.487528239868
1492,4237.136536459673
1493,4678.5736529995265
1494,16514.2672720173
1495,5986.458243678986
1496,2411.510537641272
1497,1327.4872322004608
1498,7741.518112983095
1499,3880.5975760435085
1500,1926.1507437167218
1501,8359.568713565859
1502,11024.122740808876
1503,7355.058220651658
1504,5961.191455663632
1505,2766.249732078093
1506,3842.3485027392994
1507,3295.7804205163993
1508,6005.538544223995
1509,3184.829854714127
1510,6517.829685120722
1511,6829.679527747009
1512,4178.480021083977
1513,2869.1459634863527
1514,10162.918685187313
1515,3251.264600397969
1516,2308.8190176583335
1517,906.4919164967212
1518,2920.952948246681
1519,6091.621549690964
1520,5398.592936942484
1521,5879.540606211901
1522,1657.938415183432
1523,345.5402887410841
1524,9088.589581952443
1525,6719.721971748792
1526,2120.004164939313
1527,6586.345572692032
1528,3593.660928086898
1529,4660.334931974441
1530,4049.0331254854777
1531,6493.395241633771
1532,8059.849275475372
1533,6107.910875332174
1534,6011.356817305288
1535,22658.41156411368
1536,3069.387478925429
1537,6866.8201856900505
1538,7563.344776732715
1539,1985.35869968042
1540,9080.167796596616
1541,2175.1850599503864
1542,13979.335671160974
1543,10057.880234659413
1544,1106.6638758326371
1545,8399.581971851467
1546,1572.6292600033794
1547,2129.9656704316094
1548,18721.480361569942
1549,4723.429966536249
1550,5338.90559843729
1551,8409.659399409158
1552,10567.370155023857
1553,5649.129427978854
1554,7427.072707313046
1555,3679.833087790579
1556,8051.184179452216
1557,9810.5112440751
1558,3967.7977689743657
1559,2463.8934331709256
1560,2935.0774993751475
1561,3694.677213579139
1562,8979.655657131847
1563,2068.4449489676585
1564,2678.352342924043
1565,9569.187900828052
1566,5406.8811612157815
1567,2273.8024239442298
1568,13079.808423821674
1569,6026.373210024928
1570,6256.50672813407
1571,2807.662841258486
1572,9691.127889129213
1573,9758.39878939078
1574,1829.5572461458767
1575,4244.993650227097
1576,2309.6509032317554
1577,4652.637931682465
1578,3331.133609215404
1579,1653.2221875016482
1580,2547.4644374515688
1581,6065.028095480483
1582,3563.809757519669
1583,4185.142122817864
1584,3231.5139508537163
1585,4404.981324259915
1586,10779.974228418701
1587,8047.673815428855
1588,3661.5019646302608
1589,5141.351126243378
1590,2392.1410472744437
1591,4578.775474141862
1592,6234.978319540959
1593,6103.0753513286345
1594,18330.407061998987
1595,7793.591853544371
1596,1233.2739012361394
1597,9627.966665633123
1598,5064.113410214453
1599,2638.708694165264
1600,3114.518925467792
1601,4241.850960674243
1602,3692.7898646696813
1603,1351.3403863497265
1604,5818.160143987397
1605,2872.7923189692756
1606,6807.399528249886
1607,633.6956918490382
1608,2984.185630016898
1609,10005.522028013396
1610,6538.161440243274
1611,10996.326060788431
1612,3008.173859121077
1613,3544.368898796095
1614,2269.9386263081956
1615,5381.90675839681
1616,1736.6253065221656
1617,3944.801997367616
1618,6357.666494653731
1619,7237.215430704181
1620,2604.3016923005252
1621,7050.304660087681
1622,5322.254384917562
1623,3360.5751536934963
1624,12403.683988933353
1625,18940.44794612264
1626,2197.784630343794
1627,10801.227266741573
1628,5669.196095346039
1629,9954.40560873776
1630,12263.47838902724
1631,9000.186663257893
1632,6632.343744764294
1633,15320.854592445625
1634,5483.320963911539
1635,4947.449310768263
1636,15657.97572262326
1637,3930.314472271073
1638,3702.400283477215
1639,3353.781607222266
1640,3460.5943879826004
1641,4615.227591631387
1642,1592.7337528463709
1643,7971.629849867041
1644,2482.7590170060057
1645,3614.5878718212516
1646,5398.232779366096
1647,1429.1334202360795
1648,3114.5175356964464
1649,6303.677615688745
1650,5090.025034696975
1651,7893.677678980697
1652,4720.198706633525
1653,12421.916788846505
1654,4187.290215019431
1655,17663.911473385495
1656,13115.170701657962
1657,6345.422883356192
1658,7813.430751668495
1659,9368.033520698325
1660,933.0686177576614
1661,2634.8338789131617
1662,4504.102712121238
1663,4052.3899600830678
1664,9980.040910960135
1665,5224.969381679318
1666,10033.263746836777
1667,3809.687594141635
1668,4258.6620355037985
1669,7775.323844017633
1670,8727.818079068764
1671,8478.304748256582
1672,8292.030049778548
1673,7070.357625228134
1674,8276.109643320535
1675,3213.3526779329095
1676,6602.134131168536
1677,9900.204253876895
1678,3697.815457461443
1679,6125.817964417112
1680,829.3580444800564
1681,3785.8370954184393
1682,11158.570232804088
1683,5905.447431549627
1684,1669.4911969851216
1685,1843.8026487173595
1686,4669.6762449206935
1687,67.87301936858505
1688,4181.800164487594
1689,3442.647726127928
1690,8578.342590876493
1691,12406.425692153945
1692,5177.763224296659
1693,4021.272657610426
1694,1550.3912096814252
1695,5725.816872149957
1696,3391.8836641298717
1697,2039.3283501785033
1698,14436.785758473125
1699,9543.989721744218
1700,11657.972186456456
1701,10956.282120611082
1702,4519.106027655925
1703,12718.853392267893
1704,3667.8730669484876
1705,3951.2574333215102
1706,10764.247614687962
1707,3450.185316150261
1708,6074.521743660713
1709,1906.7112446097651
1710,13294.63646472327
1711,810.7507824699661
1712,6123.02292241417
1713,6209.041229006714
1714,11813.40217602888
1715,6113.330314831423
1716,1759.7521370382276
1717,7551.149396274501
1718,7526.2202243366055
1719,581.8639907565688
1720,4655.264993487867
1721,5281.478044209608
1722,2391.1302581535133
1723,13057.271117169865
1724,6226.670939105421
1725,6516.758143718493
1726,9083.820157848986
1727,8452.480350683532
1728,1064.7335322434658
1729,10701.313150997476
1730,4367.125257047902
1731,3193.186345091085
1732,9624.017088342001
1733,13740.860636871172
1734,597.4338862922863
1735,13373.226134505092
1736,1790.9831117214653
1737,3904.301148256876
1738,7578.837251092705
1739,2295.9804310130985
1740,5100.079431304796
1741,2295.0518809438468
1742,4351.64692778115
1743,5455.2598961456
1744,9943.941349595203
1745,6000.350239889195
1746,10438.01367595409
1747,7080.230144983917
1748,4674.6282034044025
1749,5913.911700977629
1750,801.8436842816714
1751,1123.0578303107445
1752,14293.335685150234
1753,4522.629834774243
1754,7978.319555731391
1755,4319.175109697811
1756,369.7589190693543
1757,4639.615640280494
1758,4766.186250546747
1759,7102.612946828546
1760,1319.6680071407252
1761,11409.486765526439
1762,2548.4507007022867
1763,5167.081347028981
1764,8679.779009374177
1765,3585.543565924691
1766,4540.84052232147
1767,745.5989625227528
1768,9712.191958200612
1769,6293.332678876456
1770,857.2169552061891
1771,975.9331912586115
1772,7082.060915706321
1773,11118.52534753731
1774,11051.128774541143
1775,7061.226424352989
1776,7155.670664620595
1777,9485.923526466262
1778,1436.1206290426558
1779,3386.322037022649
1780,591.4029505485208
1781,3906.7206514441696
1782,9299.321098600534
1783,5096.039581319405
1784,499.6375460330021
1785,3023.990889322461
1786,8453.925069669309
1787,8068.141726409387
1788,5618.889878959978
1789,9673.265699871168
1790,704.2106925306422
1791,4968.909783842745
1792,6522.593274094041
1793,9707.577611312452
1794,2626.710496730569
1795,7051.161819342987
1796,4439.474157443267
1797,3660.162481981582
1798,1183.9162868402216
1799,4185.938675778984
1800,9597.903739997215
1801,14423.880617733405
1802,7560.2107141050665
1803,6772.666981833975
1804,1911.0621296950956
1805,5126.780908994155
1806,4184.439924506332
1807,4928.726576713313
1808,8741.673123021572
1809,2881.8633663714686
1810,5092.72150704767
1811,9790.18295685918
1812,5680.584620542126
1813,3309.7483137422164
1814,6599.5717561227275
1815,11238.527754387163
1816,8439.123622006611
1817,3165.270174088335
1818,5642.026041311889
1819,1529.5283134545004
1820,3800.451227368561
1821,5420.273308861411
1822,10765.207241068121
1823,3647.52157419478
1824,6843.820179429706
1825,6274.168608105026
1826,4834.378682821704
1827,11737.585935375257
1828,4582.99181975396
1829,1012.1113763193995
1830,4776.846131214636
1831,2751.1229804607656
1832,3889.254211843552
1833,175.81139105301298
1834,4170.4097911782665
1835,13372.914679070054
1836,1314.5271596753387
1837,2001.7150110271546
1838,10745.313554828619
1839,842.7644154841414
1840,2531.2486021106038
1841,5578.580760493775
1842,5229.662620351037
1843,323.29624815169245
1844,1105.437115816407
1845,2831.9741857691856
1846,6271.210052225727
1847,6762.3063853986105
1848,6455.3194129520425
1849,9492.883745410923
1850,8233.55742532329
1851,3741.5128199787814
1852,4804.5834167799185
1853,5818.774928473899
1854,3783.842580867412
1855,2529.2338508835946
1856,6360.530045010774
1857,5642.705251627277
1858,5226.276479556067
1859,8308.684204581148
1860,7449.0221830046485
1861,13017.340972675645
1862,4185.855524327457
1863,12993.078413946549
1864,14801.989387792679
1865,1787.3862062455796
1866,15720.601065159983
1867,5581.472806810945
1868,8828.957885726531
1869,8642.88523122728
1870,9666.602425725545
1871,12299.036580104357
1872,155.4493028827732
1873,1825.8420317312496
1874,3942.720411304213
1875,2542.0872939891674
1876,5115.718875782195
1877,2078.74342983113
1878,3132.7028655609106
1879,3406.338891507179
1880,2417.8253445216787
1881,1914.5114109646104
1882,3728.364631640776
1883,3799.5636234059275
1884,6002.732346769928
1885,1592.1401371616707
1886,12062.32851093944
1887,1582.4278078120158
1888,4508.455856371535
1889,13136.99175865234
1890,14534.363438225808
1891,6464.811212177418
1892,5785.788891160008
1893,10193.626890277197
1894,8427.309000855768
1895,1717.5330515940473
1896,6382.621372923503
1897,3271.3764152961703
1898,6071.99806496418
1899,11578.273986757331
1900,3711.4190202246746
1901,8842.863115346083
1902,6074.733143810297
1903,9155.216657493937
1904,4161.219402275603
1905,8830.809790657207
1906,5108.940706937051
1907,2276.638319562136
1908,825.7930938612634
1909,12579.215854938855
1910,14227.978809086539
1911,4240.224061377299
1912,5713.459663175431
1913,4750.683991698836
1914,838.9774753566568
1915,1279.7655307670925
1916,10046.362032251218
1917,2731.538217044384
1918,8275.283429294177
1919,13970.171223126785
1920,5751.4259926777095
1921,7566.350621298083
1922,1645.897127028378
1923,4258.368461153058
1924,2144.793107177955
1925,5622.968944062017
1926,10379.455669037769
1927,8451.407920596981
1928,6040.689832099207
1929,1301.330305452553
1930,8084.648385252242
1931,5868.21979336688
1932,7139.584574669926
1933,1647.834103778528
1934,4193.833205225281
1935,1988.300256258055
1936,12719.807898385305
1937,6752.889672249522
1938,2789.8302627206735
1939,954.4082722709235
1940,11377.491389250416
1941,4221.984008807957
1942,9605.170958533383
1943,2417.4672521084512
1944,2109.7920608548898
1945,9201.85359174454
1946,5440.241195372542
1947,7233.4283306651705
1948,12935.5694264646
1949,2113.0540651764304
1950,1140.2279011031799
1951,7603.950984669331
1952,4817.293174891201
1953,248.13886746929913
1954,8479.024150924157
1955,5248.29742242762
1956,8286.441508982905
1957,3857.165668232423
1958,3227.9411151025033
1959,9993.39179755095
1960,5681.357789828575
1961,5478.02408564599
1962,3612.2984726218456
1963,1107.3323404992914
1964,7824.40749874925
1965,7898.690406613016
1966,12155.790575010953
1967,11163.713210149486
1968,2778.3334888834365
1969,2761.6423574155265
1970,11079.225221409099
1971,5236.9369363143005
1972,1489.5907062257638
1973,8267.704168200895
1974,7531.7812062253615
1975,11853.068255960012
1976,13999.808133223569
1977,7068.786006031216
1978,8924.258989923346
1979,12146.10873655922
1980,6844.0808198251325
1981,13516.489514221435
1982,3248.781535907833
1983,2765.912946608275
1984,16024.888935232542
1985,588.5603405761639
1986,2795.3194129378526
1987,8404.743239929963
1988,4533.520995337165
1989,9754.82993557546
1990,26944.04423727399
1991,9073.35297537183
1992,4673.615225209232
1993,2737.704986473283
1994,5825.745467354207
1995,7082.430450955595
1996,5802.406370291448
1997,3804.109373722275
1998,4520.8977385862945
1999,10615.584088919339
2000,5327.330039943204
2001,5910.768320462151
2002,6561.385187893913
2003,3421.5961808396846
2004,2791.607199717695
2005,4811.9213854568125
2006,3518.690333938022
2007,3612.262362945849
2008,5554.857080067785
2009,3095.8278178966057
2010,5109.144911788031
2011,1449.7563631215287
2012,1461.9372084957045
2013,4579.7929203005815
2014,9051.199741726066
2015,9480.167700909424
2016,9184.0940326679
2017,3786.264081186126
2018,6111.695136513903
2019,12953.860114376523
2020,10932.868227132365
2021,4806.985284980388
2022,1515.7206205126909
2023,7968.506140483257
2024,3237.252238870733
2025,6175.571275895856
2026,700.5584133634784
2027,2241.9060410065736
2028,18721.196985733866
2029,2321.2788432021644
2030,13125.105479300933
2031,12290.190428873775
2032,104.03013539666811
2033,11898.205107295402
2034,7338.075232278949
2035,7224.929667882741
2036,7528.082912683218
2037,576.4365488580486
2038,5825.190727541545
2039,8838.469408976567
2040,5458.093154404719
2041,2127.967649020249
2042,3524.5618461688714
2043,7081.969942974084
2044,5727.467331067468
2045,17651.798473608018
2046,11066.346013748427
2047,3742.1129224064757
2048,1835.000503304037
2049,3280.273604201674
2050,2417.0897592797446
2051,1247.6811214101272
2052,4271.852029802839
2053,2464.6972902566686
2054,641.5491113355449
2055,2724.427274591818
2056,25820.128983247803
2057,1133.148521372305
2058,2519.520987139215
2059,6306.5466180727635
2060,2485.0207108994578
2061,2047.1232297677757
2062,5058.094346509688
2063,3846.2230131132465
2064,3325.1652243585677
2065,3532.8248528645017
2066,7336.6348596251755
2067,16359.52664486768
2068,6479.567613678249
2069,6253.623634966061
2070,4543.480133179271
2071,514.479752813863
2072,2530.5927695236187
2073,3448.856474270981
2074,5659.4223014991585
2075,3331.241252747316
2076,6798.498881397438
2077,3541.5191325483183
2078,3308.5310849880775
2079,4974.949974965452
2080,3146.992373192301
2081,3730.137711799047
2082,14825.469192151571
2083,7239.413468639153
2084,1640.3635441955932
2085,4059.1285259436313
2086,748.5304071918163
2087,1060.0612821914674
2088,868.8588655694639
2089,668.393404208539
2090,1353.9693750877695
2091,7449.712010001725
2092,5683.305052476978
2093,4297.702529752351
2094,3835.1014375473733
2095,9080.524963244778
2096,192.0252615071382
2097,1308.8588162309143
2098,3425.490832982103
2099,2163.5337541135013
2100,2214.5730364866017
2101,3664.0218163440404
2102,1815.7822745353708
2103,2268.9678302711295
2104,1182.2174187735382
2105,260.9105586210501
2106,832.202517981309
2107,457.4233848443642
2108,6410.96160355929
2109,3843.0345370302007
2110,708.0601724683087
2111,1117.6076986785517
2112,1072.124654252746
2113,3852.826413237459
2114,4728.634513899209
2115,2480.612814310781
2116,2080.0548435251494
2117,1557.1835011552741
2118,3349.917080525409
2119,5011.66750977852
2120,3967.521412509691
2121,3400.4483639690984
2122,4430.693380395242
2123,2608.109344642708
2124,2184.784581379631
2125,3355.940849055682
2126,2326.495057190675
2127,482.3153676592494
2128,3361.6110368938616
2129,3139.74707443949
2130,617.2875161767067
2131,962.5368006342718
2132,2560.2908915570065
2133,3097.842857717358
2134,608.9877638220161
2135,3496.260868928498
2136,5639.806970302753
2137,3130.6111045830153
2138,4687.281722711591
2139,589.3493375037675
2140,3506.103914703305
2141,5927.54966520577
2142,942.0582306739653
2143,5704.407126909015
2144,3008.4105187584178
2145,4432.25835656756
2146,2156.179289884799
2147,811.9707741611778
2148,2602.2401604722686
2149,1247.1328955201402
2150,5057.669146093559
2151,1009.5855794127666
2152,1234.4915263794207
2153,1177.2847894896115
2154,509.69998523334743
2155,2505.6498697514094
2156,4451.2685272353465
2157,861.2950928848514
2158,1169.9237006900528
2159,1977.288997402834
2160,3225.8056371662706
2161,2042.7486315398837
2162,1818.6076450313697
2163,1568.1295244601483
2164,1872.5567712469342
2165,692.6822094795456
2166,5137.973454244412
2167,1733.4350722911822
2168,2133.2029473148696
2169,1951.4726686587628
2170,2136.099885448584
2171,3270.199067569059
2172,1206.3151830210395
2173,3414.5710751081556
2174,1766.7124840705667
2175,1224.3565236570191
2176,4617.998768643685
2177,9108.60569391406
2178,2812.3315139431897
2179,1651.8550502953697
2180,4143.24510715826
2181,1609.230875401662
2182,844.1559625873263
2183,1374.3883676816126
2184,4052.9916279853674
2185,1615.8000123013064
2186,2063.717179845206
2187,3153.762618551507
2188,4953.541228618793
2189,1804.2416637168212
2190,3756.6830127575886
2191,1753.7875963764402
2192,5765.917818141089
2193,2974.223164355159
2194,1045.359558183373
2195,1126.7933681041698
2196,1746.6472694682343
2197,5218.102723384208
2198,850.0487009428242
2199,1766.2784835277198
2200,2863.9316470593935
2201,7365.897138036749
2202,2087.4224059048693
2203,8306.103628566987
2204,3745.8405390501703
2205,2924.9827696267403
2206,1855.6599955896802
2207,7475.181356382587
2208,1874.744736089268
2209,231.76534465194334
2210,898.6385838650906
2211,3320.6255146797785
2212,1232.4000516901742
2213,4885.131195925783
2214,872.4624610725878
2215,1673.5084695550768
2216,3976.5781106916215
2217,605.2453929933102
2218,778.5544175423364
2219,4602.283280964181
2220,5361.295053041826
2221,5590.2540599799195
2222,2399.146158805529
2223,3940.4919200592753
2224,872.7057419319295
2225,4556.168042567501
2226,3376.1108955032455
2227,2199.6205501604254
2228,1972.1957441366155
2229,9119.056827838978
2230,3542.3522752132344
2231,1076.4315475563858
2232,696.2691417226116
2233,3466.0926856879155
2234,2741.5559831096502
2235,1916.9891584813568
2236,2096.836294766836
2237,4488.980427254837
2238,8353.298859158402
2239,2461.432312761736
2240,1524.6457962448974
2241,3048.4380850093025
2242,4257.973800287372
2243,4622.999390990859
2244,3634.876621134503
2245,2564.9686486179853
2246,7544.706537099561
2247,3273.4480716784656
2248,2386.36648251655
2249,1518.786935327844
2250,4824.776141157031
2251,1731.2464062438569
2252,738.914937936516
2253,8622.081568953994
2254,3206.5208743099834
2255,639.400059467582
2256,2856.749407328741
2257,4193.07607115847
2258,2575.0456131287206
2259,1495.0997484956615
2260,3647.733738509482
2261,7772.735143261939
2262,1984.7046594508672
2263,2412.6987832926643
2264,2350.2544579590617
2265,2600.9924502629233
2266,5199.000048019622
2267,1144.8959682006782
2268,828.2538186969285
2269,2491.111486085977
2270,1048.9876398042018
2271,3396.5548397033886
2272,1843.8174482266886
2273,2954.4894209386143
2274,204.60585432766004
2275,515.386619413092
2276,2071.5727622358195
2277,2932.7714617331235
2278,2654.23729541692
2279,1777.2797172694325
2280,776.6366720388146
2281,1535.6333281460736
2282,3654.443897486891
2283,1358.3819213599763
2284,1705.9945718433266
2285,3810.173512728895
2286,2983.729213240539
2287,696.0653177808036
2288,1523.9806570223502
2289,4320.909889267328
2290,8122.518073345199
2291,57.215397671153085
2292,3071.854763127016
2293,1644.5149359228856
2294,4609.991625907052
2295,1804.4667105115645
2296,296.9300936786971
2297,2431.8429355994294
2298,4998.15372760328
2299,7792.311457636723
2300,2845.790005434515
2301,2527.7313612151256
2302,5026.751511197271
2303,1216.4313525262064
2304,1547.9957173510413
2305,1243.2354036438678
2306,3990.3010659397187
2307,4114.2423526273005
2308,2211.117633719996
2309,3870.2294573803742
2310,1709.719248952083
2311,2017.0370531306917
2312,937.6246241123282
2313,6996.578023481302
2314,4595.764073244777
2315,1174.893979689536
2316,1812.0561133741114
2317,939.3401493328759
2318,2044.3281640974917
2319,3155.3562452431056
2320,3536.7637370067036
2321,1848.9046210560723
2322,818.4726225720802
2323,1948.748211430896
2324,4276.938671636985
2325,5691.405578622606
2326,3037.717698391302
2327,69.3823992804686
2328,476.51634755787023
2329,4523.596089697641
2330,3882.105912867388
2331,3230.5459185146165
2332,860.0968851886421
2333,1142.4617863035708
2334,2566.9060026185653
2335,1300.066567879477
2336,1870.9900317459699
2337,2725.683553811085
2338,3199.1032688298087
2339,2734.101732716378
2340,1952.3415987137296
2341,833.935445728235
2342,2880.2544892034894
2343,2410.035226472673
2344,1255.286567246212
2345,5379.133068266945
2346,917.8459657012233
2347,3827.893075609934
2348,270.25680753702727
2349,3569.7389814036887
2350,4978.497518902921
2351,3131.1039231698282
2352,4816.57344046988
2353,4617.1933486414655
2354,2338.5486576223266
2355,5563.7960834800915
2356,364.9952167531904
2357,2066.895312590975
2358,1186.9218417741429
2359,7647.308212003439
2360,4134.503370516539
2361,2334.9668363740866
2362,8599.222488562113
2363,1987.114520195577
2364,1293.3330118301344
2365,2703.487833826721
2366,1648.7627618991244
2367,2463.2687090034406
2368,5294.026687085486
2369,3232.757239095353
2370,2750.73465589872
2371,2305.1474006110902
2372,1242.5070169230373
2373,514.2457543180974
2374,5264.907691413902
2375,2801.636892097591
2376,3147.180519408567
2377,1342.0578958533813
2378,1034.3353942899587
2379,1116.7023448922557
2380,3722.5782627832864
2381,1174.5915962070528
2382,3567.775434023491
2383,2212.255836048042
2384,2859.97486583707
2385,2831.62121989786
2386,7010.116227933562
2387,3382.5941593045472
2388,3587.8049167717218
2389,1504.5820184797608
2390,5640.122052694277
2391,2772.7530952028605
2392,5770.780564602544
2393,1241.4811323425856
2394,1535.6741821480123
2395,1838.4012637684248
2396,939.1313574824218
2397,3080.643412383564
2398,697.104423572829
2399,4509.255743186583
2400,3358.8242507279315
2401,2985.8206676319987
2402,2295.627131165971
2403,3752.0483524509295
2404,3227.783844212945
2405,4987.846443460179
2406,1283.9367041777864
2407,1316.8207313494463
2408,818.6222937572603
2409,5043.061180643168
2410,8491.301074922565
2411,3029.582018227887
2412,7024.073528111527
2413,6475.984067593096
2414,7255.367222987726
2415,1010.3253847986585
2416,2288.9836574873884
2417,4445.12383506437
2418,1412.683757321103
2419,1295.1458296396029
2420,1250.3087549777636
2421,2724.4381441409128
2422,1790.8001889466266
2423,1140.0021189213205
2424,975.9370132243938
2425,530.8020520462741
2426,2087.751623797914
2427,1404.3319232684687
2428,2926.4044415410585
2429,971.1572107726581
2430,2108.2612567366446
2431,2412.8814063508144
2432,1465.8477105430275
2433,1937.8100511944515
2434,5358.110700138434
2435,6367.154660584315
2436,5394.634061354557
2437,5860.428987809597
2438,2043.89991434169
2439,766.0673199788575
2440,3359.716231164603
2441,3891.4714164660454
2442,3200.3335160461415
2443,1196.0987414116032
2444,4116.990052181561
2445,2740.6832371914516
2446,1219.9919380490014
2447,2019.406908695787
2448,1784.186844471559
2449,1407.1151250456069
2450,447.21244710586103
2451,1470.2727645896362
2452,4900.932409403113
2453,1919.981625151371
2454,1196.5797446992353
2455,309.290526072424
2456,1187.3935729098177
2457,5468.65865953003
2458,410.9884571471008
2459,3696.445187105305
2460,2404.2764717011596
2461,3152.6120707574833
2462,3356.1533081707908
2463,3244.6279908485326
2464,4079.404008043066
2465,3144.258268189766
2466,3200.5202357553885
2467,3477.000375350544
2468,3157.1531370688263
2469,1517.6553973983443
2470,941.8415748511397
2471,4159.822723758411
2472,3144.3753475205685
2473,2618.6317284349966
2474,968.6851092863427
2475,2227.875158107768
2476,1265.5540711828319
2477,1763.086888466981
2478,1819.731749900518
2479,1615.8433276965743
2480,1255.6481662863423
2481,4214.746874183201
2482,3656.5164945598317
2483,3278.032454478371
2484,9552.516297920127
2485,14809.947527722989
2486,610.5546287067153
2487,2751.1596121000866
2488,1430.923111517311
2489,2376.0593574361997
2490,4448.736238915366
2491,1551.1850658946094
2492,3045.6467102323445
2493,779.4054151128867
2494,4577.627482764797
2495,2941.100059348996
2496,3395.6344680464545
2497,2473.404442353013
2498,4737.197012133181
2499,1182.2176547941576
2500,5326.854859764158
2501,5775.3959014152715
2502,2120.4760382044815
2503,1533.8885149324685
2504,1425.0242631042302
2505,4285.840915026065
2506,1949.4181334532811
2507,5242.272272359568
2508,4296.117851571908
2509,5815.963328570113
2510,868.6096216655819
2511,2238.6604643596183
2512,2437.093219166814
2513,4145.2057122851365
2514,1197.7492700955456
2515,11568.287290024518
2516,2627.3084622103775
2517,950.8325199750913
2518,2150.911935876648
2519,2757.7865845966708
2520,2286.1053210486243
2521,3248.412899590101
2522,5486.9156117358225
2523,2401.395491045546
2524,2739.0280089226903
2525,297.9570550726925
2526,3438.888010867403
2527,1556.3783020941007
2528,736.4558755041949
2529,4010.4196237005367
2530,2067.107901740946
2531,543.3257595839882
2532,5313.401027222982
2533,4026.544864221679
2534,11204.694324906346
2535,3510.679682997823
2536,1064.1099576180118
2537,3573.358376203377
2538,2364.940316103894
2539,2170.1150836966867
2540,3854.6841807832484
2541,527.1791859490219
2542,10271.619193169287
2543,3197.16244999012
2544,578.982355706831
2545,7677.565659681445
2546,5911.361785857183
2547,1780.743281502917
2548,1463.1638181317862
2549,410.6686236296717
2550,3103.094510174569
2551,4081.737857283755
2552,704.2734903520213
2553,2704.2389774102553
2554,6574.1798789945915
2555,4662.969384181338
2556,416.88064388614254
2557,2633.6204459357364
2558,649.4865626186612
2559,5156.531879112989
2560,1903.5304029403185
2561,3054.7172092370283
2562,13955.358383465737
2563,519.0752856134479
2564,3464.6812189841235
2565,2625.961111906033
2566,4611.483888715769
2567,2320.47348964631
2568,2174.482789132158
2569,12596.089892514092
2570,477.1975902297204
2571,998.2317130894999
2572,1811.3866948781497
2573,268.5327254168241
2574,10830.01411380071
2575,1114.276905316629
2576,2583.498715894624
2577,9212.56613887989
2578,2184.419868102842
2579,2076.1170809955697
2580,729.1019853319839
2581,6530.189963817325
2582,1655.5956972195409
2583,5093.558337582856
2584,6434.068667984657
2585,1677.2039986597072
2586,2146.3532011235616
2587,1932.5100317687907
2588,3596.8410325287164
2589,3392.706467222734
2590,3266.800283106444
2591,203.07992224378862
2592,3302.1645160200883
2593,1569.452033592608
2594,3653.237002603423
2595,2007.0162306944383
2596,846.0547992517314
2597,2011.6212831247165
2598,860.6959645263152
2599,3904.144603470368
2600,1350.593707091493
2601,3918.1624258001284
2602,849.6683384811929
2603,1655.1787990002204
2604,938.1389440345217
2605,5263.551509621579
2606,2588.773244281374
2607,2816.1806874716517
2608,640.7912928476734
2609,1658.2223429355677
2610,472.3255875354821
2611,2088.5153057917114
2612,1519.1041878929398
2613,778.2050826290596
2614,2117.77583104364
2615,1448.4643025516225
2616,2495.0428822875347
2617,868.4104384118592
2618,3465.1500987420254
2619,4572.090526824798
2620,1057.967134793333
2621,2010.4729179565504
2622,520.2282708595553
2623,1749.9863912275578
2624,3074.924666654933
2625,2898.1129768100664
2626,1404.3422364721441
2627,3404.1200331113773
2628,1925.384146544925
2629,5659.875962711774
2630,3935.1277555328766
2631,1235.3394644839743
2632,695.6107783873913
2633,1868.4329705062605
2634,3350.411846898743
2635,3428.530600550918
2636,441.93048455792166
2637,5043.559847840128
2638,6431.158394550729
2639,3532.9169680509826
2640,1514.4865763260402
2641,3688.5219905409167
2642,2765.07136018928
2643,3081.2573540188187
2644,13317.095777548162
2645,994.1969921714873
2646,2889.592082638759
2647,4859.91428793138
2648,1133.4486268921219
2649,9449.505021575607
2650,5578.650927006395
2651,2633.607366433643
2652,6930.288492627102
2653,2416.1221509183943
2654,3597.9298041106586
2655,1606.82764183979
2656,2856.2833853628904
2657,994.1822294902333
2658,1138.8088537514193
2659,5554.589332545124
2660,1797.0662018106066
2661,2337.772969535849
2662,2280.9174264775197
2663,988.7344627001842
2664,1852.2645133425847
2665,1746.7177433369495
2666,3054.7732680988784
2667,3467.1878939733806
2668,2257.6351370732277
2669,1499.8966049460153
2670,6362.333401231538
2671,1587.2570641462105
2672,4273.7611397654455
2673,3043.2374371779156
2674,2823.5052647275356
2675,988.6030639067482
2676,159.58380132071105
2677,1656.3893180504226
2678,1721.3223239266733
2679,462.64475754644656
2680,1537.0987122403264
2681,1601.9056751867581
2682,3158.523188642665
2683,3683.6359054321124
2684,2851.1415491016346
2685,3805.1908618389984
2686,2150.7270505958054
2687,3055.419932597335
2688,1240.3364316138163
2689,3941.0720182394925
2690,3174.3916937843665
2691,5847.771879117085
2692,455.1848035732692
2693,2818.317266129263
2694,12486.030054976785
2695,7675.202050783049
2696,3492.598155081225
2697,3491.840925675227
2698,2397.567702176901
2699,13830.619284902245
2700,386.8700102867154
2701,1881.3350172801622
2702,5491.331177673533
2703,1222.9012114465836
2704,1526.5793317109394
2705,2205.315792384888
2706,1222.9203572559568
2707,1969.6472959116131
2708,2972.7276627831698
2709,3252.145757739895
2710,7254.997010928573
2711,140.9184284985597
2712,4444.004499215787
2713,1380.7033630595859
2714,439.75301469278213
2715,851.7179799572549
2716,4554.480077931988
2717,2903.384929020117
2718,1602.0763967744624
2719,2232.2595739039357
2720,3635.777582935768
2721,2182.581734980591
2722,2247.550603357886
2723,1793.9286605688542
2724,1315.214574792368
2725,2511.2275461992376
2726,2162.15201824589
2727,2303.180571179257
2728,437.100981163288
2729,906.110264532331
2730,1297.1321730200707
2731,1519.3563485200748
2732,664.7151154030475
2733,174.36996205639932
2734,3024.549287488834
2735,1928.8388416179473
2736,2148.5344897417785
2737,1831.478847758869
2738,4269.87703211408
2739,2588.6708319180307
2740,1361.899366382693
2741,7820.563509908522
2742,8303.28696471243
2743,671.7257875921778
2744,700.581711169592
2745,2948.6095912759342
2746,4424.465883988062
2747,2061.204345301235
2748,3016.254588770896
2749,5093.533652551459
2750,2177.2589097890677
2751,722.7586394800196
2752,2375.2436100760906
2753,2235.1414424900227
2754,4991.220694983977
2755,3467.291264502627
2756,2580.716429512633
2757,505.8346206735002
2758,3585.304654856251
2759,4083.071046552088
2760,3735.9993204694574
2761,2344.859350213537
2762,2151.221285518877
2763,1965.9281976290858
2764,5270.778243264787
2765,1506.469652127048
2766,1519.139793463285
2767,865.0410846329852
2768,5205.577232660211
2769,1935.3610624541918
2770,4232.321093747957
2771,3942.4460454227637
2772,2158.6153224822615
2773,1026.5661679348036
2774,2277.8522586139466
2775,1253.115117117172
2776,4459.28643748692
2777,1472.0774368260772
2778,483.12939801737963
2779,1596.7668028307853
2780,5650.630790660523
2781,1565.0011316543807
2782,758.086044739078
2783,1861.3160203300956
2784,1663.445364908564
2785,479.78759236907536
2786,2516.102566359569
2787,3055.9351057394133
2788,2691.926281432935
2789,810.839974695585
2790,2203.011562687303
2791,3089.8779031211498
2792,1278.8405043730234
2793,575.3339885049263
2794,1756.7089349394093
2795,2823.063946575278
2796,2479.497374290797
2797,7220.132224458152
2798,975.9828129623041
2799,4496.153862821847
2800,3774.9058460218425
2801,2630.3191361836402
2802,4932.648146486409
2803,4234.02083509302
2804,5575.439067621747
2805,2678.1851054514677
2806,463.49838153072415
2807,3428.3395421674404
2808,2184.086236508332
2809,1635.248106889961
2810,1055.478240671689
2811,2304.716679100793
2812,1694.600814030465
2813,4154.96823013598
2814,2326.649231288326
2815,3644.7693810741102
2816,283.38391747346805
2817,3825.47419923724
2818,2037.7132863455636
2819,3535.944004108867
2820,1823.565338159603
2821,4125.14472481383
2822,1349.1206134330212
2823,2418.2286033105283
2824,4448.832826213802
2825,6666.665373347169
2826,1219.3786811793711
2827,1810.00025577863
2828,4821.686645913473
2829,4083.297311006928
2830,3163.600433114955
2831,2706.3071421071327
2832,4262.131474131874
2833,2872.5402520208095
2834,324.609242148927
2835,3730.3229212279725
2836,1058.4573832930564
2837,2247.574521542817
2838,4254.352281879988
2839,3736.6809522243634
2840,2564.8383407942824
2841,1061.8529226331189
2842,595.2621290155812
2843,2401.8588942503743
2844,959.1232761829323
2845,463.705852378178
2846,2374.913212968597
2847,775.3518871918956
2848,290.94544090913485
2849,3288.91044118951
2850,1865.9728624947659
2851,3320.7263601823415
2852,4957.115314594981
2853,2197.7243152542333
2854,4009.449045836858
2855,947.5597812666332
2856,1879.0568164503215
2857,2408.990121089795
2858,940.5919876567998
2859,1365.5122000425065
2860,3726.678705755685
2861,706.3365771764122
2862,3368.92668740868
2863,2599.1764284247192
2864,2031.3512352462235
2865,1668.9465124857327
2866,10332.253780818166
2867,2787.672359026873
2868,3685.2381181981386
2869,1885.6010122133844
2870,1894.609245263617
2871,2782.16367684595
2872,1253.0770738834738
2873,1641.495029363156
2874,2591.9702341330503
2875,1294.9872437118165
2876,2102.025339674158
2877,2962.643920717707
2878,5655.193360956935
2879,2093.824041233978
2880,2263.212506144655
2881,5504.020321678044
2882,3801.9120869747544
2883,7712.536252743647
2884,4415.796816276552
2885,4057.970199113551
2886,2329.3880023642637
2887,1246.9844004182344
2888,1492.786076026132
2889,518.5915689221471
2890,5388.038527402289
2891,1381.3286455390635
2892,349.8835140540189
2893,3280.1867734961043
2894,1404.837476090608
2895,5112.857600156643
2896,8433.067622816023
2897,3663.970717981035
2898,2852.5669165173804
2899,2888.014056805803
2900,2642.7556293283205
2901,4873.52126930394
2902,1008.3101601794191
2903,1238.3781805174506
2904,1303.8711014676348
2905,8966.41257782813
2906,2586.6000013395515
2907,687.8702402673538
2908,2911.6717912505437
2909,2159.530786589354
2910,1985.270615575011
2911,1583.72689896816
2912,2419.5468844373863
2913,761.9547517587031
2914,979.1733812702996
2915,3469.0188209554694
2916,2290.7605194373737
2917,2206.372278551742
2918,2207.363137374172
2919,3645.0775159261884
2920,5212.1668431078715
2921,2646.748412318586
2922,2398.5004550957806
2923,1616.1612421165094
2924,1015.0060646533544
2925,3497.813892070804
2926,3042.084707570317
2927,3280.301539100326
2928,3005.1237041846716
2929,2888.9847903839664
2930,938.1741333397757
2931,2835.425644607302
2932,725.2416699497348
2933,5961.933986721246
2934,4200.213407612918
2935,1194.250755378475
2936,2337.383624172018
2937,4790.105344000236
2938,1393.3234956798467
2939,5045.064577071325
2940,478.1977357135923
2941,4197.665015980642
2942,1916.2986658927234
2943,3919.73596148711
2944,5193.500430361168
2945,2203.673961386757
2946,2845.9480462275374
2947,4142.8852674311565
2948,4177.736532367127
2949,7908.396738202198
2950,3881.8005623665854
2951,1551.7935470245054
2952,1614.50311908531
2953,945.3688495033444
2954,1388.2926034368697
2955,2113.9218184054957
2956,480.34800778139385
2957,3307.819155287683
2958,1323.0530921848317
2959,1869.6051327303414
2960,7988.112892762282
2961,2407.5375684483142
2962,1689.8207663990215
2963,1111.074490171144
2964,3067.768071277925
2965,1099.5152914837877
2966,1722.2631560622037
2967,1469.61856854652
2968,1678.5565931733227
2969,5645.40934455012
2970,1676.529365588104
2971,1329.798851085775
2972,8448.157081252059
2973,5277.122070471672
2974,7633.900843707517
2975,1894.1106631170148
2976,567.881511142598
2977,913.682736945956
2978,1517.6486925010906
2979,10932.07019290735
2980,954.7003009145316
2981,3766.4788272329483
2982,4622.838836332184
2983,2359.145398145101
2984,3970.764218417191
2985,2819.7699644282893
2986,1965.5834360296878
2987,3237.24160010789
2988,2268.6494559621638
2989,932.3318006423631
2990,843.2221552429335
2991,1887.9178843157651
2992,3799.5591034254803
2993,7309.059925661426
2994,5152.645491844078
2995,4997.2728673688935
2996,1521.1534530020647
2997,2368.19762967752
2998,501.9900064537112
2999,3487.9035855222073
3000,645.3490947161145
3001,2125.010041864528
3002,5468.526568044177
3003,1713.1620787838574
3004,4275.815218245726
3005,2521.021477387984
3006,1195.185511990917
3007,1163.6516852262007
3008,4418.939474948349
3009,3543.3254327402597
3010,1410.588838347681
3011,3478.608801381276
3012,696.7721129311686
3013,917.4383158239525
3014,1564.4956608374914
3015,2241.6245981313227
3016,2518.57804458522
3017,692.4821908556211
3018,277.7365065651685
3019,1118.4283357807776
3020,2509.468082005099
3021,4330.786188001469
3022,2597.0884480256436
3023,2198.883135337945
3024,434.57897426176135
3025,2549.850823515614
3026,3054.214347474386
3027,3998.0862560917208
3028,2911.832885320727
3029,2777.1107970328044
3030,220.08007365801743
3031,3786.7930066617223
3032,623.9377918853036
3033,3042.7422314568194
3034,6038.435226282568
3035,1833.2248840752673
3036,3282.7333898129477
3037,3953.2252381503713
3038,2357.253340208605
3039,1515.4393027928493
3040,2791.506678706514
3041,2525.633164444601
3042,1279.4275082815875
3043,2702.3216756021607
3044,3948.1594148490603
3045,2163.6580218704407
3046,5042.58773070182
3047,4447.72742819429
3048,2539.191426937802
3049,732.9636579094351
3050,5021.8527224026575
3051,2729.9961421853563
3052,6140.931938181357
3053,1403.7489722962148
3054,4058.6185208486377
3055,3553.8399220368387
3056,5288.561749305158
3057,1787.0084532852711
3058,1353.3719011149117
3059,7326.020980129035
3060,1565.555689221853
3061,3500.295436974272
3062,2025.6339553231146
3063,1102.1462889378745
3064,1002.0601579086272
3065,3686.737608663147
3066,792.1469668850759
3067,1379.5466900121094
3068,2163.8171649905958
3069,5393.494979826953
3070,3666.425507730821
3071,5880.012768682341
3072,2663.1809736943974
3073,2754.765351856856
3074,2634.268823490503
3075,3125.2292405824196
3076,2823.4055018095273
3077,318.5329710143722
3078,383.0478646005006
3079,1667.673451413799
3080,4428.253536861804
3081,2586.204467421277
3082,272.8643589736834
3083,6013.748572306364
3084,1982.9557112064479
3085,1960.6872667084988
3086,4843.096987126839
3087,3106.8392902071123
3088,1091.2512621729277
3089,2241.9249139417284
3090,4459.90322671437
3091,453.2588697133356
3092,3461.37118767204
3093,312.50013276626817
3094,9377.183292245898
3095,1639.1372785034864
3096,1484.410135232931
3097,6910.7195639664005
3098,1352.4151869846585
3099,1146.3220944757718
3100,1232.6650208072886
3101,1356.8585863487526
3102,712.5637442152181
3103,1813.2531297228875
3104,4218.828955790314
3105,1432.3519533942213
3106,2166.0969487776565
3107,1296.8462117217198
3108,3849.7784835300295
3109,3969.176848840184
3110,3172.953691157004
3111,1742.40070526496
3112,2940.5397900886614
3113,6809.410335726997
3114,2530.0414100269013
3115,2947.163197804186
3116,2789.5517160266118
3117,809.1076683835545
3118,903.8621840641647
3119,1528.423671678109
3120,9225.927393104734
3121,1200.8332966601051
3122,4024.3072694363973
3123,748.1726836128345
3124,1013.8429433326922
3125,2614.4079627746783
3126,2949.808477995879
3127,1121.564636622974
3128,2985.199445048031
3129,2195.2111175333503
3130,2822.968312076343
3131,3648.2771435867016
3132,2228.5373771182803
3133,3602.9739348260714
3134,1879.5320017894123
3135,7167.33424758241
3136,6880.647502200175
3137,335.2757484642131
3138,2778.260532533889
3139,4679.720246337396
3140,997.2147495244126
3141,1777.7530248380845
3142,4014.6944104315644
3143,1812.2246740316712
3144,1314.4135977655692
3145,1765.7162715010452
3146,1791.6317489534172
3147,3976.3864571838085
3148,2660.1602898367732
3149,5692.9592018880985
3150,785.8129452694391
3151,3325.403881596015
3152,5595.0463184433975
3153,704.7174273867962
3154,694.7782154765563
3155,2729.695368803916
3156,8777.717798141379
3157,2380.9532489173625
3158,2104.6126565344307
3159,4448.15294468585
3160,768.6363227430148
3161,383.51295544774257
3162,379.8602199098722
3163,8854.927124290487
3164,1813.3986908682764
3165,426.5523346484469
3166,4804.336567985221
3167,3696.1694228486053
3168,1686.7846487427437
3169,860.8414958236419
3170,640.1118351281457
3171,6056.667130162462
3172,413.153458365334
3173,2731.6471658684713
3174,1815.119676286455
3175,1800.269123693887
3176,2700.933933532652
3177,4261.877003288502
3178,3436.5912181097115
3179,3559.409318001248
3180,2042.56537080579
3181,5442.102987018943
3182,2573.987709788008
3183,159.77163174750063
3184,1546.3285124396657
3185,1670.6217964889
3186,1573.7955206515155
3187,1649.0767577190527
3188,1276.105992956927
3189,537.1242319467849
3190,1888.8703720907374
3191,4583.757144133678
3192,313.6604087673876
3193,969.7115390509416
3194,3481.281459181159
3195,242.59947369430205
3196,3081.88454522078
3197,2843.4189063085128
3198,5469.37840008782
3199,3728.5786846956685
3200,3075.3302698450484
3201,3233.979187710992
3202,1960.382908726114
3203,2786.426983608119
3204,2044.264603521763
3205,4038.3826857021036
3206,5391.609985827603
3207,524.6802412733207
3208,5058.743514822416
3209,1176.521331417009
3210,2843.3525922906024
3211,1005.393684649449
3212,4517.295737949039
3213,821.3685441378136
3214,3646.0282107804064
3215,768.5319634573121
3216,2734.172206008107
3217,1874.2410653066224
3218,3610.680249080238
3219,3819.8183205512837
3220,796.7959456817496
3221,4845.813997619254
3222,1899.4614765873214
3223,2331.5165078923114
3224,1343.5051744425903
3225,3669.4213233146183
3226,4572.973138340816
3227,2316.271827132401
3228,1308.9273259643207
3229,1816.5853752183777
3230,1095.183519119103
3231,2696.272882519396
3232,6230.388393849691
3233,2048.2518946056202
3234,4224.524483398907
3235,1802.8472857632269
3236,2355.291700486637
3237,2562.4222040711243
3238,3464.751373987928
3239,1106.1684152648793
3240,3497.8382490390945
3241,983.2080921532746
3242,3551.6796073586847
3243,1778.2851717257715
3244,966.7554630687812
3245,4443.045688768135
3246,2032.2558167037464
3247,859.336757371779
3248,468.0798014917768
3249,12131.023886814244
3250,2053.052482904378
3251,2435.1925655575697
3252,3524.262792045116
3253,767.4889385717647
3254,1967.0359495924417
3255,1784.6756850274369
3256,6058.585363780686
3257,2671.808091175222
3258,2217.797483258151
3259,823.216306129091
3260,1520.8512607868984
3261,1174.0913553416165
3262,2846.895742946559
3263,1618.2711060058298
3264,6517.281578813394
3265,3010.4924765161427
3266,708.3205270590643
3267,2064.432460417691
3268,3433.8615027331903
3269,1553.0872204559794
3270,2032.8359948875836
3271,1984.8667330895416
3272,978.9487671359994
3273,2564.4998630489918
3274,805.0824639492749
3275,870.6303820590642
3276,8328.127708083994
3277,2663.2343680745207
3278,971.7027066561571
3279,2588.3413415222126
3280,1619.8775138577091
3281,1856.847388081557
3282,929.9220627433671
3283,3455.2557848908114
3284,1531.7958994410374
3285,342.2459289513117
3286,2557.853665756662
3287,1684.025341076458
3288,2259.065325435977
3289,3884.4248622825594
3290,8264.829727714381
3291,2043.074351840901
3292,4196.441741621619
3293,2680.9967312556305
3294,2417.840283829239
3295,2229.5669133925585
3296,3130.5035586060085
3297,8055.438750985255
3298,3444.5578614053097
3299,1589.8485561803823
3300,3212.366660711704
3301,1469.6460462950092
3302,2309.6411246067146
3303,3016.5619921442226
3304,3558.362523651205
3305,1088.0628100543715
3306,3600.2455007184785
3307,1572.170862261174
3308,2007.6524948896824
3309,2972.207940147015
3310,774.8309664956105
3311,1270.864234318848
3312,586.0135036010655
3313,3877.8077390842154
3314,2287.5405625155413
3315,3211.5534375212674
3316,2503.2374949914415
3317,8285.276742436408
3318,9651.61978431898
3319,1173.5101208881388
3320,3113.474316217974
3321,2627.191264636092
3322,4519.672076471757
3323,1287.7382495999834
3324,2324.9089446538032
3325,1854.8440430959179
3326,3289.039412769328
3327,3332.854634141223
3328,5432.291076344152
3329,1931.1205120443888
3330,2011.6039049800847
3331,2973.086226968384
3332,778.4702098591727
3333,5762.150194039833
3334,2778.151172952573
3335,3143.510534430863
3336,1765.1678276059138
3337,10543.012152712778
3338,3710.554827499991
3339,4910.679692330726
3340,3711.0782397880757
3341,2207.7417614887436
3342,4303.626106567937
3343,1089.6517081679633
3344,1035.3289870712679
3345,5242.393931349751
3346,2323.2287994915796
3347,7919.082406943762
3348,1173.139295748632
3349,834.7539751520599
3350,5192.657273271247
3351,5023.288242761098
3352,7496.291085818029
3353,6838.561743893932
3354,1495.0104344836113
3355,1700.2073340181266
3356,3743.852375156306
3357,2427.14672697073
3358,295.3594315679298
3359,5175.132835010227
3360,810.6467116089304
3361,4524.5634115151415
3362,6599.0783246913215
3363,9308.893173315408
3364,4365.619906178562
3365,2804.3066712621803
3366,4329.811758700558
3367,3053.8540432976206
3368,5639.908228137185
3369,2304.6052114466092
3370,1429.8898087259024
3371,3003.913668320375
3372,2922.3547952836047
3373,9863.809311163392
3374,2921.592510322595
3375,1126.4991287943844
3376,475.67560241180365
3377,2289.539062957527
3378,3655.8186442799433
3379,2405.735430212975
3380,5827.267484811112
3381,2281.1019801327934
3382,5335.214415167347
3383,3310.0528106466186
3384,485.03908384173224
3385,4705.121248094616
3386,2006.8190376590426
3387,2968.7274977230336
3388,1122.167460801724
3389,2250.826910808369
3390,3220.107707993114
3391,1816.1210336040592
3392,1934.1513276070975
3393,2416.3923024521437
3394,4500.464626633548
3395,1457.2995247790948
3396,3729.718067312305
3397,1233.3569281179741
3398,2006.4566474570581
3399,5754.579706302214
3400,2177.003251231735
3401,2270.8754186172614
3402,4330.365583596409
3403,4339.19945329754
3404,5981.286862586325
3405,474.50077834910593
3406,1099.0509334221692
3407,765.458723403224
3408,1936.0615354603294
3409,3547.8410968325647
3410,1706.3517330960435
3411,447.71871371580596
3412,4281.600945489487
3413,5730.880336091855
3414,2630.8052144751496
3415,3195.8053729079966
3416,1134.9701627112793
3417,10592.78636000443
3418,4666.612821803919
3419,1493.3990441076014
3420,845.9910031665569
3421,2765.8076546702346
3422,2385.6437423413613
3423,6822.2798644577715
3424,1053.0473497819273
3425,8695.970598893487
3426,853.0087819479634
3427,4729.079545259154
3428,1017.9848133978301
3429,6856.837767976626
3430,2804.1431164595037
3431,3313.1471707956757
3432,5114.284145323541
3433,1305.5233217431341
3434,2414.7307949929354
3435,3241.0381892432365
3436,2767.1929337783904
3437,2089.6460979553135
3438,790.5042643416696
3439,2539.0684745842423
3440,2304.7916527175466
3441,1687.4890378859295
3442,1606.250498123359
3443,682.005591209957
3444,4564.179033039837
3445,2652.8900565816016
3446,458.9484356086092
3447,798.0319425216956
3448,2245.2394282822975
3449,296.26440376699554
3450,2197.8949654387184
3451,2014.4368977485933
3452,6387.270019051079
3453,3660.758663860723
3454,1315.6171946215313
3455,1551.8347254011042
3456,1800.3932409276315
3457,2981.280277492901
3458,9275.728415366515
3459,2207.131162298969
3460,1230.5030718245916
3461,1507.8427454652713
3462,1499.0808166784889
3463,10403.607665114558
3464,2538.7287788881818
3465,4034.1856806971005
3466,12134.36429226682
3467,2280.837681117968
3468,1728.8886292337202
3469,2461.840125070367
3470,2780.562822563384
3471,2482.630677064628
3472,6028.869242066812
3473,1905.8868523157596
3474,3034.657681958175
3475,8801.222181769064
3476,9452.259384476703
3477,8562.49640964305
3478,2531.268464491411
3479,1519.5670908075585
3480,2162.7447439100556
3481,2164.795539772962
3482,2444.341455308294
3483,914.8543377152937
3484,607.029864140815
3485,3516.50495824793
3486,525.440755709904
3487,2155.1891420277543
3488,2793.627157246112
3489,2887.9168703422147
3490,392.8130755348108
3491,3017.0433019027814
3492,3144.7621132859986
3493,5682.755417129575
3494,3689.415821229674
3495,2358.045780884739
3496,670.3077477791754
3497,5957.693163240339
3498,2596.284697200347
3499,4198.723301637126
3500,3095.654493680356
3501,1771.4624702074073
3502,2784.261355019879
3503,1088.745192999732
3504,1012.2705382171803
3505,1301.1962448731538
3506,6092.665880413981
3507,4016.1059003438722
3508,3298.0152487821115
3509,1362.6966133804167
3510,4184.107458502338
3511,480.2658455644022
3512,2185.251659846364
3513,794.0829790743613
3514,1876.404904901657
3515,541.3771301249047
3516,4663.272182452093
3517,13766.270397648474
3518,4519.129940851765
3519,5122.106630819238
3520,3246.8457925221646
3521,1713.701588801368
3522,3540.9998656636635
3523,857.7256672526707
3524,2458.261429984462
3525,3071.93163932619
3526,3346.70302179739
3527,1632.9250357444569
3528,3580.9692572153563
3529,15295.21202950918
3530,1083.5513867896148
3531,2187.568855259424
3532,1470.5517632220913
3533,2899.1838553474827
3534,2539.472852775471
3535,860.9188244807204
3536,1289.6639264458925
3537,3252.9273636811627
3538,1634.9957957895524
3539,1318.6577806480445
3540,565.757461923836
3541,3846.5031504845
3542,2977.082467529796
3543,2462.3574539789347
3544,1259.6419257202272
3545,2441.3082714758334
3546,2290.4072049545057
3547,1072.546006448682
3548,288.6056977806319
3549,1427.9236331403597
3550,3187.7737204526575
3551,2260.783542448555
3552,343.09444423628844
3553,4354.905095914754
3554,5788.855711747298
3555,1805.7477928423677
3556,5080.55718144043
3557,1625.3486421679718
3558,4221.748720577549
3559,3408.6382905708188
3560,3833.4935369987725
3561,3089.742861647474
3562,3914.6325914054105
3563,1878.6029492470516
3564,2639.6087819125223
3565,8696.019405018695
3566,8164.642512102804
3567,1895.7219548356163
3568,917.0585502723952
3569,2761.78990792822
3570,2149.6258830793877
3571,2479.11473369109
3572,4830.620024797816
3573,649.4930291812776
3574,1501.7253499930107
3575,3815.10332108128
3576,2221.2909916085014
3577,4286.254107122429
3578,2302.771298063439
3579,1844.9333421091794
3580,4478.223946436109
3581,3091.2917172135026
3582,9996.363544544187
3583,6669.561141775556
3584,2184.062634805849
3585,344.3046343274162
3586,896.9662768788561
3587,7310.421818601991
3588,1251.023903561528
3589,1716.895751701474
3590,1479.6832682762267
3591,1605.019053140217
3592,873.3304300916539
3593,1193.0774717639777
3594,4238.255152560774
3595,3128.475319352149
3596,1700.0465178531701
3597,1154.570350787819
3598,1534.4753162789634
3599,3248.934328796656
3600,761.2112816981389
3601,1570.2614764381476
3602,2207.7025359886347
3603,1452.2925175838814
3604,1644.4500843424942
3605,434.7939628471726
3606,986.1352315358707
3607,3397.411279300726
3608,2992.562396964232
3609,865.1406155238125
3610,3653.984599064714
3611,2642.741024912827
3612,1326.986255496394
3613,3353.019186892617
3614,2385.2054090785773
3615,4590.205737413847
3616,3000.984672543786
3617,4096.640399785188
3618,749.2825154609076
3619,2580.016728375441
3620,5914.184522890299
3621,1924.290664019095
3622,10577.480351999991
3623,1731.8912950622616
3624,2390.3674829081815
3625,1627.6727176908644
3626,8415.27930931157
3627,1329.614030328104
3628,1048.3023307627252
3629,1848.6218362142297
3630,1951.7117201465041
3631,8486.52200460922
3632,2494.1587338399468
3633,3012.2569825081555
3634,2652.5376420090524
3635,3751.68975775554
3636,2642.2058619211175
3637,1432.685327401209
3638,3068.0830220623357
3639,5791.728085441147
3640,362.8360158644941
3641,1005.3754225220862
3642,2732.2083251465187
3643,1992.4516024554948
3644,3363.6081903192753
3645,1390.5437289604
3646,1586.3015363811865
3647,1250.5788949206046
3648,4957.173027948713
3649,4696.467731025158
3650,1924.4476571008495
3651,1944.9680311491604
3652,1892.1906013762812
3653,2770.1628368915594
3654,637.5702640380664
3655,1157.8002239324585
3656,1344.497933407973
3657,1754.5512995410459
3658,421.9523505564498
3659,2005.7248215901434
3660,1899.3679765264146
3661,591.3374045128685
3662,4481.508580801519
3663,785.6729784811592
3664,3478.96676412806
3665,2337.999137031368
3666,4030.1453564918033
3667,248.2046401292878
3668,4872.248240694582
3669,1636.6375026671742
3670,1571.5315110535532
3671,6239.045553859295
3672,2423.201849310464
3673,9499.851203291624
3674,891.6126712824259
3675,2143.7147535947543
3676,661.3599135330824
3677,2274.368144534695
3678,2606.5963468968353
3679,2289.374987088736
3680,8035.715520427589
3681,1279.1368347185814
3682,3490.393942831111
3683,2094.6034945384163
3684,6784.0854118178295
3685,2045.0829033405905
3686,4571.490050685802
3687,714.756028207434
3688,2901.7732234733726
3689,2357.1815599823526
3690,3010.2560095363547
3691,2076.0597636823486
3692,724.9024540250496
3693,1609.4389703258564
3694,107.25538648257722
3695,341.21198076587257
3696,3242.487843054081
3697,2016.077873000248
3698,2295.6673647152948
3699,2117.6022703820954
3700,751.1255423542976
3701,2372.684429163356
3702,3730.9666603224114
3703,1275.502132536465
3704,1451.1097051216514
3705,1335.085923446157
3706,5113.757608257584
3707,750.4926292821895
3708,4430.322869166572
3709,13689.49693905372
3710,3891.1242941571413
3711,2053.509123587289
3712,3330.5960681015854
3713,5870.7462965628165
3714,8853.231194639926
3715,14829.277171618442
3716,7674.127743967971
3717,7613.794388190416
3718,5973.50481151523
3719,6069.232397371283
3720,12478.41837702089
3721,13602.150294648554
3722,8720.79041712387
3723,10574.512208035027
3724,6417.540362408313
3725,5426.135444752197
3726,7663.909623255774
3727,9482.088407219948
3728,6554.631186206929
3729,18968.407190630736
3730,4819.0977254995905
3731,18773.901652776203
3732,8461.466394759007
3733,2247.4935191844356
3734,11011.732905228344
3735,8959.727758628884
3736,1620.1214141472735
3737,3722.4048765216407
3738,9418.234367801171
3739,10279.573364142405
3740,8106.381593560884
3741,6122.950649397723
3742,9504.716285441433
3743,12547.724423595813
3744,8967.392617573641
3745,16894.37564184741
3746,11984.766430115964
3747,1481.87930293475
3748,2364.480357057816
3749,11670.117111734366
3750,1787.1308610007143
3751,4847.907240329504
3752,8477.683387155203
3753,7501.898295855696
3754,4002.661360272729
3755,13959.31011233362
3756,11415.320989044081
3757,10472.63075277786
3758,9353.411808239896
3759,1841.514285912589
3760,10305.963926937076
3761,4142.608122421386
3762,6625.278332109721
3763,572.6896311761121
3764,5657.06630309477
3765,12822.32911200337
3766,5895.207176743002
3767,18099.933050746255
3768,2269.385416577162
3769,5774.338879723694
3770,4883.496423074579
3771,10122.323664983462
3772,2029.3399345491248
3773,14220.131952502128
3774,4724.517821153246
3775,3781.2912746420056
3776,4241.412471421544
3777,18675.19917122818
3778,5724.565227524862
3779,8086.802873795038
3780,9652.329782444163
3781,6099.399302590139
3782,13553.101432135909
3783,10664.449323377563
3784,2768.5391681041497
3785,1575.6610412170924
3786,3910.326837381878
3787,9310.319020972027
3788,4762.145048143562
3789,7283.024958389431
3790,3731.496231175397
3791,2613.5983947965788
3792,1881.9126431418035
3793,3397.412392064366
3794,15556.936788142311
3795,3837.576229887007
3796,5662.244224059009
3797,10059.52258814565
3798,12114.172318342797
3799,9590.332998337839
3800,3212.0001296391756
3801,5483.2465419038745
3802,7760.995333650212
3803,7457.418004265619
3804,7626.531105917151
3805,4103.688751950172
3806,4351.42412057974
3807,1541.504408777055
3808,4373.67551710368
3809,1273.6282725438227
3810,10976.65778857082
3811,5364.367570305224
3812,8510.837768145242
3813,9835.090966299245
3814,8234.083159963382
3815,18026.64949815604
3816,5071.9325315531005
3817,6970.021664137201
3818,11724.485540793783
3819,4654.330501388624
3820,13587.160986490271
3821,12898.463016914884
3822,3311.4794908337076
3823,7529.231780113358
3824,11284.43994643636
3825,1598.4660901867962
3826,9169.518998231937
3827,10579.417763975887
3828,4193.217258720841
3829,6696.206005878181
3830,7640.181397051197
3831,1832.2420473120285
3832,6807.286174352684
3833,8111.2667052600955
3834,8374.920517523404
3835,4466.010947766309
3836,4061.501177337423
3837,5483.484442394265
3838,6786.270142622737
3839,2256.1111831525373
3840,552.0967116148342
3841,3309.944629500894
3842,887.6622202650129
3843,7877.982517904149
3844,8270.490628053847
3845,7109.393577413289
3846,3084.140384333499
3847,11556.189238876534
3848,3543.080402814348
3849,4519.910919071095
3850,2632.2969714860515
3851,4745.884030651723
3852,13748.97341476262
3853,6903.497695060468
3854,13901.82843219034
3855,5410.106422408116
3856,9042.661926795252
3857,3069.2349082824385
3858,15571.227371251483
3859,9005.870939236676
3860,8540.689176470853
3861,8418.124501634353
3862,3463.7198098176164
3863,3517.7420121047694
3864,4013.0373500477945
3865,9697.378830982887
3866,6506.73603417301
3867,10859.101477286582
3868,7147.1957749182875
3869,5736.75311798603
3870,9214.88525272017
3871,7961.508084198381
3872,2597.288732194459
3873,5653.807015721461
3874,9309.807902692666
3875,8378.115674763141
3876,15189.262679179306
3877,10716.408408821328
3878,21129.907827552433
3879,12212.608671361411
3880,6683.73917570255
3881,17804.401840038074
3882,3927.071094452226
3883,6516.7463767113195
3884,4526.216801037546
3885,5823.348470057509
3886,13435.41047842699
3887,13717.638636962638
3888,2941.955370941811
3889,2432.3450271115325
3890,5272.967162458503
3891,15914.645966331125
3892,6429.8267180110515
3893,7583.722755460041
3894,2526.678305250277
3895,9187.101247706827
3896,5977.690911328382
3897,6894.903386594414
3898,7786.856684114183
3899,3533.8642637814787
3900,3864.0710103061747
3901,12676.199527261293
3902,15459.228512921523
3903,1862.4361422055977
3904,14150.285778550171
3905,9452.62219942593
3906,8893.863289487883
3907,7056.818761076777
3908,6079.105545864569
3909,2355.9778203808137
3910,4737.430112586773
3911,7823.330167173906
3912,10860.859200712923
3913,9768.46387477418
3914,8891.724775682902
3915,11667.798056202319
3916,4660.2738158618085
3917,4111.4071944701545
3918,6066.97642325391
3919,5906.492797293049
3920,7990.349149151022
3921,16898.651775288363
3922,4880.248400347103
3923,3883.7528703036846
3924,7883.222017668749
3925,6288.4964876492895
3926,9009.492551293182
3927,12827.532641173724
3928,7208.574495633102
3929,3760.8195986920077
3930,8484.194965500905
3931,6486.170676347563
3932,13492.808794252578
3933,4478.209583074517
3934,3487.1872876034718
3935,8426.732460749185
3936,9801.415367635444
3937,4112.02042284467
3938,2061.7623245385407
3939,2530.3574528009153
3940,726.2205825907287
3941,8804.166745344868
3942,7761.769374826042
3943,8355.21264382989
3944,4428.353355217938
3945,8826.406487896362
3946,971.4613105080555
3947,3651.972655998513
3948,5138.546383151369
3949,6835.382509825687
3950,7707.13081285116
3951,20936.82306653815
3952,1632.5904087606673
3953,5673.038620919831
3954,16118.200173057126
3955,2721.618127294837
3956,10454.06524909323
3957,12669.93343667337
3958,6176.036546252327
3959,13399.183297658572
3960,5475.959528917751
3961,14747.832939855247
3962,17855.77478994846
3963,3886.6545185871423
3964,2909.220007801758
3965,7695.165860416944
3966,7019.121815383787
3967,7827.308441504105
3968,7028.279585486663
3969,11209.566615574899
3970,9351.238074197845
3971,4571.649489853382
3972,14777.420191292784
3973,5701.365334407653
3974,10195.418288127134
3975,5866.787604910387
3976,11809.936477625697
3977,10640.447794315774
3978,7295.073864664015
3979,6220.97982074468
3980,5335.840916884587
3981,5091.38440766586
3982,4693.704174991101
3983,7756.928460696062
3984,10050.147317234416
3985,9560.521487541251
3986,2803.7119045691043
3987,3394.388449547049
3988,16606.122625162887
3989,2023.9353949136716
3990,3859.4457006821713
3991,3913.3874434774057
3992,10421.645514258023
3993,2526.8904915283692
3994,8138.512613923204
3995,5691.726458016239
3996,6932.029466925824
3997,6932.35357749533
3998,6156.483176516333
3999,10376.455555093788
4000,10131.428889225019
4001,953.70307208581
4002,13775.944937787308
4003,7476.160732039855
4004,1377.9008971670685
4005,10217.889904697704
4006,6903.210029725946
4007,4999.480186773451
4008,11430.065635598303
4009,6051.536235564022
4010,15705.091188783274
4011,5942.735604598081
4012,9037.665965494218
4013,1691.7623793384716
4014,3363.230574279635
4015,15979.440520276956
4016,8803.416035393546
4017,15348.668118977506
4018,9485.465670738096
4019,4729.333980869549
4020,5526.340144996888
4021,7605.005167307942
4022,5991.501077032099
4023,2466.5289553245166
4024,8495.49376258962
4025,620.5248073970203
4026,9095.331356381343
4027,9704.883195605878
4028,4051.137067932197
4029,10632.598692911151
4030,4879.321709611971
4031,8448.381327337951
4032,9711.455402327188
4033,5564.255193454538
4034,14845.124886949121
4035,4930.093393792368
4036,19392.57447690847
4037,4172.291079627195
4038,7083.091789660445
4039,9023.533487028702
4040,2272.5967859781563
4041,13044.457878095045
4042,9808.373540302468
4043,12144.926188476786
4044,9040.720224195751
4045,10860.720616244622
4046,1652.0981633173337
4047,6685.855985147499
4048,8397.683782671167
4049,3024.9172371955883
4050,6544.903151605056
4051,7045.785548427564
4052,5405.411172940678
4053,14206.324912959726
4054,13610.48244084738
4055,9662.365121827372
4056,3684.2992585804873
4057,22043.398360605115
4058,4456.81802929756
4059,3097.7383140039137
4060,10478.053953064189
4061,3048.139185922045
4062,9388.498524995819
4063,11043.670920823895
4064,5787.027436944671
4065,19785.54060754232
4066,6151.773783505582
4067,12251.094938631652
4068,9399.347327395355
4069,13678.627653921078
4070,4279.18676635147
4071,6353.465374223536
4072,11231.263558574545
4073,11518.505699722677
4074,13800.126220941933
4075,8918.375033255596
4076,4037.483693713876
4077,6010.797214836656
4078,3233.044327388925
4079,10313.714734351735
4080,5644.372083483641
4081,7744.957360817873
4082,4248.179359410954
4083,3490.5638621521116
4084,6427.709220356623
4085,4286.001929313142
4086,3012.236582667968
4087,2714.1748505892215
4088,8617.486218668319
4089,17682.385273510376
4090,7555.449783285313
4091,1445.6503965424351
4092,2025.4732522633865
4093,11919.7091218628
4094,2110.86958974995
4095,4757.714456883441
4096,9769.379242024992
4097,3272.3628871444757
4098,1644.40817513009
4099,4409.77343681813
4100,4891.759403663163
4101,5939.351432809238
4102,9988.288870376977
4103,4376.043470262619
4104,10391.225255932884
4105,14001.996441389281
4106,6727.124033264289
4107,6469.486427567345
4108,6067.381454199825
4109,8552.388202327764
4110,6427.184970734151
4111,1199.7875113518214
4112,12211.694928106379
4113,4295.21703313903
4114,3964.418159738636
4115,7450.592916710425
4116,6419.61542048828
4117,14775.215025159625
4118,4956.042183554085
4119,3456.2215367528115
4120,7909.140737753131
4121,3337.5173209462296
4122,5409.1784752552085
4123,6736.035740001468
4124,4639.238806604173
4125,3519.9329519274256
4126,472.85268100233833
4127,8163.5507310895
4128,1777.6798947950124
4129,2601.0849857529874
4130,6728.318973102682
4131,5417.18509091983
4132,12978.10401119324
4133,12522.384293605377
4134,8712.908670605582
4135,7404.292274201445
4136,9560.066475344705
4137,7650.53366022885
4138,15684.148181944935
4139,17423.28612587238
4140,18449.354848284376
4141,7933.438455402362
4142,5503.755725210054
4143,11927.024187266285
4144,9036.165185759648
4145,9879.985830854654
4146,16356.167374798684
4147,10128.874046502511
4148,4534.005495802849
4149,14687.362150322157
4150,5597.017471547676
4151,12480.986361899777
4152,20300.6169706782
4153,8987.747611711704
4154,6315.1972442272745
4155,8937.34173025718
4156,2178.705015082841
4157,5922.249355334851
4158,10920.434959279546
4159,7259.37510061469
4160,7346.68461162644
4161,15348.653551968084
4162,10641.61057001755
4163,4270.848214134468
4164,4778.452470860836
4165,11554.391004116878
4166,6849.408285020966
4167,5996.779778218495
4168,5667.521844301929
4169,6092.6952484690455
4170,7780.560721376088
4171,10175.867939149197
4172,2252.738147602424
4173,9658.369771031736
4174,6456.044293921447
4175,8746.674782582855
4176,8319.583539337962
4177,1799.1769250924701
4178,16285.149163442245
4179,9377.201917180386
4180,19309.917950271145
4181,5780.622278996434
4182,14235.28772224723
4183,6241.894643317786
4184,7160.7852646541505
4185,9610.842720994022
4186,5029.892385994602
4187,6297.562671425196
4188,770.2483256137851
4189,4817.265485823491
4190,4159.354046856416
4191,4706.161742392421
4192,10415.735176873046
4193,10183.071152838766
4194,5164.465735920674
4195,6959.150114331845
4196,16599.579821274347
4197,11587.952059246392
4198,7620.2782005809395
4199,15576.469754600877
4200,3038.9697303434714
4201,5814.005623953014
4202,5721.22803801962
4203,16461.74149876994
4204,5889.9746739334005
4205,13414.694001470321
4206,7034.993764018666
4207,5454.149300290331
4208,8914.665421522805
4209,2011.1870800005413
4210,2720.18828560059
4211,2866.458324077426
4212,9370.60444166326
4213,2761.602651562943
4214,14874.378159893358
4215,9653.357833186097
4216,17089.406909581292
4217,3223.6274273274075
4218,2405.2124644574646
4219,1948.0689939081196
4220,3790.8132654071633
4221,10432.53145109395
4222,11920.486615414193
4223,5312.204617241229
4224,6642.823404744256
4225,2002.5945111674002
4226,16599.197850679997
4227,14164.696883774817
4228,2655.037635407017
4229,10105.484707652375
4230,8458.857692749585
4231,5019.744084332288
4232,3712.805917628719
4233,16306.727278783355
4234,13672.42065755111
4235,13315.659159249526
4236,9503.631578047392
4237,5242.487135862041
4238,9434.960361170928
4239,10995.97029314654
4240,3544.160121354882
4241,15283.609734884834
4242,6010.2146121769565
4243,5866.004249509783
4244,4950.311116954097
4245,8631.575715556908
4246,10685.449556684081
4247,10792.975600170408
4248,11092.593117048986
4249,4234.951758267291
4250,1018.7661850917616
4251,1245.8938484324253
4252,17461.005055681384
4253,5347.625520750903
4254,11479.663490369745
4255,7959.049980231976
4256,13202.153031906035
4257,11791.187902892674
4258,20468.82003143784
4259,2541.002022466341
4260,688.8653744165484
4261,5242.705187468344
4262,3824.779898183529
4263,4690.539920942334
4264,8150.404694640291
4265,6123.000446868887
4266,2307.796261597278
4267,6644.274002850184
4268,6111.1160648494
4269,10061.403943079009
4270,5890.996600346771
4271,6929.817988581366
4272,13610.15533022435
4273,10651.217371067487
4274,930.4266145651776
4275,5592.450879471308
4276,7200.567911774175
4277,7825.429084935541
4278,10532.722527357899
4279,2346.036859755359
4280,2239.578083252287
4281,7001.215644114632
4282,3017.713689543893
4283,2155.6654790879384
4284,12745.147147376862
4285,2537.2019665219677
4286,15118.228291803705
4287,10808.645931090814
4288,16829.211973222857
4289,9804.3833441454
4290,11221.521774831916
4291,7060.1102338409155
4292,11189.995271499534
4293,2646.464912282009
4294,5138.528163948199
4295,553.8938998880042
4296,2642.3181703708874
4297,1837.5831506210975
4298,10947.21015873771
4299,7237.538519910659
4300,6837.02314717384
4301,10862.39013714795
4302,1071.0486885839061
4303,10717.01221402442
4304,4807.601096854916
4305,5434.27706412222
4306,6089.6552446173155
4307,3836.409662901431
4308,5075.40855261644
4309,7626.429601303982
4310,4590.51552774606
4311,9045.337403005864
4312,8884.104352235654
4313,8605.06395651372
4314,3649.457120137606
4315,14517.531067849775
4316,8954.384986749805
4317,4657.164179908584
4318,3702.3231122479674
4319,10737.418242536842
4320,3082.392014694523
4321,4428.846963985466
4322,13705.177252353542
4323,5035.922550599665
4324,10873.490854716172
4325,5399.956345884983
4326,7241.199816151902
4327,7210.601562475858
4328,6979.232343032134
4329,5992.951012007074
4330,18887.214718477957
4331,18153.63363381204
4332,7604.1335583424725
4333,5930.797012100307
4334,4308.701311262054
4335,9395.961697628245
4336,11285.793388810043
4337,9178.084534748592
4338,5854.402350195733
4339,16467.218055047222
4340,10482.927584777322
4341,13018.394215432907
4342,6255.072506083672
4343,5955.230815998874
4344,5606.53990963639
4345,3269.412517214389
4346,7402.517139792991
4347,21640.467992087542
4348,8368.341295127731
4349,6893.51563038053
4350,7280.805622588063
4351,19911.387041880007
4352,5256.992939076786
4353,8590.971353529983
4354,5616.339457810844
4355,3156.809090083692
4356,9032.573261863005
4357,5480.816260191771
4358,10160.829332695283
4359,8274.367382497456
4360,5765.394705161005
4361,3299.7802622793747
4362,3767.8760617475514
4363,4029.366088499021
4364,4571.072254470806
4365,11259.568236651605
4366,11281.780551741118
4367,19350.20112314292
4368,14757.46269049084
4369,14975.599162966444
4370,2999.2717582633495
4371,2609.594889876832
4372,3755.346960518551
4373,7376.5523751626
4374,10030.730740350624
4375,6232.969841934021
4376,5737.760181349511
4377,9911.179270063394
4378,8820.435742480104
4379,3738.929890515855
4380,5256.829512896286
4381,5888.7898449919585
4382,13413.261874361397
4383,2759.2305164737545
4384,3932.203467236393
4385,8842.497614407994
4386,3961.1032386025804
4387,10352.558939765884
4388,7057.266591059313
4389,1602.5889636364545
4390,11883.382560322445
4391,7193.994138772077
4392,2339.6965807411234
4393,9474.237279128482
4394,19324.527997313515
4395,5047.508791000389
4396,6035.8563831912825
4397,11841.765513487804
4398,5418.230346446649
4399,2321.216627148138
4400,13200.855491919265
4401,18123.530368656277
4402,1435.1726264286806
4403,4844.953970836129
4404,9981.539729245176
4405,4432.466411393754
4406,9156.680721643555
4407,5423.988627486264
4408,9011.39499449107
4409,17487.299156733417
4410,12284.047010987182
4411,4240.835291585407
4412,4702.777529843922
4413,5077.2077625868
4414,18992.131939367093
4415,8278.335967081173
4416,2378.7416458663974
4417,15773.876569011718
4418,14147.312811513819
4419,11728.575629163708
4420,13681.284613987089
4421,7943.84047706252
4422,6008.589882890088
4423,956.0115879957293
4424,6136.75430969381
4425,3042.2758658493576
4426,5148.143492746425
4427,5562.297612717548
4428,9233.934462544918
4429,8188.956756928602
4430,8512.232426537332
4431,15070.572957224878
4432,2892.64626215993
4433,5479.502209423628
4434,3623.4941063174315
4435,6636.394729086384
4436,133.9937180503625
4437,16746.32911023214
4438,4503.331204502849
4439,13006.385839609611
4440,3698.1069406492256
4441,6681.408276429506
4442,2955.6035571057123
4443,14095.201697248342
4444,4540.669768050283
4445,4473.920104795464
4446,11175.344124140003
4447,1642.6733410241175
4448,9816.358867919347
4449,7050.674113707987
4450,11325.592303032186
4451,6832.896400290296
4452,11670.681242225548
4453,10953.396150750219
4454,8432.652771866644
4455,2973.241152724867
4456,15697.524640986574
4457,8769.096277249455
4458,14549.635693014485
4459,3663.193782775013
4460,7917.589691707133
4461,4070.819641152059
4462,7335.9906417166285
4463,7062.937957501853
4464,2911.6786442602584
4465,9316.502247713555
4466,4851.223761389621
4467,3366.10069045463
4468,4946.705639268817
4469,1652.2254502696821
4470,7850.175794647434
4471,10161.121690359976
4472,11292.614787285698
4473,7952.858930343389
4474,9001.501084110976
4475,7489.91491535038
4476,4743.702109761306
4477,10972.393859152377
4478,4930.315258827904
4479,6425.533808350005
4480,8373.257238461341
4481,13053.818768709807
4482,5894.836934978524
4483,3962.566009535835
4484,2806.6736902300345
4485,14654.34969855918
4486,5418.7836923231725
4487,7003.564463960588
4488,19095.773305062838
4489,15197.579757492449
4490,4935.782913865217
4491,12504.111904694986
4492,6637.582357541016
4493,15744.38749664981
4494,18598.30080512444
4495,7883.548396589988
4496,3331.513385707626
4497,5762.191449548471
4498,7481.137913606606
4499,8887.667413136587
4500,5378.382617138177
4501,7840.454935283586
4502,10433.855461849225
4503,2306.894885479682
4504,8362.467054934383
4505,7732.504088237518
4506,5731.650069788198
4507,8995.12227069815
4508,12961.216885207197
4509,2997.244767518714
4510,9996.861115120411
4511,14986.709545681566
4512,8106.811741129685
4513,16376.807223966964
4514,6401.647680357608
4515,7607.868836107916
4516,3648.3022212847036
4517,8559.540320990402
4518,4128.026782448934
4519,2492.680102229119
4520,8744.850214478056
4521,6315.213717851709
4522,6670.338872023616
4523,11297.426190162789
4524,4195.347887451183
4525,8718.189190017678
4526,4665.614498400206
4527,3361.7983438119913
4528,6348.949793188281
4529,556.2470058036605
4530,10137.461959959035
4531,1189.9210385377362
4532,2641.1796409621925
4533,15311.94503902571
4534,3014.8060763287776
4535,5722.019675348249
4536,13292.426453473661
4537,8667.886174586358
4538,9336.790791400346
4539,3653.2273921416504
4540,8673.05685984865
4541,10882.097574977079
4542,4407.348253458848
4543,8992.861507860263
4544,8735.940373250281
4545,7468.264896386464
4546,1669.7649850723496
4547,4160.275132345376
4548,6048.340912318699
4549,1598.4616488949162
4550,9437.560404803095
4551,7263.878501738793
4552,4443.7012451381615
4553,7828.179366508034
4554,14971.372771357988
4555,5641.92386283241
4556,6724.252669466888
4557,6062.878926333642
4558,8819.10485151328
4559,20026.028787776795
4560,5641.540060559511
4561,7499.090891604993
4562,7496.8932608181185
4563,6328.146867943828
4564,4887.593611496243
4565,8360.096433462939
4566,5081.018888424851
4567,6909.039379425873
4568,9949.088743341881
4569,12563.278626464773
4570,3173.690292696068
4571,12022.921626977097
4572,3581.5649367456253
4573,2073.4815479946515
4574,2959.55147185313
4575,6491.683555707241
4576,10313.559134973502
4577,5043.761206446948
4578,5845.642392066647
4579,13448.389910884982
4580,7019.887391127232
4581,5324.187463210201
4582,13308.557578538283
4583,7999.651416550834
4584,6468.794648469102
4585,9638.646643193459
4586,1449.3234700682424
4587,7424.863324439429
4588,3268.2992992550676
4589,6346.286583151914
4590,6224.128186639145
4591,11133.237112416293
4592,12677.451302574842
4593,9187.506239164133
4594,8823.104323214684
4595,2203.253630396784
4596,15063.754077481179
4597,6815.949722328156
4598,10123.709971510278
4599,5655.568073222839
4600,6525.109926289018
4601,10905.753522553801
4602,16134.326350112375
4603,3618.167089751757
4604,2503.562201338455
4605,7484.986176225243
4606,1989.6569359348277
4607,8411.031707373142
4608,3429.0842542064624
4609,11977.649934461271
4610,13102.456151397311
4611,14072.179724904836
4612,6894.3399493873785
4613,5265.09843476877
4614,3100.5138233470657
4615,3373.0097117904006
4616,13792.098620274577
4617,11869.148440850648
4618,4514.873525348005
4619,15746.830646381793
4620,2189.5221940546444
4621,1905.025368402028
4622,2194.3705905024754
4623,1153.8251464715356
4624,7859.317561611501
4625,3107.5940288315173
4626,7998.485638391557
4627,13342.695671574265
4628,10994.80425204696
4629,14116.033533383037
4630,8882.957589652457
4631,6523.686636078115
4632,5161.740439034647
4633,20345.834688475923
4634,9487.089517928762
4635,6387.119199181699
4636,4871.8109646265675
4637,13906.671198684982
4638,8015.391203744712
4639,9752.639204148934
4640,7208.55212351562
4641,5268.577374250594
4642,8742.811797480133
4643,3459.032390985177
4644,21997.653215438917
4645,3277.6492764465124
4646,6005.395433231177
4647,4409.847318537339
4648,2305.2969395343102
4649,3611.3829495579207
4650,9758.304460436395
4651,7207.2897290669425
4652,4736.871043705568
4653,5159.498992937508
4654,1709.404704806661
4655,21916.05810934178
4656,1692.9595506539424
4657,14718.600902478693
4658,10327.710485561505
4659,9413.569623047051
4660,9881.333885002285
4661,7659.490258944697
4662,19270.32706504483
4663,1544.59170392581
4664,22369.073752354496
4665,9953.580662679142
4666,9245.316856310248
4667,6940.197567611939
4668,7250.299340474295
4669,11665.211832383875
4670,17620.17644965909
4671,7776.798850114324
4672,4515.293679023662
4673,7703.969204970351
4674,13537.107591245933
4675,1185.8951444868135
4676,4122.51399522194
4677,5983.919644177735
4678,8174.906277313837
4679,738.3381505236301
4680,7259.095484377951
4681,6234.208635737231
4682,9699.301515952493
4683,12194.662474283386
4684,1467.3247462614456
4685,9120.600444674628
4686,15286.507150566655
4687,9215.781441542716
4688,1491.3190893884012
4689,7973.078086224993
4690,12163.677131724611
4691,8713.069917710598
4692,8140.299813697967
4693,6897.157333380218
4694,2538.4768831594906
4695,5286.194412506566
4696,2813.576654342077
4697,4653.484888380581
4698,6858.377308215063
4699,12377.555933652879
4700,3517.122555369076
4701,9188.924700552612
4702,7598.714917607761
4703,9912.075482379507
4704,2684.0564951075007
4705,7468.823823244216
4706,2271.2799694916316
4707,16160.883102655605
4708,14360.901392996004
4709,18318.511722356783
4710,10066.279889201473
4711,8706.583492475063
4712,8513.002469227513
4713,3410.7116106764493
4714,3201.378223261964
4715,5646.806454100476
4716,5414.015149800902
4717,8031.801603373298
4718,14864.601509814609
4719,3024.3539085204025
4720,17938.241257744467
4721,7836.543207236692
4722,9809.003148183032
4723,5608.183261456325
4724,5079.400570321117
4725,4361.810285799078
4726,12013.934131254742
4727,3502.1285032105307
4728,7426.501800907792
4729,5000.85358425269
4730,18885.193721246702
4731,10178.387854156275
4732,9399.97381445069
4733,11384.291817040315
4734,4847.813595204557
4735,3894.7280044807235
4736,4324.2446950272615
4737,5300.74672080744
4738,7862.06324426956
4739,8579.609611565384
4740,9183.894943310237
4741,8705.773444260181
4742,12434.515786703552
4743,14177.304234568965
4744,22265.34393620311
4745,10829.39779676805
4746,8768.369822903545
4747,12412.576723286482
4748,1674.3398712432936
4749,6000.640152736427
4750,2999.837043326686
4751,5097.1355114125345
4752,15503.701467384235
4753,8265.581481313471
4754,15759.577969296699
4755,6915.964088908427
4756,7241.58752813007
4757,8342.78136675869
4758,12916.207802042522
4759,558.9096951514747
4760,1201.1672791755266
4761,5551.214963219192
4762,5439.124786166999
4763,4083.9907199164954
4764,5083.086346245256
4765,3675.5245099425133
4766,1926.8046248718938
4767,718.9820785570523
4768,740.5052222713771
4769,6585.748398735988
4770,3517.0211215048193
4771,6822.7970717623175
4772,8167.292487927981
4773,2469.626352703267
4774,2129.070432211805
4775,6291.386114074618
4776,7796.484374039544
4777,3980.2197690261755
4778,3971.6917787510843
4779,6087.789865492347
4780,4471.9554402607455
4781,5685.912903450166
4782,2854.678662709905
4783,4240.628712170036
4784,5888.239786464202
4785,3532.107300216816
4786,3406.5264475750673
4787,3579.953400652436
4788,11126.094480223397
4789,6715.482832661372
4790,3097.631618684916
4791,4323.055400275232
4792,5052.181766518053
4793,3968.8227680952145
4794,2567.8141206385335
4795,4879.4264390848775
4796,5417.29787499975
4797,1939.989316494167
4798,4034.14670842256
4799,2883.9277105829105
4800,6504.472437014886
4801,3878.49429246625
4802,1203.371796857981
4803,5774.393171824526
4804,7868.11352519195
4805,6606.365901611645
4806,5831.7666737330865
4807,2718.9446024189474
4808,4965.844211100459
4809,1434.4931757943336
4810,5212.555909697786
4811,5370.09828390919
4812,5362.588154912916
4813,7286.335495901628
4814,1500.5735266948077
4815,11452.100400645484
4816,8817.087320291717
4817,8302.40326928444
4818,1586.8033446969596
4819,3377.5414109094013
4820,4609.334970479568
4821,3895.092420845592
4822,4442.160098387456
4823,6694.636682729631
4824,940.0560224288355
4825,1555.77754983173
4826,8380.322483192933
4827,6485.220816658272
4828,4121.567662534888
4829,3240.4513548821155
4830,6409.830743073534
4831,3673.0886182057525
4832,7058.4113206564425
4833,5857.773437081387
4834,9816.23077364533
4835,6654.616719927423
4836,2429.2685851578353
4837,7544.504039704332
4838,2056.56377075729
4839,1999.1393944359293
4840,6494.195236379916
4841,1227.4409949874614
4842,11112.87176524774
4843,3456.917246168653
4844,4344.728563077984
4845,5571.8929826725525
4846,1024.9504179497353
4847,5326.520525481565
4848,2497.771947938401
4849,3413.1455534709785
4850,3467.4373312616526
4851,5536.637970678428
4852,6775.149514086626
4853,2949.6948947957308
4854,3286.5783416896634
4855,770.9154264425309
4856,4287.331803495892
4857,1916.1078396169091
4858,2882.9822827928883
4859,1244.8605029646835
4860,1876.8099056102212
4861,4204.400687210436
4862,1507.5537120518643
4863,3209.7813214787648
4864,531.8755216531893
4865,10775.930923592514
4866,3596.182213848505
4867,5804.949106377542
4868,1545.2526635911404
4869,5490.343336199919
4870,698.6260384028438
4871,3460.173503661367
4872,7173.263411947806
4873,4947.3147964322725
4874,4106.125370953684
4875,3170.1750980874426
4876,3538.5602831166993
4877,3646.36753054347
4878,9625.94576941205
4879,5194.832940697036
4880,5977.4471262382285
4881,5037.290489104443
4882,1427.3393312035748
4883,5101.929207809281
4884,1044.8492943656638
4885,5620.857739130496
4886,1045.542978716236
4887,7915.883580486561
4888,911.3826045563391
4889,6854.1213375984335
4890,4098.94582738325
4891,6276.472422833969
4892,9917.517987078572
4893,1290.8759628013083
4894,3616.6126772371363
4895,230.45091253563072
4896,5471.001861905113
4897,7344.044354950047
4898,5110.361874232517
4899,6005.82374690147
4900,4513.145487658555
4901,9870.169765453256
4902,4856.527804419841
4903,10689.650546623301
4904,991.4741962892258
4905,2484.254445013703
4906,7273.065814972259
4907,6343.425849536665
4908,5554.888938553536
4909,9620.701710565727
4910,3965.1110446107864
4911,203.39804398733682
4912,12555.170470692987
4913,2597.322368732558
4914,4807.380760658449
4915,7232.817938557336
4916,5603.954254373631
4917,6748.036451348378
4918,9042.293881077207
4919,1077.0291956697965
4920,3463.8004060351627
4921,4381.96180865231
4922,2685.988344784752
4923,4224.496283869926
4924,2839.3939993589415
4925,965.2549732664609
4926,6320.411141431819
4927,5406.092332629338
4928,4260.458896016902
4929,2149.2904052434296
4930,9417.787651244273
4931,5672.613136018149
4932,4842.844743434562
4933,9266.93226703267
4934,6540.084521863304
4935,1501.408315604481
4936,4602.817082290344
4937,12371.169193818367
4938,7264.727449838628
4939,6141.683737364227
4940,3645.7168239650046
4941,3683.516051168084
4942,2796.369059737266
4943,7199.438565924829
4944,4912.3576003655235
4945,3870.209271888666
4946,1707.071740680206
4947,1770.9185347729176
4948,3268.5318331121903
4949,10228.207918650998
4950,10057.62035902905
4951,2682.075716919167
4952,5959.942024183708
4953,3550.756360421822
4954,10310.34759119963
4955,3913.160491143379
4956,1821.539505562252
4957,3630.185843910452
4958,4045.8956365058534
4959,3155.8932163374043
4960,3417.5851043607754
4961,5218.999349809802
4962,1384.7189615980387
4963,2163.5903217498117
4964,6238.912208039283
4965,1866.8548190903723
4966,2898.6163153761568
4967,3943.844914475486
4968,4071.6116079276685
4969,4574.809736547973
4970,6302.719780675653
4971,4398.201919319244
4972,7943.195459667008
4973,6866.175746765259
4974,8092.907287083113
4975,5185.0050875266215
4976,1913.845292986665
4977,5112.584523701201
4978,11705.882905280221
4979,1711.5747704092284
4980,6777.258592471456
4981,8337.828207578015
4982,4928.744882220059
4983,5933.668105838798
4984,10521.976237895684
4985,12113.50764574845
4986,2855.774451725472
4987,3622.6939983728143
4988,9378.728694833677
4989,2893.273778160684
4990,2052.993149811389
4991,5745.327803859849
4992,5509.620360157351
4993,2059.047911515269
4994,1712.6016516683962
4995,2429.0854269559136
4996,2687.9363258675644
4997,5699.373853833646
4998,5334.3013922627
4999,4564.486364621129
5000,1804.1233345577357
5001,3147.8446431484554
5002,3212.9560869786224
5003,8565.508900484449
5004,3611.65974353682
5005,8758.936050234883
5006,2380.609019479002
5007,13074.315599475794
5008,3404.8787534795583
5009,1995.0076048713568
5010,2274.0963266419267
5011,6045.960535835279
5012,1233.9217674985712
5013,3982.000307681327
5014,10142.640637604412
5015,1060.7559507402173
5016,6632.804980835683
5017,12843.528018436316
5018,4715.846205475475
5019,3252.166029672046
5020,2799.9720329162265
5021,7207.001075313209
5022,2145.2696111111013
5023,7700.5222841241
5024,3726.778223918788
5025,4536.731057746605
5026,7029.833228291561
5027,4070.4276377076185
5028,6754.844131785816
5029,7163.5114521155
5030,6669.242488458665
5031,3998.066878941644
5032,5539.323335349209
5033,3595.5322043797505
5034,3122.547465857548
5035,4618.577772142063
5036,2419.836751892043
5037,4572.510365274753
5038,6153.487733334705
5039,2409.6621470568566
5040,1848.0984875305085
5041,2478.2539177231843
5042,1901.0078415397481
5043,1362.7538401060594
5044,1679.8066604962746
5045,3403.940815570727
5046,4473.986548283277
5047,1243.9465420285414
5048,2354.4735843310377
5049,2966.979125681698
5050,4280.221125625602
5051,3076.9558929316536
5052,3538.0580513896484
5053,5086.042846870438
5054,2905.876898711801
5055,2354.4171592819653
5056,1169.7134439232632
5057,4022.0673799637375
5058,3491.9830672392986
5059,2503.001974565321
5060,3970.2391222533915
5061,4144.0622322005265
5062,6274.349702620596
5063,3858.279358956722
5064,5350.41008253403
5065,982.5665539385682
5066,862.5810357287521
5067,1153.2731434687983
5068,4093.6958610114907
5069,4490.331484038917
5070,126.37993768070122
5071,12641.421460457552
5072,2928.3510720864606
5073,8986.890682836747
5074,7523.756358655119
5075,3225.0245396942023
5076,5307.193024550182
5077,8200.766114057093
5078,3826.822622104975
5079,6129.639755028475
5080,4710.4575919038225
5081,3692.8726752511357
5082,566.2872772318688
5083,5187.472897889649
5084,7474.7896854543615
5085,5135.130281029623
5086,5032.999878159918
5087,3138.8330510443066
5088,6799.24604764408
5089,3093.8585201260626
5090,9691.07873052791
5091,4697.149688991697
5092,5551.081210736849
5093,10328.205582091332
5094,4705.054174572641
5095,4661.049220712953
5096,5628.108860943711
5097,4482.623264979366
5098,1410.775029197377
5099,9369.234278428647
5100,2715.799214787637
5101,2241.319702623626
5102,5328.981840749972
5103,10283.054794889887
5104,5461.1637036559105
5105,3714.2900885245635
5106,4291.79764668569
5107,6545.946534844217
5108,3244.659782003274
5109,2241.3492256518534
5110,2003.9846930887502
5111,2841.6517594362185
5112,2980.6730642614634
5113,6159.490751444236
5114,4278.720822394249
5115,6837.577326057364
5116,4739.958872274385
5117,8515.813374301464
5118,4796.752919221113
5119,3031.376983523593
5120,3035.7315073968507
5121,4476.703224421154
5122,4535.577538829453
5123,4443.856657790375
5124,4014.781419677062
5125,1683.8594431353813
5126,6037.029253123761
5127,1220.753131543492
5128,533.1618879220396
5129,4617.170745405283
5130,5765.709779154819
5131,2527.8124578995503
5132,2635.3260589531365
5133,11760.640900944856
5134,7721.606216724711
5135,6521.17285851975
5136,6517.479919163836
5137,6614.680771841007
5138,5929.465798358499
5139,2487.004974780753
5140,3424.9409217058596
5141,2173.331041570363
5142,5718.694501157027
5143,6420.117135975056
5144,2733.423232645342
5145,6882.656012815867
5146,2343.536483253397
5147,4065.9853343186737
5148,3180.116453244164
5149,1694.2962008925292
5150,2700.5376275078142
5151,3737.4614337921325
5152,6255.626076342946
5153,6668.05116346049
5154,4347.404813088133
5155,1612.0624751141943
5156,4354.315999409185
5157,1334.1517844281034
5158,2940.8653788285046
5159,8484.491814216879
5160,2194.2893884821233
5161,4789.275616429174
5162,391.1280055319551
5163,3326.3132565406254
5164,1685.347309552332
5165,3494.121367953475
5166,3756.8297196172957
5167,3833.3949529198744
5168,8249.416856615653
5169,4465.8840713204045
5170,5502.342432398304
5171,10694.504352019805
5172,8778.903802681505
5173,4936.913637716656
5174,4422.199077536837
5175,2662.459634901474
5176,5583.596992213889
5177,1269.866956125335
5178,4159.617398827361
5179,5683.036421856549
5180,7069.095571415403
5181,4054.7348889646705
5182,945.8256976483995
5183,3110.042902056477
5184,8328.140017401322
5185,5921.081688472868
5186,4947.576349720171
5187,3275.630901923054
5188,3190.3634110008516
5189,3642.6089933312855
5190,4403.604598559284
5191,5914.049664801817
5192,5181.266030983733
5193,4591.249668359154
5194,2385.7256081674955
5195,5164.31177647537
5196,8388.327723664892
5197,4474.997475253998
5198,4654.327620965318
5199,4658.724075566145
5200,3796.1460341014936
5201,13475.04583911589
5202,1855.822276138285
5203,6951.14737934106
5204,785.5905115929087
5205,2466.324423883237
5206,482.1286948128032
5207,6011.904143110052
5208,7421.940385089026
5209,1344.2120522191217
5210,6920.264476696925
5211,5699.655672798388
5212,1474.936386743284
5213,3446.8231875085025
5214,7650.800129921723
5215,6358.211005844317
5216,5780.910228371314
5217,4346.733508579293
5218,9320.206530024514
5219,6801.834828747339
5220,4471.977901435656
5221,4024.3740681957415
5222,2413.0755633487215
5223,3213.5043791849075
5224,2684.596932574111
5225,1086.210987685896
5226,8872.046841905341
5227,3882.6768563140536
5228,2724.83569214791
5229,6412.918672827615
5230,2710.238938352594
5231,12869.856383557872
5232,7361.011894508693
5233,5096.873251395484
5234,3273.878722999189
5235,3351.7899358562254
5236,5735.833001810783
5237,3110.6008087705973
5238,4889.494871741661
5239,2386.7656432716035
5240,3617.738900751207
5241,3902.030864875457
5242,6178.307464981121
5243,3732.3676995351425
5244,3726.207015662294
5245,1380.3399324157292
5246,7512.653966201948
5247,3040.2340753569442
5248,6416.426221276693
5249,7625.997276440963
5250,1261.4195529207993
5251,1168.8651247714329
5252,5398.584030342587
5253,3741.9443993514647
5254,3103.680617746472
5255,1242.5517425878372
5256,5674.204824222355
5257,1692.2327989560847
5258,5431.8399634534135
5259,3044.8171896564586
5260,1167.9210653703876
5261,3754.157037059446
5262,1888.3755397670777
5263,11645.848131043243
5264,3050.9065704937007
5265,3898.223775824677
5266,2163.500989804808
5267,3693.146172537178
5268,5428.800857253057
5269,4774.20846681402
5270,5371.669885317296
5271,2557.165100880741
5272,1394.8924940889253
5273,7279.863694029548
5274,1516.430637686086
5275,8108.284795348658
5276,1625.6159561723478
5277,6334.355374864108
5278,3752.903697401458
5279,2744.365604046695
5280,2350.577916592737
5281,4474.52762053927
5282,2793.932843290938
5283,5838.903273644649
5284,2826.0208363931856
5285,7916.609509611314
5286,5374.454272667917
5287,1961.9354044828153
5288,2619.575419220966
5289,1397.064503731259
5290,5266.897777982448
5291,1665.9511279873275
5292,9512.905270875122
5293,1075.8824683494627
5294,6049.058013571913
5295,3294.5636000557147
5296,6905.080530638316
5297,4108.191302378635
5298,5814.470193962133
5299,7508.424961698019
5300,4558.616891165816
5301,6481.314828645124
5302,2500.4912705963134
5303,6270.139681124182
5304,6930.848779910228
5305,3637.7974545218412
5306,3351.545201257224
5307,1564.5897287986925
5308,4480.576051305625
5309,7415.486613351389
5310,7946.882753230213
5311,4145.326057055454
5312,8038.834145257245
5313,1155.7959903976712
5314,4896.3593752109855
5315,2612.575810215879
5316,3330.826731643906
5317,5654.01325419664
5318,2746.447690206461
5319,1382.5187849359072
5320,2960.1971046326557
5321,3034.1488281542274
5322,7640.397798413779
5323,5120.613962964469
5324,5267.752787349274
5325,761.0364591146098
5326,11094.169206678094
5327,3065.4832306125413
5328,9769.76663221489
5329,3080.972429927769
5330,1246.4036910006894
5331,5182.302731672224
5332,4921.864078493985
5333,3955.5520425815607
5334,6682.022498591806
5335,6946.879964560094
5336,603.4744286454594
5337,12167.431680028081
5338,5813.396514357142
5339,2410.2226289858
5340,7020.143713815424
5341,10785.506535048202
5342,11644.791464138347
5343,3900.5457316825955
5344,6454.941050246089
5345,4495.580986929089
5346,2113.0481650859874
5347,8700.795200600252
5348,5620.223893561834
5349,3381.2915901899664
5350,743.5126569837831
5351,2174.36604372624
5352,6565.212151255222
5353,1458.0504139588438
5354,5528.183394321358
5355,2368.3751057367203
5356,4775.721828207615
5357,2911.114796598537
5358,4972.382681660326
5359,2762.504023474774
5360,198.196401818425
5361,3144.9682818138704
5362,3071.613088082416
5363,2479.3994320613965
5364,9022.09945972237
5365,5651.574720100273
5366,11088.722936738528
5367,7612.017554369283
5368,335.99313276078135
5369,2927.7765705136326
5370,4799.346564390488
5371,3633.471453573042
5372,5843.480228571852
5373,4538.512146065486
5374,1593.0363078772568
5375,5307.60246857488
5376,5273.393524977479
5377,12401.003906094795
5378,2313.989214751143
5379,9112.561670775747
5380,3560.896491771371
5381,6150.0290737062
5382,4932.006411443925
5383,6163.87584391374
5384,3939.4429700446667
5385,4632.954372400955
5386,5368.082852409299
5387,10415.080151685457
5388,5860.659035276427
5389,2644.1037065477663
5390,2291.527374262553
5391,6183.457367319737
5392,3462.8008117535032
5393,3448.0160881053134
5394,1028.2141096828611
5395,1567.2183982050794
5396,3564.7175941723076
5397,4389.403037388374
5398,6733.006556228544
5399,7814.456397615366
5400,4537.616883418895
5401,4366.581281748958
5402,10461.0247141201
5403,2091.9729639388993
5404,4860.205407320406
5405,8094.577067339819
5406,3696.625621253074
5407,3516.8905741683197
5408,8265.470879566572
5409,5407.093930815213
5410,8783.295002356983
5411,5242.268799775377
5412,4920.193904212921
5413,3172.2484301257214
5414,5574.120719967745
5415,3930.5999921471875
5416,1244.5775469004568
5417,3949.9673875441244
5418,7379.3412785503415
5419,7794.219897133903
5420,2383.2033396396164
5421,3260.249837422785
5422,6304.409850965676
5423,4216.274503256019
5424,6072.26994678199
5425,7605.684603833552
5426,3450.8183900456515
5427,9947.63708724871
5428,7031.455284527846
5429,3535.9793422415573
5430,7874.420254464329
5431,9239.099871564662
5432,4275.036018997649
5433,3464.573109965057
5434,2455.7525501401547
5435,10974.773133862147
5436,5671.8385861364995
5437,7751.869334947114
5438,1879.9845841558674
5439,4695.446509520359
5440,3607.309358888812
5441,2614.6989159628324
5442,10484.287187307804
5443,3111.6303531232434
5444,5492.988994219635
5445,1183.5030351821908
5446,4631.021844701999
5447,4887.71578348075
5448,9019.297913116203
5449,7002.219696439798
5450,3925.1376777025102
5451,5807.085127004485
5452,1767.5329379323791
5453,4873.144767625433
5454,1601.800160651586
5455,3388.542687657959
5456,4885.535009292888
5457,2319.401197830744
5458,7287.14654497902
5459,6219.775441696964
5460,1520.909238615239
5461,2484.6150775976757
5462,2787.435830304268
5463,2838.8359665500425
5464,4848.972808090936
5465,7309.241386476337
5466,4205.473659216036
5467,6734.201388877137
5468,3484.9408979541927
5469,3340.3151234874817
5470,3281.143711325509
5471,6893.742497584777
5472,7112.748644102679
5473,4728.338165362234
5474,4900.743894187182
5475,4401.839271331602
5476,2796.0012343851863
5477,4752.194982580117
5478,913.7777823224061
5479,225.8337005338357
5480,7261.138161851335
5481,2879.5987502006333
5482,4752.813402781534
5483,4499.265741005769
5484,4796.732395911325
5485,6148.563784429065
5486,6349.057392193637
5487,3808.4088765652004
5488,5368.183862055013
5489,5167.5109775189485
5490,5221.299613812636
5491,9671.030447544892
5492,1752.5597463678105
5493,2487.063679722383
5494,2922.8712043896126
5495,956.3275847563265
5496,3332.6773636355747
5497,7375.213111431139
5498,1464.2096215454035
5499,8210.166549548827
5500,1484.112987784839
5501,2530.3878044344674
5502,2123.807524765228
5503,5096.309176346253
5504,2612.956571242095
5505,2609.182864942671
5506,4934.622178995641
5507,1715.0554995861658
5508,2367.088783510128
5509,5966.9673356008825
5510,2724.936414840526
5511,7049.525972705458
5512,1616.6819672920888
5513,445.4088632436816
5514,5881.936692466294
5515,3145.9879285305783
5516,5207.300399563221
5517,4652.571313981625
5518,6459.307835941128
5519,5256.763199985161
5520,4601.775268442413
5521,2077.756636821726
5522,4425.532486800375
5523,5769.372590645957
5524,4683.927215621238
5525,5277.999111482371
5526,5776.512504647539
5527,11829.396486858419
5528,5230.894741388968
5529,5785.216606026153
5530,4004.8769587860343
5531,2181.9715715003626
5532,4230.718093909868
5533,1697.8658367777239
5534,7317.035548171039
5535,3424.6586058774665
5536,6359.241529781461
5537,3968.502886106515
5538,1474.07839394559
5539,3054.4645128881198
5540,11811.339925467732
5541,2776.768313655618
5542,4402.536981231116
5543,9092.565160215881
5544,2277.1481246074845
5545,4215.085489312478
5546,4117.6762486916905
5547,4837.099761379828
5548,4619.85438385147
5549,3264.3198997021586
5550,5567.067451015608
5551,2714.6770846187624
5552,1402.9557940611298
5553,7051.393424415219
5554,4532.185011615956
5555,11067.31995670169
5556,4564.535691597373
5557,4338.798101508475
5558,7931.181273807793
5559,5805.561252827083
5560,3232.2144442873723
5561,6478.975633568846
5562,4437.211216952721
5563,6155.733999750136
5564,792.4804774363461
5565,2813.2201536966195
5566,1006.067126490977
5567,5565.8368943340865
5568,6844.447865361242
5569,2430.4554672568775
5570,12734.645580753784
5571,5631.295425793264
5572,1863.9492170907174
5573,7917.346948481005
5574,3667.6259554320263
5575,11458.470045869542
5576,5304.109888081109
5577,3306.672899183236
5578,2503.530727088762
5579,3247.380941311927
5580,5596.149729138675
5581,1142.4425158956778
5582,4091.187588428568
5583,540.9542377487775
5584,5602.311151133552
5585,3078.9788895923916
5586,5121.990254397715
5587,4429.655860069525
5588,1257.5151177737685
5589,6180.04382303934
5590,1150.0464307113916
5591,5574.320696909264
5592,5205.109311499818
5593,4813.351753684822
5594,5781.749948350039
5595,3003.9285835643723
5596,6267.997463000536
5597,1471.7590270294945
5598,1753.3950994213076
5599,3517.231017332144
5600,2513.837555891865
5601,4766.397449459836
5602,3513.7779701190475
5603,4726.850515485318
5604,7589.098791025161
5605,5794.372887152783
5606,1231.7789104630726
5607,10728.766008075454
5608,2930.1291406434766
5609,3426.3105645530045
5610,6002.773769855422
5611,6512.435268218602
5612,6131.868855310477
5613,4946.278224010354
5614,6511.3286362041445
5615,1701.1484638433785
5616,3057.2354340190072
5617,6935.490618520267
5618,6779.45753764721
5619,5685.862066323326
5620,2591.962047224857
5621,2846.469906101983
5622,3650.1727244899826
5623,9409.276250266894
5624,4982.659854364762
5625,897.8422251473488
5626,1710.6786015140622
5627,8760.888086104875
5628,4442.484512287671
5629,3824.6136918506013
5630,2462.4946105047516
5631,6367.437646217552
5632,2802.8438166597143
5633,6270.8588906162895
5634,2634.8319438507438
5635,3179.39438560828
5636,1582.5309350609343
5637,4854.864339453504
5638,1708.2285833805624
5639,3114.1418070648774
5640,4435.087332135989
5641,3832.736869298109
5642,523.8438537629027
5643,1071.2111538235326
5644,4238.84285592198
5645,7819.170910066105
5646,3371.4208742898936
5647,3170.559796368515
5648,2994.0777716087514
5649,7117.441497735264
5650,5817.393245333814
5651,5112.997350674164
5652,4242.356889719155
5653,2395.551442888083
5654,7508.327934750494
5655,1085.5211317926703
5656,6711.47209892287
5657,3183.6364484448322
5658,6177.4298557019765
5659,4401.30902214508
5660,2786.3540646509987
5661,1701.0073488836017
5662,5394.123786583229
5663,7857.27492394617
5664,3833.847179526528
5665,6769.2711343860265
5666,2713.8138153970285
5667,3328.9929809957707
5668,3113.0810444446
5669,1184.430750206489
5670,4294.17069759517
5671,3426.0398021744663
5672,1411.5284217080468
5673,3565.8154113136734
5674,9200.544742513146
5675,4085.164762462996
5676,1359.880360204037
5677,2378.649228456457
5678,4852.376344425615
5679,4320.965844988253
5680,6661.116708384659
5681,4988.782591721986
5682,3883.391516610502
5683,7065.547475346206
5684,4811.787069168341
5685,11436.51375281518
5686,6508.8964575407845
5687,7910.467983560952
5688,950.1430632617945
5689,6311.535174673548
5690,1258.9548666492522
5691,11209.268457762928
5692,3153.5290823770893
5693,8793.804911879532
5694,728.8140937428539
5695,10230.161489201984
5696,7069.0990354068035
5697,6933.042542530586
5698,3830.8354389325477
5699,4435.14127399641
5700,2618.821399910101
5701,1927.5955146030046
5702,4026.3629719969617
5703,4456.003624456907
5704,10053.686981813098
5705,2186.4721930719506
5706,1998.1253434524453
5707,2615.8336306205556
5708,6023.918689272915
5709,4000.8788485048008
5710,3947.1981231145573
5711,2172.0585702381077
5712,4586.470391983814
5713,401.5716108407363
5714,5614.647784800991
5715,7725.348228393963
5716,4681.3181944947555
5717,666.0998002732653
5718,1577.2631115112088
5719,6898.94708740753
5720,3542.2880406974937
5721,6068.634159722144
5722,10144.278613483819
5723,9261.428564446971
5724,2496.258206982771
5725,4610.413640872244
5726,3627.660153010781
5727,3963.991590146619
5728,6378.325450715954
5729,3986.2631180743256
5730,1332.6765645829805
5731,3553.4469180674505
5732,11622.626197779748
5733,4225.051730595594
5734,6851.072816252038
5735,6226.497341421872
5736,2391.393703802607
5737,4191.03831150714
5738,2936.8177401942485
5739,6762.776319684662
5740,7280.93737555679
5741,2816.2835457305355
5742,3606.041814454251
5743,7119.453693263992
5744,5877.230603345915
5745,1587.2874863936113
5746,12696.547994100558
5747,1528.2770150936788
5748,6426.0284193707985
5749,4404.344856169903
5750,5738.111000289235
5751,2876.409128054987
5752,6316.561266598047
5753,7299.031965550888
5754,6526.448644301187
5755,4621.8002199791745
5756,3438.201801120812
5757,6054.927114391725
5758,1291.014817449667
5759,2009.3156642365664
5760,4831.736051015511
5761,5753.810392725244
5762,6690.470221812516
5763,5558.407316098757
5764,4864.1881904453685
5765,2618.670006634638
5766,6104.541109294273
5767,2750.693511091657
5768,3421.614269703612
5769,1042.1335385465618
5770,1942.9269189749064
5771,2556.504709294268
5772,5963.272011769455
5773,2431.238973537788
5774,4862.484024214702
5775,7316.852637616907
5776,3221.2487076675616
5777,2566.6764353358044
5778,6170.2544360996335
5779,2804.6395649108103
5780,4219.269704667501
5781,5321.302444754378
5782,6436.264154153309
5783,516.3399730084643
5784,4029.514088768046
5785,2198.683785329763
5786,2199.7836747796746
5787,9246.211137542243
5788,2286.7879455872417
5789,1945.9346890971935
5790,13061.2353646516
5791,12127.091324859846
5792,13328.21365551963
5793,3666.5350532287384
5794,3635.527649286479
5795,5256.240768880704
5796,5966.30756359204
5797,7356.73248663892
5798,3077.045107683549
5799,5018.532969708738
5800,2743.677103495146
5801,7478.062981170879
5802,1239.0967753805078
5803,6004.30376794332
5804,1830.9546276544295
5805,3015.7130965199303
5806,7404.34165646553
5807,10195.234412493053
5808,5774.1172325154685
5809,1434.2590214862112
5810,7203.70177599604
5811,2523.9425057662943
5812,8549.490269326074
5813,2403.4056311624277
5814,7917.490650680124
5815,4277.162462795948
5816,5512.319127500731
5817,242.3530192103681
5818,615.8811906852221
5819,4847.138464192632
5820,3445.3279216420847
5821,3224.7147149920706
5822,7570.171818273154
5823,9233.635313301804
5824,9794.044714113448
5825,5277.862716559988
5826,1904.4368186856473
5827,3265.7674832113016
5828,6877.8970224011655
5829,5117.992196150261
5830,7947.119981643793
5831,1182.3349769817896
5832,3153.9256228477425
5833,4851.381790878364
5834,2704.6712942557133
5835,4358.800375059907
5836,5784.855941012333
5837,3867.79649518252
5838,1636.5200213092214
5839,726.0385119207426
5840,7068.4405643322925
5841,3266.2324402344802
5842,3017.5426785491154
5843,4114.88307264142
5844,2276.7481041166943
5845,4556.373451871974
5846,4197.309971704263
5847,3693.4758659126815
5848,1442.6600858502916
5849,4980.271647799637
5850,4065.8433929801836
5851,3724.378495026698
5852,6438.259894186232
5853,5471.779389590207
5854,1583.445405986367
5855,8023.4433246603085
5856,8008.300367257199
5857,5118.700748269901
5858,6600.997244833605
5859,5829.941872829482
5860,693.402123114446
5861,5423.275830174351
5862,1680.6799316468293
5863,7323.389384867178
5864,5723.39015611831
5865,7092.60078178411
5866,2133.779862782731
5867,5578.2462249469
5868,1697.7155741146955
5869,9430.147858946619
5870,2312.1002537534796
5871,2770.3105412481295
5872,10285.111062734773
5873,1691.312860643936
5874,1024.021744233059
5875,4634.839995558123
5876,1895.4439854733675
5877,9320.314972087428
5878,8699.989882878614
5879,6404.569301102532
5880,3869.875719331341
5881,4993.842467529747
5882,6329.241774487204
5883,4782.556132372898
5884,7448.622422972132
5885,8237.719700242505
5886,3303.385347933864
5887,3924.580754003063
5888,1297.5589503248125
5889,9413.34516525811
5890,5057.104233834578
5891,1855.9558651954978
5892,5866.44248784095
5893,3707.94487452723
5894,2924.380319074316
5895,4692.570622687308
5896,1875.9805027059874
5897,3606.186933518447
5898,4082.292486636626
5899,4255.030605240607
5900,2778.8356426996597
5901,1840.0705652043666
5902,2321.975083490788
5903,1918.9234375562053
5904,7823.645400691463
5905,2765.2428230103674
5906,1257.4920231007945
5907,1937.8552192921015
5908,4413.212591645988
5909,12775.593150342374
5910,2676.321859191651
5911,3489.51971254117
5912,969.2741353375638
5913,5906.743001372902
5914,2684.121858267953
5915,4389.185931874878
5916,4313.892976014107
5917,10200.527717587956
5918,5032.257238106666
5919,2512.862902173696
5920,2384.566036652557
5921,5706.319274250232
5922,8117.699730611163
5923,8826.324017308258
5924,3506.195785839094
5925,5470.583666252844
5926,5153.552891510078
5927,8422.042305907007
5928,1362.7031649529747
5929,5457.893284970407
5930,3475.558593072824
5931,10267.35744619752
5932,4772.364025575108
5933,4651.187678902921
5934,11356.120544043924
5935,5171.726142711632
5936,3830.3278022436016
5937,3354.7200980722296
5938,788.8311093536711
5939,11454.616433208812
5940,3339.4330034912673
5941,7946.53778662245
5942,10483.142790007054
5943,5103.603463499367
5944,9844.374915484545
5945,5080.234217063407
5946,5537.599534160151
5947,6863.54881975029
5948,5004.824890618447
5949,8686.127609649135
5950,485.3568162083182
5951,10491.852403850628
5952,1074.8534441478732
5953,7478.465472842784
5954,6617.762835142388
5955,5475.15100608705
5956,1369.9191667693892
5957,13405.719700065287
5958,11066.456466972513
5959,3183.5023615278033
5960,7866.083875591381
5961,2667.294729891221
5962,9239.13565352891
5963,1696.815076453745
5964,5856.603883980606
5965,1933.562385805841
5966,5665.045066815816
5967,2862.5882588344734
5968,5000.032560454782
5969,8305.22266647346
5970,2930.9918504548027
5971,6553.006080578911
5972,3827.1844286798064
5973,5723.818258975648
5974,2643.082555464304
5975,3537.3702197073903
5976,5505.234172688322
5977,2482.8884329407106
5978,851.6819481654242
5979,3797.669605767554
5980,2440.64781085922
5981,2289.0991070001787
5982,5836.869454441478
5983,2297.151424314772
5984,5526.144878368261
5985,2735.0368190346085
5986,12330.204923745647
5987,5203.435960492225
5988,6322.868229966475
5989,10936.304970305258
5990,10705.216399668736
5991,2589.7963036358155
5992,2247.0675672655075
5993,6962.962144030256
5994,5458.2952832667
5995,5868.6810743142205
5996,842.5902972517874
5997,2226.6562736560213
5998,3243.7922376967776
5999,5184.747928353449
6000,2882.799304926077
6001,5769.902845723569
6002,5280.6059214401375
6003,3530.535698240915
6004,11704.947048431737
6005,3735.2708931760226
6006,4779.317125567176
6007,824.1998905206378
6008,3636.69118316887
6009,8235.73315393951
6010,6773.6916572437485
6011,5408.454841494153
6012,6161.678339180555
6013,5228.83853403239
6014,3754.3818908189755
6015,8857.211770863387
6016,6118.651113933528
6017,2243.910050858789
6018,4265.322994128922
6019,3024.532142801757
6020,3095.6163750088213
6021,4845.467499778834
6022,2064.4022924085125
6023,6501.686273579628
6024,7083.516021825274
6025,4765.945516150243
6026,2409.885714780931
6027,328.0152833344227
6028,8034.54343044273
6029,3589.3706965529555
6030,5918.992687608506
6031,10734.986643189799
6032,3922.669807956016
6033,8808.354026018185
6034,3716.5257067262078
6035,9589.65068768537
6036,11415.224920388842
6037,5315.65141424395
6038,2461.4388382670672
6039,10387.891316264617
6040,4546.328352976029
6041,7504.420176922945
6042,3994.041799931967
6043,3075.64413890098
6044,2502.0606548174183
6045,3851.5781234333585
6046,886.0637797669019
6047,10135.39579361465
6048,988.6792670376472
6049,5019.764920009858
6050,4056.576047894149
6051,4882.782951852908
6052,1699.0390041785272
6053,2605.134296646231
6054,6902.060330858089
6055,7332.437328766555
6056,2050.9221718770987
6057,5218.293553013629
6058,4881.903961801738
6059,2912.2349798946325
6060,10515.348633052878
6061,5435.426962090941
6062,1103.888741926936
6063,3860.5250718729303
6064,1831.6315266712477
6065,7935.469102135822
6066,6373.944692036177
6067,1305.4437574703359
6068,9837.084246851435
6069,3878.859146453058
6070,2483.6379659452346
6071,2214.4121733141983
6072,5914.752472263463
6073,5160.091807762742
6074,1315.11327935874
6075,3483.628245861913
6076,5001.248363142548
6077,2571.3227110240396
6078,3654.7219533502084
6079,2566.557891337678
6080,3270.3522440380816
6081,12112.536349692602
6082,6063.16967406852
6083,9598.196909107612
6084,1481.3660595812494
6085,3085.856672716906
6086,5156.20485696031
6087,6479.030075969606
6088,4339.0078277155735
6089,5086.434872249195
6090,5987.52164423619
6091,7213.647514373897
6092,3760.3781385888456
6093,6515.701165694297
6094,3276.214120091414
6095,6854.687361881958
6096,4565.347370281618
6097,5908.867151728885
6098,1100.8447382227755
6099,4499.918428720072
6100,6534.73657923751
6101,3251.0737127061225
6102,4455.9789642202
6103,6206.305779212743
6104,5694.665768305784
6105,2609.804401358171
6106,2851.2102592258348
6107,5321.137472108226
6108,7376.864687643844
6109,4701.969437753145
6110,3920.535100453109
6111,876.564698686407
6112,2292.7836099315305
6113,2512.9050748534078
6114,8617.07489529238
6115,5081.994226840552
6116,6280.654709098753
6117,4673.367322957735
6118,2056.6066920484454
6119,3253.832660546277
6120,2868.2431146388003
6121,3232.245049686905
6122,5000.795927203621
6123,11474.014900956447
6124,4428.12026800255
6125,4729.612849135416
6126,7629.52318450113
6127,3764.4692819492584
6128,973.3848478411661
6129,2210.4377816038295
6130,4952.2709383379715
6131,8852.490681817219
6132,3326.750600106059
6133,2832.901899191218
6134,4302.873880168205
6135,543.8353209737795
6136,4936.012238589919
6137,1122.916464404718
6138,2017.268502050569
6139,10523.718747548715
6140,507.6593796841263
6141,6189.664925724316
6142,1386.881526634057
6143,8746.069078823723
6144,4327.776081912606
6145,3476.0609534778373
6146,5001.109022024748
6147,4642.029327677174
6148,2793.2983131964834
6149,5170.49839825543
6150,1637.6061498321403
6151,8952.266831526482
6152,2001.424513721334
6153,2447.5939994092105
6154,2530.693567850194
6155,2755.278532396297
6156,2705.9249383400515
6157,5008.300369806733
6158,2788.365412280031
6159,3776.9501000196456
6160,1625.2294895313748
6161,4212.702190929097
6162,5697.694835307051
6163,7925.116200125874
6164,3059.679120770897
6165,3614.3705273411115
6166,1953.4132077084068
6167,11890.632017656182
6168,6995.002970375093
6169,4480.208423165929
6170,5915.1551216426715
6171,2809.6222968360316
6172,5073.862377629266
6173,7383.79073046338
6174,2530.9950064907225
6175,8410.688004000951
6176,7045.442988182735
6177,5513.957842795049
6178,7182.073313677899
6179,1198.0677013284082
6180,8561.16727208923
6181,5452.048139744754
6182,4450.019312370002
6183,1639.2526636828957
6184,5336.169878068705
6185,3292.092864692639
6186,1846.9997039861603
6187,8739.55937065136
6188,2654.9015166807926
6189,2657.1698729862414
6190,2789.3843686510886
6191,3924.5109361562163
6192,3494.2482110223086
6193,2198.6239092959217
6194,8306.81259684187
6195,3811.2578475045525
6196,6809.031204466905
6197,5188.238578841531
6198,7222.006245808332
6199,4828.285012444864
6200,6401.686739927746
6201,1670.62905801663
6202,4113.137102444051
6203,12328.558755292837
6204,1598.1835470571484
6205,4318.169255558462
6206,6041.2197434954205
6207,4702.97513312721
6208,7047.996377864633
6209,12863.378823436236
6210,1427.3310994596509
6211,1691.9095126992518
6212,3619.6183584174732
6213,6116.81875022664
6214,3806.9300132241233
6215,8035.141539868284
6216,3319.6132906827547
6217,6577.878637978512
6218,5213.8986660274995
6219,4060.1391906766053
6220,6293.141363105896
6221,1209.536726318023
6222,2127.370605156296
6223,2042.7118690295463
6224,5698.493546100883
6225,2511.055544219322
6226,2855.84555739268
6227,6021.36351088591
6228,2980.21941468427
6229,5586.434364926169
6230,3855.3645734801567
6231,6531.923686865305
6232,3490.9878615282373
6233,2811.3353815817486
6234,3663.9815498971543
6235,4754.659315487554
6236,6727.904404378885
6237,2509.0697555551433
6238,3278.4450772308337
6239,1822.1789907620625
6240,6263.218318159151
6241,2637.706444426949
6242,4380.683851327033
6243,2187.210916057467
6244,8367.379049314071
6245,4697.662585083489
6246,3404.5777682578682
6247,6937.727933768785
6248,1894.46248505974
6249,2531.015630927474
6250,12039.054565730177
6251,3174.901221165942
6252,7303.722812169328
6253,3548.0588131118407
6254,5293.164647862636
6255,3805.049547085872
6256,1922.5840733823097
6257,2431.984206025082
6258,4552.388011074392
6259,3223.6276727773484
6260,2153.95888590162
6261,2043.6690222111677
6262,11554.763726141166
6263,4608.5378135517785
6264,1260.0872329425774
6265,8658.081910765512
6266,2882.0668425416698
6267,10459.636350315002
6268,4278.389611518557
6269,2632.5429711145835
6270,12106.755170439883
6271,3391.9313502537607
6272,11273.1627454283
6273,8197.104687432458
6274,2205.002572731654
6275,4575.766120943176
6276,2067.8305674406492
6277,858.9369462929341
6278,8914.971721342028
6279,5032.651899945752
6280,6303.498240924913
6281,6729.687757434317
6282,5653.218728616043
6283,4487.920116302198
6284,3956.7981699289453
6285,4647.6340014416655
6286,12935.854527210673
6287,8301.042095745634
6288,2670.1663035291776
6289,2524.6622668897444
6290,2223.043432769237
6291,770.0346523623888
6292,7613.595365939836
6293,7438.059707988002
6294,1334.6975667910206
6295,4513.062831707921
6296,3412.4700895702417
6297,6228.644715835064
6298,10573.71987748186
6299,5052.901896995703
6300,7908.345500537771
6301,5171.908107787236
6302,6338.641977244229
6303,5561.51462240753
6304,6128.283006190406
6305,1732.6319108607586
6306,6532.492799570689
6307,3777.0414909249107
6308,1304.9099580759096
6309,5110.36948641333
6310,824.471896119949
6311,10106.10281012234
6312,3003.836516436103
6313,3645.956173581757
6314,7112.391309965875
6315,4098.499831785382
6316,6885.330137421537
6317,3011.0119555473975
6318,4771.912151619801
6319,11022.436850584862
6320,1744.9660545507015
6321,6265.755796092341
6322,4172.759101800542
6323,467.7749407118808
6324,8735.798528574442
6325,8045.983922481831
6326,4389.266321497059
6327,1642.2137753698453
6328,3554.666810587508
6329,2445.864383878484
6330,708.2577450863577
6331,10803.48159862161
6332,6764.843124296501
6333,2348.469180234417
6334,6324.660202014332
6335,2864.3698550511567
6336,1386.6312829240146
6337,5615.763685698251
6338,3876.895582212485
6339,8778.364513847528
6340,2488.991859214433
6341,3725.3174706250684
6342,1717.0799304954746
6343,1737.6646540571696
6344,6970.189184384009
6345,6149.341558588803
6346,7995.010636980258
6347,5543.031698344961
6348,1756.9414025884796
6349,5157.375296118021
6350,2321.426461327107
6351,1684.0857103693497
6352,6630.709306069559
6353,3717.7119098286353
6354,6141.345201616873
6355,7237.187414360621
6356,3414.003505436716
6357,6042.085500577737
6358,5121.887553239269
6359,5856.0742444546695
6360,2728.6260527131435
6361,6450.682287877629
6362,3052.110426632786
6363,2955.909664963365
6364,2999.6898298103915
6365,5835.593725551106
6366,5766.446173708243
6367,2557.6201990133386
6368,8504.03707936412
6369,8220.84068082835
6370,1708.378093424503
6371,8508.928982710391
6372,3540.5725773437694
6373,3573.7790961614073
6374,5814.658008537067
6375,8041.0079371971215
6376,3733.8194385229813
6377,7979.530530469646
6378,2956.177346011852
6379,4286.770390508542
6380,3122.717564026278
6381,3029.2676711203694
6382,12163.366596679853
6383,3539.9625826227807
6384,5489.338378587377
6385,5748.849026703221
6386,2518.3130120273327
6387,12525.568451506839
6388,4929.799252630732
6389,3492.839959758268
6390,4885.095106438596
6391,574.6974124663885
6392,6866.929118831126
6393,3999.4022993614803
6394,7009.0486201552485
6395,5708.130860138113
6396,2821.190846661701
6397,9141.938939812959
6398,4384.19402614236
6399,4336.765358909133
6400,5577.644434072988
6401,4952.8865948316925
6402,7947.240966306972
6403,3446.663071111678
6404,6471.627628623925
6405,4519.318514826428
6406,6797.4363819870005
6407,2485.8689154468602
6408,10028.239729668634
6409,6553.809355168661
6410,8192.30847298002
6411,4400.228656351195
6412,4686.493637945894
6413,1634.6353970395376
6414,2228.8018738147425
6415,6358.882470650089
6416,6721.243076008476
6417,4184.121473964127
6418,7054.496002186327
6419,4386.27994270048
6420,863.8764784774551
6421,6633.621713436227
6422,7384.798570696458
6423,5720.0723620062145
6424,3639.81288541006
6425,2388.9025753741967
6426,6868.354829766383
6427,903.3288851429713
6428,2143.194515779233
6429,4974.796431096241
6430,2176.697087605796
6431,2059.210383189524
6432,3562.9901972274515
6433,1440.3818613220212
6434,12874.334378230957
6435,3262.7001865423376
6436,9352.38261850283
6437,5946.268314987458
6438,11330.507829934413
6439,1369.0293173575735
6440,4840.771658363934
6441,7288.358142189918
6442,3067.396515521023
6443,1581.72667285103
6444,3114.932126955759
6445,7318.521448628511
6446,4158.330041362137
6447,5139.851870151605
6448,5411.3013333825675
6449,2029.4947284099262
6450,5367.278724162329
6451,3375.3650290290484
6452,2984.833080122365
6453,1363.762389315959
6454,3351.8406722103673
6455,9788.633143821105
6456,3744.7234229795117
6457,3823.0417240044762
6458,3502.2451960076246
6459,2593.634786602368
6460,4219.64594352689
6461,2981.4046456743745
6462,2084.697211016741
6463,522.9348038447632
6464,10624.513347240574
6465,4760.970482826442
6466,1295.2760312665675
6467,1555.932028537189
6468,2953.079617090386
6469,2942.2013781343267
6470,3355.6066817500523
6471,3301.8573930687803
6472,6667.860315666064
6473,6504.226929607733
6474,284.49474821854204
6475,7454.941733475801
6476,3067.676230309629
6477,5869.860545608291
6478,3533.0348270797867
6479,6412.324010450097
6480,5365.957613660209
6481,2726.4633935079755
6482,5364.684117732623
6483,2432.556862728162
6484,5592.965071791388
6485,6571.046637734464
6486,6729.6228889921895
6487,8112.383236948603
6488,716.0781778869112
6489,4184.838414839038
6490,3453.588220226328
6491,3634.6427701879234
6492,2324.401324797665
6493,1158.9260575826197
6494,6736.0308458387735
6495,4610.742728668417
6496,3541.6413482832418
6497,4935.73651228958
6498,6233.148209308029
6499,2576.938261883614
6500,6072.972152446242
6501,5249.375666692198
6502,7259.313187851823
6503,8284.939995553874
6504,2177.1883408259964
6505,4429.631361572462
6506,5193.129361914409
6507,5965.311862076555
6508,6693.69065276065
6509,9844.245860523723
6510,2486.3806337149845
6511,3835.014119377121
6512,3519.286945158018
6513,3023.3234300744725
6514,5165.393195606252
6515,2945.791075960689
6516,4135.257325455242
6517,9345.312448016584
6518,4983.905406644842
6519,259.11845533075444
6520,4581.554077241268
6521,3548.2096165798334
6522,2446.9809012044598
6523,3853.036411113982
6524,2534.152523459284
6525,3461.0102543001344
6526,3588.1050395275356
6527,2299.8266390580234
6528,1369.3601186154476
6529,8887.76979220098
6530,9522.366042714413
6531,3501.2343235569556
6532,7391.881447962643
6533,3264.6383317056734
6534,3455.942515581595
6535,1171.9642454809618
6536,3473.7181596711284
6537,7644.185787933614
6538,5168.817260518324
6539,8136.03035188201
6540,3933.856233403678
6541,4768.78150878889
6542,6092.820384730459
6543,3466.766450807151
6544,3243.5121216791867
6545,3954.106695318933
6546,3669.08577582482
6547,3043.9642321595134
6548,1876.1584405869514
6549,1496.3914406622894
6550,1545.347164168738
6551,9102.374233638797
6552,6168.102161008051
6553,2308.7283141165153
6554,3571.333590394538
6555,1780.6496785803804
6556,3014.6008371631165
6557,6593.159078390751
6558,5569.289955646148
6559,6310.196490088225
6560,2391.5988062827405
6561,9625.60538570968
6562,3139.7167373573707
6563,2265.3289960515126
6564,3450.756446775298
6565,11288.824462127535
6566,3861.9124311483383
6567,3191.5381464405655
6568,2312.7586386732337
6569,12146.276281443548
6570,4956.010692536498
6571,1422.2454226144407
6572,5289.751513012314
6573,3152.864975399488
6574,3730.708541938454
6575,3053.2534683787635
6576,4517.629254882631
6577,2546.929992059459
6578,3070.0733779126354
6579,3642.738625566016
6580,2013.2998335285781
6581,2167.9074053214395
6582,2167.63040432043
6583,3623.355372768919
6584,3797.7817957358066
6585,2313.951460575095
6586,6413.125764026965
6587,2504.3895821028873
6588,3785.848185290988
6589,11464.434487548398
6590,2695.1636499577044
6591,1633.7275645728091
6592,11038.497851305749
6593,4844.749375702362
6594,1388.592779644151
6595,7210.253223650258
6596,4015.3034638170707
6597,2442.471119595396
6598,3075.3068330331353
6599,3402.396361682878
6600,1370.061692520438
6601,982.3140793039945
6602,6425.599017159015
6603,2567.7724062459743
6604,4588.759267473642
6605,4003.5436806563134
6606,7756.521423098731
6607,8025.761767957445
6608,11960.864833658368
6609,1683.223310544254
6610,4839.555196326668
6611,2488.6423952298355
6612,11221.844943100175
6613,5296.084248226087
6614,808.3302645534382
6615,2631.768526954716
6616,2866.5031354909156
6617,5374.427216115789
6618,4860.540019824067
6619,2772.6833835909842
6620,3179.9704088127046
6621,3949.033510277506
6622,13418.857359258942
6623,1567.371897082542
6624,6313.743118370745
6625,3207.519823000908
6626,3884.095148637024
6627,5018.8325247437015
6628,4942.228291643279
6629,11494.749862375722
6630,5945.177950899516
6631,4600.631374166164
6632,6602.692119205054
6633,7019.737118125432
6634,323.20175775912236
6635,11297.399211786946
6636,3459.2080450221256
6637,5665.336415738209
6638,3276.443135938549
6639,6632.7028831490625
6640,6855.105096364308
6641,3645.3954491989202
6642,5374.52973942382
6643,10737.485023048552
6644,11305.343398812563
6645,3038.271104163194
6646,5719.308598963471
6647,891.0038557909232
6648,4519.785829042404
6649,5156.994274762499
6650,11199.120866853487
6651,10477.7636773242
6652,13412.334192836946
6653,2806.877976368186
6654,4446.638223787774
6655,4559.291592182874
6656,7014.246253880539
6657,4352.766376214068
6658,2655.169433049431
6659,1392.5069090144707
6660,11027.145461891758
6661,6263.929035233932
6662,8247.952494943014
6663,6162.849293581564
6664,11583.048866745885
6665,5186.922293014447
6666,2849.8913502920705
6667,2431.2492814698417
6668,6204.944031508796
6669,5873.035764200947
6670,2273.9935562966025
6671,1538.851347430589
6672,11037.785633435831
6673,4983.571948930504
6674,2835.8438552020493
6675,1395.2707232187115
6676,2141.6090914904867
6677,4453.164565307674
6678,3959.7965300842716
6679,6186.768924177596
6680,2649.747869782932
6681,4559.6611920381565
6682,4692.655398672872
6683,620.0983095679235
6684,2942.2862735169015
6685,2950.8221681172067
6686,5513.151739166142
6687,4071.7344724500376
6688,5503.6262621564765
6689,3115.1509620145184
6690,2641.488886793004
6691,5170.193252615726
6692,1533.0965266126918
6693,8195.109262556185
6694,3474.3349395259374
6695,3467.587630634274
6696,5769.884544386426
6697,5977.5826483998235
6698,3119.1572819528496
6699,12613.702597099651
6700,2842.434666047945
6701,2461.2310182382607
6702,8149.809877654592
6703,5453.474336188531
6704,2080.369432614334
6705,2394.7672047827423
6706,2329.079077989446
6707,4230.0004833051
6708,4728.866308631844
6709,4932.723611497776
6710,1221.9053174611934
6711,1413.2386252722558
6712,3606.345614004232
6713,3933.8454221181596
6714,2465.195311398463
6715,2671.0063724588167
6716,5107.293211415415
6717,4670.82134250191
6718,775.4794627914551
6719,2831.984923204336
6720,3718.206900064425
6721,1242.1492397664547
6722,7384.18010604232
6723,3702.2518089863975
6724,2527.231481014999
6725,1869.7837365969601
6726,4778.406499050786
6727,3711.5297923139483
6728,4474.6362190780965
6729,7259.5282043618645
6730,3206.86977077958
6731,2619.731440004823
6732,1648.7675517161263
6733,3428.710851051328
6734,3020.3570656689258
6735,5384.021625190753
6736,4066.92893270958
6737,4417.322330207679
6738,2242.300958858128
6739,10001.291818928803
6740,4089.212195824265
6741,2819.9590664522066
6742,898.8715248461439
6743,4158.573442798115
6744,4115.541750223766
6745,4758.865281282502
6746,4945.161808638999
6747,331.57793513917306
6748,5363.047074449792
6749,2746.770136139425
6750,7484.841195471681
6751,4035.1460436222196
6752,1094.9743715680204
6753,9305.53587518841
6754,5681.846108911392
6755,4781.488741160451
6756,2028.0542902323068
6757,10275.863843531328
6758,3861.8560274978704
6759,10936.279626007134
6760,7153.50765482048
6761,6144.286424788829
6762,4719.843039709566
6763,316.34432655351077
6764,629.7753734782858
6765,6208.062402742965
6766,6876.920450648418
6767,1204.2289061755357
6768,4229.251134121211
6769,1248.8111784403843
6770,11920.00096486192
6771,2210.3324646917076
6772,1724.0193273224763
6773,5033.615099298759
6774,1105.8748157597017
6775,3137.883543043261
6776,7902.086173029417
6777,2387.366373624389
6778,3138.0867399312156
6779,5732.987315857319
6780,1107.964581069259
6781,5640.6628373962985
6782,11538.65969214629
6783,468.8518149938713
6784,1211.2313133414057
6785,6112.8540350897465
6786,2244.054086999253
6787,5841.518618232245
6788,4512.939265868092
6789,6330.551809995316
6790,3034.0917061201203
6791,1620.9212596235632
6792,5144.0212561817325
6793,4305.998461151812
6794,2886.0807316769387
6795,348.8258038295757
6796,3087.052232412785
6797,384.246585182184
6798,6168.55268231555
6799,7495.113086057738
6800,3791.6312645112957
6801,11486.008872217022
6802,3717.498627568168
6803,4929.914167801931
6804,8978.897586908834
6805,6784.009560168285
6806,3851.13924534332
6807,4493.033137407885
6808,5732.135786287456
6809,10401.322234530619
6810,3853.175845459861
6811,9588.835567818101
6812,1895.4567141227735
6813,4149.337322149406
6814,1490.229321272978
6815,2513.3881571998977
6816,9798.65046440207
6817,10467.864172547832
6818,6688.18506198834
6819,2841.103568428313
6820,1413.8269349701097
6821,2510.4534100884143
6822,3166.2665485766006
6823,3711.5134209321363
6824,5413.68876852511
6825,1605.1381308426326
6826,1943.5123649917819
6827,3690.777821077611
6828,1177.938903391157
6829,1255.9512656150582
6830,1304.1957250725166
6831,2056.222893699456
6832,5816.869009736209
6833,4620.719507728024
6834,4646.23784034707
6835,4802.455164006483
6836,7495.593004639727
6837,2071.566982590499
6838,4097.188243490079
6839,4148.898116278253
6840,4953.586054072051
6841,4365.211977488281
6842,6971.804766672798
6843,5724.801521588794
6844,5212.136722728015
6845,7077.489578544988
6846,4532.399559842239
6847,3956.510441115475
6848,6128.088965057304
6849,4079.203298956503
6850,3411.1409572719435
6851,2238.141609578103
6852,2878.9004797744437
6853,8060.443858760136
6854,2249.518684690819
6855,2417.411024749883
6856,1899.9181021096176
6857,2476.9265127883023
6858,4082.9998260287134
6859,1590.0461399903788
6860,9238.300839814365
6861,1421.8863177780343
6862,8167.333112467007
6863,3133.576827232911
6864,2164.747224127434
6865,2855.463693095305
6866,6849.696662569724
6867,3523.8879230284588
6868,8122.530138522386
6869,7599.651346313232
6870,3051.5920945970206
6871,2029.5349766922252
6872,8138.2167006555865
6873,5509.394238735149
6874,4389.3052816120035
6875,415.65220658261677
6876,3589.316451121361
6877,8287.194047186882
6878,6523.066140253824
6879,4896.132605068428
6880,3544.923040985854
6881,7381.938686097067
6882,3905.251285299178
6883,1533.3244616279858
6884,3001.1446096105938
6885,3619.8868375009138
6886,7454.969406888198
6887,2651.232059048237
6888,6875.625320305094
6889,4143.035728161924
6890,7312.216680451987
6891,2858.597533283016
6892,128.3240496758846
6893,10550.27624365544
6894,6229.271381122498
6895,3933.6508345476896
6896,3554.239229217649
6897,5545.800920641247
6898,2722.9228847357417
6899,3127.1073467274555
6900,1436.190564872928
6901,7738.668307186212
6902,3517.122093042948
6903,1373.3266804494642
6904,4642.167225830156
6905,5615.334914199048
6906,6665.054354615441
6907,3605.6208590882084
6908,2788.9054489046543
6909,6874.401341692551
6910,2744.9322088070585
6911,2576.115908995971
6912,2309.0212147873035
6913,2395.7311371853903
6914,5125.677089252123
6915,2832.7864333348916
6916,5679.808054206132
6917,2529.2753776122836
6918,600.6114883294379
6919,2486.083932229529
6920,7452.090565351383
6921,3456.2358572798594
6922,5909.856951873687
6923,4108.037069469988
6924,4866.010954783152
6925,2309.8175169616748
6926,4805.058167707489
6927,2883.5538409731457
6928,11893.409935838932
6929,12248.361642853317
6930,11137.989707814526
6931,8381.017736995134
6932,5072.304922239616
6933,4406.371415682101
6934,2904.261936784821
6935,8833.339838568134
6936,1438.3165702334923
6937,1180.2900501806128
6938,2938.7324046387835
6939,5606.534486656364
6940,2744.2624113262373
6941,3745.1113918735823
6942,2745.9355308784916
6943,9707.514275990192
6944,5239.503978437231
6945,7586.510938546622
6946,4629.377937755488
6947,8015.574828243021
6948,4365.324699175998
6949,2667.5093640390455
6950,2560.761858826373
6951,2746.622781041935
6952,2376.6179846555224
6953,4123.395430058131
6954,3213.820664076257
6955,231.75422810962593
6956,8905.311398430846
6957,2011.2643516326768
6958,1954.7295226452216
6959,10087.52170307792
6960,1716.5687988524264
6961,2773.758000686914
6962,2168.8111574747786
6963,3570.899343180785
6964,3173.087944765175
6965,1909.511411176452
6966,6378.8348305517875
6967,4813.300186038898
6968,1248.7895195218853
6969,6523.035828217715
6970,3674.5556719279257
6971,3074.9364584765294
6972,1642.1141295303341
6973,3888.523165259409
6974,2820.459832827717
6975,2789.6792901714166
6976,10440.636106427026
6977,3166.38312645101
6978,1043.338470026329
6979,9917.08782362685
6980,895.544037539099
6981,2485.9149804499402
6982,6907.516478239179
6983,5710.510780306199
6984,5519.636504431257
6985,832.2850904107137
6986,2733.118214434371
6987,5959.491116847327
6988,4553.407261906984
6989,3116.3923565849113
6990,2612.890215838471
6991,4703.631667584182
6992,4272.717232874549
6993,2291.9324077017845
6994,3541.884786807384
6995,128.1235840282246
6996,4046.509484816055
6997,1501.4857003775908
6998,3209.9335085228363
6999,5610.1605775502685
7000,7828.221636720746
7001,4912.827828433654
7002,3979.6774018676515
7003,6073.7194793399885
7004,3815.9459631018262
7005,780.5308671317704
7006,5971.25744794957
7007,3655.5538212821716
7008,4716.235353633842
7009,2969.6729585673984
7010,3340.208008086656
7011,2723.443595024023
7012,2693.840166758355
7013,12174.901097500606
7014,6883.750684294389
7015,6814.370027209697
7016,934.7364199822696
7017,5533.820009388956
7018,4097.437990884108
7019,7773.909217194355
7020,6741.277003466242
7021,7054.916531881093
7022,2613.6668206063327
7023,4295.631935812055
7024,2819.7696307185015
7025,1693.2466321066147
7026,2203.764381075464
7027,5134.760744792733
7028,5271.394880980461
7029,4205.427832597263
7030,7133.358429821287
7031,3227.6515991063457
7032,2311.653244116324
7033,2438.728142079876
7034,6331.485370414866
7035,622.8552938046146
7036,6610.1709748530575
7037,4803.728947848333
7038,2699.2426133446006
7039,9389.848758728576
7040,4409.965525663168
7041,6913.681461868333
7042,891.4698962127937
7043,3339.3630136000074
7044,7065.758816319456
7045,8645.094798042372
7046,2599.410954177712
7047,5701.899974871215
7048,3797.73252244075
7049,1752.9244881492887
7050,2952.579592480183
7051,7794.459925659335
7052,3894.682655454893
7053,2726.8875352838472
7054,654.8359972449887
7055,7595.598373840378
7056,4902.521814864226
7057,2053.203006183614
7058,13116.278346718253
7059,4852.407283440418
7060,2970.075829459852
7061,2909.6947170269505
7062,12910.606929663123
7063,4086.0040251988535
7064,4506.904876677134
7065,4482.737312698077
7066,5413.865037278177
7067,3191.3678674442367
7068,8463.444566150069
7069,8932.09510933647
7070,8021.437362302958
7071,3602.496246098117
7072,10266.551538616059
7073,7174.165960078894
7074,6204.999695195972
7075,5826.398455584924
7076,1341.5607478825857
7077,1114.0845618611531
7078,5822.21826084764
7079,4721.87461291319
7080,11604.76514040157
7081,360.0343096829407
7082,8916.130974035967
7083,1795.0570980294044
7084,3953.081428639509
7085,1928.0654764128965
7086,4694.512413189259
7087,2424.5255289142124
7088,2578.1840681349536
7089,3681.451815182552
7090,3476.346810501561
7091,3559.0142908384337
7092,1697.6536118942004
7093,6527.506829156292
7094,3068.845457913789
7095,9268.146218163722
7096,9991.91900278853
7097,6856.004319031113
7098,6306.753301438897
7099,8411.612547801242
7100,3922.3643131329295
7101,12535.062860418657
7102,2047.1756939906406
7103,10062.379707614824
7104,2753.317633881005
7105,3700.873092522413
7106,867.668201946676
7107,4595.324262880614
7108,12448.429961088079
7109,2756.386343485458
7110,4816.661962210225
7111,1509.277868818053
7112,2670.137353174264
7113,988.9441334631131
7114,6848.0248581665455
7115,2946.8969216156593
7116,7067.717419496821
7117,4802.682722843262
7118,4890.768705933931
7119,4591.811121770453
7120,2662.371883327111
7121,4826.5362712141505
7122,3567.1209412550284
7123,4264.810361635698
7124,1255.195231365216
7125,1772.4502789979351
7126,1749.287492036213
7127,4343.5987892396215
7128,5534.789989114263
7129,3093.486655712784
7130,2721.4365571075928
7131,2559.780365491024
7132,2340.970444442637
7133,949.664717875074
7134,4433.8071868308525
7135,5359.883299681087
7136,11713.673505014987
7137,6588.382945731224
7138,9712.511521177788
7139,2081.891422155745
7140,4740.188894345085
7141,2207.1990762001833
7142,4896.002043688694
7143,5417.77504740211
7144,7692.2012388500125
7145,7214.165713929941
7146,5765.773491688902
7147,5909.385398113756
7148,1759.5534729605558
7149,7220.231459910955
7150,12987.123943556626
7151,1563.7036737445615
7152,3623.378873111583
7153,7893.6495697702785
7154,1162.9142588288792
7155,2535.9553694679594
7156,3867.563686625826
7157,5153.771093748315
7158,2233.1850071803306
7159,6348.391033895534
7160,7598.52254464472
7161,3682.457369836702
7162,6659.8290016633
7163,2392.3540194375114
7164,5802.023195885442
7165,5075.432628483266
7166,7809.250749177725
7167,3762.6663398314004
7168,5515.302246702156
7169,4161.568577253246
7170,3712.5806924451917
7171,3829.108014136337
7172,2043.1906314051048
7173,2112.6830772978706
7174,7571.843760088651
7175,8646.548451342505
7176,8201.705343681026
7177,4384.115650147705
7178,1316.5061618669736
7179,10649.611975458378
7180,2225.624824668344
7181,6273.625022563895
7182,3305.317983647273
7183,475.8201998667792
7184,4312.47222512479
7185,6556.740323600758
7186,4174.322764759658
7187,7315.256140285482
7188,6573.586246723132
7189,594.9310393388865
7190,8123.5470368367405
7191,6239.731110561295
7192,3438.5460877629657
7193,4895.002792259658
7194,7302.8708401811555
7195,8657.295908686616
7196,5511.841388505913
7197,2847.353574960708
7198,10271.886595847453
7199,5049.554911237736
7200,11696.979220472598
7201,2723.425042852393
7202,2752.3671192801467
7203,5586.0448337601
7204,4791.864762462219
7205,6013.138798340675
7206,1872.6496458076158
7207,6779.266719902994
7208,2823.720038817288
7209,759.1749869769429
7210,4282.7336816010575
7211,4606.104674090279
7212,5155.627774417875
7213,2053.6007388843495
7214,1202.699831976449
7215,5722.599024992279
7216,4957.238510114053
7217,1418.5426487040816
7218,6164.704962925511
7219,5078.566680675158
7220,7432.523723754634
7221,3068.9369002926387
7222,5179.853585071007
7223,3391.4471256515926
7224,6393.102514958437
7225,8242.812217655122
7226,2738.5681017593133
7227,2292.3526464216375
7228,903.6936165654179
7229,2645.967198644322
7230,7125.183830171248
7231,4094.567813866403
7232,2635.4097182358378
7233,4148.407437694229
7234,9525.95341008263
7235,2425.8236119969743
7236,2749.8669007867093
7237,5795.779534195681
7238,2723.995676178304
7239,2835.682114772957
7240,5973.704850504007
7241,2984.647272575717
7242,8424.497430627933
7243,1092.185962637614
7244,7107.795331321057
7245,9952.838419486938
7246,5337.42604381947
7247,4788.100414123681
7248,5919.192324925147
7249,2349.5260919031457
7250,7307.963567387237
7251,2472.0224039194063
7252,9657.674227356536
7253,5142.331415270591
7254,5375.621588427386
7255,2004.1667904206226
7256,6643.41291466081
7257,4441.556016105582
7258,4671.91887880527
7259,4847.057646479061
7260,2729.95349220554
7261,2707.636551318601
7262,8483.769987090718
7263,6425.388736638529
7264,4211.003981767799
7265,6837.567733106043
7266,3340.8334601952533
7267,1959.4617693780087
7268,2643.599361356092
7269,3379.884260005491
7270,3134.650170793587
7271,7624.902943993455
7272,10201.484634776045
7273,10720.662312890554
7274,3578.2640696716576
7275,4853.6162808806475
7276,981.2625227495504
7277,4402.1101533530755
7278,3972.4377752514933
7279,4918.842923969884
7280,4859.382631303532
7281,5357.825342759484
7282,8996.059747580357
7283,4112.812677273776
7284,6708.492692051743
7285,5835.226202088301
7286,1097.2398029417636
7287,858.6036645884758
7288,3922.90204288494
7289,7469.919897597034
7290,9471.728074101307
7291,4759.079432352632
7292,5155.137384955013
7293,5722.691428937875
7294,4186.322435321734
7295,8491.233957459326
7296,7557.325401828758
7297,6134.239009953351
7298,1960.0168697079985
7299,5362.610304908639
7300,5040.933641442151
7301,6915.670842287751
7302,8605.371375724084
7303,5515.996826427278
7304,2144.756001681943
7305,3697.3685915243896
7306,4534.48039961501
7307,10487.297119422297
7308,11095.759537218439
7309,6248.176694240233
7310,5042.4270824772775
7311,2784.294504735713
7312,5462.1956993122985
7313,3813.712700867188
7314,6720.326133209993
7315,1758.9053430482525
7316,5572.761883769603
7317,6962.579002664123
7318,3262.6002323404746
7319,423.9101793513703
7320,2507.3747892014117
7321,1224.6141632743972
7322,3468.6963753761643
7323,2577.9752009935655
7324,3402.1328115286246
7325,2011.5200361900986
7326,5219.851311050939
7327,10010.415717338594
7328,3578.8408497589494
7329,8132.055965243802
7330,2578.470080252005
7331,7398.94489289033
7332,3365.5711427580345
7333,2538.42188637336
7334,7045.8150919131995
7335,3272.2353276206
7336,1858.6027707653097
7337,2030.7141731163474
7338,4030.992040460047
7339,2824.89586114659
7340,7008.134036604946
7341,2259.55040535347
7342,5864.161105270188
7343,4429.593432444778
7344,2648.601511365861
7345,2499.1018632406835
7346,8391.051072643568
7347,5012.428246352736
7348,6346.778517554964
7349,4749.948811381622
7350,7343.383716010163
7351,1435.7215744371392
7352,1531.5208357812244
7353,12102.822738256747
7354,3523.8511311162465
7355,909.3062093422368
7356,4849.923139664745
7357,3314.6352623790885
7358,3095.183113020256
7359,2789.5241622257467
7360,1356.7557478521326
7361,2923.4065229703133
7362,4343.0795312068585
7363,8868.496189132642
7364,5314.154096943806
7365,1204.4530788262737
7366,4232.282043054706
7367,3827.8723030532083
7368,5124.257139460379
7369,4275.602245228578
7370,6421.104791416824
7371,2211.350264144301
7372,4344.319784971904
7373,2704.065869407673
7374,6781.674401315553
7375,10639.887496633366
7376,2963.550360171941
7377,804.1615231566652
7378,875.6875189747867
7379,5830.473726181456
7380,3526.392984986502
7381,799.4884514859721
7382,7144.9734705706
7383,1604.5598294928059
7384,2434.076090711254
7385,3063.7811262218265
7386,11835.955417592888
7387,5441.608048610605
7388,5705.759803074915
7389,2295.4651745686315
7390,2969.779592040835
7391,9077.893853214988
7392,1406.3477547478046
7393,5187.720297012232
7394,8796.32156477774
7395,6140.360422774101
7396,1891.1975945245047
7397,6124.971852448541
7398,4206.839152130445
7399,1827.2163053042557
7400,5014.892078634523
7401,10241.60851214268
7402,5803.30176702987
7403,3467.564405676851
7404,2987.186263664343
7405,2937.676129833472
7406,1733.8324281152256
7407,8980.869827693163
7408,1153.2715707661077
7409,8380.974942089279
7410,4298.289767008606
7411,4429.170556432597
7412,5461.849529760315
7413,1121.3088410148296
7414,1992.709139267803
7415,4549.961379783653
7416,3756.5121014429074
7417,1547.0586427143494
7418,4646.065685564836
7419,4436.830202623932
7420,2933.6831544880383
7421,1135.4728634894282
7422,2434.8464709921177
7423,645.3843663285401
7424,5217.98341300688
7425,786.1010105855613
7426,9880.295106066329
7427,4159.3874425381855
7428,2976.4754392215495
7429,8473.24742984836
7430,5456.045262512417
7431,2457.4462724349273
7432,10291.079113511605
7433,2132.809962694849
7434,8185.3974285411705
7435,585.8119122054208
7436,2911.606436501158
7437,4841.0337761009005
7438,1720.686142800315
7439,6272.732226793493
7440,2113.710839117868
7441,4831.424366213754
7442,4486.92933494221
7443,5942.117878393556
7444,3820.352827030328
7445,8602.739839843558
7446,5437.731520723656
7447,2654.689398221661
7448,4299.513616153257
7449,8945.868085543856
7450,1340.5119960240247
7451,2699.0376651999386
7452,4388.246322909371
7453,2267.8727930814716
7454,5525.039994330719
7455,1740.61445243853
7456,6269.1281853488335
7457,2932.2266616162246
7458,5313.732153347838
7459,4823.458939109689
7460,3968.6716632306625
7461,10387.963666865968
7462,3161.633404381401
7463,4509.776164165673
7464,2006.9804635698895
7465,777.6432291132907
7466,3176.1542843298053
7467,4914.8330125508255
7468,6770.921867640409
7469,5072.732393441164
7470,5612.712155249668
7471,4491.290939574245
7472,2206.0091838035423
7473,1224.6276981040699
7474,1480.6747132728945
7475,4384.189126949165
7476,3758.645225116073
7477,5508.799891890407
7478,764.8503698201193
7479,5120.240009518753
7480,2717.741073757832
7481,9584.408429165112
7482,3678.132544325725
7483,10491.753645216662
7484,3286.1706683446127
7485,5842.304816834368
7486,3497.310468219507
7487,1558.4832957881824
7488,4962.847398295767
7489,3122.2173567245436
7490,2410.767668795222
7491,3750.9944537931246
7492,2738.5689679753805
7493,2399.87520550535
7494,3355.021427021347
7495,4473.699474940012
7496,3716.920342197671
7497,3096.6575104905746
7498,1628.1185934783528
7499,4701.148321899
7500,5687.109515747794
7501,6670.242890293017
7502,2195.4374893456893
7503,2954.2094595960725
7504,4355.211938886679
7505,9748.78418059257
7506,4425.4419566460465
7507,4134.993462467354
7508,6471.419676610149
7509,3018.9210475088726
7510,1437.3854166468354
7511,3328.504353813015
7512,9424.383069727057
7513,1304.3267205631741
7514,4283.263488783898
7515,5399.090379330003
7516,4548.90955129959
7517,4346.595838801432
7518,3486.253614137431
7519,3843.9074938802382
7520,2111.6777099565666
7521,5628.729888108828
7522,5563.4833747951025
7523,1271.9732913489581
7524,3291.92595808343
7525,1530.224660447739
7526,3186.5030123513743
7527,10493.720230801659
7528,1674.133547405069
7529,5797.736164265742
7530,4525.402873963572
7531,3372.8183923470247
7532,399.5567621666641
7533,4083.990283999456
7534,4212.2353263599725
7535,915.6646764925543
7536,7572.587644237702
7537,6866.859945396312
7538,3326.5678512085587
7539,2258.2565136676913
7540,2539.6864575201985
7541,5301.344141754868
7542,5940.466232408058
7543,7369.080709873852
7544,3114.2722461720937
7545,5475.461432466462
7546,5117.6487203727065
7547,8488.660824655557
7548,3389.44123007499
7549,7498.117898985471
7550,2391.075140302125
7551,2810.4522846210452
7552,4729.456680052665
7553,3195.4389119141324
7554,8186.7969437251
7555,3167.1861232050087
7556,2000.3204658016243
7557,6114.3477025462935
7558,12676.160616281304
7559,721.9918417537906
7560,5277.071592163076
7561,7732.598577527547
7562,4507.173439550525
7563,4320.980050098221
7564,400.9861076158061
7565,3632.4240648165173
7566,4052.29898654309
7567,3073.9772265360625
7568,2919.5516344702583
7569,10534.178110858704
7570,5881.674238825474
7571,3724.6446925866953
7572,6895.515968790923
7573,7885.087779500334
7574,3886.3367853017253
7575,5211.358964408232
7576,1141.8099487428326
7577,2117.6803119851647
7578,5473.607616007497
7579,7174.43314057681
7580,5678.165057717802
7581,9175.745866664502
7582,5095.618802221808
7583,2190.4207770900307
7584,4231.650651687427
7585,5252.868898347818
7586,4413.013298486652
7587,3992.184763763585
7588,4413.8979381079025
7589,5990.231026842679
7590,9022.337343794174
7591,3143.1106116961655
7592,9984.408020255574
7593,4155.587404170195
7594,5572.243876149244
7595,12092.475410188757
7596,3466.821936878849
7597,1884.6153672813782
7598,6134.446092526914
7599,2657.2493501532335
7600,245.58932445972428
7601,3691.4174648024045
7602,3902.570137849685
7603,7629.154135978799
7604,3723.289766458095
7605,3992.380446792285
7606,4445.261976505534
7607,5309.099862460004
7608,1284.7715409348657
7609,10133.118181504035
7610,3617.1647854839393
7611,4815.350657834905
7612,6772.670101102957
7613,5191.275571480699
7614,7755.179202720762
7615,2100.029876063332
7616,3463.7108774932135
7617,4033.9349302591427
7618,5994.874970495316
7619,4770.22198511384
7620,5087.895050662583
7621,1833.7858113171642
7622,2336.9720083406696
7623,3949.0765919666837
7624,4864.509025648235
7625,12689.557715223002
7626,467.2357701466513
7627,4458.7298094193975
7628,3024.5742017363173
7629,1099.5334427363407
7630,2572.9497580804873
7631,2485.7045432489367
7632,1980.0191234918755
7633,5148.820545551419
7634,3727.467962323272
7635,4647.598229617655
7636,4681.318057343407
7637,7996.1661996159455
7638,8579.419890908173
7639,3646.162732609432
7640,218.68206878274236
7641,5428.595324147685
7642,5645.16158788345
7643,6927.958362799883
7644,5423.486571984095
7645,5315.596117625559
7646,3192.598930810148
7647,7705.3488096206665
7648,5873.784592269297
7649,2931.3137217371623
7650,1028.2815313755684
7651,5871.54394119906
7652,5453.255374325388
7653,3818.9668800539125
7654,622.8319506590833
7655,2915.6749752985975
7656,4921.854916421693
7657,2645.140633891142
7658,3782.9989417653037
7659,8035.905102591897
7660,1934.9808316219273
7661,3107.426332627769
7662,4090.184601293621
7663,4806.3349475068335
7664,4950.29204312971
7665,4094.8074109988884
7666,3265.659712806182
7667,2607.6090092836384
7668,6071.883355150734
7669,1409.384164304485
7670,1742.1392134316327
7671,6085.186699405674
7672,1791.7548632703597
7673,1603.6412150385145
7674,2579.2805345799993
7675,6214.131115616579
7676,10401.492094373918
7677,4328.855244950351
7678,5610.203169769655
7679,7558.20868397468
7680,5242.085687251151
7681,7716.420303443511
7682,3333.947683888242
7683,2004.0240326778046
7684,1087.2736605674797
7685,1577.6629646758404
7686,1212.4561855710504
7687,5759.897388084548
7688,5465.658520878612
7689,13397.746346064429
7690,5157.917646842857
7691,6074.072310878245
7692,1140.8483337692498
7693,10934.90907890252
7694,3021.922964756687
7695,3048.4431959150775
7696,5374.475792702537
7697,7440.717258970588
7698,468.691053509486
7699,9682.578250940789
7700,3342.683477435568
7701,3388.789986076424
7702,2605.7323224126408
7703,6951.182982753307
7704,747.866905633729
7705,8684.967179363932
7706,2360.2136405027404
7707,1725.3894480135175
7708,8134.33013422741
7709,3452.76811142635
7710,5151.784992917799
7711,6202.862576079918
7712,5930.634535462956
7713,6266.809733945816
7714,2708.5755954669357
7715,2376.6515937506033
7716,8713.874086212003
7717,2155.182763118165
7718,4669.868620998389
7719,3525.6560572297703
7720,2382.5630464166466
7721,7253.04809213556
7722,896.0337453020438
7723,4564.315436784426
7724,2433.8936127576926
7725,4164.322065333212
7726,1583.1778577379444
7727,3159.220009309415
7728,1555.2937403285082
7729,1689.5133805170053
7730,9733.665983740075
7731,4305.181084154817
7732,4644.376078796741
7733,315.88894079729494
7734,1379.8712611732135
7735,9179.034276545357
7736,923.7635148168105
7737,5868.587944835393
7738,1937.1933560886098
7739,3031.887243424693
7740,2607.603363569678
7741,3608.9713839758438
7742,5005.638941051374
7743,4903.63012048875
7744,5324.750077781104
7745,5515.729147142828
7746,8233.14493637056
7747,4193.269436195679
7748,6683.671239511541
7749,1995.4631502974244
7750,5506.406039268595
7751,2157.414930172418
7752,1616.7863281903285
7753,3216.359754076896
7754,993.8848273203712
7755,941.5940733127223
7756,9987.438249171651
7757,4824.894720998196
7758,8136.2403754336465
7759,7030.632508074002
7760,4446.697322023824
7761,1542.0780740655898
7762,5420.184426141467
7763,3928.8806929037264
7764,9901.047001297316
7765,2907.447737228012
7766,8748.458856946276
7767,5490.829251066418
7768,1900.5128657696794
7769,4148.17029305584
7770,8030.870233433689
7771,4743.050282389564
7772,11007.54899921382
7773,4884.235573415614
7774,5148.2099510149965
7775,1316.6477465281312
7776,8140.047648829326
7777,4588.310214162779
7778,7067.431869980638
7779,2060.7397884991306
7780,4819.924614608966
7781,2131.475561800081
7782,6070.3798943411275
7783,3433.953587491644
7784,3885.7454911766617
7785,3087.6916593852015
7786,5415.7985395614905
7787,697.0221005256847
7788,6076.421831156961
7789,5949.379256077444
7790,3749.6246906796764
7791,4311.564917882469
7792,6694.863702704102
7793,333.03353220447707
7794,7128.0952907167975
7795,2436.8053192387756
7796,3212.6048665742524
7797,4644.008642901572
7798,2245.764403601571
7799,4148.928883612056
7800,1705.8103192699011
7801,4136.541070485113
7802,3368.164684948545
7803,6792.758295420382
7804,6327.005035847856
7805,4376.372308861678
7806,2323.3334311297494
7807,3863.9532048882597
7808,6633.583556058115
7809,9590.302077617214
7810,6399.447505589417
7811,4144.171926476816
7812,6954.652854236083
7813,6278.074036829268
7814,1878.0844256286314
7815,2199.0062368804424
7816,3527.3469018908927
7817,5150.474909760163
7818,6267.866810920253
7819,3683.0694660329355
7820,5379.173413025141
7821,11562.543501816022
7822,8349.184367586051
7823,3765.5227359217592
7824,1479.7840906898841
7825,2765.876218512133
7826,4067.6800950411007
7827,3378.85208501845
7828,5671.227773625912
7829,2941.1567330663306
7830,1865.9536487957691
7831,7339.506754151248
7832,7163.4970006126
7833,3118.33819110782
7834,3479.7745117069126
7835,6638.693183683192
7836,864.6605149068505
7837,5335.044388649646
7838,3100.3919198647804
7839,5007.010240054877
7840,3005.302849665657
7841,7081.980885128756
7842,6711.11824085359
7843,4010.5211898356447
7844,4618.305057654331
7845,1184.5552442502983
7846,3249.4290439799506
7847,4445.5820623573645
7848,6011.46566418411
7849,6529.0187340301945
7850,6325.708130047381
7851,2495.4527879337807
7852,10952.208888568128
7853,849.8627708653905
7854,5658.802647674656
7855,4610.1855073537845
7856,1657.854050569776
7857,7249.728683790375
7858,10963.995871077397
7859,2536.5887223483087
7860,10583.136680051095
7861,2723.03500678165
7862,3612.170728109497
7863,3420.7977480967434
7864,12985.82153434133
7865,6196.753249809589
7866,8897.955546981795
7867,3955.068849804525
7868,5423.699851961623
7869,4764.392552305752
7870,8086.990670656618
7871,1586.9697153347765
7872,1996.9119999031898
7873,4634.058733915634
7874,5065.1708754037
7875,3142.686419774709
7876,4814.911920333404
7877,1340.3324598695697
7878,7081.579161356908
7879,1530.756823767247
7880,4878.659457359012
7881,1646.503213560593
7882,3329.9188942743026
7883,6150.958195318722
7884,4063.1729263921593
7885,7288.740711308913
7886,2671.5775724565474
7887,5446.7249456034
7888,2227.392754174034
7889,4760.474196654846
7890,1938.659738047018
7891,4499.667797660131
7892,2980.850360368692
7893,8176.86174666708
7894,4620.050453976096
7895,5421.487877463398
7896,4803.045482432194
7897,2886.5543856459553
7898,5309.050948911804
7899,10522.793933446277
7900,6251.548675817791
7901,4639.233230204731
7902,6473.999836288737
7903,1832.7758710695305
7904,2739.7689583664305
7905,4977.540084434054
7906,682.2149328656366
7907,6797.550962370416
7908,2831.05556671185
7909,4296.469441411971
7910,4715.314633462569
7911,2881.20090425032
7912,983.5773995954181
7913,10905.37737286715
7914,3227.688458470217
7915,2086.171711902591
7916,6813.449830339191
7917,6866.48235503384
7918,7327.75546518798
7919,1800.567411064369
7920,8673.135342659018
7921,6484.81757906377
7922,1090.7823220110463
7923,2868.6843506675127
7924,3665.307174763968
7925,6693.1957723831165
7926,10157.111293548769
7927,2499.8871881726136
7928,2554.049229449971
7929,3779.6946914280047
7930,1762.4813951869364
7931,10358.259794301826
7932,4899.633659285421
7933,11889.443877665197
7934,6293.099577432754
7935,8875.844599878632
7936,5831.007138988163
7937,867.1509774199982
7938,4209.157682502661
7939,7338.922356375036
7940,3632.2003241035136
7941,5298.308131797599
7942,2290.0030391270284
7943,5544.773756143595
7944,4213.197818232423
7945,1060.1406877202542
7946,2468.1217684016033
7947,1998.956763597833
7948,1731.015594980244
7949,4470.0309759503425
7950,5245.415561862066
7951,6869.698559508503
7952,2544.0478830030765
7953,3872.41264530857
7954,1655.105879672939
7955,8557.896467001226
7956,7294.956427599789
7957,6392.6748024148765
7958,1322.882805905633
7959,2849.2839709574646
7960,8602.035277806895
7961,3299.2083851403145
7962,2672.1363252092005
7963,1733.1267139741344
7964,7005.164592259916
7965,1473.2899285090778
7966,1903.5947876167645
7967,5409.514263495422
7968,1092.8720067327076
7969,877.0352358478722
7970,9760.849534116998
7971,12105.426778243547
7972,5311.9209301849305
7973,6332.1764783289345
7974,3029.981653021112
7975,8237.077728621292
7976,388.23208099323494
7977,5174.084233977438
7978,12462.86827806047
7979,2173.0618620603595
7980,1959.7192384634736
7981,2837.292354014594
7982,3720.5668309233033
7983,1728.5216009893256
7984,946.3943475442032
7985,1661.4204369069735
7986,8401.05209611047
7987,4435.2647597970645
7988,2032.9597385413572
7989,3373.6675741242025
7990,1267.210633567272
7991,4484.275047484243
7992,3179.138540383729
7993,5131.158424574206
7994,1512.2488143107958
7995,2992.685519151884
7996,8319.162595358926
7997,1187.0180426847735
7998,3683.0159038069064
7999,5939.880235325336
8000,1603.6725404601252
8001,5539.185922589811
8002,3926.9029447089342
8003,4237.412488837764
8004,1888.380649658508
8005,8505.423954796413
8006,7515.169029733559
8007,1720.4832886987865
8008,7975.139886434775
8009,5729.598586569856
8010,4140.772547967512
8011,4266.343081537337
8012,5386.445257377856
8013,6384.7902410099905
8014,4877.946445089264
8015,855.8581332962107
8016,3694.956184136978
8017,12181.212526204907
8018,7278.281124861809
8019,4995.430995263001
8020,4975.739912726264
8021,5311.869847041769
8022,2844.8063592107783
8023,4952.490385883871
8024,11094.213006003916
8025,3612.9741518859455
8026,8077.611057766823
8027,4173.531298991759
8028,2387.6382722264784
8029,5557.8107066555685
8030,3162.214112118798
8031,2795.6455586750494
8032,4155.96902678621
8033,3565.7360795819714
8034,2215.565636599464
8035,2231.409666814566
8036,8830.503050706731
8037,7024.300308730903
8038,3424.6231239573003
8039,8059.907028155804
8040,6600.598464869713
8041,9927.815351619318
8042,4166.441660003452
8043,2716.1881729491747
8044,3517.6924684374894
8045,7829.094719541634
8046,5702.079644818861
8047,718.6726764875888
8048,5498.170366331269
8049,6084.8468319158255
8050,9841.814193493294
8051,8317.936546333183
8052,7026.245881025364
8053,2928.291386473241
8054,8654.432959483232
8055,4666.28076972003
8056,3922.7908813915583
8057,5674.520148402052
8058,5233.2270121906395
8059,1754.8533615103038
8060,4419.218966000195
8061,2720.145419448495
8062,1502.2056206150596
8063,5680.1530499619885
8064,5649.853405935345
8065,1697.6932960136885
8066,2137.7884400993607
8067,5334.129635501468
8068,4108.330152725811
8069,7659.239282478414
8070,3870.6827238161522
8071,5025.121308677259
8072,1007.339149627097
8073,2108.611540961882
8074,2720.6492086122093
8075,4679.405675552124
8076,892.1907810923229
8077,7812.410091580789
8078,6301.885340003524
8079,9972.828514904082
8080,6893.292605852683
8081,8825.508206638357
8082,1376.5776279600125
8083,2529.5426947453207
8084,1698.1182910845073
8085,5683.204818079841
8086,6188.357049165004
8087,4983.125894184086
8088,4793.4915360050045
8089,2857.0993111283287
8090,6719.315467717107
8091,4232.214581188769
8092,1857.9094234474321
8093,6520.570324318568
8094,4688.192560144949
8095,2687.5422617011604
8096,10314.712988427222
8097,8349.088026387919
8098,3718.235703798977
8099,8251.002213256412
8100,4499.090145414878
8101,2423.0188645373264
8102,4935.467814996301
8103,6175.188239002157
8104,3097.570711611317
8105,3312.233837417184
8106,3592.0691347565357
8107,11405.545967752025
8108,3706.3152038855515
8109,3084.542349208293
8110,6175.339905937708
8111,1876.807950607506
8112,4558.889786570029
8113,6057.58363318062
8114,4383.629793815015
8115,4671.613390285735
8116,4506.683908706678
8117,8220.255382300898
8118,6898.558985515882
8119,9353.99934092961
8120,7291.174500840804
8121,6405.2448777531345
8122,1930.2953704266051
8123,3510.390722520948
8124,2034.1852684872063
8125,2168.3727881195305
8126,6462.222752542059
8127,3405.8980162310186
8128,1800.6400500826696
8129,4881.205631032376
8130,6852.803428414503
8131,4980.624819720032
8132,5943.9037954530795
8133,2844.5579743533604
8134,6539.303965693237
8135,1369.1173275061965
8136,9263.972447475539
8137,1926.9386558303033
8138,1314.6570718028836
8139,4804.093394525927
8140,6126.622840358369
8141,8473.521186204664
8142,3846.5231937447443
8143,2245.629148246825
8144,9842.328247955942
8145,4929.2687939230145
8146,10364.184175768427
8147,1609.6422793503145
8148,1429.8613685114633
8149,5732.624655447159
8150,6902.70439536259
8151,4949.578040269076
8152,2406.6378529469735
8153,3256.0950362601307
8154,2338.4250415203433
8155,1369.0255165868823
8156,3152.1499637697198
8157,2092.4180086749448
8158,5361.178747996095
8159,8963.075772391894
8160,4519.0795882552975
8161,5041.113383663471
8162,6073.991455998944
8163,3412.9225352644817
8164,8258.279182048936
8165,8840.075794147486
8166,2335.8549554795177
8167,3783.1228503360603
8168,3245.650508586762
8169,6226.80193530765
8170,3828.419923849176
8171,6421.347032405573
8172,10581.459527945759
8173,7025.890568455935
8174,8420.562802156961
8175,7295.3744553532015
8176,8257.624501164879
8177,6958.128496661411
8178,2862.8770343126935
8179,4447.644060673584
8180,7175.882517200501
8181,6145.95341175159
8182,4899.111091261536
8183,4238.67610258234
8184,5671.401336245057
8185,2512.34739764927
8186,2246.5727360042765
8187,6103.262140944105
8188,2280.990589408709
8189,1277.734271503624
8190,3255.5728139006783
8191,2357.759982088518
8192,3700.3216079386348
8193,2510.1566596953144
8194,2022.1094622534204
8195,2133.5008057083655
8196,4262.550618804667
8197,1974.3463738696742
8198,1692.277904378078
8199,2325.174111021626
8200,2666.173884737276
8201,4386.454139731981
8202,13657.765576582238
8203,4808.830562504068
8204,1001.9138617988024
8205,5926.383525985471
8206,2473.5508392666857
8207,562.0102545523484
8208,5611.061435873549
8209,8084.434717041232
8210,2273.988063621029
8211,2784.613908980499
8212,6685.468130176615
8213,6654.075099916932
8214,3546.0662282587086
8215,4124.560713151901
8216,5467.044284590354
8217,2219.9467469061397
8218,4699.8795240452055
8219,3205.865677760325
8220,2969.6614607818137
8221,4193.244421238099
8222,635.3409962278055
8223,6411.365349305378
8224,4119.663853655568
8225,2725.3210469897176
8226,5439.172848913455
8227,5344.144364100973
8228,1564.3213563436411
8229,3618.2329405164123
8230,9294.838853477902
8231,2513.6743106164854
8232,3971.690448657981
8233,1614.5622649265656
8234,4791.38421797534
8235,4243.210733191257
8236,1316.789067275449
8237,6852.378797111456
8238,3812.727316199007
8239,1213.7842613439093
8240,4675.894105842107
8241,2169.20933936128
8242,5557.51195098658
8243,1323.966706757893
8244,8789.521583052201
8245,2609.5546397396643
8246,2308.8738117820276
8247,5871.923456448614
8248,3439.5311433436677
8249,1667.5464131921617
8250,996.9272745487555
8251,460.9568451977861
8252,368.55293871690503
8253,7097.057908296408
8254,2177.0439044718596
8255,1675.9917172117098
8256,6997.183201090387
8257,7975.999353688105
8258,6007.125425364384
8259,2629.718962342428
8260,6617.53067994988
8261,3798.346560762266
8262,4565.317349688047
8263,3571.6390215896763
8264,2573.1954081443705
8265,1785.8673515688847
8266,6779.510159285708
8267,5294.384472127808
8268,8902.378160038872
8269,6024.463756444644
8270,2973.453689839184
8271,2746.0665625653623
8272,6007.943101626536
8273,5295.909784749685
8274,571.7897372282883
8275,10732.541557998074
8276,3583.7068036367073
8277,3227.2714876101086
8278,3284.3845193831257
8279,1190.0686643457116
8280,8282.97989440644
8281,1328.4231852850326
8282,2108.9685072180287
8283,2866.6797222526798
8284,2505.0426309206423
8285,1976.6760794557215
8286,3255.0779722626667
8287,5984.954973316917
8288,1549.973675152067
8289,4156.993093466434
8290,3258.212639431325
8291,2304.812787122729
8292,992.2790007445209
8293,7522.110155128013
8294,5950.534653703086
8295,4257.841296508508
8296,3970.8022172255523
8297,5709.626554006108
8298,7653.274170100127
8299,5789.673149348805
8300,2307.2837297783767
8301,6192.579101666261
8302,914.1193553637758
8303,1872.3006077735045
8304,5584.432346367271
8305,5012.391366633328
8306,3877.250691556066
8307,3037.389848696204
8308,5984.668232839875
8309,1979.251786247704
8310,1745.5560158353583
8311,2928.179896539672
8312,6349.08176802457
8313,1307.1363440329421
8314,3977.026424358444
8315,6520.587831695654
8316,4619.315643962218
8317,3615.2247539106465
8318,3149.8238883250956
8319,1765.804568188329
8320,2234.9447945602974
8321,5569.496304965448
8322,3377.825475398431
8323,3319.0408294018143
8324,6487.577647072971
8325,2418.0212746570005
8326,5315.857437138886
8327,2427.1769050674793
8328,1877.7174292191123
8329,708.6173865796378
8330,6201.385169383915
8331,1134.8721719127127
8332,6082.183544998715
8333,3538.89605476769
8334,2922.3742681910876
8335,6302.587342613137
8336,8175.756603277426
8337,3124.670392244953
8338,4617.954451234607
8339,6206.585634519465
8340,6745.366439439567
8341,4002.1193380011523
8342,8133.529799947723
8343,2288.201485589876
8344,4351.604547724099
8345,3324.060489149952
8346,1325.59150465372
8347,3746.167810796515
8348,4751.804111887351
8349,2823.53024543294
8350,4578.9856397141575
8351,2875.9477711311856
8352,5763.997343100218
8353,3340.675722211929
8354,810.6913134453603
8355,1592.8797351554917
8356,7941.7370520445775
8357,8050.704385381758
8358,4050.3051207587678
8359,1997.5230586661107
8360,2110.711332796964
8361,2089.8009493877985
8362,1321.90776104227
8363,6470.794854117028
8364,4462.820610012399
8365,7276.518988532475
8366,4141.638642888891
8367,2448.5954067753255
8368,2817.2222716005544
8369,9930.33883564668
8370,1166.4660922260443
8371,3217.7930501610276
8372,3759.360499271066
8373,5354.399313366255
8374,1148.2615892672773
8375,1331.3804765041791
8376,2491.3565082103423
8377,4105.48184560105
8378,1150.2504149007882
8379,2417.9564397867116
8380,5174.018859763737
8381,10386.67229683667
8382,9334.758273766322
8383,3538.5014822015733
8384,7291.428683956453
8385,2816.546037068143
8386,2668.986989228926
8387,4209.410478353436
8388,2473.3514342486314
8389,1726.6395837605212
8390,1060.5783660892264
8391,1410.6440943169887
8392,4463.06695869363
8393,6790.246297418252
8394,8144.2912370392805
8395,3763.368495769785
8396,5231.777042963638
8397,4148.8115676605485
8398,1691.236508988896
8399,5581.105902997191
8400,3646.3235128504466
8401,2953.5769434994163
8402,1118.9509797520748
8403,2887.5866410729614
8404,4980.2263929579585
8405,2342.6254279222217
8406,3882.1132554553524
8407,4197.920481841874
8408,5111.2587249456155
8409,1839.0939520337238
8410,1494.760504061187
8411,2806.247791729949
8412,1758.057801716491
8413,4859.224559269254
8414,1507.174834867636
8415,2921.062084111077
8416,5902.802574680716
8417,5778.6645973982495
8418,5419.777250437284
8419,934.0476960107791
8420,2125.6611742990967
8421,1587.386821542789
8422,390.31841733383425
8423,6002.46646836063
8424,4559.121696132558
8425,8062.738372965295
8426,3057.325001017382
8427,9354.943128932933
8428,5881.355883043427
8429,2953.845836366936
8430,2615.624963790993
8431,6204.118478911849
8432,5865.789989676473
8433,9455.767080194137
8434,1516.7323859678447
8435,2374.8329929444717
8436,1252.9364067368642
8437,2245.2667116176444
8438,2267.3142559844327
8439,4570.932785780639
8440,1817.437716835681
8441,947.9336084102291
8442,2759.5333327067315
8443,2166.9268606679357
8444,5213.400277471068
8445,7895.528716443747
8446,1410.0658840590072
8447,7385.685388633088
8448,2207.2092959819865
8449,7519.331220523378
8450,6074.668020619138
8451,3639.370204569043
8452,1807.9688654705487
8453,3965.760977460688
8454,2384.887027895946
8455,4094.592085547296
8456,2220.6973972733645
8457,8198.68258611822
8458,231.06815886532357
8459,7142.595161499619
8460,1491.1110362279887
8461,5626.68156758985
8462,3464.3746154144374
8463,3026.802587483501
8464,994.185254215756
8465,999.2270116881017
8466,1431.855476666247
8467,4066.8638316218303
8468,5367.61659026091
8469,6225.588209363794
8470,5454.512736661442
8471,3521.388636974445
8472,6006.460178036583
8473,1834.1495314254007
8474,4799.426222467374
8475,4581.3487893994015
8476,3551.608107973001
8477,3465.2263973509926
8478,976.9923821968953
8479,3233.204936993901
8480,6612.000772605576
8481,3605.0799925986303
8482,2701.1131444321454
8483,7136.018409871546
8484,2439.849429045997
8485,1455.154789602389
8486,5685.18224018801
8487,1763.4839984819932
8488,1954.5734388966555
8489,1053.27992408435
8490,2329.4226028490484
8491,10413.402523863959
8492,2725.7911507797317
8493,2376.33202727757
8494,6694.814648205687
8495,1045.1014202734737
8496,3377.8855335164303
8497,2678.216522970974
8498,2633.4255626760823
8499,2506.829154906689
8500,1390.5865623207837
8501,6079.402558710587
8502,5800.100826644361
8503,2299.3333351026117
8504,2260.091917893891
8505,6818.608638276337
8506,3508.1720521083175
8507,2148.775259592324
8508,1234.0168138900528
8509,6289.354659284826
8510,2700.8751390974026
8511,4010.852866915241
8512,2274.156926655491
8513,2476.986604966339
8514,1141.5417069206826
8515,3281.102289934606
8516,6895.683711417545
8517,4101.482476613918
8518,1947.804755350284
8519,2454.0599051693143
8520,5774.050336837824
8521,1465.5569453872718
8522,3203.9133936424173
8523,2538.250342720308
8524,1043.9757605576133
8525,4692.301182462236
8526,2436.7182438639907
8527,2249.0224671185
8528,3710.4806464025023
8529,1743.3984625726541
8530,3045.5236531531273
8531,1919.5221648453546
8532,6580.751050059252
8533,4573.698967700592
8534,1566.4222283677404
8535,1657.76603516205
8536,3812.1761434432137
8537,6881.1841214978585
8538,5107.857802183259
8539,1991.7476621700678
8540,3378.58371945852
8541,8185.181319894046
8542,4531.098191747263
8543,1003.8386784978771
8544,5505.815859111268
8545,2785.75691555063
8546,2161.0731584009995
8547,4712.618228177555
8548,1232.2849981154448
8549,1700.803534645641
8550,7396.952414412037
8551,6051.993513869138
8552,5936.740889767257
8553,5928.036479817817
8554,1523.7457987263547
8555,6121.7049533114405
8556,4637.799944960009
8557,3030.0810579569293
8558,2472.8705015481246
8559,5592.9931512196845
8560,1077.538511800359
8561,1698.0552293043404
8562,1514.2139633396184
8563,1926.7245101862923
8564,1828.2436579377822
8565,1039.1641083498173
8566,1638.0527315662905
8567,6552.170190000275
8568,2864.472532487141
8569,1630.0752805293785
8570,3044.72158611833
8571,3985.878405045348
8572,14235.42406987839
8573,2980.8362405956414
8574,544.2052959211563
8575,6734.6890867573
8576,5991.962406868946
8577,2373.7071574665547
8578,5254.171689023669
8579,1365.1693261183423
8580,8095.812423377586
8581,2317.507348545366
8582,419.2485123639068
8583,6958.757924078238
8584,3797.047389211277
8585,1402.6845239297518
8586,2183.14589126468
8587,1967.7432370431416
8588,1581.4465845846046
8589,8852.040809007427
8590,3608.585224162306
8591,546.772755863478
8592,6649.1476303943255
8593,10096.418459688417
8594,2094.4359720381362
8595,4338.345639931388
8596,3083.3398863436364
8597,3052.014578914267
8598,5633.249888094553
8599,2855.2757331841894
8600,8634.39521796006
8601,3108.9729288147596
8602,10159.867767169779
8603,7541.779127864712
8604,1774.5919883046136
8605,5059.096106544268
8606,4818.658166830295
8607,2851.898770124837
8608,10780.777970111973
8609,5340.922746960345
8610,2928.5794046329625
8611,3284.168894007332
8612,3517.265939173567
8613,5760.748621224902
8614,3476.998015701171
8615,1830.9238057941964
8616,6930.04660053929
8617,209.63448782383725
8618,3944.8063343482413
8619,481.2382658320862
8620,572.6957197495402
8621,2949.7577957057624
8622,6141.634925036913
8623,4163.713778538626
8624,3022.9070397296914
8625,1105.1591310938552
8626,1320.050332059485
8627,7561.327733394718
8628,1607.340274116268
8629,5032.9172994612945
8630,2349.306355181364
8631,3331.9024016068183
8632,4937.366886915824
8633,3473.9996265382642
8634,12294.51603482223
8635,3760.5437331157746
8636,2833.93731125055
8637,6300.057654357203
8638,5371.902069183671
8639,2574.0823178298783
8640,5210.892181372399
8641,3743.7695402643612
8642,1299.715756122051
8643,12460.115043873164
8644,5000.289322031109
8645,1829.0630008607054
8646,862.2414584041978
8647,7868.368712605525
8648,6218.280650766575
8649,1097.7454925626457
8650,3503.414721954666
8651,2653.7090732760093
8652,2386.9243692970813
8653,2744.4805513315546
8654,393.4757880238615
8655,1620.9899671898477
8656,5658.7758624495245
8657,5229.835894236609
8658,2493.609417412588
8659,2097.1732825823683
8660,2421.393653350731
8661,3709.164856749401
8662,2366.2773995068283
8663,5062.331025882323
8664,5982.583308012074
8665,1998.6580483463556
8666,5716.890507526908
8667,6508.66395481705
8668,2786.7505443851574
8669,3836.500973449872
8670,448.5162353268355
8671,3140.957420671318
8672,2586.968245945695
8673,3298.5125636225275
8674,1301.01459480304
8675,2229.2854309671998
8676,5550.175689738042
8677,5316.811775298483
8678,2599.4854976268994
8679,2264.3364802617716
8680,1369.8939805289783
8681,2849.372725894502
8682,2656.871394815214
8683,4217.897133327758
8684,1880.7491670755578
8685,3894.2547162228443
8686,5724.4269458544195
8687,4865.090026633018
8688,6894.458291260197
8689,7700.797563421769
8690,2178.8516733522306
8691,266.7691498608653
8692,5084.258253521672
8693,3708.660130411525
8694,1781.8651755949859
8695,6052.524622474228
8696,9602.77405394507
8697,5165.556250759153
8698,3256.751395824534
8699,2952.6468398053894
8700,2589.049478907929
8701,4391.373291402419
8702,3787.989590568408
8703,1392.9597380481168
8704,3811.6431479690973
8705,5052.666783056029
8706,1444.7828579641607
8707,2965.704211180122
8708,2355.650480574754
8709,6516.891197936876
8710,2307.421591074544
8711,1036.4226767046587
8712,2218.1643433427084
8713,2346.4630616566433
8714,5667.065936949513
8715,2111.93584296801
8716,5727.112845316625
8717,2646.7682776458378
8718,2194.350685488888
8719,6194.839483623419
8720,4979.931212822855
8721,7605.953674105111
8722,7310.290644616616
8723,684.6067006878687
8724,2676.5188000982994
8725,1847.8449406642276
8726,1762.0717319079665
8727,922.839606948146
8728,5938.451597450685
8729,1275.5216444493806
8730,5167.843889770676
8731,2066.3741723336316
8732,5628.479919366022
8733,313.26102095155466
8734,4484.765348702964
8735,5021.380556372953
8736,452.7200591918352
8737,7928.000860133425
8738,7469.334416259367
8739,953.673827078887
8740,2678.461845008937
8741,3447.978886939826
8742,5896.702049043102
8743,967.5505381819839
8744,1714.2733403666364
8745,1777.3091316012012
8746,1525.146262951869
8747,1782.9854370810742
8748,1307.0026280529073
8749,8464.798602689705
8750,6492.023525140958
8751,1454.2153547362213
8752,2749.5929409727864
8753,3484.8040340025786
8754,6682.093570898595
8755,2714.8737932126596
8756,2686.8187999939387
8757,1651.204972824864
8758,784.2660583792
8759,7233.753525298915
8760,3468.8156957145598
8761,4421.057687713203
8762,2882.8977082318575
8763,13660.071432622968
8764,2032.178345586657
8765,5463.93824679778
8766,4203.90751146036
8767,6069.3559871644
8768,2608.1703044112987
8769,4200.780653293475
8770,6505.714038189796
8771,13972.175498904133
8772,6407.260871278199
8773,5058.7846463478
8774,3577.860709666522
8775,2273.043921100001
8776,12184.06729682129
8777,3223.978452283837
8778,1439.6170328286
8779,6352.465582518732
8780,1676.018075851718
8781,571.8577957006393
8782,3134.26379296827
8783,5102.680661051984
8784,2225.95576396447
8785,3045.6970079460143
8786,4051.8596170607534
8787,7501.791655417708
8788,3802.444229838231
8789,3432.1515710493295
8790,3572.2325934021283
8791,8009.414233920504
8792,6985.2851389157195
8793,5657.918790443481
8794,6081.141598932436
8795,3731.8952015514437
8796,4559.430199780588
8797,2260.5486795499955
8798,3932.973021578369
8799,701.7952924192358
8800,4503.4724603097375
8801,2718.949229463897
8802,1767.4766623307319
8803,6070.695835163903
8804,8398.361296908904
8805,871.5798102901615
8806,1601.2288342415366
8807,3474.5952781950277
8808,1734.1354367064516
8809,840.7921476489529
8810,638.6954000298682
8811,9343.974371358714
8812,902.8950830958021
8813,1515.2115362107982
8814,1159.0954799209983
8815,851.2919503729619
8816,4467.334404235115
8817,6262.796707781066
8818,642.8008818936607
8819,2089.0361900043877
8820,670.6560097249916
8821,4932.569540058099
8822,2604.136385498331
8823,8197.318444264623
8824,5857.680369306734
8825,4825.629735035132
8826,8634.174271033555
8827,2375.6939837051395
8828,6047.410497114165
8829,6521.688164499842
8830,5188.979300939741
8831,7872.4304270119
8832,2949.269984281584
8833,2752.9997234430803
8834,3055.8071965594086
8835,6093.353068870533
8836,3205.049922722279
8837,5329.59246295049
8838,2382.64518377915
8839,2519.1122015363408
8840,2683.5359976271097
8841,8269.46898698798
8842,3964.9584221636896
8843,4832.973434881746
8844,2830.052039133117
8845,5725.401734617804
8846,5877.420842460251
8847,4130.289337358657
8848,1383.0502227956413
8849,2209.925014036232
8850,3519.7040323800793
8851,1829.6018660736704
8852,5389.159177605029
8853,5326.336078467915
8854,11627.478059989862
8855,5490.05494511439
8856,2937.455376981759
8857,7286.990252186651
8858,4483.833077046417
8859,1431.3537149252866
8860,2760.1856620737003
8861,3763.948922313287
8862,1240.491183547067
8863,408.0566083045574
8864,4827.246273579998
8865,4790.208481499855
8866,1631.564608441283
8867,518.0240344945637
8868,5767.44194324184
8869,2314.073629779032
8870,6781.078671018768
8871,8423.925458873287
8872,1421.281109801756
8873,1132.8416086478262
8874,6690.2110746257185
8875,2389.7789193490084
8876,2708.875555342127
8877,2034.959386242778
8878,2701.3073103692846
8879,4955.2707082869365
8880,4625.098132227566
8881,5423.700487573118
8882,3193.034881265812
8883,645.0339670453367
8884,10525.877734066586
8885,3019.182933057884
8886,5445.388660940281
8887,3215.5412925189376
8888,3898.0173167689
8889,5339.114555613181
8890,5425.78922904778
8891,2419.1562775974517
8892,3945.7810553683375
8893,1350.4364898342135
8894,3286.6969257970823
8895,7406.444769354407
8896,4605.843599835492
8897,2487.1929298510017
8898,5585.745633719244
8899,2149.9469264179456
8900,920.6553047239122
8901,4763.297026776858
8902,1467.2559155873068
8903,6711.049777950588
8904,1544.3141016747918
8905,2046.6842723950567
8906,6475.349196987312
8907,1022.2776025064111
8908,6688.197460091095
8909,2940.0501037899166
8910,4236.892657751596
8911,1256.5388989688504
8912,7756.421464786017
8913,4266.624890853291
8914,4120.128437276072
8915,1150.639822912975
8916,7070.201902012487
8917,1390.336989725046
8918,2545.89517087555
8919,2415.30746158022
8920,2080.900848292217
8921,9651.569172944606
8922,1750.1417858886996
8923,3054.2972376704497
8924,14080.335950100376
8925,3043.695452580944
8926,4634.775250382768
8927,2505.6327351134996
8928,6825.733465165132
8929,2523.0659954087723
8930,1378.8003545695385
8931,3925.1309926104564
8932,1073.072302020987
8933,520.6598535399095
8934,4057.6566562092985
8935,5194.544587086515
8936,3169.4906103091807
8937,7244.381150416491
8938,4226.624958453608
8939,4153.0150393689955
8940,4514.334905561653
8941,5098.203829121253
8942,3225.106448510049
8943,5356.871013826961
8944,2610.2109704766085
8945,2562.8867306529824
8946,1854.365940247717
8947,4766.944969827321
8948,3806.69625922235
8949,6585.934910591428
8950,2059.1739824374204
8951,3517.120778588174
8952,5097.82458663775
8953,6215.5810309374365
8954,14306.50775913919
8955,3709.5015949268104
8956,1112.446278576428
8957,2020.8197980869352
8958,3931.3177787790287
8959,6179.2413118746545
8960,2064.2721585711856
8961,1193.289447397507
8962,4192.393811264913
8963,1627.7400785101408
8964,3495.3169131643276
8965,5237.9231908852435
8966,4176.075707779397
8967,6761.858270562884
8968,9657.666087780912
8969,6748.9321793705285
8970,4368.237154751756
8971,1123.6978220376197
8972,1949.4485084016599
8973,2858.0893459024496
8974,6435.450956939724
8975,3402.0695219539307
8976,4942.483332609958
8977,4483.226664415525
8978,1651.1829294072822
8979,6006.161191699692
8980,2537.694780964608
8981,7217.442207694488
8982,687.4081735071395
8983,2557.555420044686
8984,442.28823733794553
8985,2070.2606704886734
8986,2445.421161729579
8987,1841.4614649162952
8988,1729.1929177466384
8989,1237.7532644764342
8990,7065.270264191565
8991,6580.634027633438
8992,5011.594581552817
8993,1699.5206640211175
8994,4368.501889867069
8995,2932.8405933822874
8996,1295.7406446397463
8997,6230.582127129674
8998,3053.5957451965874
8999,6321.811313788163
9000,3279.6969432714955
9001,5603.328776642599
9002,3290.13136816077
9003,4237.510305900665
9004,3111.984357629702
9005,3899.3129526943308
9006,6889.010869948975
9007,2419.7688769091433
9008,1583.1827217400269
9009,2180.0553394858343
9010,5947.903511744628
9011,5185.56454787265
9012,7382.823877047381
9013,3165.964738082695
9014,2383.0540210062827
9015,2788.989438086602
9016,1756.026715723977
9017,1857.5193914127406
9018,2854.8902898589417
9019,3912.964424333721
9020,3738.543531650228
9021,2012.0926204068037
9022,7113.890738570019
9023,2585.5821443197387
9024,4500.094570228745
9025,3782.404315216952
9026,3834.309395677714
9027,5053.692706397531
9028,1241.074831917065
9029,7716.127854157757
9030,2959.3320608172035
9031,824.7773554873077
9032,4746.108460486365
9033,7865.6249444211535
9034,3386.525764669576
9035,2230.5514503775034
9036,1227.0993793564116
9037,2347.860659027828
9038,273.6654960591648
9039,5606.7164998776025
9040,7182.757620788145
9041,5619.017657244394
9042,3293.364215671212
9043,2613.840838658201
9044,2070.1853284707386
9045,2429.2974265564358
9046,5417.277361997885
9047,929.5816237902058
9048,231.05577868222
9049,6895.990124037977
9050,2882.3652148424812
9051,1106.0084554950392
9052,5895.75050487628
9053,2930.0433161835967
9054,1654.1934669521183
9055,3505.914746179088
9056,1427.8744017683998
9057,9417.936761317145
9058,2526.7696644763914
9059,5711.024950030819
9060,5616.777373461236
9061,2281.0232267502583
9062,6653.849873952552
9063,2390.099655139324
9064,5724.034759765338
9065,1575.490167086547
9066,4967.467210422955
9067,2662.4401384176726
9068,849.9270196323006
9069,1585.047016761759
9070,2500.5234686516824
9071,3155.7762164052933
9072,1517.689196674066
9073,5539.809785344436
9074,1897.1246140762098
9075,1962.0642724030233
9076,3857.7347744177873
9077,5617.447779331739
9078,5765.120202615883
9079,6162.813641902869
9080,1433.630480985926
9081,1327.7869597657807
9082,4243.922433179731
9083,11137.813084405403
9084,2192.3419517224743
9085,4295.672319720921
9086,2475.1597672665835
9087,527.6042670144459
9088,3847.124945574551
9089,5805.158963974086
9090,6433.964370873996
9091,8347.849129868182
9092,1584.368788051976
9093,5439.7604830956825
9094,5101.675491780981
9095,2572.890748722501
9096,6335.586729921516
9097,6422.789402287525
9098,1920.594736408802
9099,6862.947549518302
9100,8329.99381767185
9101,12380.101314723894
9102,5390.2927550487175
9103,3279.831605630512
9104,2919.7988724927363
9105,1082.570187787151
9106,2219.169201786047
9107,3103.601444146452
9108,5736.594638058943
9109,7257.696797400166
9110,4208.615708453784
9111,1359.6251048175675
9112,2721.031638129333
9113,503.2540952385075
9114,1000.8227560964339
9115,2569.7788695791405
9116,5856.525916069626
9117,1408.8846959898701
9118,7748.090387785183
9119,670.4979130009348
9120,2477.3371620568564
9121,5394.789898421253
9122,1754.8392701768153
9123,7330.37062734907
9124,2823.685850302865
9125,4230.366300931704
9126,2160.4234125141875
9127,5712.280660985181
9128,4750.032214154081
9129,1125.7617585212042
9130,4580.8969986352695
9131,4192.056427475557
9132,4035.513242778251
9133,5137.186629238558
9134,7447.466750158928
9135,4660.743207003349
9136,1734.3985581886736
9137,5995.651777560934
9138,2964.7130728276043
9139,1306.347761802516
9140,6543.97932753718
9141,6926.746595874611
9142,6856.621707437713
9143,7417.4498855942475
9144,5539.128097274526
9145,1961.0406489181314
9146,12597.501790450835
9147,383.02508884234436
9148,5505.060600215714
9149,4623.920800799077
9150,3310.6862866932524
9151,2264.079200332005
9152,3452.4609575092804
9153,1687.7193459700131
9154,1714.2507253412848
9155,2149.9000197273745
9156,3028.169947562717
9157,2257.98382970788
9158,679.6141976464301
9159,1712.6940563488308
9160,893.456019154352
9161,2913.0222575573825
9162,3052.4093910225442
9163,1347.4319461421442
9164,2463.9017641166865
9165,2272.2343867709233
9166,2815.9296816192004
9167,7066.075558848774
9168,1313.183083816499
9169,2970.2581518458032
9170,5947.122744960495
9171,1354.2142038677625
9172,6649.922717751021
9173,1207.0038355368451
9174,3666.941044849504
9175,515.9212598401123
9176,3419.9460430988293
9177,1284.6467652090978
9178,1705.3780447251636
9179,6180.757696728403
9180,1929.632848158333
9181,6572.6869343215485
9182,3779.6497231741446
9183,7504.69623094745
9184,5842.16171170612
9185,3542.0665228459316
9186,782.490398844487
9187,4782.816026798904
9188,1258.4827829990932
9189,10154.053764464898
9190,1058.9293936527536
9191,1832.882662503291
9192,3854.624292891393
9193,3719.396691047919
9194,3687.4207749866655
9195,5309.213929069815
9196,1229.7011427892808
9197,2721.733290687884
9198,3334.166466791573
9199,2887.8336458241984
9200,2654.6024173564574
9201,1993.6081845398169
9202,6428.544794042855
9203,3369.79434866216
9204,2658.2281812323295
9205,5681.987286498265
9206,1293.6676454715698
9207,7384.180966497813
9208,2235.782342002382
9209,2071.597938097535
9210,5009.965409307097
9211,7714.517332134488
9212,1672.5379467900414
9213,1785.533178234448
9214,9354.652783781601
9215,4308.148277283115
9216,4357.755819568174
9217,2124.661738637155
9218,1520.1111585025888
9219,4269.221421656052
9220,6674.925230275692
9221,5081.321922656394
9222,680.6141543530623
9223,2958.266076587312
9224,2367.541705799489
9225,850.3169035300001
9226,4171.4981580756985
9227,5031.136356249448
9228,2879.971114715214
9229,3892.00134527967
9230,2422.0270073477773
9231,805.8850786829023
9232,2259.804018122571
9233,2544.7244205491065
9234,1562.2673877160519
9235,3237.6103760576866
9236,6065.782930592842
9237,5174.84112381733
9238,2107.957597977274
9239,403.00319832729053
9240,1640.2112526021483
9241,3620.144077873172
9242,2708.578602466867
9243,1758.8109213271402
9244,8882.498342747089
9245,986.5857334908153
9246,5876.114983724513
9247,2089.9816860013602
9248,6160.745478834448
9249,6501.660129559507
9250,2253.055883456798
9251,1757.445484673172
9252,5763.875366974029
9253,2627.37216679696
9254,5951.998320641104
9255,1124.4738732721037
9256,4212.675176989511
9257,3015.76062584576
9258,2933.2232055297504
9259,3508.4147266090918
9260,1199.6853051183969
9261,5446.146241625312
9262,1645.4129408697652
9263,2306.8421005159935
9264,1945.3296275369485
9265,2097.5363020470745
9266,1545.8186044000927
9267,5193.479322227739
9268,5093.639042722738
9269,3645.4379410959855
9270,3413.3834280622796
9271,4825.925463035711
9272,7966.3330908048665
9273,5051.842506383067
9274,5220.573662703195
9275,1001.6344045558266
9276,8948.771098900985
9277,4121.624104322653
9278,6791.9139335136715
9279,2428.9663606043
9280,3345.0653412868314
9281,2664.610514574969
9282,6346.5361079918175
9283,1717.3376530468365
9284,1333.0199281477824
9285,1281.3990187925212
9286,6492.312323898908
9287,3521.2992621127014
9288,958.532855194211
9289,13956.56451883645
9290,6114.70807864958
9291,1110.6625947647588
9292,1238.1068514921722
9293,1799.002673417382
9294,396.83484868879697
9295,6303.556026777511
9296,644.3407732366576
9297,4157.249817445326
9298,676.2081782750495
9299,3219.918760774357
9300,4470.481903720174
9301,6940.536262157122
9302,1627.7085378082186
9303,9635.165599525042
9304,4671.388040101175
9305,2359.821303196093
9306,8019.003702290713
9307,2839.9175851372615
9308,5488.830616348674
9309,3502.3186891147257
9310,2119.380570085865
9311,1329.696924946126
9312,379.3832890807879
9313,2805.4422047584235
9314,2571.960670659385
9315,2641.3658809048115
9316,5285.248344615684
9317,1852.2577048998064
9318,4833.6414853732385
9319,2546.798154740393
9320,2582.1390563557625
9321,8134.908307130313
9322,6747.186047360981
9323,1491.517976601589
9324,4581.972462187846
9325,4403.538461334761
9326,2620.1035624237065
9327,10268.600211562818
9328,1421.7745716913905
9329,5802.651196326041
9330,6853.09953556294
9331,1836.9466574650407
9332,8112.531567665221
9333,6148.2503262964965
9334,4839.144994976156
9335,3537.148868566686
9336,6206.058237004575
9337,4129.201312013411
9338,2199.396127729937
9339,1412.7757735360979
9340,7512.9566341100735
9341,5368.317715373901
9342,1572.063879765369
9343,3448.698287493345
9344,1625.6239005707528
9345,1922.9961294259467
9346,3562.715046907343
9347,3611.5620605854565
9348,4412.718176218277
9349,6484.05828276558
9350,1736.9347055506792
9351,1243.378903483304
9352,1848.6458548073563
9353,5960.618212864893
9354,5965.737598612529
9355,3164.018684703581
9356,5498.443547675611
9357,852.8234966040224
9358,5071.211252321898
9359,2986.8152744593012
9360,2725.023095646409
9361,7460.177401922114
9362,1118.128837556429
9363,7363.031590014292
9364,2190.400907134007
9365,3523.004522486657
9366,2131.653106785773
9367,2718.04173890776
9368,1859.1900374198615
9369,1140.7172949191736
9370,3320.388120378819
9371,8698.468436948418
9372,2928.837233262035
9373,5950.953623092397
9374,1349.2419354069577
9375,4314.0539989288145
9376,1092.8983715788295
9377,3365.3040538505065
9378,5421.653280322848
9379,816.2962718631396
9380,1327.60859189914
9381,5605.344956920958
9382,3606.6700627376267
9383,3749.137186740041
9384,6093.220738354608
9385,6951.8601170413
9386,6226.924974548314
9387,1782.5856669695258
9388,2427.8766860119817
9389,1096.5230655027922
9390,719.3504059764407
9391,871.6768519356784
9392,1642.1341440474575
9393,1051.9924138873748
9394,2538.100008937675
9395,1985.4671991566731
9396,8824.487937375108
9397,3897.899060075854
9398,5246.556791237804
9399,6259.024226472992
9400,3813.0957073862187
9401,850.2913344662775
9402,6437.0920402489655
9403,5235.20680203333
9404,1597.806499709151
9405,1418.477778826397
9406,2447.281416368373
9407,619.46448605766
9408,5488.195645507005
9409,7117.33380464855
9410,3765.2735696855725
9411,6432.339097899858
9412,2787.5794714251892
9413,2722.3715625193377
9414,2003.862498503987
9415,4830.3090403198075
9416,1686.5329384025883
9417,6851.60297958467
9418,5247.892509099657
9419,1043.5789164077282
9420,5838.768143831737
9421,2334.630535319306
9422,1353.0428451658424
9423,2625.7369984359198
9424,1757.6457053007741
9425,13981.886128902053
9426,4830.650102309491
9427,2625.1180849198627
9428,5643.752673066976
9429,355.26419721641986
9430,5308.461348238094
9431,8203.091822009514
9432,4046.2055391863137
9433,7326.660487456591
9434,7481.778706254276
9435,1027.6777191386025
9436,7476.027888064823
9437,264.9525113100557
9438,3144.4875701011124
9439,3485.7916985841625
9440,747.6512050225597
9441,4273.368229106052
9442,3449.290838898019
9443,4073.4660123709577
9444,1573.0619404689505
9445,1397.1217598152916
9446,3528.0745439590214
9447,7356.969505898106
9448,2173.9066343223926
9449,2855.588981497567
9450,5347.5233454344325
9451,690.919887499896
9452,2314.250668727862
9453,9846.470650345838
9454,3750.515128909002
9455,4026.168122927859
9456,3510.710161286588
9457,7173.1710479891235
9458,2730.043093013541
9459,2100.532469940466
9460,3458.7203153330406
9461,1004.8881326241234
9462,6837.697327885314
9463,1902.2296234723824
9464,4928.767198252927
9465,2461.884384126309
9466,2080.2350146261183
9467,2377.173061432189
9468,1809.0952846744774
9469,902.0745554672499
9470,7063.253675980489
9471,1553.525787626656
9472,2250.699218186524
9473,4777.34395178348
9474,2027.0861997306472
9475,2311.1062624642154
9476,9001.667953791537
9477,2705.4874066449797
9478,6142.973139263839
9479,5407.019775901662
9480,4632.742952721922
9481,4597.166500865474
9482,1785.1009370713205
9483,4347.304774038506
9484,1208.3670410588568
9485,3084.0617881853696
9486,5247.044952908012
9487,2568.2063205489444
9488,1670.9470616768315
9489,2893.2342085358027
9490,1357.6299361883127
9491,4371.1610928941955
9492,5549.006862471571
9493,2453.770331432366
9494,2025.024664968742
9495,5062.402549577194
9496,6256.9357379915555
9497,2543.717036964413
9498,5222.095771269466
9499,3723.601367498704
9500,6988.280819881493
9501,1920.4596814087888
9502,6774.374715472218
9503,3207.9801927542476
9504,1578.9053673306187
9505,1880.957618748623
9506,3135.569698285784
9507,4797.508337562764
9508,3114.7581783736196
9509,6414.728202319255
9510,2254.0778815380604
9511,6004.456102886402
9512,3702.430966896359
9513,8204.855913255986
9514,3424.463858344134
9515,6323.775734333874
9516,1840.8268477425777
9517,1711.259526338604
9518,3399.543187757859
9519,4654.130755208361
9520,3235.1486129724804
9521,3708.4748540819437
9522,6437.488762183586
9523,6487.755217847075
9524,5111.119156826414
9525,2171.3102203164367
9526,5663.736432707181
9527,6087.219830873307
9528,1201.8875100675332
9529,3302.845819425928
9530,6688.019110596858
9531,3989.2247916253223
9532,1092.7720374741398
9533,4132.14453808673
9534,5822.339228384901
9535,6691.421449263725
9536,2794.838928557413
9537,3041.507561948004
9538,6375.679103221571
9539,8807.544063406223
9540,7132.358722368198
9541,7777.4449293178495
9542,820.635212158398
9543,2690.2387836485746
9544,3616.560317746333
9545,5307.084992725354
9546,2852.6010761117195
9547,8566.771031229251
9548,2092.6787504807085
9549,1585.06176183263
9550,7157.201566456145
9551,542.4795151784765
9552,916.6276271748354
9553,6021.277410229398
9554,2737.038907964664
9555,955.9561499818957
9556,2606.4753202676493
9557,3497.972683187388
9558,2965.5878268659585
9559,1415.1866134228947
9560,2622.149077830315
9561,756.6805396588155
9562,262.9127051424992
9563,4905.394907670078
9564,2491.1188955435114
9565,4132.475850038723
9566,571.4335630954461
9567,5224.079621454327
9568,6054.838555842846
9569,5470.685523206096
9570,3518.8260783131072
9571,1723.9263275095939
9572,2280.209081782322
9573,3065.2348244407854
9574,5479.729337404865
9575,1414.1816815840032
9576,3067.15024153043
9577,3123.9143635982973
9578,2468.3024028278987
9579,3580.719485020742
9580,4474.874256422905
9581,461.42645831384795
9582,2830.9976714058166
9583,2630.709963185434
9584,3721.7802664183855
9585,2281.67684157181
9586,3339.9807697042447
9587,10398.952805377668
9588,1987.0470672702195
9589,4234.715515996281
9590,5936.994410955747
9591,3038.805078524763
9592,1866.383042147558
9593,6814.065478034809
9594,2851.8528179085997
9595,1763.6808284252918
9596,8178.116252755043
9597,2926.3901275924104
9598,4628.420934256012
9599,3321.1524888717668
9600,1680.0605337335473
9601,2340.979476355379
9602,917.8731296803913
9603,3339.025815008666
9604,1511.3611617625195
9605,1054.7178654384775
9606,2374.753379331668
9607,4898.6120268572495
9608,4610.9378205837265
9609,1153.7203432786937
9610,433.2076246800729
9611,6278.03460514908
9612,1891.4498597316917
9613,2259.671728648362
9614,6843.13091116242
9615,3585.991088670321
9616,762.0633389079313
9617,6368.632412253923
9618,7810.109899250384
9619,3133.555022432429
9620,6988.5032048046205
9621,6922.896371562509
9622,3082.415674073107
9623,7427.060350741666
9624,5406.730108317323
9625,6391.446233332681
9626,5050.2429498085885
9627,3660.1987030297287
9628,2450.0427383381307
9629,5905.696767146747
9630,3596.377813206358
9631,962.7695347123707
9632,5902.2489515179395
9633,6928.456024049275
9634,1930.7166134112201
9635,5886.95376955817
9636,2012.1871546465093
9637,6042.08760573914
9638,2917.3635588701827
9639,5757.536803923237
9640,1826.7894852088575
9641,837.666336066265
9642,5350.7899449775705
9643,2051.2721966574295
9644,1836.619993552376
9645,2351.091875816355
9646,1684.226751878272
9647,6168.443714444664
9648,845.5708678830285
9649,3135.902988742388
9650,3411.7665367328777
9651,1272.426904315811
9652,13213.425110948097
9653,1291.2794530487213
9654,2876.658097048898
9655,2856.1802602211424
9656,1471.6854577767938
9657,2100.783373738085
9658,6169.296229902298
9659,2113.636971499597
9660,3545.393906061959
9661,6567.018198147658
9662,3901.7932032621306
9663,4954.940477842256
9664,4650.915219461671
9665,1589.1641459127889
9666,2066.5847938938614
9667,5090.695324222823
9668,6223.022813869607
9669,3557.650712771816
9670,3742.8373881728426
9671,3786.572093076051
9672,2310.7426258606524
9673,2775.4576028189795
9674,4239.39367439499
9675,3442.123453045886
9676,1229.6460783341172
9677,1509.1345573070937
9678,1408.1998508485256
9679,9235.270930980138
9680,7494.995352465671
9681,7292.665912311634
9682,2047.6447458762177
9683,2867.45320836598
9684,8185.260154073526
9685,3370.706533246832
9686,1530.3445697701065
9687,5736.732367405867
9688,9474.035249882432
9689,2996.844983137356
9690,1919.0413678048208
9691,4939.167797765745
9692,7531.173337113775
9693,3883.9216041270124
9694,9933.636013287
9695,793.3975504874481
9696,2641.7473237438344
9697,9527.67527880948
9698,10487.946982711968
9699,6237.606780354924
9700,4782.912306758112
9701,6640.978029486442
9702,4460.879527195269
9703,853.133542700636
9704,1032.1533299717314
9705,3687.2193176951537
9706,5769.068692967356
9707,3794.2491957206357
9708,4281.608245062129
9709,3251.53993595689
9710,4085.6352623914872
9711,3070.4561152933848
9712,3861.4594105508063
9713,2136.03675230871
9714,529.8026457409055
9715,228.72490002597752
9716,2812.3881952530337
9717,1759.3524932302332
9718,2191.1672964640047
9719,8791.945559079939
9720,3464.975231670041
9721,7149.009224293493
9722,2939.8918393834465
9723,5188.494782510394
9724,7376.453955156782
9725,2265.6304589325423
9726,3843.9684947196765
9727,1431.13369424232
9728,6337.219157809713
9729,1592.3784427751361
9730,2367.0423225243558
9731,2242.0725560533
9732,1060.175231607701
9733,5675.576901857116
9734,6919.154640326955
9735,4027.0990106021
9736,6404.9982512552015
9737,4814.479477501295
9738,3790.52398303046
9739,6789.487679904865
9740,2462.9380509702905
9741,461.74697023268965
9742,4232.358162534447
9743,2815.522637819418
9744,958.843352136745
9745,7619.850483137209
9746,1474.6718166213213
9747,3243.870677022893
9748,1915.85427696752
9749,5904.6758763093385
9750,5566.06574709257
9751,3951.532824669876
9752,2829.5520259639397
9753,6239.559549261152
9754,2166.7878101808324
9755,6203.171810051095
9756,2067.454543408442
9757,2516.174481138914
9758,2013.458963348007
9759,4880.631257988251
9760,3416.2169370608717
9761,3085.4522205983058
9762,4840.039740047058
9763,6406.31147881759
9764,6722.162991094223
9765,1673.8264662284603
9766,2721.9759711908378
9767,872.8141194397845
9768,1631.3013989892904
9769,2731.917369437856
9770,1863.2388130517631
9771,2489.510570975719
9772,2191.419196611366
9773,4396.9186543069945
9774,3232.0291314175333
9775,1079.4561166682734
9776,2563.0571533409116
9777,6770.408560200311
9778,1237.368355345125
9779,6273.630811988758
9780,2413.1357447023083
9781,7194.497256297398
9782,1326.3623590100794
9783,5310.138592629505
9784,2998.829253371822
9785,451.38583659759115
9786,7713.456392787328
9787,271.1548107825269
9788,1182.3683960402943
9789,1188.2267915660402
9790,988.6536480152822
9791,4442.494441402682
9792,3318.8030671387514
9793,931.1214757932348
9794,5725.2073069606795
9795,10053.920765839392
9796,3701.9778917103026
9797,4990.825625404491
9798,1915.1465333616025
9799,2094.37628670156
9800,4377.578654998855
9801,9882.692302271427
9802,7420.196020652252
9803,10063.879543118159
9804,590.0035072790974
9805,2703.0728828536403
9806,4694.7880033945075
9807,1343.1534273805103
9808,2444.4954322656467
9809,1686.8640998988662
9810,4967.300094561979
9811,3794.4886217916787
9812,198.34459741165787
9813,1437.143686537497
9814,3458.7614234651423
9815,10564.258221424943
9816,6354.189510587914
9817,1789.9455155982341
9818,7166.958934036595
9819,7794.126353140113
9820,6717.953195859431
9821,2874.805936463217
9822,1753.4958317208504
9823,8025.965060225819
9824,523.8745039252843
9825,1915.9096419924613
9826,5529.967805364437
9827,6854.599635502492
9828,1890.1214483764115
9829,2534.854276721125
9830,7093.275648011942
9831,7535.314521331299
9832,2228.42301998236
9833,5991.700499654026
9834,5085.408123723303
9835,7866.916075522231
9836,2564.2049217541776
9837,1945.6029842468197
9838,847.6454048099495
9839,200.1088006438662
9840,772.8887491579626
9841,7605.455531364725
9842,7961.787764378729
9843,7156.69920804675
9844,2541.514852329897
9845,1784.394701449331
9846,5480.8734801624905
9847,3537.6096772033056
9848,3304.1922905628185
9849,4872.615013269496
9850,3239.1762657368963
9851,5994.489360613068
9852,7140.274217570329
9853,7645.355663899011
9854,2973.911183268692
9855,2668.1054612218954
9856,1597.8095390431906
9857,1396.0247729803461
9858,1363.5579599565376
9859,6716.257307095441
9860,3101.790572702208
9861,2801.539123858848
9862,4587.431334545477
9863,1700.4723502399952
9864,2794.8676167068093
9865,4589.971515208036
9866,1152.3813073692934
9867,6966.678827226037
9868,1608.655982876662
9869,6609.4626918216645
9870,4018.6464243187647
9871,823.7761781945244
9872,8643.105640915763
9873,3384.466778755964
9874,1921.2066176097849
9875,6549.417395074827
9876,3035.363310026161
9877,5265.476807946122
9878,1878.7216384971507
9879,3074.5365867810483
9880,2023.249575390026
9881,565.1765813293792
9882,4780.778988493636
9883,3569.1137789099052
9884,363.8513262767886
9885,1871.3519253337304
9886,4533.344495344006
9887,1990.9644940419737
9888,150.43819824291518
9889,1813.928491178506
9890,1151.6224804007684
9891,2141.818728149428
9892,1561.0137701678234
9893,2924.557572201933
9894,2773.9901327177467
9895,4538.534254613162
9896,6303.78124708052
9897,1689.732709846555
9898,4553.141983241989
9899,6791.417298330106
9900,5279.123878873712
9901,3273.360893349455
9902,1961.098251421039
9903,2043.116716447227
9904,5307.496622231848
9905,2109.895162097553
9906,2516.821493204536
9907,5429.065099445493
9908,1634.10630338804
9909,682.9699980056143
9910,1959.1730728535204
9911,7309.414810957935
9912,2847.8903405673304
9913,5026.629538103247
9914,5971.160886267754
9915,1774.984174176284
9916,2160.914965389324
9917,5456.605050003088
9918,8353.212666312595
9919,2382.064501269909
9920,3145.0089482093495
9921,6950.450810200915
9922,3191.6887990702285
9923,6562.539364638797
9924,2655.9101955514125
9925,1385.2778146044557
9926,3165.198792948874
9927,2555.339689210906
9928,1509.57176854376
9929,11090.22353604075
9930,6143.720831279211
9931,3775.681491434526
9932,4264.181454756847
9933,1806.4939727887408
9934,5142.89067520086
9935,6114.44401014568
9936,5991.078284131882
9937,6184.28659460069
9938,1433.368867181303
9939,5791.783302548557
9940,4896.554726063899
9941,1129.915416424607
9942,1807.9576050509388
9943,1262.377185781694
9944,715.5493084946379
9945,2918.7009660154285
9946,4954.520959188091
9947,2848.437557520836
9948,7370.5242920400615
9949,8292.80185592714
9950,552.0729318741587
9951,2811.169337275511
9952,5682.468962742571
9953,1180.2388176741556
9954,8047.07211323271
9955,5633.039342675539
9956,6004.311224886994
9957,4390.538755500263
9958,3453.851850148825
9959,3143.2336228719146
9960,817.8175109440698
9961,2930.67312331413
9962,7359.612514461843
9963,2289.560358873112
9964,5517.229009957898
9965,2950.534203970181
9966,2514.5285713481167
9967,5601.367396655323
9968,3562.616773431592
9969,4884.915288446175
9970,12077.008980599121
9971,1760.9506932878528
9972,2661.699384438969
9973,2305.300162283499
9974,3307.250367264053
9975,2643.0266078222135
9976,3416.771266722323
9977,4719.731034803088
9978,3215.8399332131967
9979,1085.447369115971
9980,2992.380765477771
9981,6123.356081007004
9982,8554.43030009043
9983,1586.1719039560815
9984,5898.182555942294
9985,8351.456761863037
9986,1642.6854456488986
9987,5442.751882317023
9988,3720.726211017186
9989,8611.138856725394
9990,7593.464960423563
9991,5112.185704204046
9992,1685.1627231096224
9993,2696.1589820474283
9994,1225.4902733858646
9995,688.0167838321421
9996,3400.51697114455
9997,1023.3183055670899
9998,1342.7892311753712
9999,4169.529158345194
10000,3378.5686637833837
10001,2475.497393164863
10002,1262.8037311740272
10003,3320.826082153499
10004,8459.322784469941
10005,2136.131379604476
10006,8401.116472957878
10007,5643.468759960476
10008,4901.520707975312
10009,6054.060601821434
10010,2658.3446525798486
10011,3000.2561250955905
10012,3060.0019035644536
10013,3291.9527103259015
10014,762.2681775673007
10015,4080.0807232934576
10016,1758.9979570685268
10017,7934.771707456027
10018,657.8534667783091
10019,3332.79338083075
10020,11425.716598934057
10021,1133.7088418768724
10022,561.6456964764296
10023,2847.0452234017407
10024,4433.992025226087
10025,3490.3562756938713
10026,1646.259780084943
10027,2050.284884030247
10028,3362.474914781225
10029,1338.3749569223098
10030,10049.942000773883
10031,3162.366410206216
10032,5157.766111387742
10033,558.6381097076616
10034,3247.214322272526
10035,8564.56925581454
10036,1515.9760394328805
10037,2277.745157154275
10038,967.8173560260082
10039,2516.489601752113
10040,7495.311636259614
10041,2109.929550115877
10042,4062.520259867985
10043,2615.181401468135
10044,2532.801154066117
10045,6244.358759033348
10046,2345.8990203314083
10047,3384.110562616902
10048,2220.466983823718
10049,2455.1412593107448
10050,1945.594152080489
10051,4168.927861193084
10052,5479.938822316531
10053,3133.6205099730087
10054,7671.161910887173
10055,2021.0113326699802
10056,5010.080556731836
10057,2703.0010474425644
10058,2429.76490768584
10059,4225.029029841805
10060,5311.469776343573
10061,3029.9732011290193
10062,5371.890551972068
10063,4448.951047453603
10064,2677.02719621765
10065,7608.747407045682
10066,4776.667475434334
10067,758.2263278757359
10068,3938.5848850249104
10069,9843.794431603437
10070,2732.496637409774
10071,1787.1225759168578
10072,4164.147417599476
10073,2566.2152392209664
10074,1116.8208318427996
10075,7630.0610943823
10076,1236.2269023453416
10077,1280.6476070265594
10078,4698.642301829172
10079,5941.391443580354
10080,2323.4196922200435
10081,7525.3710989758165
10082,1776.6197476498958
10083,1803.958428375181
10084,10824.90441059712
10085,1440.557582911364
10086,2812.5392045320336
10087,5365.41151514063
10088,8876.311397145244
10089,4271.769701225667
10090,326.4014050949897
10091,2619.766229653553
10092,5792.729257973641
10093,5968.807642033866
10094,5679.470852790789
10095,1772.8824459096834
10096,5740.484239035941
10097,3879.1696614215725
10098,1237.860670574538
10099,2079.7983767559062
10100,7108.394397127676
10101,2113.0932390954795
10102,2908.493108575641
10103,1439.4026976868704
10104,6147.495463013362
10105,2895.4318071412154
10106,2364.826140114846
10107,4148.842903778527
10108,3555.634323099633
10109,1312.6409165908713
10110,4478.004396085505
10111,3068.497428149545
10112,3103.307213340493
10113,1783.1346070800694
10114,4848.478590165022
10115,5467.0511485785655
10116,1670.4457372712393
10117,1403.7176257214128
10118,2822.276180912219
10119,8392.83855201547
10120,2174.1586539671475
10121,1696.835813978846
10122,3097.1411624487337
10123,1188.458221214313
10124,6040.438851318125
10125,2094.612665603994
10126,5983.990658485344
10127,2044.0906688147031
10128,3463.663286350042
10129,2291.7171670462967
10130,2708.785880441253
10131,1534.5934031270665
10132,2410.1175275657924
10133,1962.373520662181
10134,3382.810064006232
10135,10293.93162179512
10136,4637.4117494879565
10137,2076.251645887341
10138,4986.101782503112
10139,5924.758499517103
10140,559.0956474097529
10141,2675.53218904158
10142,8306.453388637243
10143,8103.45589132162
10144,959.8299767550558
10145,5280.466590003761
10146,3832.286979184303
10147,11127.625477863321
10148,11781.648452796895
10149,10732.010883177127
10150,8623.968543451907
10151,8787.78165455188
10152,15301.682077307412
10153,6087.5856588640845
10154,11694.201380586917
10155,12582.863426609489
10156,13059.31358796293
10157,20698.020157040708
10158,18044.29472657652
10159,7322.700887582367
10160,10906.3820955192
10161,30224.733087976852
10162,17269.015378741686
10163,2842.4597949440113
10164,16180.21300893729
10165,8712.673118689278
10166,10498.031766805267
10167,19901.328654622324
10168,11614.362637069542
10169,17668.32067226981
10170,5405.410360563917
10171,21199.696093893963
10172,15034.618248789326
10173,11522.792930713613
10174,12430.761290201315
10175,20180.615033704344
10176,7162.834947793221
10177,36982.42936543041
10178,3871.848749795512
10179,6411.686586442973
10180,17907.42804728528
10181,9014.42342783543
10182,6076.259691714744
10183,15115.542121640596
10184,1592.98027542686
10185,15216.860885526861
10186,19911.57154611018
10187,18483.797203432325
10188,7796.619516962422
10189,10166.168913810643
10190,2122.8366165074403
10191,2138.5420639245986
10192,10635.603495946625
10193,7600.665985128747
10194,5924.4583634087685
10195,13348.187514719588
10196,18395.456793622703
10197,5149.713565057713
10198,7350.155381385649
10199,2690.2204288979406
10200,16197.464264293081
10201,10163.004648673399
10202,15061.417734762947
10203,9444.968076317271
10204,30987.70650413024
10205,5334.905388309859
10206,16300.885435565406
10207,3211.632205660582
10208,13982.53179257095
10209,14260.435892404948
10210,9980.377795301309
10211,4531.78580999959
10212,34757.91302428833
10213,16241.506884039147
10214,6931.479472667309
10215,7200.116243663359
10216,29859.485763772147
10217,23950.0646207267
10218,4790.728877893082
10219,8716.91619651171
10220,25583.79854706838
10221,12268.523552911165
10222,1948.9481463285115
10223,9949.703280985426
10224,2889.324300983551
10225,6753.497795467767
10226,13888.228201725118
10227,7719.727134102364
10228,2676.736759456772
10229,7259.565924637822
10230,1616.230680424143
10231,14032.549910455125
10232,8220.907477763078
10233,2628.8571583655735
10234,6705.645808958713
10235,27335.617310945752
10236,13140.468087888956
10237,24247.84394150572
10238,6947.541374277515
10239,14953.96926094948
10240,7051.067455490644
10241,17620.635780339206
10242,8767.86294879476
10243,15182.60684090794
10244,11073.319447191214
10245,10891.408730060783
10246,12641.725158329387
10247,11938.896570894893
10248,5274.483569466977
10249,10237.391159147091
10250,10204.689454256848
10251,7001.2672349679115
10252,12795.329033678769
10253,11520.225571850984
10254,10801.019333291393
10255,19652.510299192636
10256,8926.37022069996
10257,30499.11640520167
10258,12095.530423283222
10259,14465.473085969239
10260,2993.2047079472477
10261,8481.233625646659
10262,18246.529454374606
10263,2068.2575590716565
10264,8467.98502564914
10265,11354.09966777005
10266,3251.29373102581
10267,19706.221885742285
10268,2675.8000522887596
10269,2532.809058439744
10270,7340.436563326052
10271,5742.664972331274
10272,14025.379933530605
10273,6886.658336830645
10274,2370.089514328853
10275,1946.9147023331784
10276,9848.242103832945
10277,16752.88288674772
10278,9852.64753858751
10279,12791.340584647085
10280,5904.534208431272
10281,4054.2278918991196
10282,8954.300654220344
10283,12786.594012762642
10284,2702.446714121116
10285,27533.915077483227
10286,10761.233349588965
10287,6716.24811915312
10288,6790.211908777578
10289,277.97243556656196
10290,17335.24490500121
10291,9154.78227788528
10292,11053.726918180024
10293,8974.499635931486
10294,7734.436648839816
10295,16218.50687649886
10296,2958.3253499824655
10297,14083.592332011916
10298,5816.2793974115
10299,8629.584438375845
10300,6664.467693119974
10301,11359.26068320802
10302,9491.027757910348
10303,2967.7333448215363
10304,10152.874587967175
10305,9896.80909376031
10306,2882.6409107849186
10307,13770.25633795076
10308,11369.713006602195
10309,14398.26377342897
10310,10873.488271165887
10311,7626.740302175155
10312,11329.297014439177
10313,19614.805599455325
10314,9938.442003019842
10315,5381.498081287773
10316,1748.3829961661204
10317,8147.996357732857
10318,21828.54645522891
10319,6352.1899013469665
10320,9009.84790546789
10321,12154.08733328017
10322,15484.067560704745
10323,11588.79008117238
10324,13102.815161279917
10325,27612.433641335338
10326,15427.589382085403
10327,7187.944245384976
10328,28785.062198344833
10329,7682.459904315092
10330,13722.148450195084
10331,8050.482792306996
10332,17863.13162710392
10333,9569.45758190048
10334,6772.765997447617
10335,8055.669273058081
10336,11266.66419803655
10337,1968.4885471359607
10338,7911.69485864037
10339,5953.48694923887
10340,9244.745024379086
10341,5752.955558463308
10342,4704.564398284779
10343,6261.81002203971
10344,19285.055695958963
10345,11519.611450892602
10346,20681.91752771728
10347,15364.425118308449
10348,18767.732679912508
10349,5026.7741234804225
10350,8412.951673123309
10351,16759.72956348713
10352,2248.4019654510384
10353,3799.287677053001
10354,8410.988450372752
10355,17468.24936458496
10356,16466.853889596285
10357,7387.115220155151
10358,4351.600910768268
10359,13383.812157103011
10360,10963.317173709314
10361,25915.680761099156
10362,24527.778768921617
10363,17819.06067227544
10364,14227.695147356279
10365,10431.9004473694
10366,13261.777901448413
10367,2739.945135777515
10368,7873.716974134793
10369,10514.117637820618
10370,9084.71306073635
10371,26022.819921285078
10372,11490.474598647026
10373,1013.8246663304654
10374,16821.51262543136
10375,6512.294925087729
10376,6020.2686940521535
10377,11746.110981597689
10378,15008.474838481628
10379,16776.90471053914
10380,29578.514508231903
10381,6991.258915954592
10382,4556.216232221986
10383,13075.373484791258
10384,15313.024234657772
10385,11130.95118877136
10386,5676.7844334740885
10387,13356.499518669394
10388,3337.045150619959
10389,17414.31953961777
10390,17106.856497307945
10391,13271.437200368015
10392,10336.652378221144
10393,16928.2935392298
10394,19384.607555716757
10395,7252.520785686454
10396,7844.675261854048
10397,3958.2634920176565
10398,18444.179428332704
10399,19115.887935092323
10400,9279.191400994554
10401,9434.973148001889
10402,14376.624949742825
10403,12083.07544138663
10404,13798.590058950389
10405,7527.824416873171
10406,12952.520398606384
10407,11012.651773456124
10408,7439.04220893472
10409,1733.7000680802084
10410,22360.461336882287
10411,9761.526648026656
10412,7730.946151357778
10413,8091.110789575843
10414,5563.788023317716
10415,2637.489873523791
10416,17129.345386756773
10417,8972.225738200234
10418,2147.656335620333
10419,15424.317123876626
10420,21760.60641972738
10421,6317.620523574025
10422,12068.353029787842
10423,10403.129776282185
10424,5572.053223967562
10425,13637.986235099805
10426,16868.640945919327
10427,20285.45294843377
10428,3027.2164817440394
10429,9806.465130109209
10430,17200.98260089616
10431,4450.879773254671
10432,8662.772967037648
10433,12371.345553629782
10434,7880.78388827764
10435,9091.648764897976
10436,5907.803505708909
10437,23444.508158203884
10438,8349.201101416747
10439,21580.238612125908
10440,9571.100407848662
10441,13532.53334474359
10442,9484.010512476656
10443,7882.467493843024
10444,5712.524783370318
10445,5217.014831710115
10446,18195.37386699611
10447,2370.2503080161305
10448,7550.1327763021045
10449,12148.817301058067
10450,6458.280470015399
10451,18633.166822690404
10452,14011.291454249918
10453,5463.876415856878
10454,10916.657032222935
10455,6833.3284343768155
10456,12554.516680125835
10457,12879.761311439404
10458,24306.19228870871
10459,24641.455579118912
10460,14404.879544521253
10461,11293.921020991625
10462,18868.7952236823
10463,4066.01815256095
10464,9578.998164196108
10465,20050.8333876574
10466,10722.92490264978
10467,21423.983277057792
10468,3174.386877391224
10469,1319.9348278442476
10470,10796.338914006323
10471,2834.3122782103906
10472,9004.335854297153
10473,9859.251624931007
10474,12530.142572907884
10475,24068.006383455824
10476,12066.731653537816
10477,7042.266586566092
10478,7672.725110267392
10479,7481.562972479602
10480,7097.796145763773
10481,25505.940662893085
10482,12578.220118149598
10483,14220.577955095958
10484,14808.944841076473
10485,12654.263610899583
10486,7547.832643684051
10487,21037.267930634032
10488,21065.76785456606
10489,4301.555026814708
10490,7924.750849595187
10491,5656.602595198014
10492,8566.485083436828
10493,5866.588990283277
10494,9269.207821676224
10495,4744.746807187169
10496,4107.680922544207
10497,13042.838095040568
10498,6259.990756517018
10499,17551.01667278048
10500,8245.120104096397
10501,25476.016632159564
10502,18471.762264442368
10503,4319.982288194196
10504,7842.384383240113
10505,13593.284591088615
10506,15833.466300176342
10507,14165.014690502272
10508,15815.16234179944
10509,7117.38083866816
10510,26065.327443485363
10511,9341.022920067344
10512,3496.936894299272
10513,7981.937782552516
10514,2243.3169331370254
10515,36617.89483224426
10516,19989.161890100648
10517,3309.945342024869
10518,6376.537549780469
10519,989.0606071274027
10520,12663.195019195491
10521,8300.744655692963
10522,12091.523387472753
10523,22213.36584664904
10524,17183.787865979866
10525,6653.6068202113465
10526,14712.619249799696
10527,11344.193030812025
10528,3055.5880939732183
10529,1858.6639216751764
10530,11933.30351354438
10531,6752.910859828623
10532,14779.878946684239
10533,10540.426983782527
10534,15375.645256922227
10535,29144.25747344972
10536,1757.4968623656575
10537,3749.118342603414
10538,9361.311070282352
10539,15271.42046983348
10540,8513.638381239758
10541,6937.854160950506
10542,5643.654049447978
10543,7850.343059807155
10544,8389.830053564569
10545,9739.119896639668
10546,14104.371601807612
10547,3656.7607455877096
10548,9378.720439476963
10549,13732.041046425578
10550,1620.386907010978
10551,9551.52413431225
10552,564.9571366129434
10553,6153.529458596762
10554,20770.841096271895
10555,8729.238563451956
10556,1299.581283521016
10557,4880.457821067457
10558,15583.141122966437
10559,10016.363447300126
10560,29467.450553228493
10561,5520.441124437336
10562,27805.29109568821
10563,26047.305899140272
10564,7435.591739111635
10565,15776.752168046056
10566,14931.525877878705
10567,6842.862134539412
10568,11703.404964464227
10569,19070.38614328484
10570,15392.886559491597
10571,6830.5077946317515
10572,5691.471262742577
10573,16856.986174832487
10574,10369.584327552424
10575,11692.787229547079
10576,12241.015893559475
10577,6048.347474034341
10578,5191.122309202095
10579,6621.029756694511
10580,7441.991126159873
10581,8866.779807172394
10582,20124.240353948022
10583,28646.306082048126
10584,10380.472615226423
10585,8983.527124047094
10586,5663.624984134829
10587,13883.148094045626
10588,8843.848581437303
10589,5198.370422079262
10590,7816.5632276861725
10591,5416.401804540328
10592,9810.143209225593
10593,9532.8403653778
10594,15673.993909335244
10595,8238.098261852516
10596,4715.434442234704
10597,4362.89635340103
10598,9779.889610705208
10599,12061.005760936981
10600,8773.718514652901
10601,5438.695956389057
10602,3214.9427972871486
10603,11043.937847354891
10604,21391.74347281746
10605,10713.228518534488
10606,3168.2104217349574
10607,19234.234244174106
10608,11048.337337690738
10609,19444.261234775877
10610,14901.088842624258
10611,12807.316205147124
10612,12718.143253322229
10613,11372.68504542827
10614,6804.997363738333
10615,16191.495947541554
10616,10845.729095066717
10617,6747.970009526033
10618,11828.318322503384
10619,20233.39973853805
10620,9538.801437209115
10621,10063.34511727542
10622,5161.58049342027
10623,9103.456371537
10624,10237.10662080474
10625,10294.612260959711
10626,13444.113679393855
10627,2371.332145819487
10628,11647.54445881265
10629,10007.532751998848
10630,6860.112723770036
10631,3476.6543141297243
10632,11243.483235776781
10633,11351.23822393876
10634,26196.13267002719
10635,10601.678177664178
10636,6531.120913806556
10637,17079.556830688543
10638,23065.883981125622
10639,9248.285141788554
10640,7202.930774415865
10641,26433.569574537407
10642,3483.0383248354824
10643,11981.48828890855
10644,18206.116282441282
10645,6177.494759380456
10646,5922.036675875816
10647,11237.928130202488
10648,4400.929174720236
10649,8689.397979081132
10650,5994.191378789135
10651,4892.363861076119
10652,7558.620607172102
10653,17284.569776249456
10654,22331.34076907345
10655,20308.811969002516
10656,13240.53796951469
10657,30196.526775373557
10658,13363.73837604765
10659,11837.320752520416
10660,6483.549207185128
10661,20754.649492506844
10662,5899.437887494077
10663,2897.4687609884027
10664,12684.9308527638
10665,24600.447441644315
10666,6376.61034550641
10667,10200.724625821667
10668,21438.475147374935
10669,15681.72723132049
10670,19519.156792262707
10671,34034.04009759044
10672,13308.065915183695
10673,16350.204100026118
10674,15141.73229969359
10675,9901.534463470714
10676,8119.650663760345
10677,21237.56606769654
10678,12081.904996357182
10679,18397.837573620614
10680,9903.771049660387
10681,11709.649221967622
10682,13503.145011992481
10683,12601.45475157295
10684,3365.7475561024094
10685,3691.529609181825
10686,36452.47920351106
10687,14854.800864728093
10688,2122.5764366353233
10689,20719.624620431823
10690,7476.227656840094
10691,5208.624125689276
10692,30921.24720701717
10693,5714.063375436606
10694,9687.948517239878
10695,11880.117565454988
10696,7287.320020061083
10697,25611.688020637288
10698,11144.077424614765
10699,24949.20557812035
10700,10021.984646594841
10701,13414.358500990906
10702,4908.168231271522
10703,31943.429497373978
10704,5694.350711544873
10705,19278.888307478835
10706,3298.5754824023506
10707,10281.183208347906
10708,21417.4031784749
10709,6863.32963127603
10710,4911.6897895840775
10711,8296.593285336232
10712,9242.322125027533
10713,10333.521910415935
10714,25424.257742422014
10715,8595.654844341736
10716,8689.92247226033
10717,9468.932308349444
10718,9150.583987468706
10719,2702.6808319426864
10720,17408.26708491831
10721,4912.070705174018
10722,2059.8444716967597
10723,1453.9470940135486
10724,11355.574652918358
10725,12526.715131696154
10726,8157.505452642489
10727,5366.512509207026
10728,7483.464978405568
10729,6295.614210177573
10730,11242.89231472457
10731,5837.315106028691
10732,7830.567219473564
10733,13625.970232663867
10734,23385.135197678643
10735,17928.787294467784
10736,3131.5363764185827
10737,7770.908952985861
10738,2888.865437018975
10739,8070.382542100081
10740,10583.688106113052
10741,6979.868900083915
10742,9814.058181249138
10743,8500.396305108328
10744,7540.7191221622925
10745,20731.953886012077
10746,4640.442678792291
10747,12665.037381479016
10748,9326.04958441912
10749,11117.065557299255
10750,8430.208870473558
10751,13029.114723045946
10752,6789.253728523857
10753,3768.5286668108715
10754,11708.888363265998
10755,7862.261444061392
10756,7709.848621367156
10757,10754.88502553187
10758,10833.62472398482
10759,6920.475768361043
10760,8866.42014992295
10761,5115.913024639118
10762,2401.7607777539333
10763,21519.471063396355
10764,10986.969800956038
10765,20259.079177271575
10766,28329.696931492344
10767,5960.889787884431
10768,25044.818711101198
10769,13189.697854703974
10770,11254.835933211752
10771,3308.5857752589354
10772,11074.698626943416
10773,6428.682249248932
10774,10814.52280119258
10775,9471.907093135458
10776,4305.852310376118
10777,16782.968847513737
10778,8412.168010203439
10779,2239.0452382567464
10780,22265.2545092963
10781,9504.402925700884
10782,3179.753931012356
10783,5375.749319210249
10784,2577.473577025567
10785,13891.684827805728
10786,16777.509301650764
10787,17434.59870949339
10788,11076.200811557168
10789,6669.474256805121
10790,11850.080865663147
10791,12248.628728552083
10792,17842.811776829134
10793,6711.724963340269
10794,11588.388573804175
10795,9369.430349980741
10796,668.1826096619145
10797,13982.58974648878
10798,11011.124936846449
10799,4667.818113555578
10800,9523.319781131133
10801,6669.929327330695
10802,14404.850719590502
10803,7381.378589538286
10804,4431.076676569726
10805,5917.563346708525
10806,8069.593889619751
10807,8122.938891299244
10808,15406.026032535268
10809,10365.325332946744
10810,11655.9196898502
10811,20451.570828381184
10812,2593.459858524578
10813,25680.17432077295
10814,16484.85028125193
10815,3003.0979073151852
10816,12145.610569582948
10817,9303.514954972585
10818,7803.861265092195
10819,4577.258823741635
10820,10532.17966641281
10821,34323.9399215365
10822,10106.244451258575
10823,13349.585657230109
10824,10069.225094180532
10825,7617.022451631635
10826,2918.441629945708
10827,4160.593867564739
10828,6758.552918188942
10829,21655.128502646025
10830,21326.241011043057
10831,10086.79283859581
10832,5608.558077895025
10833,19046.159394266597
10834,10554.158525966344
10835,14668.617745754389
10836,3229.7286906275126
10837,9883.346808632148
10838,11311.048217464415
10839,2264.039810668817
10840,13624.384763263584
10841,14404.104394755825
10842,3290.8876782111015
10843,16156.438938636938
10844,13699.251456617276
10845,19882.5597307299
10846,11254.756887148947
10847,15554.875097370039
10848,3488.930504477186
10849,6327.8043793657
10850,8701.861893848878
10851,8354.798222067107
10852,8946.070601634581
10853,16526.107986474988
10854,9355.222528607515
10855,8611.961273438374
10856,1747.3318388525483
10857,11761.568438273092
10858,2000.3610882526716
10859,9404.001641899154
10860,28351.5271951935
10861,12588.481409389695
10862,15982.719771811639
10863,15280.070121268567
10864,5525.504582709321
10865,5158.305999159347
10866,11477.572488232927
10867,26419.768928125686
10868,10042.26101064812
10869,8079.897806704042
10870,9594.5370338082
10871,3520.3936366888356
10872,28213.35597083574
10873,23783.190311432045
10874,6936.052546902546
10875,13407.277704337406
10876,24039.85114275919
10877,4636.678534463502
10878,37815.17003935338
10879,10677.062852093093
10880,20684.75801635557
10881,9731.651951976255
10882,16845.398869928733
10883,5973.458455027905
10884,9205.559553433272
10885,10735.291364875691
10886,10080.747778112142
10887,17207.633929721727
10888,11357.656258742829
10889,2979.389485443195
10890,5143.123123759757
10891,6405.3596414372905
10892,11554.230140602449
10893,8876.238318550808
10894,9827.044391518484
10895,11383.509702084717
10896,7945.942290614498
10897,6530.722268131403
10898,16601.425807666095
10899,9300.001171356986
10900,9779.78820709667
10901,18685.203508655766
10902,10634.410488300995
10903,27397.116752563623
10904,19946.533763042495
10905,9150.622829385149
10906,29001.90087426812
10907,8103.010650307135
10908,4033.2207417584427
10909,14382.266004514478
10910,4540.995122454563
10911,11525.740443586568
10912,10383.3368012899
10913,4870.24079213315
10914,1787.7656590921392
10915,14256.944623834683
10916,14651.989736451365
10917,18489.68428303535
10918,36282.494500814275
10919,17968.16841743909
10920,7104.777806568741
10921,10319.777309831506
10922,21838.882308185108
10923,24524.534413871435
10924,6494.417435486553
10925,7723.196400110151
10926,13098.69965474332
10927,3687.4427296986782
10928,11275.727938331429
10929,4122.740244076776
10930,4386.071941317534
10931,7101.415651519841
10932,3386.974822155441
10933,5987.432799480775
10934,11101.723844109327
10935,8207.182507366328
10936,6455.476609954636
10937,11835.902670102447
10938,6403.305116127027
10939,3486.3458649490635
10940,2952.8076868547096
10941,6670.344525229801
10942,1004.6973279819869
10943,7780.564193177412
10944,6718.528303230601
10945,1369.9022268910257
10946,2303.2184332410566
10947,2398.151551760006
10948,12255.728100518036
10949,3096.663324630246
10950,6982.10543197182
10951,5701.10020557459
10952,2551.188400412956
10953,9539.012206031168
10954,4234.602200039889
10955,10233.803825155164
10956,7218.833683962024
10957,12473.289115309453
10958,8876.112656125368
10959,5310.378170883145
10960,8460.92805743554
10961,2128.8293283505836
10962,7405.561089369034
10963,4606.154878638187
10964,4000.9888870477876
10965,6209.436528250647
10966,8245.12653666626
10967,7031.335271991062
10968,3916.3588571046976
10969,9459.303874084833
10970,3916.5587127760155
10971,4938.7143453361405
10972,2900.9448212892144
10973,1825.0534718585095
10974,5185.326767157533
10975,8214.703689966214
10976,2461.5401880221966
10977,10150.863248745667
10978,2351.219064001493
10979,8556.766601208386
10980,5142.689577429382
10981,10117.19614852566
10982,8859.063330630028
10983,6490.157800718133
10984,2591.5584681802034
10985,6420.5417807355425
10986,4275.000698951664
10987,3346.3857326003204
10988,12115.573368315745
10989,7409.455932223695
10990,4442.156246725487
10991,5165.728568820093
10992,11555.100228288233
10993,6630.8973312686385
10994,8269.543505879084
10995,4981.688006936837
10996,7298.7617537621845
10997,9067.752359833077
10998,5048.034191504082
10999,7083.485899198187
11000,2583.3493092173426
11001,5704.063795349125
11002,6217.715268856254
11003,7672.423329928621
11004,1683.0402600237976
11005,4560.983294011263
11006,1767.9300311090988
11007,12513.015179967942
11008,504.4964211512446
11009,3891.5660462848628
11010,3106.7171798152744
11011,2956.873391389838
11012,286.7096950463353
11013,3164.690964716415
11014,9071.305770057785
11015,8177.657454309537
11016,677.7231535660029
11017,8503.767070557666
11018,549.631376666162
11019,3627.493332450626
11020,5204.850798291386
