sample_id,road_distance_m
1,11776.171171043437
2,104.33032395796351
3,5992.842992156713
4,3346.131194538771
5,169.922560869005
6,14952.081973436936
7,3026.403885392665
8,3925.4304894590787
9,16682.79240056872
10,14320.366158855133
11,3298.387909592523
12,743.2593005232644
13,7115.735693616963
14,11897.567561643102
15,3139.634789636156
16,6248.661152535406
17,4206.075077856671
18,79.63280926401468
19,2026.243150925444
20,10864.771733782527
21,1045.0481943836087
22,2218.8486372045136
23,15512.276979283333
24,7390.034363189971
25,408.81320573067717
26,6642.196026542279
27,21368.343549844463
28,9986.48939087245
29,13355.888067810884
30,14868.123589332738
31,6181.900627302884
32,7315.4168824800045
33,14480.825834154974
34,10411.447088735984
35,3941.149501192671
36,10049.668960712645
37,7879.545146649557
38,4111.497951994714
39,10899.904291758823
40,968.4016729706982
41,7590.8409161485715
42,8205.149510929263
43,4212.112795937266
44,7055.655807947611
45,2087.28254995087
46,23885.792853581774
47,731.0180158949801
48,887.4508768172572
49,7948.113016707921
50,1705.2661110070133
51,1503.4644680713957
52,7249.506529795574
53,7813.7995421312
54,2706.1374588419712
55,2870.1882464744526
56,10870.21134494289
57,4895.177014756969
58,5169.415616857777
59,13649.95403739681
60,1553.2274528336443
61,15630.400116804445
62,1442.1266556203152
63,2501.524830507686
64,5639.462381272141
65,830.2030506699928
66,840.754697395682
67,40.20370193779574
68,3400.88488526112
69,1195.3871721273779
70,1546.4874244613043
71,6955.430723960259
72,7681.88501523063
73,17570.368118365222
74,9138.93940496614
75,5057.295143379709
76,4137.3927623881455
77,4953.9961974457265
78,5211.533755102347
79,12336.018687151822
80,17091.410240127214
81,12791.518455805779
82,10705.12619125317
83,10874.885864275928
84,4182.568312214546
85,122.85573870482642
86,9209.441574385459
87,4573.658118146651
88,15480.494572895084
89,1820.8650013825768
90,1929.0935408942962
91,4197.986199479481
92,8455.54777669875
93,4824.5060548917
94,6775.656448843584
95,3135.2657561996443
96,2481.6329533793596
97,7651.942532787712
98,20496.454883177656
99,660.8436633653516
100,12439.59609807795
101,2846.089484560595
102,829.4243586678975
103,11296.460508954058
104,2279.245241740629
105,543.5263696925554
106,18457.22561267563
107,2527.8240399454517
108,16735.35119253631
109,14790.553538710941
110,17089.974356959665
111,235.89161072143077
112,1796.2402177337694
113,3785.4002871056814
114,13365.383888640903
115,986.2237500453581
116,6970.956947194961
117,2157.064444548194
118,7396.50246084689
119,5354.928576410505
120,19224.75425210669
121,8029.244581981653
122,2426.220812407391
123,10317.160097064261
124,4552.908558443389
125,7101.024062027235
126,16629.049402595807
127,267.07445528571844
128,13194.20503645793
129,6683.01403119612
130,1498.3224997664358
131,7231.105738601023
132,6167.499343742644
133,517.9473475325703
134,12620.561040445402
135,14176.324280323262
136,1529.5347023690056
137,8511.905794618075
138,5092.42019495301
139,1949.2266862059978
140,18563.508034095186
141,9940.309354856492
142,735.8830879309128
143,13716.36301194783
144,6225.704461016374
145,7794.590400519112
146,1142.754250282679
147,9296.811905605191
148,3647.4951416767058
149,505.9375590675441
150,8213.052095021185
151,12609.112474475249
152,1198.846720218793
153,6246.755246175172
154,4937.164741463771
155,5495.9763826783155
156,1706.3638613332187
157,2191.4361775480934
158,918.9629498644613
159,16138.29748207985
160,1654.0107905521227
161,933.8833417470642
162,10995.148543079189
163,2862.557944495363
164,1017.8453320223068
165,646.1521614780663
166,4172.042218161816
167,2672.7473431489343
168,3523.2103180132044
169,4517.980421262418
170,989.7546499505213
171,3142.1190123991482
172,1625.6186129832304
173,3880.4023122952526
174,6381.336478079922
175,9993.463617402691
176,10830.511937791953
177,4239.127885132283
178,696.8327160600978
179,6121.247945084859
180,10609.225450718517
181,3099.5705265414726
182,8094.899475003651
183,4941.274806879417
184,21475.445991784094
185,15509.242979328794
186,4678.251484128988
187,272.57833193129943
188,7107.809164953124
189,9429.192714102044
190,8804.097026761685
191,5088.689965323343
192,4841.258089772508
193,31158.48108168417
194,4522.121416573778
195,4992.581797417349
196,8412.615109959987
197,11739.077709610832
198,1809.7646462700102
199,15214.781797909653
200,3124.9985003601832
201,3892.0012887339817
202,1052.34049380368
203,1810.345439057466
204,3306.5804796053094
205,5867.131686068733
206,4311.873144088835
207,17206.12881264387
208,59.11685981251763
209,4923.454439437178
210,4443.13140391839
211,10430.283427674325
212,5560.002072103283
213,1161.8702162625736
214,5964.7644116169195
215,4375.248727343737
216,7803.414216063547
217,2665.685388488597
218,537.4531149103976
219,9151.17576166219
220,1457.5081488411913
221,15339.718337938964
222,8708.91509691213
223,834.7285017019306
224,9967.840904228351
225,1926.9516095050926
226,9342.152982822898
227,4245.564735671316
228,1913.2008485063407
229,1327.7550324339602
230,18489.404906557906
231,3497.9981166780576
232,6062.886374659941
233,3033.9932694152744
234,8612.57655596454
235,916.2732394851524
236,101.80442314885599
237,15239.05992618168
238,5061.672496675209
239,1203.2230658518386
240,5884.6459019806225
241,4226.693400226148
242,2438.1372676391993
243,1507.6975458132235
244,7227.638748074831
245,7949.100252962183
246,198.50552921290603
247,16682.329616127437
248,6251.441357027067
249,8913.23907994731
250,10309.854332816853
251,8939.167208181434
252,3291.01526919228
253,8445.125197948384
254,9274.801872212574
255,5099.824887728743
256,15973.674453692944
257,12172.943172771558
258,42.28146352042666
259,9036.077587357313
260,1151.4431651654063
261,791.7472664471078
262,10157.690732211933
263,6772.018098206553
264,10225.072363304876
265,21960.23097524536
266,21219.941963312132
267,4540.9822616657375
268,7063.107968883924
269,2223.341201103674
270,6982.908238847632
271,21038.84856403708
272,456.9473887830212
273,561.9856090239834
274,401.21256980449954
275,1228.9722027589496
276,13868.490730607824
277,3937.6485630928846
278,3207.8354715998835
279,19792.780704613942
280,3881.3054917928916
281,17226.789662212388
282,8451.18166759931
283,935.2864477764788
284,4531.870154511256
285,4365.568206907061
286,459.81821991661377
287,466.58104769639095
288,6617.193203177477
289,8746.570525104315
290,20457.709452066174
291,1368.3183351478147
292,16408.01754037112
293,2158.0953867453272
294,3674.7156618546824
295,276.9008463195238
296,1799.416315604317
297,19466.050262559107
298,5167.75343854261
299,8020.8548393230685
300,1436.8235377356482
301,9812.230063405557
302,17098.494557263093
303,120.8738672127722
304,2850.8745834079455
305,6700.502899126991
306,2474.1530627553866
307,4729.49242874389
308,8151.948288779661
309,10349.312290164728
310,21003.132587879256
311,1978.7454033487543
312,681.4559259223424
313,2514.0876959104567
314,10493.846704543868
315,1941.3989933787036
316,18721.878145028375
317,6189.810200409292
318,7520.164355584198
319,2824.3102073336267
320,2038.8772450973952
321,5024.805877706398
322,5755.276426097409
323,10590.668443856483
324,8801.100706244888
325,395.3713788537207
326,949.8918684987011
327,5304.030559234044
328,3277.5314267656013
329,21591.660617558526
330,1953.874237756634
331,6666.015906072448
332,2998.342517454916
333,3104.120728354984
334,9987.608723882628
335,342.6374533251169
336,9.679124388809685
337,120.99312373358408
338,6415.816344040728
339,9592.069612516352
340,9707.483049251128
341,8789.838692543013
342,7042.6816153030695
343,3841.600343678088
344,1480.1655262458123
345,1454.509534674778
346,7086.176014510664
347,22839.09206409828
348,414.46379764590296
349,12339.513927047856
350,13187.10994467527
351,12045.556736188933
352,4242.993866924882
353,9021.483856208723
354,6295.730352674072
355,13070.167032879737
356,8082.5332092671415
357,8195.56609638805
358,1579.4427960293765
359,2562.4115779716144
360,1542.3561005094864
361,749.4488501600857
362,9548.80649709077
363,1728.8397897942536
364,2914.5832491682813
365,1292.0869400527524
366,580.8700775129438
367,2352.8461311760384
368,10931.402876578497
369,7091.6818136400325
370,5033.983201378631
371,11765.260391805028
372,2697.6972958806477
373,25.613460524289103
374,13546.22135850187
375,1852.7181018360707
376,1342.952669898628
377,1141.927126608726
378,4558.69310119085
379,3008.9727273507783
380,13726.783472154915
381,16673.347203192436
382,5394.573939926782
383,18.654907263059297
384,8420.733498714155
385,1596.4870621344892
386,805.9764026059363
387,46.900208519344034
388,4108.499952696886
389,3713.766123630082
390,2924.0245518022525
391,24588.618317417335
392,1090.1494888024647
393,3146.147524703143
394,7197.78964798115
395,12020.644825281903
396,429.032389418317
397,2895.644810647646
398,7152.675634304639
399,5744.770091474143
400,1583.2711149432726
401,12984.333448044707
402,17561.537084437292
403,3282.1250689120734
404,4938.510240704894
405,11382.206718481568
406,4941.7165940978375
407,2743.7007338858803
408,178.96087906361552
409,7497.941361462188
410,3175.357625105054
411,23748.095377896956
412,5897.049168830564
413,7462.901320877395
414,18876.811478280604
415,16966.571869364943
416,9168.074694090907
417,17445.08995302091
418,4629.232809979176
419,2917.39289852603
420,6728.508966050121
421,9687.342307853163
422,1145.651207552532
423,317.83493586693317
424,15529.138910531401
425,13679.433475849519
426,6663.1181076924295
427,4149.933352920722
428,6484.503140354695
429,11324.25198565555
430,18628.061510782245
431,20663.29459287449
432,5112.597403698894
433,2875.283605174487
434,180.2663279793409
435,15187.888239125034
436,4360.007370217712
437,5012.86985163349
438,1497.926406209879
439,874.146938882414
440,11060.895121617996
441,30455.661229249752
442,11615.509965414225
443,4836.269202554791
444,7544.21441498107
445,4954.079752468489
446,842.4917859154136
447,23702.812561048566
448,12394.411683881406
449,4031.19402287867
450,4435.795425696639
451,7820.685728879843
452,3937.890494087895
453,1038.5233915839308
454,9436.425642945436
455,7327.0359230476315
456,2760.033218350834
457,2393.72029725409
458,8436.570518809094
459,9439.950593089055
460,3852.830090706999
461,2055.381077704243
462,18530.478361464066
463,9738.071809155828
464,508.73533881591754
465,16798.86976788602
466,13711.352012151783
467,10381.4073320438
468,3778.4412086253005
469,2432.032624049237
470,188.11872516943257
471,5808.838243527601
472,777.4414560977852
473,6799.4646932024
474,10708.491740593881
475,15237.917396891575
476,17366.751443732333
477,371.33215774274396
478,267.4553678396888
479,242.65392064685003
480,6159.187942216363
481,10226.908673766417
482,9834.216004623715
483,2092.7385949132245
484,20371.62011780015
485,5548.95365458896
486,19294.143929571528
487,1950.6754768072633
488,8306.78820361871
489,7797.299530055424
490,13824.847324745066
491,6333.205280867525
492,45.619823953148774
493,2415.3635682667227
494,15766.053312221686
495,6492.065932898806
496,1916.912005744463
497,6209.927194056281
498,9258.632307931808
499,11626.277484800426
500,3422.450814839683
501,1296.7076443920007
502,3217.253137077476
503,818.3831536672589
504,3866.811185574528
505,12904.970303993312
506,9054.975875205746
507,1822.7483687244685
508,11742.421439471827
509,9519.28235628656
510,13761.212451193587
511,3475.280304049025
512,138.36887486551623
513,7877.299660723586
514,2695.4850077106403
515,3.4229825241466547
516,1938.9839465872876
517,9824.29990898516
518,9401.449880179536
519,10878.031628331442
520,921.0811407545923
521,9724.804512540524
522,8626.550529305696
523,7252.992439120499
524,8996.764409339099
525,4631.495736664089
526,56.00833620683348
527,2349.3219605327627
528,10611.739588723634
529,4093.4756260760128
530,688.5670362007455
531,861.0057315446049
532,13147.597669892719
533,4451.7466936567835
534,15395.896907277593
535,4583.064857566796
536,9748.262232394754
537,1138.165633930065
538,267.94716818865294
539,5076.748667501566
540,8148.393402718767
541,6098.562005732008
542,3512.196772750741
543,5162.812690581635
544,17714.11502459007
545,15078.541763440404
546,2132.818825961964
547,6906.420752155348
548,2717.29831834711
549,13306.615526825422
550,16174.668500631968
551,2233.0025605823034
552,4006.556839861284
553,3575.2419524316447
554,4253.77174998206
555,1714.419148649723
556,75.83917755361868
557,1459.2123208476705
558,5954.240494906289
559,3754.9986075010497
560,1817.5240276026432
561,13390.478416832579
562,3228.6450870905514
563,5516.010657666986
564,2457.317971079117
565,6050.318892990733
566,6522.8454654693805
567,7576.013432741086
568,5329.545348976367
569,971.3983111366158
570,5333.536399907937
571,6529.046981663474
572,6460.766728764533
573,5445.859744767479
574,9923.269234415833
575,13851.734573783528
576,12305.588413251955
577,15723.77888733518
578,13961.1763377863
579,11313.52086047511
580,3864.5007320174673
581,1988.4871527631253
582,34.60878588997334
583,2296.089840908439
584,12536.445508000015
585,5770.367208668826
586,9564.53731069443
587,7212.16692870602
588,4162.448167299684
589,4520.795588642101
590,7627.770993241717
591,7541.8208433190175
592,460.4217864973355
593,12439.917031506124
594,7618.699383776973
595,2897.287378995795
596,4642.478959818468
597,67.63140796632875
598,6310.579345222087
599,9798.200531768083
600,18779.63521546411
601,4185.510814418032
602,10057.366183012458
603,3806.1306231698563
604,2053.9441555147164
605,5935.335755286421
606,2562.34423361201
607,13934.887539061365
608,14456.681842587697
609,157.84720554684773
610,16988.540925391066
611,3416.549305009084
612,7622.490203027927
613,3093.4565585071223
614,2819.903787716806
615,7169.534853683033
616,5766.725201332796
617,3698.03798501706
618,15914.519598771365
619,1832.2061201760025
620,18802.15498891874
621,6488.494734263375
622,5259.971285719547
623,210.5061245698997
624,12422.20224170485
625,16422.87433050573
626,50.317056219674434
627,2565.9272272992207
628,35.84010088710734
629,19113.495267040907
630,42.97748711745824
631,7782.943939158229
632,13080.814356996108
633,4170.825248471175
634,10301.25601375253
635,2292.1938253509843
636,4213.924383621426
637,2635.5567213526074
638,2710.147820094841
639,499.5234027191914
640,1161.1517276845098
641,664.1927959950814
642,7451.882742516255
643,642.1492991716501
644,3510.129607050372
645,760.1625157435424
646,5137.017401347953
647,9100.128969779225
648,4063.159822207203
649,4856.323562801753
650,15379.34630309083
651,879.1217960007401
652,1166.665709790965
653,5209.062655942233
654,293.20634360225637
655,10379.811664373898
656,3837.5451854319044
657,10586.968624217607
658,4800.140769847742
659,17362.90275544355
660,4661.071610269265
661,368.69007037160014
662,15541.83172076803
663,8536.39520829839
664,1802.5477054613948
665,10466.256849500789
666,25534.49784001423
667,292.5186299356541
668,4231.579067573799
669,5201.370907164217
670,3411.871320617464
671,2805.4082494270847
672,4874.382831141792
673,3479.454815222022
674,12499.884518750652
675,10378.050413976964
676,4344.725096061021
677,840.8612347078242
678,12326.085296807723
679,5370.451431198157
680,1735.9539229419581
681,1133.441253134017
682,18311.63847123364
683,10115.640055840158
684,10251.189553510116
685,1147.915469135876
686,10034.484912942034
687,7284.0293281153245
688,8089.478886047947
689,6494.348018364809
690,2543.079039691
691,17024.530436539146
692,626.6546810582928
693,13924.230674168104
694,2642.676025999554
695,1038.8562487885763
696,4648.628664533709
697,13375.917311096475
698,2138.7370059334307
699,4347.529833071277
700,5859.686897696919
701,2637.279104539705
702,17226.167957771704
703,12903.301373421975
704,8457.215470468482
705,9.316515050013704
706,10660.980571125403
707,1295.5529934587726
708,2519.3737521485086
709,15091.363600278704
710,1607.1814015022317
711,7349.619704336836
712,4909.865738383972
713,1487.10499352987
714,7490.558290795906
715,5771.0312238620945
716,6993.240633959111
717,6779.868501634863
718,1646.4548116495157
719,5868.419486168763
720,5849.298293018021
721,7488.406092815696
722,1380.045515673226
723,11965.58152828733
724,2586.814593809713
725,31823.319215582833
726,4387.987982710219
727,5601.742655628853
728,9260.488045900136
729,8744.24491285214
730,6112.1487829452935
731,5403.805900256062
732,6544.40398451163
733,25737.500969934423
734,8898.891050970456
735,2808.8958140041077
736,2781.140161406232
737,13080.555490280725
738,4508.551716192966
739,18079.53964549363
740,10387.403580608403
741,7974.961608635065
742,14582.724900843283
743,6490.211684306094
744,8344.569821559622
745,6755.884608119101
746,1237.4635698797035
747,5231.095670842019
748,4642.052506742906
749,7481.943127770288
750,6353.547480861049
751,6699.759322112678
752,4798.072740559345
753,2710.7010718676247
754,2747.8515159345325
755,2810.9872178056216
756,9283.415176698873
757,14440.80904330019
758,5147.003759143844
759,871.3051609263255
760,10701.128867598809
761,4291.416948468658
762,5457.403022999582
763,239.91717627208487
764,11131.576734529295
765,8516.260247514674
766,269.6288193990056
767,3335.388902640949
768,3666.862876872479
769,8473.997430003872
770,13069.540537960906
771,11969.134848194293
772,18746.670169261684
773,18857.783692255256
774,4395.820671028729
775,3023.596784119462
776,2355.7107299363147
777,5613.971199377653
778,14125.086120195947
779,7865.7083104724625
780,6401.0629600810535
781,11140.67231982352
782,74.37534728352068
783,8114.06504725909
784,1062.4589048028279
785,1225.989058708588
786,2936.8449764319316
787,2057.1399011842227
788,84.7672354897381
789,1163.745294415817
790,1335.468720966052
791,9027.976158771595
792,687.7945372879622
793,2508.8887993260964
794,9842.111268852605
795,1858.3102950751204
796,5801.040758225408
797,1858.4393647089491
798,3883.780842764118
799,18578.007988160687
800,9427.539723650247
801,7320.499091753489
802,4430.499199240368
803,4970.468718422427
804,6127.781694250656
805,3215.8902059171032
806,6997.93346143198
807,336.0578158974054
808,7587.045676942017
809,9104.33613169399
810,374.36260815938454
811,2202.3691285554146
812,11706.155515656701
813,205.43970455850356
814,961.8109576434772
815,738.3320174251537
816,2215.1441953815893
817,4800.08952564643
818,415.8493778645594
819,9559.504403844998
820,3281.8254754059553
821,2973.511334999386
822,16193.4876467194
823,1260.4667600516946
824,16081.720030099028
825,10450.690325020023
826,206.7689449450691
827,3175.613346806306
828,6570.82803171427
829,4960.296703951618
830,1672.3990528283102
831,10248.41546411779
832,1310.0491936965977
833,1907.1108583823213
834,5350.3619573455335
835,2715.4127735116467
836,10062.444407430889
837,8758.289338050376
838,5908.815410426253
839,6091.886618210566
840,18015.109491657575
841,732.8541343236639
842,8452.621881963327
843,853.103308452484
844,6818.039589013484
845,1847.8435364010631
846,7527.561922814057
847,6973.401425537472
848,13455.148436337664
849,4776.293937967934
850,19185.672636196483
851,11439.518044453402
852,1338.7215962311627
853,2486.4505041621246
854,1344.3422988480738
855,8068.273564542553
856,2965.3192232453703
857,3262.3631640121557
858,774.5425257589144
859,9873.809417997616
860,1635.0007341110515
861,1802.2184352959482
862,9854.572181186331
863,4971.304078761071
864,17815.62323480031
865,9066.861461703691
866,4096.030082968435
867,15839.260170277506
868,8592.241064252918
869,14048.297925856461
870,1593.395068015306
871,1891.8885192014109
872,7259.418196053147
873,8245.337456192132
874,9507.331359254606
875,6971.496211587041
876,3377.296507417372
877,15723.624583706032
878,899.9299306588874
879,17066.023776147165
880,9202.597081553518
881,8657.485549356223
882,17383.963408498767
883,450.83712492443476
884,1625.4550408176087
885,7632.430394768021
886,6393.73656861017
887,1744.6484553718024
888,549.4279314224202
889,17193.017245343857
890,12.262831015484245
891,1799.2889948275376
892,3870.4973530955326
893,16775.47104043395
894,20809.04927255062
895,18948.121708624247
896,3366.366641095239
897,14717.640718570836
898,3439.2180442140498
899,244.91998330921868
900,4664.471181663618
901,2968.419122797319
902,1584.2190112445537
903,13089.810078458533
904,11401.880989865842
905,3533.9874369690137
906,2831.7212373057378
907,22234.231489546073
908,5920.807982761608
909,4073.541195738569
910,3776.775965324679
911,4660.1748365133235
912,17880.689123954267
913,4399.670302975635
914,3697.9900723969513
915,13103.784032381718
916,16338.208473045253
917,18891.014055005235
918,1328.2547053814699
919,14827.707245707748
920,4981.268152868306
921,4835.646997424307
922,11909.646398154613
923,278.9453208779269
924,1042.313760048287
925,245.3977046884257
926,327.4005251983689
927,147.2552509206051
928,2449.552954530528
929,4610.541192292668
930,8231.66198916576
931,8505.705977705587
932,7212.766384263685
933,4886.145855746616
934,14.540341522440562
935,2816.189135731894
936,2102.8128745896065
937,3135.8049891085852
938,3959.4635476238977
939,11191.261669262563
940,6654.094953623986
941,18951.338473463184
942,356.2361291666267
943,17455.59647705694
944,3415.0662965018546
945,2703.7210124980247
946,14137.659851689172
947,13288.734807527397
948,11591.758366604907
949,3180.540440929644
950,2083.3769016613237
951,1081.696515985915
952,3550.1670851903395
953,1771.5604167017561
954,2886.5791351663615
955,20016.655806753835
956,388.31122271210234
957,2542.0934615522647
958,642.847851744447
959,7903.633267393044
960,15713.610647293386
961,7546.225348472425
962,665.7162499319179
963,10996.137090105442
964,1553.465154413339
965,5891.747225422092
966,10359.946571296057
967,14993.923423024866
968,5854.34958813819
969,2310.5368461237636
970,9191.781901883203
971,12492.028284084101
972,1307.0214679313233
973,5822.2342519017375
974,3581.013678350328
975,2006.148095205414
976,16011.114384403138
977,12165.148795897961
978,6461.125050374946
979,1123.454920096599
980,7829.327760632243
981,1512.4327184197427
982,1855.3497087628725
983,10255.268842420208
984,1459.8558559036223
985,23261.541891289005
986,5520.585808917398
987,5288.771161570118
988,7789.186065159767
989,12038.191148759766
990,19292.472945112095
991,3312.630506006514
992,6608.961262939006
993,16391.296410399955
994,21713.869898853904
995,5595.2731736424175
996,6368.543415347175
997,457.77155524372006
998,2112.7087641604257
999,4164.145952587448
1000,4798.307878940384
1001,10468.263409313804
1002,17457.15767141495
1003,5980.32434679591
1004,12.918236700215308
1005,15977.727009457158
1006,8385.647185548707
1007,788.271606619874
1008,6962.284943454335
1009,1875.2669960125636
1010,460.67455588928476
1011,5692.088939577173
1012,9725.269472069118
1013,10906.73613897558
1014,7031.23357671348
1015,11129.441180510697
1016,1665.6845513310677
1017,15744.55601195973
1018,3836.48405285792
1019,602.2554926566688
1020,2366.111611866713
1021,20222.157626634922
1022,5746.473241388209
1023,10361.037957516739
1024,8342.579485384565
1025,9992.26177127405
1026,4786.523720814145
1027,1485.9734368500697
1028,3522.1654447482056
1029,6819.85946461055
1030,1869.3740376788035
1031,96.75896435721157
1032,8027.923408187561
1033,419.13170291489513
1034,1667.488500146784
1035,499.855654397723
1036,570.4733575162453
1037,3800.7754927804954
1038,8966.341156449156
1039,115.90978619154626
1040,1095.3014161000085
1041,11263.720206994063
1042,6145.703953078119
1043,14810.434019264465
1044,16274.729827266956
1045,8584.039651537754
1046,1614.518832513817
1047,2046.226398332273
1048,18718.368259202136
1049,5145.577214296588
1050,130.62307624441385
1051,9875.323815233058
1052,11499.333190764926
1053,102.51903597688545
1054,7459.5856429691585
1055,13232.716335171715
1056,5551.821607322721
1057,145.56383101077185
1058,14579.939103105693
1059,8461.514323824913
1060,20893.675071710604
1061,397.29300122248475
1062,5574.422610712195
1063,4245.603808785555
1064,4530.990343173968
1065,8349.733002996927
1066,8810.070604409459
1067,539.9109114026777
1068,17773.659564064626
1069,6688.860725291245
1070,504.0338977952782
1071,1488.717117096662
1072,2697.352871959453
1073,7722.419701700411
1074,752.1305764582364
1075,7625.974936952866
1076,9181.140933008168
1077,1802.177363427159
1078,10073.704072624094
1079,1755.789741366341
1080,571.5233849583823
1081,7058.602355101227
1082,10855.625317284399
1083,10679.460962845978
1084,1916.2444333111907
1085,294.0546084055643
1086,8077.378910147615
1087,3967.070923685472
1088,9804.949180759431
1089,6201.426603025694
1090,13736.477715218964
1091,5097.600148664623
1092,11034.761540902005
1093,1532.5327483155315
1094,5038.897832304531
1095,2250.114470636251
1096,19415.937591112775
1097,2482.4600098042533
1098,9453.969580309991
1099,1924.21875049425
1100,7247.529693693844
1101,6497.309761686328
1102,2958.489654535805
1103,2694.4210181473363
1104,14187.39356345309
1105,6633.854145138659
1106,121.44188875726259
1107,373.67592983390654
1108,1925.6436987461445
1109,2081.5420656289443
1110,4157.0263834942225
1111,4204.051943033331
1112,170.2957439330039
1113,8382.683138308446
1114,2859.669219939935
1115,9391.480796359034
1116,2710.1700516908527
1117,5138.517526476259
1118,454.0000982525355
1119,8898.696258642287
1120,152.97818318593693
1121,18302.546590737908
1122,5085.977491601596
1123,1365.613993768267
1124,8099.862746394058
1125,2604.926256871709
1126,1610.1611633790326
1127,15358.305494100247
1128,10097.727327390938
1129,204.6104474797682
1130,10786.50279349755
1131,6051.66161197128
1132,34.20444437497169
1133,12164.386651601653
1134,2788.8826616849724
1135,17049.951528197456
1136,12362.248192545792
1137,2845.861288795739
1138,2679.2192156470733
1139,13556.167516257728
1140,3438.393938874925
1141,430.98658306455184
1142,4273.873874500178
1143,1128.3573176213658
1144,1377.2268978252814
1145,3250.2134859341013
1146,11603.722573389838
1147,1013.1627855292663
1148,24358.109668759316
1149,6378.5473629602
1150,6501.602914255817
1151,5640.428223475535
1152,9313.51419561318
1153,7617.00372087456
1154,19781.571685198323
1155,2720.2598222700562
1156,4206.5274836191
1157,7195.182224107631
1158,5475.488703142974
1159,23929.16398626613
1160,5832.269602464025
1161,6474.386582785672
1162,3645.751740887802
1163,8383.527900061952
1164,16334.301519130062
1165,245.3497726924398
1166,2921.1403472189886
1167,5787.205236658893
1168,283.12184179910435
1169,3168.7894586042376
1170,11648.516087509739
1171,7010.216723925558
1172,1751.3558658028726
1173,416.3280285973345
1174,6196.987827012815
1175,5501.458381720214
1176,7769.522135352794
1177,15783.909028169524
1178,2557.3348144946576
1179,3564.320854281713
1180,336.51904603762057
1181,7061.465765836509
1182,10357.822292887866
1183,8585.499562192615
1184,11843.24139713686
1185,224.74050541717264
1186,5630.075656306576
1187,3929.701845435976
1188,3255.9644534613453
1189,8694.329052229536
1190,3262.6397682342026
1191,1604.910621752685
1192,2679.1579888096517
1193,20074.61457771226
1194,5070.255552492289
1195,12505.671465403948
1196,390.78199897098915
1197,556.7293433181281
1198,6619.67544402157
1199,4903.592432925577
1200,21651.872890473405
1201,17325.67048230569
1202,1088.7543026881
1203,10198.037526322541
1204,6244.8937052935435
1205,9165.633796782697
1206,4014.2858998498873
1207,10180.772518954866
1208,6414.024422602942
1209,1484.6819161946314
1210,6652.141088998556
1211,6152.802239377352
1212,10855.466160922735
1213,575.7132931483349
1214,1747.503143887207
1215,3711.0484688268307
1216,21081.448373777795
1217,10623.972327184016
1218,14970.348024964973
1219,7224.319876906012
1220,10656.457328738577
1221,110.80227634634018
1222,134.25926517404284
1223,14.176435674905514
1224,57.59510193166212
1225,33.207402981636825
1226,4023.856110758988
1227,1043.8341702352066
1228,320.491190133312
1229,2219.543521841923
1230,70.50463738185607
1231,97.0257857447105
1232,1667.6074256252073
1233,403.1186590750484
1234,12.81880692176664
1235,534.6524618908169
1236,8811.653151537044
1237,100.76621170511096
1238,8765.520997673406
1239,245.35602578988198
1240,252.24240278754823
1241,611.3499499154461
1242,29.747839478268975
1243,207.09036288100205
1244,517.7028951583765
1245,343.8357251043838
1246,894.3878072652983
1247,618.7780851065887
1248,6908.377738900181
1249,161.16112681498348
1250,3098.264424122796
1251,2104.9238663413375
1252,386.857353532306
1253,80.23250546902906
1254,406.15268113936565
1255,608.0990097627433
1256,645.7046086622689
1257,3472.924104328904
1258,218.91256225654868
1259,194.86520477887618
1260,4215.234638063025
1261,5765.815297953881
1262,7414.121500489152
1263,322.19691847475093
1264,88.21989952949741
1265,741.0611059313932
1266,114.81188972308317
1267,1060.3683018437682
1268,779.2345187097544
1269,578.1478490812477
1270,294.29058708695266
1271,1157.144052335569
1272,737.4067774038909
1273,21.205020451685495
1274,3866.761532429599
1275,6031.659879895834
1276,206.41829309057061
1277,526.4248119336811
1278,1608.7664488792818
1279,1399.0236343414972
1280,495.05727820321806
1281,647.9115308335718
1282,709.0277640110963
1283,959.7503961125163
1284,776.1761059831181
1285,364.71390431047473
1286,142.16699572540537
1287,1706.7105838009813
1288,207.99956913086822
1289,422.9836199029161
1290,273.3771715814458
1291,273.98675406802164
1292,1589.4761622661824
1293,146.5965342887713
1294,2593.3108528763446
1295,324.5731645105918
1296,263.024161568453
1297,250.7716852539419
1298,5817.720191675672
1299,160.95539482860195
1300,39.699274214035995
1301,215.67611204143347
1302,10.445913383634526
1303,678.3012867525032
1304,1963.3043029309038
1305,505.5094444911686
1306,102.87831207404271
1307,740.9651057092434
1308,186.51805981769374
1309,185.61872710978756
1310,705.4170635227123
1311,321.05681606698465
1312,465.3468758433543
1313,121.80779069334568
1314,7994.365483656746
1315,180.07908123363097
1316,655.8143452418503
1317,136.90478160943516
1318,2276.424699536728
1319,4461.298768805497
1320,387.10691845937043
1321,3332.9339288653596
1322,1750.6637114360217
1323,157.84576936936116
1324,189.37814591918234
1325,228.76770928732805
1326,7557.993438715679
1327,821.2453401037623
1328,1313.4207943069182
1329,853.2184401847969
1330,1227.4432084776
1331,8.23092605435504
1332,1026.4983096913088
1333,176.0230561869288
1334,6680.903240584225
1335,45.2652308296548
1336,79.14009663311403
1337,478.3329932701037
1338,84.18355945392757
1339,324.68353142153427
1340,39.53728622534225
1341,556.7155412028426
1342,961.1634776237661
1343,233.3817601050188
1344,3.8525793859472337
1345,483.04758118799475
1346,30.419736733917574
1347,555.6877357661263
1348,351.38411055749174
1349,1856.4321053776162
1350,1250.399093261677
1351,449.05109423181983
1352,105.60093371226552
1353,41.838892568760926
1354,3833.898926124525
1355,3360.9133737390457
1356,951.2632957915113
1357,177.63811345604
1358,621.4836619226951
1359,2262.8082564914744
1360,183.59810573716453
1361,30.956496089651495
1362,60.21231476664541
1363,519.9416892776039
1364,245.40646157631727
1365,93.8881158581337
1366,3035.8295187567523
1367,18.020976043104127
1368,39.148686715831026
1369,1888.54211622768
1370,531.3259255846028
1371,378.17799270986575
1372,4989.000476339832
1373,6116.3300050184735
1374,893.6347767576614
1375,109.0589889432443
1376,7825.226147821595
1377,3360.1423591488074
1378,4248.424154249634
1379,642.2164633385512
1380,353.56767062167717
1381,1165.9248532843167
1382,2035.1594195871935
1383,89.77568625391815
1384,368.86176297686745
1385,2548.3018055297325
1386,6824.983601923752
1387,1140.2586099766177
1388,560.4521097166942
1389,113.85266080166419
1390,2727.3675700890644
1391,562.849316756458
1392,205.10329094202677
1393,405.978192053649
1394,486.86082695715254
1395,313.0411592843505
1396,156.30611819952114
1397,214.33064226840432
1398,204.85367641401186
1399,1221.1191701575278
1400,3056.2009210096276
1401,951.2944448232547
1402,1844.6413633002505
1403,955.6234100959903
1404,5845.524016611878
1405,29.34210508256084
1406,122.49734069455631
1407,832.9934545487324
1408,2853.510982698472
1409,267.8497302383349
1410,2.4097453636617705
1411,492.1322855559281
1412,2168.2639441467
1413,469.01889652381664
1414,1416.2140275115948
1415,143.39272347324342
1416,455.1264871863533
1417,1684.7007346702226
1418,1937.0452208576028
1419,29.101802985258313
1420,76.06614066045364
1421,454.19783547456296
1422,740.0771802826072
1423,224.85962630878865
1424,831.7304497815579
1425,1713.6522600627775
1426,746.4944999913204
1427,630.8374189730671
1428,192.799313724043
1429,2500.994231060399
1430,8599.182717347097
1431,804.9598090613993
1432,751.930401912565
1433,145.83158207975117
1434,1878.447874938825
1435,1028.0170977388864
1436,4929.764073258424
1437,122.97151607277601
1438,357.14100718736
1439,1683.1183724381658
1440,221.55017670390686
1441,3432.926490322414
1442,59.34047160088322
1443,313.13652095816184
1444,1177.336377386447
1445,795.6811744401696
1446,148.8330263750641
1447,2146.316781538763
1448,187.43783983448682
1449,4.6751259313514275
1450,6401.20181732129
1451,1087.24891173164
1452,3412.4346074597283
1453,334.04114697829067
1454,4271.881212478421
1455,1721.3915781410824
1456,837.3698357450969
1457,8443.27649825983
1458,73.00505262363825
1459,72.68519932334925
1460,221.88070134991113
1461,56.94468643172019
1462,3219.035073554028
1463,99.72045550328173
1464,268.6724667650743
1465,1083.776688322197
1466,7963.985219328356
1467,51.749326545496075
1468,2979.9693183009044
1469,6220.304704607365
1470,389.55694432186544
1471,524.5701777972116
1472,5443.581477462953
1473,2370.9038752099127
1474,501.1260490693123
1475,40.29253068714311
1476,1437.3119921204996
1477,3865.351126235727
1478,160.2758105933814
1479,1716.356202209031
1480,215.49270415555077
1481,219.1259114260631
1482,979.8393582070455
1483,11.701012671785318
1484,417.6581537734558
1485,5770.361013058024
1486,640.2700086176043
1487,330.83292980568456
1488,1503.0400731506697
1489,1158.1892423504971
1490,1091.7708285916365
1491,7162.83953873241
1492,578.5225623270676
1493,10.42571369854529
1494,5015.136185712935
1495,5928.008917327012
1496,730.4629559836775
1497,648.9485805555211
1498,3199.7960749392146
1499,4995.919360475547
1500,777.7627753732891
1501,443.1993209239189
1502,801.9855972136809
1503,3412.0820624787516
1504,1043.7163186553055
1505,563.0241079909512
1506,3633.060075421801
1507,161.00962455171276
1508,1357.5348801496182
1509,1163.0887905906595
1510,405.32686951813656
1511,3908.968716326996
1512,1126.364325074177
1513,18.864445565393325
1514,2982.7753102043753
1515,311.07560495026115
1516,2099.630064738369
1517,3.7398383588476074
1518,169.4633097028023
1519,1498.4377347409024
1520,114.62854403159638
1521,483.52014405209115
1522,90.90972294040095
1523,442.0365524165831
1524,173.0357211147633
1525,617.3790176292495
1526,18.57733192171271
1527,1645.5317200481918
1528,2287.352263963113
1529,90.8532084255021
1530,70.7263255997919
1531,3244.0947909730567
1532,584.3744876437983
1533,188.754340440124
1534,819.3618117154614
1535,6659.681007315172
1536,622.6289364495078
1537,711.0112893558379
1538,409.5180770707226
1539,931.8168271844642
1540,1803.9182751603337
1541,96.59968742926034
1542,4528.97682778336
1543,576.8638321685997
1544,19.363285718086956
1545,4539.7954886397865
1546,951.0782081751536
1547,1024.6020927904158
1548,9396.30039952753
1549,4614.3887956914095
1550,1475.583425126362
1551,6898.416845563621
1552,3502.457167889154
1553,981.4410618397859
1554,100.31171365300996
1555,0.6185537503405637
1556,1131.0040184462405
1557,2582.313693700356
1558,24.248257959590962
1559,194.7085062226708
1560,95.48346861143493
1561,767.4135134237285
1562,690.5069328853676
1563,197.4734402738414
1564,811.0954258399314
1565,3051.440616885044
1566,48.19124160636857
1567,3566.5525688555012
1568,407.9262681025367
1569,904.8566920369956
1570,260.99055607537167
1571,2643.079520434304
1572,7706.8575805367545
1573,192.4370124653658
1574,322.9931217907734
1575,1612.095239618407
1576,514.0784390200806
1577,159.12148555321346
1578,750.0456953142324
1579,221.35108685824687
1580,594.296119654925
1581,4523.1341880243735
1582,116.36209828542523
1583,452.022224879662
1584,37.082539273234005
1585,157.80144898273377
1586,10894.073866943068
1587,245.98981714835818
1588,556.2679711476857
1589,4458.598665840419
1590,1145.033312352352
1591,527.4197111378666
1592,2634.7682974036584
1593,893.8684856894181
1594,9515.087675180132
1595,6904.09122168455
1596,67.78268524545113
1597,3950.3088805659736
1598,396.57820539351343
1599,727.3723996066936
1600,991.3478881748532
1601,18.237677568963367
1602,1168.23371224091
1603,488.95590683994106
1604,613.9427139405079
1605,1507.8945810854898
1606,985.0358649000921
1607,1.7848519151701403
1608,269.1328674630557
1609,6884.532566161262
1610,1342.2521722790639
1611,1575.7751897161331
1612,218.95545354608942
1613,2331.3822270862806
1614,589.4905730754017
1615,379.50015017727594
1616,1438.1779058591228
1617,549.0150514320932
1618,106.95063249717452
1619,2525.657101081686
1620,121.82658752516257
1621,663.0634438274831
1622,66.54009441379318
1623,1380.0178424938401
1624,795.9803982125377
1625,82.9071244139734
1626,125.70070622460493
1627,1537.5325490315615
1628,1402.5308027424942
1629,5316.70929897191
1630,1211.6727743215172
1631,140.79581583865772
1632,444.03597923158765
1633,2905.7235345892987
1634,401.1358234945833
1635,1024.3546131671415
1636,11589.937315502688
1637,114.8284449055717
1638,145.74288980002441
1639,706.39803475081
1640,742.4690420739176
1641,768.7678845552003
1642,207.16021429432163
1643,7268.790026783825
1644,271.4538642888285
1645,397.8130469450874
1646,661.6005622330867
1647,72.18680413543122
1648,6171.987882183241
1649,288.2195759516936
1650,590.0933489968842
1651,1060.396782483247
1652,1558.3844589738621
1653,10414.965424554457
1654,160.59808615064625
1655,7776.156803573864
1656,6616.473032330566
1657,813.465499026515
1658,413.7141417438349
1659,142.9235657654544
1660,57.82274273622147
1661,438.06021889871073
1662,1922.0163044822314
1663,236.52130953492272
1664,490.3252027993652
1665,1307.5065212272589
1666,238.62202272207008
1667,345.13043028510714
1668,862.9258228910786
1669,182.1096799439074
1670,1804.631699044369
1671,1573.0592837393222
1672,17.621311695511913
1673,201.05487200393677
1674,940.2562235178935
1675,232.273199333341
1676,901.6218961734969
1677,7174.2256484486
1678,26.274331058239213
1679,264.9586559526344
1680,429.1073750113183
1681,5623.351375671632
1682,18.431000796676926
1683,75.6734845869617
1684,754.7958364957126
1685,246.52043066124847
1686,5.8579966617434405
1687,44.12757768896745
1688,2269.8606377115752
1689,664.2390176328379
1690,211.3828121880767
1691,2844.9136666269055
1692,173.76918574076208
1693,2493.925307318206
1694,38.76717786721063
1695,473.77820248128353
1696,39.72030323153928
1697,986.9006734186854
1698,6862.905604898144
1699,1321.0487734356936
1700,3359.5454201376897
1701,1502.0607829741778
1702,626.9741960087691
1703,7975.077725912098
1704,989.7406831007519
1705,74.27782901766857
1706,381.4847254673609
1707,328.1400899513154
1708,875.0647867519897
1709,651.7556977307609
1710,7088.619636475849
1711,56.383848323192176
1712,2543.4299073377947
1713,34.688581502901464
1714,1388.3933075499806
1715,124.27223000477042
1716,71.11265370275282
1717,2194.953810096966
1718,4125.506598926719
1719,146.46090143427952
1720,590.5345128563504
1721,1477.7259264071174
1722,4057.851212460142
1723,513.6038642163086
1724,331.69742591185195
1725,1120.8779947866617
1726,1553.3431070088059
1727,992.1992139247893
1728,333.9600378842734
1729,2883.6137833038847
1730,8.660736338815981
1731,443.7862150585377
1732,381.0561469371193
1733,2349.0901279645595
1734,50.593123007677434
1735,2183.603724705291
1736,536.2718385848724
1737,5335.797475829418
1738,5136.206842057461
1739,271.8215587651861
1740,588.4487917642754
1741,13.173086475734221
1742,155.06396559680616
1743,1824.557145128435
1744,1782.9036415799608
1745,1569.8961343892215
1746,670.0388001300935
1747,165.04548795333596
1748,107.6167270537608
1749,123.9300383010551
1750,130.46166876788647
1751,226.83900753126647
1752,6480.246844590713
1753,4461.955844766507
1754,486.15061123745727
1755,17.242041964535204
1756,325.41433983982154
1757,729.1120248715513
1758,3423.257120491404
1759,239.1161555116921
1760,44.13122810145824
1761,1823.7875257489109
1762,2537.19180868616
1763,1328.3131933025045
1764,315.3168770736811
1765,332.25749882974367
1766,57.01306259457574
1767,99.87598716443266
1768,665.864245927801
1769,195.3117769150941
1770,1.6071055331204918
1771,214.89737497609707
1772,47.402863519213106
1773,4090.055192247429
1774,1774.572244202837
1775,910.8084998616936
1776,4.065935002938058
1777,6.103560598622973
1778,784.219268608085
1779,127.74548949431407
1780,39.552422476545935
1781,2850.5166119587843
1782,143.1507249305492
1783,298.9881788809126
1784,270.4985391635509
1785,81.7255625768525
1786,1735.9608717004476
1787,4304.305742079141
1788,1016.8093131741824
1789,3896.2160537332425
1790,568.2623147917633
1791,99.19268028797828
1792,2391.704884735612
1793,323.3305065875356
1794,113.70095937805881
1795,354.4864039686686
1796,1678.868375814806
1797,267.2521641554106
1798,451.6235766100543
1799,202.18929628817372
1800,203.12491680756773
1801,477.22813142529793
1802,379.7278607381372
1803,4073.645931764651
1804,441.9243261430497
1805,29.236237583257292
1806,99.67969437530941
1807,448.6529411117848
1808,263.2376657901189
1809,124.5088192727902
1810,40.87492406133447
1811,314.783887277032
1812,3300.57548273475
1813,66.14523756941102
1814,115.85373365343197
1815,1844.4775818116607
1816,102.46482543479107
1817,959.162699789539
1818,21.5670694296943
1819,163.08239843476673
1820,2918.8172299008347
1821,148.92927682799692
1822,7985.771661587042
1823,230.35263768110968
1824,31.959494390190518
1825,5676.286428676733
1826,3316.9322797764403
1827,203.928689200522
1828,1697.5479496157877
1829,2600.073399142713
1830,378.35313854863904
1831,138.14282556108603
1832,565.2820872574771
1833,34.85602169387791
1834,2502.7904311690772
1835,3245.177307799389
1836,62.403178927223735
1837,80.9985539963447
1838,719.4833294333246
1839,690.8195026261589
1840,499.7191584823565
1841,1418.6970157032883
1842,123.9616748511694
1843,67.78143922112154
1844,159.99708631074475
1845,54.140266148965715
1846,99.58507050718954
1847,29.53498722493089
1848,2369.0116174117275
1849,2910.9972054414065
1850,3628.131093258804
1851,973.9295455012339
1852,1207.4789825957655
1853,1243.5588071820205
1854,101.22015716033016
1855,305.9143359439312
1856,109.65219702748541
1857,243.05455150899496
1858,305.3332092678095
1859,124.28154133044345
1860,383.41005642709825
1861,11763.993382496421
1862,636.6285182651134
1863,9602.655757901894
1864,77.13451968829386
1865,396.9773474338487
1866,11171.870739972675
1867,438.3839589922701
1868,459.13841949297085
1869,6083.544972178261
1870,113.2501833219654
1871,659.0597901669156
1872,186.47221371610547
1873,1030.5343877030598
1874,106.09433426080486
1875,595.563828442444
1876,222.57440820185624
1877,90.65190103417964
1878,170.76365435303728
1879,441.8054862498292
1880,4021.7579907752142
1881,162.13152500896632
1882,230.84103341214538
1883,54.44245239963877
1884,1275.1292483433633
1885,792.7047004466749
1886,1137.7783932304683
1887,124.31040538211846
1888,1811.2635710978668
1889,5652.2681001619585
1890,278.76019528727005
1891,2185.762216279719
1892,1408.8673807235573
1893,658.960173756207
1894,2680.34522472356
1895,1672.5962180057127
1896,1265.3673242833406
1897,753.4406578223699
1898,77.68073483494385
1899,1782.3265363270991
1900,299.5492455309974
1901,2237.8102184853096
1902,3915.4649835191317
1903,3416.3661357806172
1904,1017.7624654560773
1905,179.89646470953593
1906,3022.8055556807603
1907,79.76508397771863
1908,54.89199813449141
1909,6542.901903006853
1910,3682.7466058088226
1911,936.4722458458114
1912,252.30620033159283
1913,51.16086749584713
1914,96.72843940031686
1915,263.3434262584537
1916,493.69808612213757
1917,1999.5120048365352
1918,4500.644277403507
1919,6253.550851782211
1920,1224.724379442342
1921,383.2370588147702
1922,61.77396925603804
1923,118.12201735568556
1924,594.034248982832
1925,551.5474221318083
1926,387.5214370156472
1927,2559.5548943050976
1928,107.39562909226383
1929,94.0857908756281
1930,788.7402554029651
1931,732.7537388430421
1932,4278.334516647603
1933,612.5529345019881
1934,3287.4671259293405
1935,278.2089401769895
1936,103.88083999826317
1937,157.0472410888143
1938,2316.818966989395
1939,1416.6928102781576
1940,3890.7622410678223
1941,698.3917643028519
1942,150.53496050648567
1943,646.039219669612
1944,46.69530812648071
1945,3292.6215704776455
1946,24.363276997804988
1947,259.9612630706342
1948,3157.024019902209
1949,35.189109311033135
1950,769.9998873527288
1951,3409.698269653998
1952,604.5144388865679
1953,186.10053732268756
1954,1057.5930510833623
1955,386.32110851943446
1956,444.8450842613376
1957,54.161132101730125
1958,107.47411981145181
1959,772.6812449497397
1960,1136.0254947004094
1961,3228.6533078557427
1962,1303.4746820046753
1963,4.686228097621496
1964,480.4361105400675
1965,2181.9158618178626
1966,9661.918622395207
1967,795.2054171944425
1968,892.5303890286149
1969,41.21388028354371
1970,5643.234085854094
1971,3158.549442809824
1972,120.34300254648778
1973,3274.8737041160493
1974,505.3867776204189
1975,872.3878837589428
1976,4703.920748544681
1977,470.9731632853555
1978,201.22336947962734
1979,871.0291553026462
1980,3138.336878770507
1981,3318.7407659062374
1982,1055.5682605898608
1983,918.952429865137
1984,1748.1183644935643
1985,1192.6122924902286
1986,3659.6749313578784
1987,52.03710757450761
1988,11.837737761549596
1989,3514.509634592285
1990,11013.554627424293
1991,1228.8718210912104
1992,4253.843254550236
1993,44.40089009766644
1994,44.45223612467141
1995,2.072080153241109
1996,180.94440501560635
1997,2822.810067294232
1998,663.6787472857459
1999,3912.9870740737642
2000,3153.425940265112
2001,840.9005898649253
2002,2834.822109261029
2003,362.20321435707865
2004,1482.8249437169266
2005,206.80881569227125
2006,561.2605254354853
2007,468.44264977743984
2008,119.8578407514539
2009,1536.2667262108266
2010,323.9576506130511
2011,27.7290412207158
2012,1441.9225159785312
2013,111.17422949638767
2014,172.24134269173018
2015,6760.898433653539
2016,1200.1285641913896
2017,2346.0164403297304
2018,1594.488111291056
2019,4478.339657333442
2020,2044.4130206299658
2021,1565.7276175800523
2022,522.9801065431959
2023,2320.562727731189
2024,180.42101665663247
2025,94.55952251326354
2026,531.7462215167469
2027,427.6055364969695
2028,3842.108465582793
2029,860.0121010445075
2030,539.2962133687876
2031,9850.158762135628
2032,125.62681227151195
2033,462.5307213210031
2034,337.4701029586722
2035,5.10876586093543
2036,320.9138695709871
2037,0.5249959047697603
2038,50.291784799860665
2039,1208.7240184845155
2040,2824.5788943194034
2041,1062.1829535465997
2042,756.8030024965573
2043,259.64643517218377
2044,1619.4088827869457
2045,1738.4678652091877
2046,369.56281887557446
2047,293.51007429095023
2048,247.78210014259122
2049,179.82218051481158
2050,609.8899809399893
2051,240.97513445483733
2052,4243.405752884618
2053,1022.2339921157309
2054,151.36330855619764
2055,365.89743369749067
2056,7503.607167212347
2057,269.3547655075128
2058,689.6531329589653
2059,707.8072305099349
2060,384.3708570959806
2061,64.24836911880375
2062,238.28632447482875
2063,220.25080307965544
2064,5207.381556317007
2065,44.64659141010067
2066,7117.007476058628
2067,10322.367955291762
2068,388.44491884371865
2069,2032.4530032536006
2070,272.58003352064645
2071,163.1820659067859
2072,51.317231579493004
2073,161.74423845134896
2074,121.77447493131284
2075,218.7631340933178
2076,1166.4489801823936
2077,1713.5176591400234
2078,4887.427279761793
2079,2436.58373045199
2080,78.41571283063642
2081,850.4279883230196
2082,6415.206743313853
2083,9428.173207551083
2084,579.0866514441672
2085,782.5380601211597
2086,469.4007199699591
2087,870.0714704153089
2088,200.00394937464404
2089,523.4616694634758
2090,655.1049033992642
2091,1822.6762584524301
2092,1916.173193190878
2093,2886.7307479768906
2094,3282.437964785471
2095,8446.78550260473
2096,24.668956801015298
2097,881.3934107153012
2098,2445.5019499970736
2099,42.9021280979872
2100,1275.1432727420486
2101,3243.3354174289184
2102,3493.7078360778155
2103,75.09784241445954
2104,83.56771279118004
2105,234.42562309099563
2106,708.2798367696333
2107,25.749891720812542
2108,1390.5915518525971
2109,235.16766534414705
2110,644.9867319381332
2111,414.99234131851557
2112,30.20464930563168
2113,1501.8388251271647
2114,535.5632772555883
2115,1647.5761789605071
2116,2866.6547545994654
2117,696.6588804719424
2118,689.1715541452618
2119,1844.7756977677814
2120,1367.3300955291588
2121,81.25677983050294
2122,98.45643073803896
2123,2187.583836558312
2124,25.822238708776478
2125,2662.064372234785
2126,1328.9786124455547
2127,100.04049552727855
2128,310.6009635532015
2129,652.6507310054387
2130,295.68925618172216
2131,906.1805297330177
2132,2497.7092523257966
2133,167.08753523862225
2134,495.13535643041007
2135,3229.346306105482
2136,4858.501303403661
2137,2092.0383268257137
2138,155.3938076506235
2139,11.958502502461412
2140,2918.379551434701
2141,4572.56083654254
2142,162.43965051222213
2143,537.5597161383773
2144,112.97055076812728
2145,4129.650477076549
2146,1779.9686240866642
2147,14.009672065352461
2148,2517.0392370230825
2149,263.7503369645598
2150,1018.1557094661376
2151,590.1385575939366
2152,1165.2899147701971
2153,900.5237771976992
2154,3388.622950384152
2155,2333.8524929174146
2156,311.1355249663176
2157,117.81527566117454
2158,348.804950277914
2159,21.10352421954122
2160,718.0483570486451
2161,1581.464259615895
2162,7097.686123297255
2163,204.93866447100785
2164,1118.109901671381
2165,202.38559849472452
2166,4096.5254882976
2167,3264.3183290727325
2168,1866.5449911235044
2169,1788.1433768529093
2170,803.4065367302815
2171,2137.3940894786247
2172,434.4835810583797
2173,383.5097231272966
2174,1614.0877036926381
2175,380.12993302137795
2176,4431.340284797841
2177,1855.3665894146131
2178,1997.190207287438
2179,361.19618845436634
2180,742.1547889157299
2181,1050.0745589625415
2182,587.5312050466304
2183,77.37145265732532
2184,1152.7339801418686
2185,1627.4596803345664
2186,1851.9545884657964
2187,1739.7591312702318
2188,2214.6548324965866
2189,1162.8274215565211
2190,3163.4810328211056
2191,237.5622130609496
2192,3101.122448345201
2193,1312.1582227622682
2194,245.60701821917635
2195,915.8067043319598
2196,323.23404296825044
2197,4458.35210248154
2198,336.77373862019266
2199,592.2456902667469
2200,109.10989052660021
2201,1691.4659047435246
2202,2012.93111520484
2203,10475.573120450124
2204,3760.1407196944074
2205,1006.3747469209592
2206,1090.5362418584816
2207,2693.8989948570156
2208,872.0932834837039
2209,117.55915868381621
2210,955.161223952856
2211,872.2909854158572
2212,297.5432099217189
2213,463.25455181213516
2214,112.55518917842615
2215,1588.9926971984971
2216,1679.080296774405
2217,104.54781040748499
2218,6.256808137232386
2219,3831.5875155063422
2220,57.74670469856508
2221,2089.5890538097774
2222,2042.5542685967173
2223,3352.4462796902017
2224,3418.8516377053475
2225,542.6150936117268
2226,1166.124914693148
2227,1636.8640833822894
2228,334.82570816877404
2229,9934.802797286708
2230,2820.7821941084135
2231,645.1405862907825
2232,404.222579063306
2233,3048.1576626479
2234,886.3640943576283
2235,1636.8498670844572
2236,1771.3247768607732
2237,3363.365398105647
2238,4742.377924994341
2239,536.493547611281
2240,1093.603794814525
2241,2243.458120450872
2242,2600.3931571533935
2243,3982.339314759136
2244,3234.3266468639868
2245,193.46211242758267
2246,7251.4012614696185
2247,2924.675250913147
2248,202.04755181527352
2249,848.0256440467261
2250,11088.39549125715
2251,451.2489438433687
2252,740.6279900079948
2253,2402.7708361888226
2254,3114.3706834121017
2255,559.9242950675066
2256,620.1919621926922
2257,100.90668222351843
2258,2241.7465219012197
2259,4752.782989278686
2260,1361.0014042893804
2261,4188.076296949221
2262,1350.7479140410665
2263,1274.0815702537875
2264,517.380066261719
2265,2529.4646389240484
2266,5197.284558533868
2267,228.13494672473206
2268,732.7603027871382
2269,813.0523449584849
2270,307.49585355270494
2271,3262.480503736236
2272,1140.526407991357
2273,4.252711709180515
2274,159.57065707499177
2275,56.01646820898123
2276,1970.1184852575607
2277,2523.7499471026854
2278,18.460292530504006
2279,100.13852787705437
2280,3531.39163319233
2281,660.684887934745
2282,1244.3247647876872
2283,455.02661465482856
2284,1712.9771663689635
2285,4037.8596183121003
2286,2864.0947033464768
2287,658.3225816409235
2288,1143.4656757512746
2289,4337.250282986246
2290,10536.990085002095
2291,27.552159121829533
2292,758.5184350242082
2293,1575.703699861709
2294,49.58237476278286
2295,1538.4874263763654
2296,375.49858617859655
2297,591.0883010457839
2298,495.4550028963982
2299,776.6261056511306
2300,2294.4031205022616
2301,736.4056526744462
2302,74.1884049062049
2303,329.88353428595855
2304,34.42830184767428
2305,525.7682643180043
2306,3183.3555004180653
2307,2837.579725231769
2308,3203.3841453513724
2309,953.5671188279224
2310,5568.22283497336
2311,420.0786824104496
2312,989.5262520886774
2313,6672.838918355966
2314,3318.6783102723844
2315,1212.6159453732087
2316,857.6753571331784
2317,2229.3460797705125
2318,9055.07642238666
2319,50.52172489038697
2320,2051.0359194587295
2321,3040.176580162462
2322,241.47872206671946
2323,852.6255004943598
2324,908.2833243030149
2325,10284.138786814103
2326,2528.4448196401413
2327,62.2970727343529
2328,242.60209577849074
2329,824.0070463204952
2330,1124.3084637984714
2331,1795.9573282902345
2332,14.28688342592353
2333,1050.1314412372972
2334,2136.006707957092
2335,22.219042961474248
2336,1276.4949708704817
2337,2311.784304693065
2338,31.428507199437625
2339,1093.7218364634239
2340,2.9844680149205645
2341,954.2401782046062
2342,1929.4534182291727
2343,2676.6597836094984
2344,4605.180927717411
2345,3446.25409681585
2346,938.3375298767616
2347,3274.0738354225196
2348,357.29973736700913
2349,1449.0051184701483
2350,336.70067859632536
2351,2711.0086598803755
2352,1625.9410868056257
2353,11436.382668416172
2354,2295.4613979784417
2355,936.4438141906311
2356,4356.002655279901
2357,394.5577850657437
2358,707.6982478987942
2359,649.4027739629711
2360,533.8847994410095
2361,785.5592475918113
2362,6945.162682226744
2363,1055.8313494644447
2364,1118.8317681008818
2365,500.4545534115058
2366,1498.9722829950017
2367,1652.8434559915345
2368,4817.326301421696
2369,2860.648358047456
2370,769.6216846249125
2371,1326.0117593197797
2372,893.4194888867266
2373,88.18246205396309
2374,5102.733115990116
2375,2607.780655994039
2376,2971.713004625462
2377,123.17316215050208
2378,444.234700093047
2379,3165.5954932580858
2380,361.35815830189756
2381,926.2938711965596
2382,94.36538330039734
2383,1572.4045362367285
2384,2373.8000653160248
2385,362.0169663103386
2386,3968.5536219479104
2387,3564.5644627093675
2388,1501.1420573905573
2389,1330.8432615839608
2390,8550.802773859557
2391,310.0908479125771
2392,3626.2774937696295
2393,2.6354247681097633
2394,961.4793846215322
2395,2341.8286954172545
2396,145.0742942318764
2397,2965.514677260456
2398,105.48338930900097
2399,2662.522726597061
2400,1098.7865098498855
2401,482.805813232931
2402,1963.31720110581
2403,2318.106385313453
2404,1996.1584119877184
2405,6042.384695789138
2406,899.471243649506
2407,2889.177311334778
2408,731.7963652294442
2409,605.0321816142747
2410,2244.543581220663
2411,1599.5605057685696
2412,9962.732673025084
2413,1062.4825263251826
2414,1091.4076542377218
2415,1060.124561233083
2416,1661.4572929649057
2417,3939.5145965595884
2418,382.95789343406085
2419,1047.9657604593585
2420,722.5297737892721
2421,239.83931572680967
2422,1735.1681195097287
2423,934.4567693086431
2424,3509.222964875105
2425,187.06110894876537
2426,558.9433200859617
2427,1199.879606453056
2428,3056.5121121713178
2429,216.40657882558764
2430,83.17821732064962
2431,3113.1729330617004
2432,1498.3020826206748
2433,189.5547479679031
2434,10868.942186577513
2435,2353.3927978738457
2436,314.9227669778751
2437,293.62611088971187
2438,206.46605178019482
2439,1972.2037444899954
2440,620.6339049061742
2441,7.580342187888846
2442,639.0309729579324
2443,126.60009589372119
2444,1398.0258193830489
2445,764.731463962534
2446,108.14137159235547
2447,94.44750330064385
2448,1281.6795057605846
2449,876.6766220761754
2450,348.0807036479954
2451,3101.4593251043493
2452,3558.308844627222
2453,408.359202823223
2454,822.2225781209745
2455,9.938478505867138
2456,250.7445485869486
2457,6259.761833729038
2458,510.4461701920145
2459,2828.0343121019337
2460,3997.6513354567223
2461,3142.251370883826
2462,2369.1285460122976
2463,3138.6240288182216
2464,871.3598258529782
2465,931.2880303674114
2466,2276.579635317844
2467,1319.391299743288
2468,2476.498310159508
2469,1422.1148342720599
2470,492.55065200811407
2471,2444.088945112646
2472,2682.234748767279
2473,506.0167418882664
2474,901.7469273026614
2475,218.87180555577
2476,1335.5431323942903
2477,1085.167639721727
2478,535.5563592576456
2479,169.09904104789464
2480,1106.8715530393818
2481,3258.833822650059
2482,2257.663172723444
2483,415.77262283963717
2484,6401.616643477764
2485,5320.401894098573
2486,103.74797571031185
2487,2809.7392134893885
2488,1432.2539707634974
2489,2011.5476770843193
2490,1270.6732386031945
2491,674.6870268624356
2492,3319.9606571407476
2493,443.604940303852
2494,4822.921580346611
2495,2187.8571126483594
2496,1483.7206682056853
2497,641.8071310484592
2498,5141.895525898481
2499,905.8338642756236
2500,5346.811830751705
2501,8447.163123447566
2502,105.63381612563894
2503,743.407553313194
2504,351.2798464876059
2505,909.7993746118007
2506,1146.2106505174168
2507,588.2913842444776
2508,32.73960522768363
2509,5170.0727289348
2510,323.45002306204
2511,485.5623795652469
2512,331.4491184964414
2513,674.7947909343615
2514,303.8672342354349
2515,8961.697201512015
2516,146.1600140284125
2517,100.5873122514525
2518,1025.4036254496004
2519,582.2083272628964
2520,40.274638290661116
2521,388.27380050013
2522,4431.767947375928
2523,81.74356785750817
2524,66.20592612946217
2525,62.996030061122916
2526,1670.5335808472832
2527,911.5551716606378
2528,141.88381566515739
2529,4025.5962256617377
2530,2017.884682342622
2531,2593.203135770564
2532,3889.261873954054
2533,2526.3850736629074
2534,8114.393872027838
2535,1177.3529030429158
2536,149.8134680574747
2537,697.0930589625406
2538,56.12744272110158
2539,1690.558001212749
2540,753.6421166522371
2541,301.9833845750251
2542,8728.84025248104
2543,13.572291724846231
2544,325.22738800944427
2545,3652.6793411225326
2546,11169.275829008244
2547,1015.6682403903417
2548,1214.9924254749544
2549,381.31344925593555
2550,3491.573463346785
2551,340.0472086276289
2552,127.87310712448539
2553,1460.654187395305
2554,5132.980263756621
2555,4327.118835114177
2556,205.75672479601792
2557,171.02876788297897
2558,343.7249010835196
2559,2198.7747264950635
2560,1100.1184239252582
2561,1288.3094893189473
2562,3571.459847547271
2563,318.3127996860497
2564,723.8784646451144
2565,2553.6542587687186
2566,5931.334851000564
2567,1722.0132041458342
2568,686.1391412763306
2569,3717.301075368369
2570,497.96108508505415
2571,453.5758209800572
2572,608.0285267961283
2573,1933.565992315186
2574,4199.401966340448
2575,331.77473730185704
2576,2454.3407705457284
2577,4335.679487587319
2578,1851.6456453941603
2579,576.290438828918
2580,4735.276607160621
2581,449.3885335502698
2582,475.8950141539458
2583,610.2693309955786
2584,6912.50416976369
2585,5467.978680722904
2586,705.2484518863062
2587,918.6462359153182
2588,112.22493613897207
2589,1603.606922239233
2590,963.5873509591131
2591,182.9506662916459
2592,35.28168129458159
2593,1878.9513183875147
2594,2862.296704829339
2595,1599.6835245699115
2596,18.693973664039127
2597,1335.4318791354528
2598,533.2927288445013
2599,38.98511376881696
2600,14.513827549532945
2601,1777.7417785346968
2602,146.5625295655572
2603,791.2680598749156
2604,3696.6780292734993
2605,2201.05320358587
2606,13.672812590588345
2607,2315.099872705846
2608,36.737426858170366
2609,432.92111173136254
2610,66.09165681304766
2611,1834.7558723915618
2612,6.4375164478947
2613,34.41487415623669
2614,236.59813680043757
2615,1385.7556171692625
2616,400.19497491783625
2617,256.2479588768881
2618,3168.372079738696
2619,2977.1314663781923
2620,665.8811042155935
2621,1920.2162999840511
2622,3121.4404215349095
2623,146.78949631237148
2624,1203.9252035961053
2625,281.6984037972012
2626,372.29527207924616
2627,137.3221429416
2628,41.322069572194486
2629,12180.706531252872
2630,3141.0072004074464
2631,145.50250353556007
2632,330.02082821471413
2633,1801.3369678608506
2634,5466.934252345925
2635,4741.816499274876
2636,14.220050775548776
2637,4962.122177514606
2638,3687.2441587387816
2639,791.3797208787953
2640,435.6189788159912
2641,2132.673465334784
2642,71.9553728909903
2643,186.55057213272545
2644,6223.39221409134
2645,8703.047953420464
2646,1455.8200097926576
2647,1631.1774895182741
2648,3191.7376260263723
2649,4741.220727780977
2650,2367.858138057681
2651,1661.664961499863
2652,2258.6000254970654
2653,3405.987436419742
2654,2926.844804068217
2655,1186.1459398475627
2656,3662.615296733944
2657,598.0839553234229
2658,1415.983851187113
2659,10.807406954729544
2660,1413.1761901195453
2661,1970.003430864872
2662,743.9535707615825
2663,3750.529155316904
2664,1038.6576250534001
2665,573.7068343777081
2666,1447.7158879226631
2667,3.57111631556192
2668,2421.670027149157
2669,778.4433964704981
2670,10241.564453969911
2671,1847.8603656730536
2672,4022.3469927506067
2673,1296.841784820622
2674,1140.036021193176
2675,433.4898168847326
2676,12.140774665266795
2677,50.64113370375042
2678,600.7785154581261
2679,285.9165588202166
2680,637.3236783541873
2681,1353.3159422868866
2682,1339.5596454747824
2683,2791.8397946753466
2684,37.129203416866254
2685,2671.3971274874784
2686,4230.670419863864
2687,3173.964350500818
2688,780.7573916615314
2689,2964.5172946833977
2690,2681.761603989255
2691,8841.63739765168
2692,4436.702116295834
2693,243.92217551419276
2694,6877.92724989819
2695,6410.397661097023
2696,302.62298290114563
2697,2552.8689777815775
2698,1650.1185062594827
2699,6123.611135382503
2700,4.730871334945281
2701,1329.0774914802194
2702,4367.769126418344
2703,1017.3362434295934
2704,432.4548274197524
2705,1570.2990713032193
2706,28.684434540232285
2707,1161.1116380010972
2708,2560.258218379211
2709,3169.5499377888186
2710,10455.41776510109
2711,18.50007132592103
2712,3573.119129842472
2713,378.40447152844246
2714,32.403826534499004
2715,4241.394166708212
2716,1.4774369816822703
2717,2955.6875090952126
2718,1718.354847116855
2719,2136.5628882550595
2720,8.206756506603153
2721,352.8699632512794
2722,1398.586297435632
2723,908.4069440192325
2724,146.25566825697405
2725,1776.9238143220007
2726,190.65341028411967
2727,2025.201093563045
2728,244.99114942561806
2729,187.7911547848687
2730,659.1002813333558
2731,4051.511042961598
2732,367.78998482883816
2733,62.325594686431565
2734,92.00492005696881
2735,1379.2291554829706
2736,393.6370391615387
2737,637.0501392756549
2738,3463.1966885211064
2739,1576.734546551239
2740,300.18379688772745
2741,10712.858121118623
2742,1055.1875006004416
2743,1523.0924255796147
2744,233.1708786346209
2745,867.3325136335997
2746,1821.1244657607456
2747,570.4474910064599
2748,55.70886859564037
2749,4367.710298273143
2750,844.8931602413845
2751,477.67204180373176
2752,2269.0213231908574
2753,1300.1367214857273
2754,826.2303799738213
2755,2127.227084662249
2756,2472.216595593116
2757,3245.0241865491867
2758,136.35678111932293
2759,5708.632623754316
2760,5640.7738831339875
2761,1558.1414114109211
2762,1679.2762419387932
2763,848.9106396896319
2764,4377.256008244798
2765,369.23161332874514
2766,93.04151730665785
2767,491.2931272290254
2768,4681.3747139983425
2769,95.8734788002382
2770,2794.668131273001
2771,2046.09234648131
2772,360.02054955434596
2773,666.7023042772073
2774,73.71576857459173
2775,1222.161305473577
2776,4234.968790712842
2777,2342.473764278513
2778,329.7592982349655
2779,4.901591212026501
2780,1042.5518140564923
2781,4002.8599755337523
2782,78.29428023798268
2783,957.2000337518297
2784,276.1131149572796
2785,98.89590289853554
2786,2.9076342452199824
2787,2826.361053019962
2788,8748.731160911779
2789,13.91657766975565
2790,563.3919311912941
2791,2861.434165905192
2792,817.6207854542938
2793,544.0643612096693
2794,1738.90679521022
2795,2199.106010105057
2796,1313.4316535054954
2797,3788.74719330903
2798,340.6275485582222
2799,794.7868700396162
2800,2911.286157064065
2801,2533.800712831627
2802,4115.1769282621
2803,4111.154689196965
2804,4363.477817797826
2805,388.89499629338997
2806,409.9241798165886
2807,1501.5083862856334
2808,995.9734531157669
2809,1659.1464740852718
2810,931.6847600575268
2811,5.4088256556846455
2812,1354.0691524023932
2813,100.99929627108544
2814,276.9748740130295
2815,1069.1253030279086
2816,241.9401081016171
2817,766.4284136460967
2818,455.9442887773728
2819,315.39430537237297
2820,1628.8959366657616
2821,1783.648406958942
2822,1210.4725657832273
2823,2023.802339592739
2824,4234.928374987273
2825,12679.107301832435
2826,1084.0009805826755
2827,165.00249919870964
2828,3690.1961327939066
2829,2556.934731851399
2830,3047.752318972319
2831,17.00366073419082
2832,53.363289280429846
2833,2705.425718893135
2834,240.44574094509304
2835,507.7690654674745
2836,422.6562918749008
2837,670.9417621179124
2838,4001.339484783322
2839,3338.0766462652487
2840,838.0836727080509
2841,7.086391868126964
2842,622.0949886590906
2843,1228.7494321650015
2844,1914.8986454086569
2845,315.3426326079157
2846,579.2242438601055
2847,683.308120268184
2848,651.5333365853143
2849,78.46617712102493
2850,30.059027117544908
2851,2582.8235852661583
2852,1729.6752769428908
2853,63.48121169866798
2854,2327.5763556637044
2855,246.06024788707055
2856,1053.8560047546189
2857,1490.0878335515501
2858,482.3144556077251
2859,28.783735514434024
2860,1942.1705739604188
2861,520.9403739985354
2862,1139.836052901089
2863,1844.2432192311448
2864,544.8770751001425
2865,68.34151816649917
2866,1591.8308475227877
2867,1626.7865655818198
2868,191.60780303951455
2869,207.70143042273457
2870,876.1474810002056
2871,1047.3815901171954
2872,188.37195855069407
2873,522.5248846251967
2874,1836.3657003378516
2875,785.2469098568599
2876,114.41697521982212
2877,2676.3738184273434
2878,2152.3865290214835
2879,259.0642516245935
2880,2297.6781889676217
2881,2936.7303881461744
2882,1230.8125167916535
2883,4640.397598992253
2884,220.97323419926127
2885,908.654814843744
2886,1660.9704568145967
2887,124.80403252501151
2888,172.61016356124176
2889,3136.329876196463
2890,13847.058402882396
2891,36.40631009424413
2892,199.09264042307734
2893,2980.4921015867126
2894,1372.224620938101
2895,2785.3239864332836
2896,7075.109747274731
2897,3601.150525143683
2898,1747.1695510014208
2899,7902.059831718211
2900,1289.1389747345042
2901,246.22191370831877
2902,846.2497875242406
2903,94.92365080826625
2904,1256.6201918146176
2905,7700.213101447909
2906,2446.453322517211
2907,464.3760210211427
2908,2707.032223967465
2909,125.31097120747829
2910,1573.4249314711449
2911,58.52329384652792
2912,1860.3405036118825
2913,386.6194168106184
2914,315.16447904795706
2915,1364.7820446593403
2916,638.6391108702089
2917,118.26667689415653
2918,3572.8413616510006
2919,2029.2952501134018
2920,788.296164188966
2921,565.5198104461723
2922,1759.9311755630179
2923,409.8185848947329
2924,391.6846563714971
2925,2101.461917677504
2926,2699.4600286033888
2927,1365.132661719105
2928,1106.5251733603309
2929,1111.5113450844747
2930,657.9718402545969
2931,1912.6009953742196
2932,149.23103647976546
2933,1975.8777959998656
2934,1148.2431519845684
2935,1158.2032851866409
2936,2109.274191559971
2937,869.8599312041539
2938,1582.9237188100185
2939,12101.295756659389
2940,31.023223415724985
2941,4073.5629667597887
2942,1805.6116152338266
2943,2871.2064943965374
2944,646.8481848721152
2945,1180.9760935872332
2946,1920.436137207981
2947,3287.1497272881606
2948,621.6993578170562
2949,6174.696945709607
2950,3806.953981747891
2951,1086.7426466196416
2952,865.9166638946799
2953,1878.2613148988917
2954,4030.0698036842778
2955,1906.5569460435786
2956,43.754957330551846
2957,3256.3787129429297
2958,1041.4034678586106
2959,1584.4671547163023
2960,7826.627799752959
2961,2762.271078799134
2962,1094.6620115452072
2963,984.6184763372844
2964,2458.359033812648
2965,94.59761237311922
2966,3937.7831495653472
2967,691.8677204082428
2968,251.97944424559145
2969,5313.2800610130425
2970,1079.5243458462146
2971,51.203081317963566
2972,10004.555270482582
2973,10614.116911603234
2974,10994.785960737496
2975,447.85259971196433
2976,403.03998646772
2977,165.6443259364675
2978,1006.6964440055684
2979,2910.6212521434754
2980,251.44624952943465
2981,905.9180773702547
2982,137.8371109482208
2983,2149.806780365294
2984,7.708610450733193
2985,221.3684621146746
2986,165.62193848447737
2987,910.0304643935782
2988,25.957150854151898
2989,14.768966669788194
2990,597.4434866260036
2991,1714.938683712589
2992,3199.0215900311473
2993,7228.492494885161
2994,833.9032570737241
2995,3520.2103642700126
2996,3165.7298231358122
2997,2365.4353052457795
2998,246.37132166819163
2999,162.68042262351705
3000,501.47245492135625
3001,2786.1038616541223
3002,638.7481287624604
3003,2293.2570415649507
3004,193.1916033880108
3005,55.009896627419245
3006,2977.035629507737
3007,15.868386944960527
3008,1915.041943774152
3009,3204.3683989843717
3010,547.3001674283815
3011,814.4527351834039
3012,455.3552872637381
3013,729.8066198190677
3014,1411.2835678514496
3015,16.102870140938183
3016,438.82124302753914
3017,94.23580199652457
3018,260.58932574412154
3019,4.378467101491221
3020,597.3062974553519
3021,165.4122950998543
3022,2334.521303951586
3023,574.3049417477963
3024,47.13412380713947
3025,1353.0163631822672
3026,2798.798477692371
3027,3256.682966064249
3028,2310.5097072989515
3029,1406.3718692122188
3030,5.201347716217266
3031,1747.8018421504569
3032,194.27731509187535
3033,1815.4008574251263
3034,145.10172198116396
3035,1720.0819660769644
3036,1152.0147639807187
3037,4326.378120233932
3038,172.6665442978065
3039,660.5528853936062
3040,838.0736732339448
3041,1524.9908371500005
3042,1390.333151922081
3043,710.2882102515989
3044,1933.2594835742682
3045,30.446418946304856
3046,1790.0922673560476
3047,3974.9053767224195
3048,1829.2594645930087
3049,3.611849886271975
3050,3841.99538974972
3051,2855.8643297445446
3052,2751.6534584540595
3053,430.6993602415022
3054,490.3528403052995
3055,137.53353612427992
3056,6682.64463398589
3057,213.80998666638595
3058,248.8670313267202
3059,7145.3409831433955
3060,1499.7488737362933
3061,1213.448315454638
3062,4406.295618667091
3063,194.43937034285437
3064,740.8680321969362
3065,10520.949571290426
3066,501.63697012446806
3067,935.4408605623031
3068,6508.027423240998
3069,4097.298750762703
3070,2277.375952614902
3071,1977.8072568477562
3072,112.77998822725306
3073,2672.951093043834
3074,96.76358296463113
3075,304.9233727175434
3076,2596.699530587882
3077,2694.881549907099
3078,22.56957698292159
3079,217.57631514832485
3080,5280.311590479995
3081,305.9520663495353
3082,36.33706658093958
3083,1152.788240451208
3084,104.53628209975535
3085,1605.5347202405737
3086,3730.833796627671
3087,4314.286437436637
3088,2831.7436432634463
3089,1913.800565023364
3090,3120.832112321975
3091,2242.578217819379
3092,3144.1012044201693
3093,5.808558830883702
3094,8223.03450994582
3095,158.836211687069
3096,2451.0361618558322
3097,148.89134011549675
3098,40.013122592524894
3099,181.16451721587435
3100,626.0899355736715
3101,1415.0084298575284
3102,287.1955442847184
3103,1797.143015130015
3104,293.6120684733809
3105,1141.365240316993
3106,249.5989116684501
3107,1303.0336742612792
3108,1816.445165954244
3109,261.14956828177225
3110,4312.3377328349825
3111,1682.5613665985154
3112,70.58013765598315
3113,8972.986484794068
3114,2451.480876759612
3115,2992.601540410329
3116,2312.5215636092153
3117,473.8145690790589
3118,75.86254774660667
3119,1505.411779930461
3120,4856.433542113187
3121,326.2008351478622
3122,2359.3890524562153
3123,656.4115178905499
3124,872.322439375735
3125,20.317752341664647
3126,2478.7299624413936
3127,76.43011122340863
3128,23.18594461591551
3129,2030.419026521742
3130,912.738382476846
3131,711.2983254006269
3132,2068.506420813235
3133,3682.6582299008205
3134,2641.2262057125763
3135,553.8860164861337
3136,5738.148402708645
3137,26.397776956354296
3138,1992.3102098337722
3139,3271.893749625216
3140,800.0976271381896
3141,2530.5259121400863
3142,547.1028690542277
3143,1129.5571911292432
3144,1214.395205964983
3145,1639.7849546600005
3146,1507.2138703692883
3147,2398.9632197407086
3148,1828.5998015164178
3149,3965.8129731323593
3150,1055.5543251161798
3151,2204.1606128508943
3152,2356.139672509936
3153,239.93259377630613
3154,599.8570230671995
3155,2635.558358189576
3156,3971.8498925167282
3157,368.61526287083973
3158,1133.7579513653898
3159,2768.358963998316
3160,1702.614908987956
3161,426.81286817620696
3162,152.34361742795565
3163,5520.116520680743
3164,3223.014744061044
3165,4552.602576811912
3166,6290.706027284161
3167,360.7499250220141
3168,836.0639109514325
3169,236.45561940825985
3170,420.2112855787323
3171,71.85345130906228
3172,132.41387392688705
3173,218.58513023748984
3174,2486.4718358402
3175,618.8800311710386
3176,2159.617959784299
3177,1242.112489914062
3178,2029.9411771745927
3179,3239.4775691254067
3180,1730.71922284556
3181,152.52570993777275
3182,1396.8129432370647
3183,67.06894657226927
3184,37.79147068101805
3185,737.6607828900657
3186,429.00432538084704
3187,1358.93112224205
3188,1208.743591550995
3189,262.42118765894116
3190,25.30315590980065
3191,4404.911927783362
3192,35.471566304111654
3193,279.8238031923951
3194,3418.1997553979886
3195,201.47016617904453
3196,1241.092826175502
3197,4032.011085241886
3198,5293.813407564349
3199,1654.804434521066
3200,2987.0845864162047
3201,3100.690925816375
3202,805.2465189557367
3203,3036.786758024459
3204,1928.4559372698259
3205,54.66261222917319
3206,101.22733820585906
3207,473.817883762267
3208,676.8613447588397
3209,128.5803672722028
3210,689.228128358984
3211,876.8251221018062
3212,3160.0998320458457
3213,88.6898651456486
3214,3519.593392026519
3215,276.77538316266066
3216,1425.8186853212576
3217,1567.5542880179617
3218,1943.6593309808452
3219,217.56203201363581
3220,224.6532597824362
3221,142.402750349267
3222,4289.432290147706
3223,1711.3910137686355
3224,71.75560597188667
3225,1670.6733472546734
3226,46.824568179850495
3227,2288.171439162711
3228,4181.103226628438
3229,709.9178004738875
3230,701.5975231520713
3231,118.98653656498902
3232,3284.069149228325
3233,1021.0904015071948
3234,4088.6362205523014
3235,1269.6633763027146
3236,773.4742231374486
3237,18.02801059710296
3238,1297.3414321725618
3239,416.0109263357591
3240,123.62118667740467
3241,90.98912514740367
3242,1183.514033894048
3243,1517.4792747397526
3244,1046.3319136548528
3245,4049.440767004794
3246,2135.9754362754948
3247,356.5080270673095
3248,303.29859301441167
3249,5424.237742052604
3250,941.5239327417032
3251,9954.87026007486
3252,553.0684520011249
3253,162.78030671671513
3254,4884.833908951726
3255,1471.1387612611295
3256,3405.3993112169887
3257,298.99741038384866
3258,704.8041974150395
3259,81.25787635168732
3260,8103.137418767851
3261,301.5592897339105
3262,1500.3882374688687
3263,1141.6322370545488
3264,1350.6476229570574
3265,1471.6222760231058
3266,579.2923428437405
3267,2049.3086127635233
3268,1671.9803397346013
3269,1510.175216444768
3270,4770.815009314904
3271,81.02992608418897
3272,93.84190923545161
3273,2478.077164598669
3274,2.671609384324306
3275,616.5501103202756
3276,5950.467128673916
3277,2187.0246670051743
3278,230.9659705722821
3279,2441.388596479358
3280,649.4977010709739
3281,1390.1210053880889
3282,222.14360353307416
3283,2841.111420404883
3284,447.1939738019423
3285,35.5482525038867
3286,2214.8490506096487
3287,731.0086066970821
3288,814.6273860558598
3289,894.5206750390413
3290,8081.080712748048
3291,1683.0823569066229
3292,4179.87010749397
3293,436.79577398930957
3294,768.9878270213925
3295,2160.4323824995504
3296,8122.389817022538
3297,2575.4733774850724
3298,3506.928174300546
3299,1503.3876554831993
3300,396.1795545220806
3301,1382.979897147564
3302,53.453341301146544
3303,322.7601954509259
3304,4713.577003818827
3305,765.8020209521283
3306,3087.1731084866487
3307,154.15713976539266
3308,1700.4617434675397
3309,3979.910270506684
3310,73.82598849672912
3311,888.0954897562326
3312,365.8880762674724
3313,1187.2288111441767
3314,261.60923206833206
3315,2546.6013845038797
3316,4283.01617368499
3317,7884.520709623379
3318,8684.129971531609
3319,590.2512934894488
3320,1112.4761396970682
3321,2076.4166852050325
3322,662.7567962739845
3323,76.14735305189103
3324,1105.3752129901254
3325,159.54257896076942
3326,1933.7700638077208
3327,1931.037977867748
3328,3706.6453661790856
3329,698.6480149494038
3330,8.484646485934231
3331,2767.175405596993
3332,75.81734412990986
3333,73.04368092637313
3334,1645.411597320991
3335,1967.0542568971641
3336,1729.3303603159322
3337,5896.3098385291905
3338,822.4149788614495
3339,4866.335570877139
3340,7.5671581437997695
3341,2289.4285203452373
3342,148.01949875867183
3343,35.03834844270477
3344,594.9078001750192
3345,5715.620383672259
3346,4402.5994199774195
3347,2986.603135811516
3348,2074.8103641582225
3349,248.51126796958195
3350,4083.7003616410984
3351,3764.170671827189
3352,6655.026705715578
3353,3595.786158877102
3354,308.7697699035439
3355,1736.3311530303529
3356,3661.803953531913
3357,66.96667880592551
3358,29.311326803267576
3359,1860.850201706357
3360,733.4826783827698
3361,571.0930682758893
3362,13308.272724831153
3363,2503.9211995573505
3364,6990.479789850792
3365,2756.889013392117
3366,2807.312384558685
3367,2239.7786355348144
3368,4246.143346239652
3369,9150.849197965512
3370,1099.0234721581567
3371,2739.622602639673
3372,177.00214631111842
3373,10010.529324392422
3374,5222.132539356809
3375,390.5786582772494
3376,456.35751221201826
3377,188.7599394579051
3378,2863.5111461692973
3379,3431.6599285581538
3380,29.157548444641556
3381,1787.82493311519
3382,5399.173663336244
3383,3394.8091593529275
3384,240.89969792851062
3385,4314.382962531935
3386,1738.3726834344898
3387,2283.1896142134974
3388,709.2760438887717
3389,2063.2698959294216
3390,1972.4258823331397
3391,1849.253429728392
3392,19.89484966661059
3393,10706.364538861048
3394,1588.1830914636187
3395,1610.9405274790192
3396,3551.4721812187
3397,2003.0249789246368
3398,9.719352455153418
3399,1606.8558692867555
3400,2564.4709670684856
3401,35.85988472519381
3402,2234.580157894782
3403,230.84111585711972
3404,350.839288454303
3405,35.06238890375301
3406,18.415894512486766
3407,441.6700455945752
3408,325.4226276349895
3409,794.3874042118052
3410,1557.6786202332032
3411,24.365029773720046
3412,3595.5662918592216
3413,5107.210363264367
3414,1510.1141673883299
3415,1276.2153923226258
3416,182.44342260992025
3417,4244.190223138936
3418,248.3492150363002
3419,967.7301661249313
3420,876.0644406543051
3421,2438.5284438417452
3422,78.84586874654792
3423,6613.841781455826
3424,405.5448619995186
3425,1625.7745545096614
3426,884.1110075514009
3427,174.01104750841444
3428,85.63596013050432
3429,5179.760351306835
3430,324.6307656692794
3431,1248.7123097939282
3432,12138.718698975626
3433,15.857804696460109
3434,536.7644437458617
3435,75.47667625314969
3436,1099.2769249069574
3437,954.085048287379
3438,607.0687539164537
3439,1739.3834555211417
3440,1834.5576997233707
3441,2151.0066427463453
3442,1806.6585819926083
3443,475.2815940995041
3444,3597.278776487025
3445,1326.440836534245
3446,322.881530443778
3447,172.96344025535493
3448,783.4302945101215
3449,149.66748456125552
3450,1903.928259777886
3451,3495.309028299637
3452,3448.872357659202
3453,1471.6474043002947
3454,363.5703939771776
3455,319.61503051514427
3456,143.55912419898112
3457,11.074047145323185
3458,596.2655482345981
3459,2034.7877739713565
3460,810.4869148836533
3461,525.2729907606538
3462,300.506665343252
3463,3607.677182540758
3464,99.37965420151957
3465,327.9501726075921
3466,4057.2124911407855
3467,460.04916779595067
3468,1398.0372799929069
3469,82.56466125358573
3470,658.3485714385196
3471,1794.3674020750489
3472,5108.0550106699775
3473,2429.783912576525
3474,2628.546876587152
3475,5288.03601776113
3476,8902.830964414215
3477,8156.405471495628
3478,1988.8621479677622
3479,30.85708514787215
3480,744.6096948601526
3481,792.4340709678808
3482,2075.3763159637674
3483,3492.2993208903868
3484,5166.825400979721
3485,2691.8753585505465
3486,86.49450671766382
3487,336.27192467180527
3488,3992.0567899104767
3489,3742.4147510355338
3490,446.3359936224074
3491,2104.3996367794302
3492,2340.59355236363
3493,6283.92431221121
3494,835.6595597876751
3495,94.0262247927605
3496,517.3682409598646
3497,2825.4098440225957
3498,3574.808440295951
3499,315.27331121010747
3500,2469.7421598230503
3501,1280.4300759177736
3502,2286.6027091282863
3503,45.50294766953291
3504,3.8453328965457922
3505,736.894630444238
3506,4259.894477050508
3507,3462.021933164934
3508,25.821651668043668
3509,65.28730722573577
3510,1035.3406122161002
3511,35.711961952002746
3512,5273.522741024882
3513,216.40916146524245
3514,2030.3758913223562
3515,209.53530826495884
3516,579.5640396087949
3517,7647.546296281635
3518,4240.771632408575
3519,9465.44896564784
3520,3464.532770675415
3521,1445.7929478378207
3522,2174.705649415924
3523,677.3879461588759
3524,318.6841433522694
3525,378.7263718428205
3526,2316.6964209718385
3527,1507.4476175814393
3528,4336.855476061764
3529,5600.160297587589
3530,756.5386849455119
3531,1197.9572221494686
3532,247.20302939038612
3533,286.40166389969517
3534,3546.8001481661627
3535,87.30340433412313
3536,646.0654546846608
3537,21.533116352046587
3538,3213.412735544233
3539,469.501261638038
3540,413.6035652587543
3541,5220.618291890434
3542,707.1799134349416
3543,1237.4247054079492
3544,82.84194091967288
3545,87.77346276752652
3546,2060.1345054956505
3547,957.0547182151607
3548,2857.4432201322106
3549,2830.9893149979157
3550,988.6254352071128
3551,32.35039200726955
3552,9.594220947795726
3553,564.6988106547335
3554,1558.1637589265956
3555,621.8227845613229
3556,267.9594171405917
3557,1607.5389921945582
3558,2702.2397537300576
3559,3048.4639868425866
3560,726.1927827318403
3561,20.871804861165423
3562,2687.3695478699606
3563,1664.2983323273475
3564,761.5050783352126
3565,1930.2326008377663
3566,6586.254642369145
3567,659.3413399419402
3568,419.814463521533
3569,893.6210947946199
3570,1314.0992207356996
3571,1186.0760145954864
3572,2.892582352831169
3573,447.30021299735625
3574,755.2624917225636
3575,2060.974525075252
3576,735.7757294685252
3577,3070.677046053846
3578,2150.082729015625
3579,979.3807473294257
3580,3839.566465855023
3581,2273.285582065137
3582,9680.78224413518
3583,5402.143208976545
3584,1442.1512809446801
3585,92.98665926297929
3586,641.6324913086546
3587,5186.307973969474
3588,292.45837452043713
3589,620.8141496091317
3590,1149.2734222839551
3591,1617.163078150017
3592,18.6806031042687
3593,570.782325929445
3594,3898.2052868863734
3595,2102.9628197258967
3596,560.1455666170657
3597,676.2748883815971
3598,106.46813481884749
3599,180.10119630154034
3600,1169.4956022600034
3601,1561.294033865686
3602,684.9430197645911
3603,620.1576195898944
3604,1210.7923904400334
3605,180.47294820261823
3606,923.5184020477697
3607,1725.2369601980472
3608,1633.3468017041037
3609,877.3925715692085
3610,3.9901816506900714
3611,2322.776360073235
3612,662.7493711833715
3613,3131.4925258079484
3614,1548.5565222491123
3615,591.9541624846688
3616,3665.222250429217
3617,3571.986554387112
3618,244.328762992462
3619,2224.291941871897
3620,401.57427385988734
3621,629.1998977544681
3622,3933.0434500615706
3623,100.43460766349439
3624,2145.61325690917
3625,1003.3767968880932
3626,1681.5269592358256
3627,605.2798832166444
3628,115.0057161990109
3629,118.05835773695522
3630,3939.4182738165255
3631,10807.353807494663
3632,1892.3191753262022
3633,62.96613681915571
3634,1488.234270077951
3635,250.16058983795338
3636,552.7300317291218
3637,159.4265711736984
3638,34.03212051017582
3639,13623.378738074372
3640,229.84661106440208
3641,1014.301774612929
3642,2391.4835143832543
3643,5.0675194817249
3644,2226.823324133876
3645,318.60825044234144
3646,416.3523424883974
3647,302.5983341690942
3648,2035.409012917554
3649,2791.007864817897
3650,279.56666068306635
3651,1805.111670267037
3652,298.08542160550684
3653,116.90670858590346
3654,4209.596867283474
3655,4586.0116460200925
3656,3479.43564763099
3657,460.71926571827044
3658,393.42529053959004
3659,88.50356207455022
3660,145.4992181387795
3661,553.5146652846878
3662,774.901402608338
3663,150.13063373413337
3664,4380.4145228614425
3665,223.79528373320568
3666,885.5894515912053
3667,222.12085063079348
3668,5838.817484863469
3669,171.17121879254944
3670,3070.0994874262938
3671,5113.630452606862
3672,2435.8045494558583
3673,417.09617661926023
3674,2913.276495984256
3675,1933.479526823831
3676,146.4988115960583
3677,178.32246581764304
3678,1495.212848116836
3679,376.15709437055625
3680,2096.166756806981
3681,4825.330926072447
3682,351.2888742067871
3683,565.8373596818273
3684,153.972989207023
3685,2536.7254800549367
3686,3023.6185571966416
3687,131.8685343075793
3688,108.10239530305583
3689,11105.782220403747
3690,2923.3846798094555
3691,3940.1193421604185
3692,412.70712956781415
3693,745.4504305775931
3694,35.70094342537283
3695,95.17951440648159
3696,2925.043786821374
3697,1876.5774706614613
3698,1988.344302818306
3699,304.55951296667644
3700,128.1732053739996
3701,1782.8141894794355
3702,1825.2045038514
3703,2030.5964591752363
3704,929.2489277587415
3705,46.036814272778656
3706,2885.879701939303
3707,518.2893980742152
3708,600.1293440302779
3709,2517.5572976121525
3710,559.3368258821253
3711,261.61230381232616
3712,1170.917079157696
3713,159.51152953390982
3714,109.31031518601473
3715,3886.965386285038
3716,4187.124324055688
3717,2476.7419321889215
3718,751.3732252471765
3719,5862.9774411021
3720,209.17790020524225
3721,602.9475135352919
3722,955.319879152822
3723,2908.6184998231774
3724,291.8437283896714
3725,4206.661715772342
3726,314.01467449107145
3727,731.4406125511216
3728,2002.5674546705313
3729,214.67493248439322
3730,66.5479987179744
3731,3221.227146974018
3732,6740.521874215762
3733,1811.1277098719534
3734,2312.224384478685
3735,176.99260329813603
3736,374.0389517511712
3737,2161.4548304882965
3738,490.8731300904502
3739,5918.553914972008
3740,49.696727486339974
3741,1727.0125957027835
3742,1026.2916139176816
3743,11818.42608008931
3744,671.7600091019012
3745,4540.470501482486
3746,497.19711734796414
3747,329.5111194097292
3748,761.2254871472679
3749,1597.7599175240912
3750,873.4015074126752
3751,2122.331605170525
3752,1286.0054807812467
3753,3307.363123468004
3754,1009.2942719646334
3755,495.4276828755264
3756,1024.4778813759494
3757,9790.924690453394
3758,1902.556719068071
3759,4138.344778221229
3760,3305.140466560873
3761,4046.083585159277
3762,5290.4248987794
3763,480.54318218886146
3764,4964.795342163234
3765,603.9263734060908
3766,2080.042334025064
3767,2207.9613762037147
3768,187.56143852807966
3769,682.2648657912556
3770,508.8680703689224
3771,242.26285921077707
3772,122.40375119731463
3773,3781.0164453866873
3774,512.1486656617745
3775,223.441421352591
3776,1103.9739610301401
3777,2688.3375282257925
3778,1015.4082814677828
3779,1885.7882970626683
3780,1124.2246144278604
3781,1996.5788773418074
3782,1542.8307554253033
3783,2385.6432913886783
3784,1661.8919550383225
3785,108.97169657429693
3786,3071.2714865891908
3787,178.86272464972896
3788,3989.6656566139077
3789,390.11704846162183
3790,669.8330697563657
3791,1291.734420970301
3792,1149.3140141024394
3793,2448.6442194189913
3794,177.61732853338856
3795,1241.3327124247712
3796,536.0745353976968
3797,632.3979950726457
3798,511.2248992812936
3799,226.2630394439927
3800,404.7066958439694
3801,433.3909741279453
3802,2507.839416821576
3803,1005.0997585406349
3804,2738.6524344524214
3805,1307.9813984880843
3806,2466.472152315592
3807,563.5761962834334
3808,1057.4512844951835
3809,957.9584857404948
3810,628.0525791346377
3811,831.2784959066579
3812,5628.339796379958
3813,373.46802587969535
3814,350.38621609116404
3815,1261.8028540981952
3816,110.68308776778956
3817,403.6383356499203
3818,116.31909566404914
3819,385.07736111840654
3820,245.56089388393207
3821,2527.7055960499006
3822,877.6496668812474
3823,266.32660424850934
3824,1975.8689450631398
3825,128.7547129922954
3826,1506.057469993737
3827,9368.629207395437
3828,1212.290140262527
3829,5280.837781717496
3830,816.9565802473021
3831,833.2716121097699
3832,1334.1280579095237
3833,3095.789649642843
3834,5818.750483729751
3835,492.820182156709
3836,257.30509680492673
3837,835.4773829056079
3838,4998.903010286414
3839,155.12615557496454
3840,209.17622113625444
3841,1475.27112889762
3842,765.6970578146088
3843,66.29909967771817
3844,1245.4925848235753
3845,592.4155210286483
3846,2748.4982060704438
3847,4798.694768812712
3848,1528.4588254923824
3849,211.4383908852674
3850,2019.1001161107922
3851,25.400125006396937
3852,1790.461893834189
3853,1176.324573699937
3854,4006.499229322038
3855,2328.7167952155855
3856,1747.6766061241372
3857,1685.711515692546
3858,5922.645022994949
3859,949.347272998207
3860,4980.834810066413
3861,7195.324771714592
3862,100.92122050068211
3863,851.6007937262461
3864,966.0843223333231
3865,61.97907809581164
3866,1022.503118629243
3867,312.11710994014703
3868,9.72212736135405
3869,2215.221835654152
3870,285.78922394921284
3871,2235.25917442499
3872,1648.632276704204
3873,1723.801864430668
3874,8114.049618361412
3875,4220.351350259763
3876,1384.3400945835704
3877,2746.9864850285494
3878,3790.0364754580837
3879,11516.62156162682
3880,1654.404903302837
3881,6290.577178040827
3882,995.5989334546048
3883,1320.2914724312416
3884,817.9745615706547
3885,2235.2961797839807
3886,376.485049613312
3887,2936.0957344804874
3888,180.69665116615818
3889,444.22937406762065
3890,105.78117747640096
3891,1321.7605545539795
3892,387.6045016416333
3893,1498.7027461572088
3894,176.80388403168345
3895,3289.3418081833725
3896,399.06373279092594
3897,711.2621345266323
3898,6025.962765490258
3899,1417.4147638715149
3900,2167.4137311592413
3901,1078.6240359982833
3902,3267.945942430893
3903,423.59922644226145
3904,4276.908587919031
3905,13.479943947100201
3906,0.15553996177973006
3907,3293.576856557823
3908,386.1506759543819
3909,1821.1383246675412
3910,203.49058946635125
3911,3630.882840885981
3912,336.57344361865603
3913,2974.242560366421
3914,1059.023804937543
3915,185.19719816105953
3916,433.1684102128777
3917,174.12934851925638
3918,1257.179429882521
3919,564.5671944917974
3920,7140.288183707536
3921,6529.205976563254
3922,2569.09538818807
3923,1423.0830067965903
3924,664.2282192422869
3925,1876.1602014748644
3926,1223.587745047331
3927,8971.581190595021
3928,50.36806668608046
3929,738.7759864650351
3930,3290.3506172431885
3931,156.44602191128567
3932,1007.5065184118149
3933,716.7622892804068
3934,845.7331624033021
3935,1009.3004140356853
3936,64.84161083526322
3937,55.96779804694251
3938,444.4501050172379
3939,284.20679981490855
3940,644.8792560407436
3941,7944.392235599435
3942,64.98042247241999
3943,410.93669008376855
3944,280.6419141896225
3945,780.95897796137
3946,330.165848087351
3947,341.2014609796659
3948,20.429862655572975
3949,929.143045069817
3950,3113.344161505178
3951,4703.36040593271
3952,347.9117856881979
3953,466.37840131071744
3954,5657.574471114923
3955,860.8126662081847
3956,2105.1365592587017
3957,5935.388048319084
3958,1828.862279701571
3959,266.3049225331758
3960,368.88621711597057
3961,1783.9179154216101
3962,8164.476418522876
3963,1568.1419908619268
3964,1695.5237989169416
3965,955.5667059400018
3966,165.34336249553533
3967,5923.6813437360715
3968,451.0829279042074
3969,2487.2102418394243
3970,1344.3680649470457
3971,1949.985918314632
3972,1740.3817863608579
3973,348.3649342965788
3974,9236.346760449886
3975,1549.3457401175688
3976,2874.395189925455
3977,3297.4484229428745
3978,4902.79033537581
3979,773.9735751321051
3980,2436.5472506808223
3981,1872.127219439615
3982,896.8541133158783
3983,1394.7332513844015
3984,196.0721980377916
3985,2597.0651389403447
3986,120.17542085538145
3987,426.1705342592218
3988,2187.2560165344435
3989,797.4688846555547
3990,104.07236051821262
3991,916.4439580317154
3992,47.9113481963155
3993,836.1214193068727
3994,827.2777572113835
3995,1723.5072164614862
3996,1033.1199224821983
3997,5604.927690092845
3998,1128.3037689712542
3999,4624.968112121108
4000,8964.651491613424
4001,2521.43899354727
4002,475.50164253419575
4003,6421.693835199947
4004,687.1572562717346
4005,801.7050626987071
4006,1572.6706809246116
4007,261.1322371980042
4008,605.9230578114763
4009,1269.4459669837997
4010,1354.7691474249357
4011,6621.996110824731
4012,3989.701297239708
4013,3161.194675950967
4014,1451.908004523092
4015,5919.045310267073
4016,148.26935285369407
4017,1511.0075950986898
4018,2297.298740260213
4019,425.26690155740187
4020,2515.235290957145
4021,65.36318252908004
4022,4383.317048714197
4023,1141.3716665533527
4024,7191.561509444643
4025,580.0960052123967
4026,424.8574918381068
4027,797.7944172934758
4028,1074.0349071412625
4029,7425.303634790813
4030,1857.3431113721426
4031,569.7338175889861
4032,4596.748534657489
4033,1102.4013724897386
4034,759.8966229080711
4035,31.082561727049878
4036,3203.8903781546583
4037,68.09090867068471
4038,2944.264246176592
4039,2787.6910308443116
4040,434.8931743715962
4041,2150.5780697169266
4042,1154.4084791996206
4043,1920.9622942609203
4044,6835.343658646344
4045,8440.21524216561
4046,570.5431708473548
4047,5335.635226834804
4048,2377.8456358391245
4049,4187.126071649093
4050,5070.23841057349
4051,2564.431434477121
4052,5427.848189296544
4053,445.51382189709096
4054,4945.549126396109
4055,852.053324410208
4056,406.1721980815007
4057,2863.88085868383
4058,1786.7215073810614
4059,1136.091155763724
4060,406.0599447111971
4061,1655.466054598518
4062,41.95528667804124
4063,1022.1368897068054
4064,4160.947590373676
4065,2005.5957835931647
4066,4975.341774449574
4067,3934.45022200925
4068,2225.4249623691608
4069,1385.0899866237241
4070,987.1612874142563
4071,334.81481962089583
4072,292.718543477674
4073,6429.651563621997
4074,322.7925991824225
4075,1427.6245660476422
4076,2746.874395502031
4077,1689.5378805713178
4078,217.735672887291
4079,9377.352192162301
4080,1267.4806095885283
4081,52.541430299525864
4082,2575.030095167977
4083,460.0793812355544
4084,597.082549825076
4085,2167.951307503749
4086,433.56690069701983
4087,459.01472089961226
4088,783.6326435427516
4089,1128.778786584471
4090,3201.401103390381
4091,362.07563148612644
4092,1125.080956242328
4093,3253.41170813402
4094,980.9889421728668
4095,3914.4165447770715
4096,5504.701491344101
4097,2233.482969870394
4098,3796.2728237712295
4099,2033.1170066731977
4100,892.6935007959846
4101,1411.981997887249
4102,403.86740899917146
4103,2132.0962461105037
4104,9810.747897506188
4105,4484.7788874950875
4106,1345.889971631922
4107,181.24871313498662
4108,1143.5998530870766
4109,7703.404325825926
4110,41.09603891504674
4111,272.4462202851593
4112,3182.098198646304
4113,1669.4748692989713
4114,198.06517419433612
4115,2442.4317561916478
4116,354.55379294478263
4117,6163.822979890822
4118,956.1649845278449
4119,971.4816271694701
4120,4734.238870486413
4121,499.76267721106103
4122,326.13607665887974
4123,3785.8864875241443
4124,102.09127878582966
4125,1683.026509362098
4126,425.23142389501845
4127,7400.755835625352
4128,901.3263276059413
4129,1602.24139052046
4130,1142.3887954508384
4131,1939.7351620618927
4132,2040.9495880316351
4133,4274.3934381508925
4134,90.48433910238212
4135,745.8795349638273
4136,8309.356861850565
4137,223.04289155011466
4138,347.6774099773248
4139,2763.286091967952
4140,182.1376108082472
4141,3159.38634341712
4142,2149.94264560384
4143,139.71016561263409
4144,2130.021568102404
4145,2737.3881806388536
4146,4443.641639766596
4147,138.7093614435893
4148,695.3835787501802
4149,4271.793161732131
4150,4912.224316778294
4151,1689.4054676924984
4152,2996.5568802667194
4153,944.1374048289122
4154,1523.1195010893596
4155,336.8131190508715
4156,2985.4986956676553
4157,119.38720431834243
4158,653.6204879251893
4159,855.075082678898
4160,1166.312546690378
4161,6041.087243383417
4162,130.23965676750237
4163,2516.664838400843
4164,1819.144266599693
4165,3815.9662623688982
4166,103.1650885007716
4167,3287.3837062902135
4168,115.09156784387459
4169,277.67008055973054
4170,1411.0894766800743
4171,971.3402244299385
4172,317.1019936338839
4173,2301.51197063049
4174,1341.109583633925
4175,1941.8352443396316
4176,2106.099523748646
4177,947.592416153799
4178,3659.097993850303
4179,3297.616364557399
4180,3319.1920558433017
4181,2778.1563973121256
4182,5737.80711111662
4183,5521.7706197044145
4184,4591.5234000726205
4185,142.0930789549298
4186,1100.2566222000908
4187,1509.283634819365
4188,306.967224314806
4189,1911.1002708927801
4190,201.3202650430027
4191,1125.8190712061883
4192,344.8736883962272
4193,625.7301540916026
4194,597.81433724402
4195,989.7957156281317
4196,2028.6467874094435
4197,1108.9964483442507
4198,934.1580585634239
4199,809.6035000991836
4200,895.1652933561768
4201,1683.585590902232
4202,375.13235012162914
4203,3418.754840010129
4204,1063.4433758615355
4205,4815.4877712172265
4206,1761.0223393789697
4207,1137.2879284693895
4208,2293.304707505601
4209,169.15096498904674
4210,2565.3065244317922
4211,2018.6717969882784
4212,118.15784302989667
4213,987.0659303845514
4214,1423.7402742558613
4215,239.74327277969368
4216,852.8562781017852
4217,92.96643881256699
4218,1330.150911141171
4219,250.32047253162017
4220,1787.4601055516607
4221,1065.6358211729648
4222,488.4046092961171
4223,107.42631401405302
4224,487.12148253572417
4225,951.4243334612279
4226,990.2231830860843
4227,2420.3086366141256
4228,1975.7787172527492
4229,851.4647808941274
4230,2248.3194227267727
4231,3389.893421083399
4232,2589.301899472527
4233,4170.216824365427
4234,5584.560884848876
4235,3131.278641896709
4236,1127.702123793447
4237,1048.3818049841725
4238,273.0335157016566
4239,4734.08451902775
4240,6375.6314598464405
4241,391.4132572587233
4242,2913.430086241254
4243,1236.891839138035
4244,3964.155139018971
4245,1067.926097443569
4246,608.3092355397632
4247,8526.369775562276
4248,8305.768155873804
4249,1318.9122575846402
4250,938.9865494375372
4251,420.9804521909833
4252,793.9133890663609
4253,0.13903153816984246
4254,284.92609775080035
4255,6833.18918245504
4256,5437.754391266437
4257,1758.7953595158547
4258,3044.5537681592177
4259,2937.9057332632724
4260,204.01977749960082
4261,35.82730638968123
4262,53.53962730154963
4263,167.04309727801478
4264,2365.2120583062274
4265,318.3917303198772
4266,2205.62620315565
4267,615.7162382428959
4268,235.58227246924073
4269,760.2271422350694
4270,1989.576768647371
4271,3849.542174828357
4272,8317.257604137614
4273,8337.014373265252
4274,850.5383738264363
4275,493.7563554374923
4276,767.913775513238
4277,470.8133723643822
4278,7.333274710624524
4279,5101.23764842737
4280,962.4953231683091
4281,391.6923427050747
4282,1394.2885099695072
4283,1770.9527048984617
4284,3527.4820051093943
4285,3746.234899049282
4286,3533.458345410625
4287,2755.973189750066
4288,3313.021616712224
4289,5485.266204080905
4290,3916.401977267003
4291,252.228683071982
4292,2108.4218139282325
4293,4448.304096700822
4294,165.4525244669762
4295,100.71218851246861
4296,1311.6549136987933
4297,375.255414777609
4298,4916.237946903503
4299,720.3102914508149
4300,1700.6157063344513
4301,4171.092976497299
4302,584.0958142122236
4303,3656.851760103556
4304,1709.6248795918505
4305,5889.149628913019
4306,500.3606513071545
4307,996.3237226701606
4308,3142.0808058128205
4309,1509.7916096896618
4310,184.68856661976386
4311,670.4429686172502
4312,761.5002564992901
4313,810.8507283117576
4314,299.01748818736894
4315,3278.815155456167
4316,1441.884920127023
4317,1431.8955809198158
4318,1480.1539342830968
4319,65.08483711501363
4320,307.3225613435996
4321,1423.540285963756
4322,4212.078908776535
4323,1216.3823015079688
4324,3467.1350381622383
4325,500.00313795012056
4326,86.41775618164532
4327,94.52586185470628
4328,7.25739254366727
4329,2598.672630042844
4330,2901.6711609488093
4331,705.8868807482272
4332,7963.490070506676
4333,523.788881441093
4334,1000.2306516311035
4335,263.6472449194086
4336,453.3744582869594
4337,1205.4993191587982
4338,50.47881500325086
4339,6911.149091005122
4340,4580.383460944147
4341,3866.7033221155198
4342,1068.393926966068
4343,4078.5882577612374
4344,424.14774516096855
4345,2374.1058789292592
4346,637.2688166526704
4347,5452.294739966782
4348,271.09617664101165
4349,104.3017299805829
4350,5260.655933712773
4351,2475.418685878564
4352,2299.067523619343
4353,7672.3670766770165
4354,128.2208309203591
4355,3278.377267005749
4356,2436.8333534569924
4357,47.88680192856905
4358,2149.8321525559727
4359,697.1773233358447
4360,174.71680657121843
4361,515.5945237685822
4362,1672.2012860547015
4363,3203.5023252432993
4364,644.7964344418797
4365,291.7557324036707
4366,283.5282004957748
4367,4245.483994329212
4368,4325.034991618883
4369,115.71664594852568
4370,424.9102136825713
4371,1016.4390155786521
4372,554.7798365139696
4373,6623.053805563403
4374,2219.573353509756
4375,232.72744396473033
4376,740.2598342452887
4377,1361.0178114542114
4378,60.38227893201382
4379,526.3888855747739
4380,1842.2414658501498
4381,453.8245465287629
4382,2480.80301202885
4383,1312.8147075106224
4384,3089.4342374364423
4385,321.01762765240085
4386,1109.8126436723146
4387,1652.847355960903
4388,105.98652534989188
4389,226.44658096243077
4390,260.58166774676414
4391,6495.817102799918
4392,83.7749582051364
4393,1254.4139918807389
4394,683.6942284351823
4395,3889.408795976023
4396,390.0063661398766
4397,10737.86498356767
4398,792.3987755771001
4399,4034.4508554754243
4400,3792.442571798457
4401,2704.6675331381407
4402,124.406575626714
4403,25.687340499151432
4404,234.54748608260937
4405,517.5834173795254
4406,2341.009720411431
4407,4780.393029651988
4408,65.0713544071938
4409,1527.4379346213912
4410,1135.226049824532
4411,782.344748786068
4412,1355.3034891251934
4413,4308.656894739015
4414,3945.3325474144804
4415,1880.4787292657577
4416,246.5076532706866
4417,3922.550082883748
4418,1994.7268126807994
4419,643.5051479909871
4420,2176.1949172141753
4421,592.5570920282782
4422,4885.482500457931
4423,290.32683307003606
4424,44.48816021373122
4425,1054.3513177749367
4426,1140.9798942023258
4427,820.2606033032769
4428,292.0665541935638
4429,609.4835670179526
4430,903.2211536429855
4431,3313.6077828317166
4432,2552.2742062398484
4433,1729.1677077168636
4434,21.49687578731323
4435,5291.547761377087
4436,20.90035688092931
4437,902.9528923069471
4438,3136.914085672329
4439,595.8804295499639
4440,500.63380543599266
4441,544.1823958896688
4442,2314.0808500224616
4443,1165.5904082186605
4444,1151.3013233520185
4445,500.36462296999457
4446,719.2331255736284
4447,901.5944089039746
4448,21.816359330268796
4449,1389.4826928614566
4450,2418.1722279099204
4451,1829.189638286984
4452,2586.3620953879213
4453,1530.0376528377246
4454,2365.638741454418
4455,2761.8394644254245
4456,375.50045516851117
4457,5132.399575239874
4458,4934.16792278186
4459,1853.6734524810315
4460,272.5818554448535
4461,512.5826243309493
4462,16.943349828837285
4463,273.02174711683404
4464,95.98711776710385
4465,1725.4033742107308
4466,1878.9375656685143
4467,3599.4167901168894
4468,1532.6916358300587
4469,423.7314104811058
4470,185.4980810773131
4471,100.61853431552292
4472,7313.3206023285165
4473,2666.358118464152
4474,2026.3076499634144
4475,429.4258724152418
4476,1618.0484220801627
4477,8094.551731851347
4478,194.28513529887584
4479,1470.693110328367
4480,4571.645335553247
4481,1612.7671041291946
4482,6221.079651388364
4483,3270.108723079383
4484,5741.5848122635025
4485,4655.794482455876
4486,845.5919731063415
4487,1045.3806456558727
4488,2938.7782038771443
4489,2348.5956214177186
4490,454.636930326673
4491,4222.2843386634795
4492,3296.034918140099
4493,10038.727958596573
4494,1051.2076168031379
4495,2446.948997633043
4496,276.23656696118434
4497,2183.448781235118
4498,1360.9435181167762
4499,4175.95355138656
4500,530.0454405619994
4501,1890.2253195166563
4502,3197.952629575297
4503,1416.3648537734146
4504,1058.3845907847372
4505,2730.4959031697076
4506,209.8633764946584
4507,13.475357361629392
4508,2424.6256731688527
4509,1702.883767335127
4510,4083.9715493762715
4511,6683.037879551757
4512,7413.191083034611
4513,683.3193148851713
4514,800.9807445479427
4515,255.70045221397547
4516,186.84648076896408
4517,1635.515782899161
4518,538.7821927703161
4519,570.9329987010149
4520,2668.2529367098105
4521,978.0811095796967
4522,2471.781027490934
4523,9773.812480185668
4524,154.71750000697986
4525,2155.1390641277258
4526,622.8300283529189
4527,1851.1572144849627
4528,3509.9195723435732
4529,326.73313329926606
4530,518.9717714066632
4531,18.239244905912965
4532,758.9956484131931
4533,5152.239257497935
4534,989.5690388938795
4535,3644.8343418359223
4536,3029.309972015581
4537,2068.7383776722418
4538,4223.373627953564
4539,3336.465125252964
4540,7990.690510630173
4541,8788.91093294425
4542,817.5852737904755
4543,1310.420300757265
4544,783.2539764361543
4545,1559.2279901700688
4546,1017.0417162247526
4547,365.5319841162887
4548,961.1760471577329
4549,1180.5935219273258
4550,29.430709869625932
4551,904.9890487269083
4552,1640.8469024951255
4553,1595.430278503045
4554,683.1961326204807
4555,2425.757845565343
4556,49.461328225880635
4557,357.452767257559
4558,807.5066347824052
4559,5447.405135797274
4560,376.79776286862955
4561,63.5480197242822
4562,343.17037645912535
4563,2316.8904283615952
4564,3026.85940306961
4565,5179.493093859437
4566,1711.799736194832
4567,677.61323588896
4568,3606.0321833130206
4569,5784.126284089005
4570,1408.1974381193822
4571,614.6637971348948
4572,167.92545867521554
4573,376.63620483388775
4574,1723.1657854135497
4575,1482.187788298659
4576,439.33989964774696
4577,2227.7042462663258
4578,353.90446073289394
4579,3062.3100080474783
4580,2907.7894731659703
4581,1254.4557176231365
4582,2556.8883384929345
4583,133.81530659627367
4584,2334.032627073231
4585,180.8024420878762
4586,1022.7751666439108
4587,1085.3376866307713
4588,288.8656131084824
4589,1811.1903671225882
4590,699.2199943070236
4591,501.28831298325457
4592,1161.2570305431102
4593,1746.7623958559018
4594,2445.989193240817
4595,17.045926784385873
4596,3198.2611181101524
4597,705.3200991483649
4598,4472.753737769424
4599,976.0285485594422
4600,200.511527708776
4601,320.96551098930894
4602,247.18327939973466
4603,399.26025343089987
4604,171.13476096012445
4605,258.29893140588797
4606,140.73055929460853
4607,82.33024363521902
4608,466.8250702306956
4609,1230.1010307156087
4610,5784.397139280518
4611,1142.870110019178
4612,3914.3554788509405
4613,629.3316187820626
4614,1336.380365662204
4615,25.585701107651772
4616,3376.4712636519407
4617,8094.371188833484
4618,321.7397695084051
4619,5500.700646882492
4620,296.22506217423626
4621,1232.7206518486146
4622,1064.4783483193228
4623,211.96183864510942
4624,3632.87014192748
4625,734.5943834493725
4626,1993.5969389636493
4627,608.7945347838663
4628,392.8625231173415
4629,2803.420246286513
4630,30.007967181366826
4631,1891.0528015532946
4632,1374.5483735382095
4633,7042.556295794386
4634,1070.1416850522728
4635,863.0663385836273
4636,4067.7932726413524
4637,13222.231534267734
4638,485.7035290402274
4639,1111.6627390699323
4640,5849.081055861776
4641,4473.2541349186595
4642,2749.2378798524296
4643,2193.334496312012
4644,6000.057852844104
4645,1999.1094869357637
4646,2254.838623645175
4647,454.0813560263569
4648,31.17152144277754
4649,253.71061311920698
4650,2968.067726832688
4651,1196.3114266517669
4652,3374.519572900875
4653,403.93597793526004
4654,1600.2602735410555
4655,3217.987956697441
4656,2630.7686885130656
4657,617.2745967081748
4658,7214.196479430038
4659,110.49424996849744
4660,615.5511549697601
4661,412.7363618690026
4662,1065.4565443536965
4663,477.0177886570561
4664,3901.9199910762104
4665,607.7121941581197
4666,4976.688672221835
4667,505.7740689740536
4668,427.2741167929628
4669,4238.869998091516
4670,6967.613766078506
4671,3445.8865783009005
4672,293.9042871193059
4673,865.5641081632771
4674,591.8119887230932
4675,867.2959791056453
4676,2181.5154474149
4677,3678.0289435526865
4678,337.658209466295
4679,719.2821104470863
4680,2498.4633255003587
4681,907.5362917945387
4682,643.9010296249976
4683,887.7663622412516
4684,35.40358309385058
4685,1800.9383078715412
4686,2992.8725963519505
4687,1654.0527869013297
4688,93.04143313442826
4689,3482.9406642107638
4690,1172.645812038553
4691,110.38322089915334
4692,5196.975994250209
4693,2706.0244012105572
4694,435.28805664769044
4695,165.12772076658857
4696,1039.5874873113817
4697,620.6711145084657
4698,336.2811517062528
4699,2654.594913234121
4700,715.1445666852475
4701,277.835103157584
4702,247.74364381712778
4703,388.001310647075
4704,260.8167556295723
4705,216.698191125859
4706,8.530259219200387
4707,5111.972122250895
4708,4995.655661093092
4709,2083.62906338306
4710,80.39471628788334
4711,318.73845876468914
4712,560.6791883625176
4713,3042.455654197389
4714,1343.563849111373
4715,3106.191985283467
4716,401.071662143055
4717,2400.996470721906
4718,4048.7424796709274
4719,285.8387429055824
4720,512.166275624717
4721,188.02851841501848
4722,8958.163369999857
4723,1624.9746381816428
4724,558.5467233704154
4725,33.56091084108406
4726,3159.93113969962
4727,405.00066626384034
4728,1463.9974291608312
4729,530.6707133809554
4730,3252.103092485527
4731,260.90259043380723
4732,583.3358818384944
4733,3081.5395312618043
4734,930.2361835414706
4735,4130.060048984847
4736,1404.9909217882694
4737,780.5476109362241
4738,5523.193654545268
4739,1178.3636309858443
4740,2599.5168079924965
4741,3206.8943442259533
4742,5933.52486089718
4743,179.67147772342267
4744,6356.7354912115015
4745,799.9660051663486
4746,936.8685774216175
4747,1867.1298248315013
4748,153.60914253945842
4749,165.497057645832
4750,6.542918502774892
4751,37.397546916471555
4752,3395.0831785861924
4753,6934.28710328574
4754,1648.7468873874823
4755,5629.081799590006
4756,386.28134836887585
4757,2450.6811260885984
4758,2477.552435164971
4759,1647.6833725520228
4760,973.0141317483213
4761,1773.8429978260351
4762,17.630343544392773
4763,940.2373762890888
4764,742.9377144439162
4765,4102.334090547023
4766,725.3454377727843
4767,61.80013114540283
4768,50.20779740976565
4769,298.49992710248085
4770,498.99181133272305
4771,5389.509380687075
4772,426.783431821839
4773,4565.717171653871
4774,5490.364538343735
4775,4731.172292185965
4776,5912.194883595664
4777,2969.0753452139643
4778,2460.643427126954
4779,637.6166657847106
4780,13.228502287692741
4781,1697.220487727283
4782,2280.8834139204255
4783,1139.948945750174
4784,4651.030087786842
4785,2316.297153958024
4786,1639.7619234129386
4787,1372.9960192465498
4788,4707.028237810089
4789,3073.6152828119193
4790,1757.2291590048778
4791,1816.4505120458005
4792,4126.498867359621
4793,2765.588502725013
4794,1106.0814390890332
4795,3008.13037375049
4796,4864.7247906793755
4797,5.682468219242012
4798,3857.8595218365185
4799,1483.5822014673108
4800,2851.56922036631
4801,205.64499559760475
4802,812.4273034054578
4803,1562.0026188133997
4804,3510.366752018067
4805,5900.023792661972
4806,615.1342699419463
4807,2241.2584732323553
4808,4804.750775325769
4809,469.25228166050846
4810,3382.7906453027854
4811,906.9904154061089
4812,2072.6186858974997
4813,2384.792011505884
4814,78.2366445291396
4815,1743.139159838108
4816,1365.1736650313594
4817,3934.4702583647595
4818,1104.8056969763231
4819,3074.3210830565863
4820,219.85876308244136
4821,128.30364539382813
4822,3688.245801887221
4823,12.565357992838592
4824,5810.932485725576
4825,276.9291304603065
4826,2118.5218147852474
4827,1556.1733405453242
4828,4692.37832923259
4829,3769.241044639754
4830,2812.605553020256
4831,3020.1860655389723
4832,5256.502111504581
4833,1841.6228191868704
4834,5323.372747337249
4835,1732.3668540110245
4836,592.0366775400996
4837,1825.9678732592372
4838,1241.0512067943519
4839,1414.546931273998
4840,866.1522042380212
4841,686.0510413833345
4842,4914.866993381898
4843,903.4638321712043
4844,3488.965082851627
4845,2348.789174705936
4846,363.1026345057511
4847,36.118690805607
4848,2178.9777384078534
4849,602.7368555279386
4850,1918.9620542776054
4851,2045.0564969144168
4852,2170.0298223237774
4853,159.87872538291575
4854,1129.5990069232155
4855,353.942794888887
4856,1755.8933261861316
4857,261.250223167898
4858,493.5620161420072
4859,139.56652370877347
4860,109.95179823952485
4861,3902.92430305608
4862,5038.546499380534
4863,500.85813961690144
4864,45.75590578352653
4865,1628.2073845393793
4866,1447.5890281992238
4867,6900.686858973365
4868,323.33769411334384
4869,592.1915857902924
4870,2678.767668047475
4871,4490.426829371889
4872,4497.888745450377
4873,3840.569397832963
4874,1001.107498983578
4875,4191.477393135778
4876,118.51749460959714
4877,452.74282037378157
4878,2302.4332311625235
4879,2037.6644413477266
4880,2281.2975694938027
4881,302.11853603945696
4882,804.6197363357688
4883,4332.437654785732
4884,918.6239491620576
4885,439.5375970514137
4886,814.4973441960716
4887,4665.4033963567
4888,687.3087937791482
4889,5247.256272675935
4890,95.54462809836375
4891,3151.0475009110987
4892,416.6076435505083
4893,4582.893442513477
4894,3082.1506018440537
4895,6.556421577836022
4896,221.6378532599614
4897,1760.2870290805256
4898,888.1573612187435
4899,3535.8023945606474
4900,7.919242747956022
4901,7606.643497678889
4902,606.5881545639268
4903,3787.6317367870015
4904,154.4584617240356
4905,5104.379495076863
4906,1156.2765780682125
4907,6846.855174706151
4908,5525.419983319705
4909,1206.7506462179956
4910,532.0867442986452
4911,4458.188970552728
4912,3401.669178024867
4913,2754.4196599248885
4914,4431.86026811627
4915,818.2313013035566
4916,1164.8677145912256
4917,471.90409226043784
4918,1431.8488881604799
4919,160.73660521115715
4920,927.4834647870047
4921,4333.1146340944115
4922,637.6529521704402
4923,3967.145451260935
4924,5929.532683452541
4925,803.9204346779059
4926,920.7531742094086
4927,4455.0819702006
4928,5145.809611881791
4929,2009.0556703316227
4930,4788.882738906989
4931,4938.788444618449
4932,2565.602844582008
4933,6005.4514064207515
4934,3502.106238155674
4935,1025.7877793445882
4936,145.89830619360683
4937,3412.361464919847
4938,364.918983567594
4939,75.78312148600594
4940,2091.6580806431252
4941,2846.1767440195167
4942,83.62774346796999
4943,522.6545867355088
4944,1539.6258589252857
4945,4639.39614192841
4946,1165.4882182840172
4947,1616.841630709919
4948,361.0687881936128
4949,3056.937758080255
4950,1637.5462293979415
4951,647.2518396327247
4952,3089.3504134898217
4953,3406.0818503567166
4954,2123.766788452457
4955,669.1033726320278
4956,629.2752544083513
4957,537.0437024304723
4958,790.272916566679
4959,1423.7783211860778
4960,612.2347364224264
4961,4844.147252562914
4962,725.8263728776948
4963,4452.03872556301
4964,613.852829613966
4965,6.952119413969048
4966,1811.5557997828369
4967,1904.5322886930833
4968,1159.9967035165057
4969,4625.948035612138
4970,735.1952041956035
4971,1048.8794116777476
4972,2122.496685167952
4973,1189.7354348860383
4974,7472.20196147754
4975,2968.1771669371124
4976,1774.5140084142533
4977,1752.8808842239428
4978,117.12558188913951
4979,870.6956715691962
4980,178.77379709612086
4981,8335.17213446775
4982,3910.2674766477367
4983,5416.98161107062
4984,393.9024841093151
4985,1544.7040441318268
4986,1390.4567775860105
4987,4893.08851674847
4988,7245.280059269025
4989,5302.138376265148
4990,1938.5835060091006
4991,1835.0297513979422
4992,192.7327411097219
4993,2936.039690792224
4994,1326.883647581033
4995,10.72542228196676
4996,695.144398679794
4997,1053.3942402241964
4998,4092.3784080575483
4999,962.932237567732
5000,82.92286580801928
5001,671.0365186736931
5002,64.04652879314496
5003,6780.79056134064
5004,2993.066395581561
5005,2713.4236333041727
5006,174.0055723758084
5007,2617.189750182772
5008,2762.4473167944866
5009,720.2007353872349
5010,785.0241689508555
5011,3579.5047954571046
5012,999.2441845033536
5013,2233.9797562030003
5014,2125.6621405358405
5015,4755.985499380537
5016,389.5693937532838
5017,5790.5467260793675
5018,1600.246774884521
5019,19.683203855408856
5020,462.32303470690533
5021,6973.993327820725
5022,698.9375014505952
5023,2109.806718865167
5024,1580.4685277554588
5025,704.8800180082546
5026,2146.186596117647
5027,624.9023527288975
5028,290.5400269788786
5029,2978.9510149324947
5030,708.778788196293
5031,3250.2267265852142
5032,4477.165336847088
5033,99.45052120170074
5034,2589.0285395923597
5035,315.6992011282081
5036,211.399453124296
5037,1830.5937431564987
5038,2540.577682707828
5039,126.76423657990155
5040,647.3003593011107
5041,440.3802806656692
5042,6.369253286834067
5043,582.2309859163864
5044,1271.8220041810182
5045,3095.772981451151
5046,1792.7777579095475
5047,79.02491188808682
5048,3005.38421596306
5049,3075.6672538710986
5050,2727.4173707583996
5051,150.98482259778936
5052,231.72816411095198
5053,2084.547275237753
5054,167.03933256879174
5055,6500.373582621408
5056,932.2443032281788
5057,4656.93877145965
5058,1269.5685420635384
5059,1228.2934533884472
5060,278.7756649346084
5061,3618.6613117853462
5062,3125.1876148019564
5063,1478.7543771247967
5064,2745.9239144121166
5065,1124.7419249579673
5066,846.8206855750301
5067,100.3313371772175
5068,2076.825313782589
5069,424.4385485535797
5070,35.79519522526644
5071,163.5450862346464
5072,2645.002741788092
5073,4872.598218328229
5074,587.0058506093909
5075,2625.6506759088697
5076,2189.007217620439
5077,4085.5710254095366
5078,3032.7303662692266
5079,2226.596668829084
5080,5519.759849600146
5081,1301.5298479981916
5082,126.48512095706263
5083,3749.9630131653444
5084,1853.2968175645724
5085,204.3920545614505
5086,4823.242305777922
5087,2683.2261655712105
5088,1274.8876839847126
5089,83.82619903779234
5090,1580.116199330028
5091,2279.8237989740383
5092,358.6919618811849
5093,1832.8704995604614
5094,183.03295856231682
5095,1774.0472864665985
5096,921.8328069031896
5097,5618.012619718462
5098,824.6380204682456
5099,8377.35420344552
5100,1878.5759080792784
5101,1723.0943274493893
5102,110.94062291452843
5103,5419.630782103621
5104,809.1250686466622
5105,3710.736630276365
5106,379.219729512304
5107,4523.954504761421
5108,370.28179931815845
5109,603.9539779712217
5110,781.8805620354296
5111,2262.9695355393146
5112,965.1854791984357
5113,2548.944718964773
5114,922.1106454242926
5115,4131.710655589402
5116,3585.6656467470616
5117,106.17528796509488
5118,2064.2706613097603
5119,6278.535727475621
5120,1445.6576130063672
5121,49.8289048361433
5122,890.8525650812375
5123,1050.6739387741495
5124,884.6608226838234
5125,396.2064312080133
5126,480.6985394002431
5127,651.3419735958166
5128,355.3109385249212
5129,3687.11771779265
5130,4715.263386522577
5131,1109.9631797393383
5132,28.60772751788972
5133,2626.6790023348726
5134,2416.690555238208
5135,234.66715676203575
5136,3644.6283286570665
5137,4641.423891729053
5138,1470.6394983445903
5139,1122.6865941139542
5140,3118.816332954063
5141,285.7668242139876
5142,5268.081658563951
5143,3114.9491847344857
5144,6082.078491378884
5145,1615.5305579098579
5146,1013.4702035802511
5147,427.8714619882057
5148,2956.300325183328
5149,210.26034767140624
5150,681.6890706069637
5151,3614.77458220027
5152,5645.312179106977
5153,5721.275961097883
5154,891.075402197949
5155,1399.5214956143154
5156,1596.442148690303
5157,899.8792404133094
5158,2597.5398500430047
5159,6399.3285840237795
5160,295.85597926712495
5161,1104.3598915122298
5162,406.9091529197907
5163,2484.3142018192075
5164,949.8535443086363
5165,5633.592271794681
5166,3002.636715322075
5167,556.7615948629149
5168,6039.351500860563
5169,749.5187743183799
5170,621.6170560327391
5171,1184.729756704212
5172,4601.072362077591
5173,3832.484129045088
5174,4250.7968075574645
5175,3617.5119638524816
5176,2800.9849267968593
5177,250.72726570247963
5178,689.7426032553429
5179,4717.319620490485
5180,4660.162055956411
5181,711.6915520599235
5182,5.216167951235341
5183,283.87981964240464
5184,7810.313073707391
5185,2348.7775929422896
5186,241.023290926567
5187,913.354766249524
5188,2815.001029543617
5189,2069.4436753843106
5190,2138.3022340278826
5191,709.3278746060519
5192,3820.6471225699865
5193,483.057855926323
5194,381.14888189607774
5195,3796.171339937475
5196,3586.0012410075783
5197,69.87036050621087
5198,4285.183630131011
5199,132.64128284797994
5200,57.88531535071159
5201,8179.321305332004
5202,1333.105139440094
5203,2468.733249559453
5204,451.8450847914419
5205,190.69026662177924
5206,2736.93791076324
5207,603.9925552554059
5208,2297.0610499962804
5209,111.09228308906175
5210,3884.1693734893224
5211,1244.39696741101
5212,986.3828529757022
5213,4194.782119896625
5214,2733.217538262887
5215,4175.117117431823
5216,1561.2215487408923
5217,2666.087798494209
5218,4568.032746300138
5219,3834.6068980333393
5220,2281.3298726849093
5221,3872.6709987127
5222,505.9722468606396
5223,1692.7087654047618
5224,1866.3398038608896
5225,91.34152893280202
5226,2325.5781829335697
5227,4117.58122084306
5228,2946.5840285784016
5229,535.5528052205519
5230,2498.880006026078
5231,4758.733806923454
5232,463.38110962309054
5233,385.10501672516966
5234,1109.4292007247377
5235,1788.2345893798959
5236,1086.6198856025317
5237,2567.2623888326316
5238,3871.6853273632955
5239,1726.486318689923
5240,1800.1384266784112
5241,1426.5030200863162
5242,1755.6458984463552
5243,3105.469391970859
5244,3194.013581617799
5245,1090.2344896164889
5246,2106.0141007047373
5247,265.55902625839235
5248,2980.4362724185894
5249,883.3929560366735
5250,882.1453602114022
5251,930.0553314720763
5252,4433.99310867616
5253,443.6780017176468
5254,266.15544389963594
5255,110.18386366366819
5256,228.5058923365534
5257,5390.297358562505
5258,823.5570349277631
5259,2765.854545580215
5260,410.41044537151396
5261,3270.5564721987353
5262,1746.28483657009
5263,660.8757124186327
5264,1361.1496281659172
5265,2625.202015616896
5266,720.4396315708492
5267,2179.0758221896504
5268,464.22822470753715
5269,1119.4409933851098
5270,1444.8547354166606
5271,1152.1509266524056
5272,1250.054907744257
5273,6006.138420055531
5274,899.3579970095487
5275,2325.28987159725
5276,136.38374924102956
5277,1325.8421624398609
5278,3877.375442125047
5279,1669.219294539265
5280,1252.962403396693
5281,3222.6347151096306
5282,599.035922932908
5283,5140.629387562387
5284,933.7457611950647
5285,4765.952023001657
5286,1418.215461504887
5287,1247.5535986575478
5288,31.899618656164982
5289,1804.8414161790904
5290,28.370891246810853
5291,166.71656334014483
5292,3470.4017922582684
5293,17.273146794743603
5294,126.87884482946504
5295,3557.074857144482
5296,4251.236640869379
5297,1950.4196619880286
5298,4471.970198374331
5299,604.1955182337662
5300,4140.185569821633
5301,2571.1123765219104
5302,3985.011624561164
5303,341.1718087143857
5304,5913.411295512397
5305,1957.1105511026594
5306,3968.1038271517928
5307,5063.417878824009
5308,605.9040214294844
5309,875.8192080450032
5310,4817.073483719233
5311,495.99744833775304
5312,2870.0746018103146
5313,878.5934112781513
5314,382.46793908786316
5315,6835.621730189966
5316,68.3830771619923
5317,5044.390557071831
5318,1624.853587466122
5319,510.1916585945123
5320,5361.172320798482
5321,2126.1253955908824
5322,1758.4652880475714
5323,5068.120079378284
5324,3938.135396795337
5325,145.76738590772655
5326,9211.273005543606
5327,1757.1701725502398
5328,1.2069933659558982
5329,335.1111030403885
5330,98.88613094364989
5331,179.90068082197945
5332,4454.822150339836
5333,1036.6082370932213
5334,5029.926832528222
5335,3055.2579712970432
5336,458.30189143643753
5337,6188.288968999451
5338,3632.645791980866
5339,3323.9173056658533
5340,2124.574516493702
5341,7597.095854372433
5342,3053.6124106849056
5343,5543.6904501793615
5344,1428.6175188613408
5345,2661.157284029482
5346,345.45177447117277
5347,3475.35973260176
5348,162.03623165767263
5349,455.20536466578443
5350,362.4690671023833
5351,1351.2762904688484
5352,3019.639556588618
5353,33.84339158326816
5354,793.46756952799
5355,1392.7885286537946
5356,419.9308130348904
5357,5460.64121348943
5358,5075.604426679068
5359,4119.572057489083
5360,6.204631055950231
5361,1102.594961266505
5362,1043.071998181035
5363,1598.6652268086987
5364,2750.4795238097417
5365,380.01905063936874
5366,1082.10210723352
5367,2422.7925930010397
5368,1.605307423993571
5369,145.90291174389756
5370,3820.8590071406197
5371,2182.8934574533355
5372,4477.1710939292925
5373,3829.193474725962
5374,540.8131676123596
5375,4379.485875406772
5376,4728.552001969414
5377,6115.351580699229
5378,1915.389638137979
5379,1046.6464388894349
5380,2307.694128224457
5381,2756.5594945133057
5382,4852.17604938048
5383,4920.334098523473
5384,1052.6153258409738
5385,1468.5414687961243
5386,1604.1223641875295
5387,87.3404610808379
5388,37.124831801775436
5389,1001.8968121263595
5390,778.24707149685
5391,4145.900417886242
5392,5172.754109482728
5393,2310.5992199626335
5394,81.74458791693564
5395,1077.9263411077568
5396,3047.2553337767567
5397,325.2943502372564
5398,5443.288358346713
5399,6858.687397127239
5400,504.3287517471768
5401,5203.252124245211
5402,2628.690361508667
5403,967.1431730562642
5404,4748.549148385553
5405,2939.835173785437
5406,30.55672821009912
5407,393.7426721832605
5408,2127.8487268167037
5409,15.831034535774135
5410,6935.830973417392
5411,3481.216499124911
5412,2689.9632519876277
5413,491.6246923749151
5414,93.67407599309506
5415,1010.8475202828639
5416,5692.089272214173
5417,2400.1887278563213
5418,53.55939073807944
5419,4824.946832392449
5420,4401.687144646642
5421,4962.955870885486
5422,2455.5079645786996
5423,2334.9898820465664
5424,3004.0583102510973
5425,2196.604877185717
5426,576.0893137968135
5427,2536.5245249860413
5428,541.5939855269118
5429,954.1403551307098
5430,3288.172303310204
5431,4994.2225154712905
5432,3533.0871925493598
5433,5695.691666110214
5434,337.41447145075716
5435,2531.97738839283
5436,4491.052727936036
5437,4782.610132228332
5438,287.7055361703333
5439,2048.832131707844
5440,402.8375157814012
5441,1230.8194265119382
5442,6312.056219677922
5443,396.78248019369494
5444,1028.8302069705471
5445,215.37287799808985
5446,3228.134158561555
5447,3891.8466645738495
5448,4251.721287465732
5449,1719.3524850379501
5450,1187.1761458905764
5451,57.049023129955124
5452,195.48045893414061
5453,3921.4901657692017
5454,538.5233515781474
5455,4685.112698308515
5456,2698.0661095728647
5457,1749.7703069359304
5458,208.95776375287335
5459,2457.1746160827215
5460,696.6540039247882
5461,406.6707914940699
5462,37.62394000352718
5463,744.7184363664787
5464,1431.038835698292
5465,3772.578879298671
5466,3319.153985334587
5467,3113.14409484335
5468,1397.0853112153538
5469,2069.504638318069
5470,3059.7643600835954
5471,1012.178340301965
5472,4402.876923274171
5473,5020.50428581752
5474,315.07190889620443
5475,2741.66036666044
5476,1891.2984814672784
5477,1618.291677112249
5478,2470.5998826965974
5479,17.060949725275158
5480,1268.653487546129
5481,1871.4934915684548
5482,360.70731604610074
5483,3905.4212255923826
5484,17.74190924090607
5485,305.1124047728999
5486,2445.9852221214783
5487,1880.7555436096181
5488,1056.1672038027668
5489,91.40606436344129
5490,8.876700583441677
5491,3584.3385226929395
5492,1993.8713438768802
5493,1257.9533749602042
5494,198.9224413363329
5495,387.91463197267296
5496,2542.1717457728687
5497,7183.584858396366
5498,26.298088358863897
5499,2586.4509902032487
5500,871.6110366107531
5501,3462.2741617265992
5502,111.72394559821572
5503,1812.525673133774
5504,3920.287124024073
5505,858.3511244000588
5506,3914.0683303951473
5507,3245.1867787798615
5508,613.4323027632996
5509,4380.248262336008
5510,2.466981916170636
5511,1815.812724082844
5512,935.3034876902533
5513,7.890198390491207
5514,456.2547771225752
5515,1621.1406520652972
5516,343.75756641449595
5517,1788.8938881752417
5518,3848.505805099911
5519,3986.0398697164173
5520,793.1768526377651
5521,679.8361021231973
5522,613.9562221749181
5523,4329.482984231638
5524,3413.2364766534943
5525,1509.125614178353
5526,540.7222772490409
5527,7060.947866002385
5528,994.921970874395
5529,85.55475675479872
5530,3677.258663358965
5531,603.9335216169972
5532,809.7559280613524
5533,179.6817064970208
5534,3282.8996941857454
5535,1799.403504290819
5536,1505.9339997736488
5537,316.74356984845264
5538,552.0274079797341
5539,652.6701034292158
5540,5076.798150623556
5541,726.5513736916415
5542,3610.0740560901995
5543,2796.248469423736
5544,2053.7070593936864
5545,2925.4298369068424
5546,3229.0991931287567
5547,2894.3211548450377
5548,614.1048354863635
5549,2438.1561259574646
5550,271.31644401953366
5551,409.5205856297894
5552,435.5530204523254
5553,5930.210551140175
5554,1079.0391830550304
5555,4972.141726453519
5556,412.4451021529141
5557,561.7085189349888
5558,2799.8771735703267
5559,2347.032890465551
5560,15.69767139699616
5561,5523.673938363236
5562,50.717368481892436
5563,5582.217947051171
5564,12.518311337799044
5565,2612.439653154737
5566,412.09961033249186
5567,1964.7605494085292
5568,130.5300706763309
5569,984.1057990992562
5570,6412.155356294239
5571,5260.690556490587
5572,3550.952877699804
5573,7739.653117199106
5574,20.659695566493557
5575,1942.3188328482793
5576,3625.4682017201294
5577,1438.8140597308316
5578,1866.6608196808954
5579,1249.7263079301797
5580,612.6026771428958
5581,390.6106801202256
5582,9.9645757566039
5583,55.5125712106776
5584,1436.3594683693407
5585,2479.9546556770247
5586,3709.1395474187134
5587,2988.1183501735327
5588,1530.6441279264643
5589,2530.4387214761646
5590,443.4474779580874
5591,2915.033292525317
5592,2772.5440379320794
5593,3380.3127542082393
5594,4884.0987423569895
5595,4776.130820381552
5596,6227.997437383121
5597,2615.27118993522
5598,3431.3680956219264
5599,1086.1075676231605
5600,1978.9842315156573
5601,938.3349762630819
5602,2492.7828523326293
5603,922.0670594030723
5604,1486.414900584969
5605,5033.018654057222
5606,308.7852891415579
5607,1404.5405176982606
5608,4795.4304911306135
5609,2480.270325862207
5610,1419.786153963289
5611,784.0446842069653
5612,2207.665274036683
5613,2042.1371838725945
5614,4756.287004773157
5615,926.4793099917691
5616,3688.765212173124
5617,1565.142455156657
5618,6575.5871997450795
5619,6523.349800468071
5620,4327.805497554187
5621,570.1191739164242
5622,2142.1647804681857
5623,1306.3716609847856
5624,29.365091147107012
5625,567.3660900932744
5626,972.2611801194417
5627,23.124026252523173
5628,41.977948470108075
5629,53.93499734947485
5630,5013.674370791298
5631,4054.2243133263673
5632,1866.7917375809764
5633,3107.2925407482226
5634,127.79840373047182
5635,585.880003874427
5636,2434.838788999053
5637,1709.3115728118025
5638,898.0116234674878
5639,874.2398349390253
5640,4328.516342628602
5641,3259.1348950439815
5642,4439.96755136735
5643,595.897138659679
5644,2334.590162291249
5645,3664.575380652239
5646,2763.37432138811
5647,1794.5935690065457
5648,1195.456980194878
5649,3876.918005826415
5650,87.65708796585912
5651,608.0685740579714
5652,264.60818876798925
5653,998.0662056773808
5654,1812.7463872108176
5655,387.0440564289858
5656,6511.035220880788
5657,105.8532941078614
5658,4255.4419886228125
5659,9.02484047625149
5660,2585.515455797583
5661,206.35625553499193
5662,1077.2827059209194
5663,3051.4328767184725
5664,1450.5635298654306
5665,642.5969885363875
5666,363.4528673362584
5667,2962.7058712049825
5668,1242.6204223739448
5669,1147.9733609738485
5670,561.5570517253587
5671,1644.7010085869442
5672,243.27794060545418
5673,1421.5075906292159
5674,248.76016774399318
5675,751.0292611983602
5676,362.7402284307586
5677,4975.544247484844
5678,989.0899371585465
5679,877.9615703633021
5680,84.41378204180504
5681,3779.197262160949
5682,146.82019951821644
5683,2501.538979191103
5684,4678.384073593956
5685,2998.261331141169
5686,5275.247718134387
5687,5342.861202533777
5688,430.93720056718513
5689,2918.86587881829
5690,101.39614438522555
5691,3983.5489898532496
5692,5108.1557799781485
5693,7253.30045579499
5694,449.0958668666328
5695,2636.282509847439
5696,3899.7440012392685
5697,4778.092344471609
5698,3626.45125583674
5699,5067.730342827678
5700,111.84895696115782
5701,1582.7847080742727
5702,1518.9176366139898
5703,920.2389181379765
5704,946.7758571849505
5705,783.1447222751653
5706,1803.4340120850354
5707,5195.413041969075
5708,157.5866877692606
5709,1097.4318535746313
5710,556.4690512183608
5711,1411.8164903445395
5712,3526.64566119769
5713,3181.050257856067
5714,3984.6594707765166
5715,418.9906196453259
5716,2950.664296174235
5717,261.875747788322
5718,1354.2436139172848
5719,2748.6433502069494
5720,2536.5185024755974
5721,903.2535619555442
5722,8008.307076674401
5723,923.5177839709391
5724,2758.595029427318
5725,2579.322825642992
5726,56.69369093912833
5727,3843.995920417614
5728,4294.725926892063
5729,1015.6651950065486
5730,624.1359809630127
5731,628.9828250706703
5732,121.07990895333793
5733,256.5528722605846
5734,3038.85856801905
5735,2478.112115832629
5736,4376.29111659352
5737,496.2087274337134
5738,2636.0672692239295
5739,3263.9623725995066
5740,4555.81378176103
5741,3716.556484465414
5742,3.7130860114453568
5743,513.4358620741888
5744,1089.0305284317756
5745,1008.7852519805572
5746,6163.9495336090595
5747,38.29238553768362
5748,4811.112502653513
5749,2995.31389660344
5750,3427.5002747059357
5751,196.7973289551538
5752,422.07105392964894
5753,2455.499160409932
5754,1682.0619296767359
5755,4227.08553564035
5756,183.90968526175823
5757,1716.604673339604
5758,117.40317815229514
5759,1749.3449935361766
5760,409.18367079269166
5761,1707.546571433736
5762,3633.3889162560727
5763,74.61165926861585
5764,138.196356207756
5765,4465.841881191706
5766,8.660048871786525
5767,1843.2614786437105
5768,519.3782246747348
5769,111.67162456912895
5770,143.17163555856715
5771,1278.3278722858863
5772,5078.703609939207
5773,5871.244536629059
5774,2673.5142761650527
5775,1641.1570477280666
5776,2138.3550705268713
5777,182.8897165930932
5778,5283.324440259391
5779,1313.7200190641947
5780,2173.8468504174143
5781,2388.9693731628777
5782,2133.0608737098355
5783,5160.168985497572
5784,1008.4329881488726
5785,639.9207531505799
5786,1250.5563819165318
5787,2493.5709282229564
5788,697.4040429561311
5789,1108.6869297358367
5790,3182.767292366379
5791,4053.3548502215
5792,7430.9327208666955
5793,3434.574954873089
5794,324.7110125736415
5795,4428.3576513012
5796,3391.4283125819707
5797,5019.821789433618
5798,5775.969336729284
5799,711.5907969075037
5800,1112.8779024266958
5801,6804.682078170917
5802,434.8255136641087
5803,5219.64565621239
5804,444.8587389576738
5805,280.10175739658655
5806,4658.288971213058
5807,1080.717989415417
5808,2882.81660273773
5809,1302.920980585165
5810,3633.001705357468
5811,371.20216687062936
5812,4489.738072335119
5813,1318.9254312459454
5814,1334.8357247244019
5815,196.86682918595716
5816,2947.1013158946507
5817,9.52564911278938
5818,654.8358392194132
5819,3574.6604552566027
5820,877.0824562877663
5821,41.60288610524185
5822,3855.7007912826934
5823,1559.129743396637
5824,605.6578618465014
5825,743.4933451457441
5826,5288.865926257221
5827,3065.9214841662865
5828,1027.8563191372828
5829,2558.5552068720717
5830,5502.301707720995
5831,359.10767832074094
5832,410.3140099617131
5833,444.75660246389896
5834,527.6550494580085
5835,691.761397219351
5836,3700.3223358610253
5837,4243.386281057804
5838,6693.854340525263
5839,193.28254037377062
5840,27.3235222988035
5841,826.7373086385637
5842,601.9230538674348
5843,5736.383774267441
5844,216.3903931035014
5845,610.6051423236191
5846,5707.377359070839
5847,935.5272370706856
5848,63.03509196078298
5849,504.3698354339238
5850,3404.464774300614
5851,3404.9823186242265
5852,5183.989580803318
5853,2872.3416657975117
5854,564.2661429683545
5855,5227.980450651449
5856,1674.0813178912995
5857,4940.782014705829
5858,508.7142779766247
5859,533.743547910439
5860,427.4074864679717
5861,752.0681393582385
5862,188.63758731257371
5863,5929.322002882478
5864,52.97971171585901
5865,621.6119476019584
5866,257.2145083212447
5867,568.9978451603088
5868,120.47738450260395
5869,1241.6037455956891
5870,385.79012900591846
5871,1020.4852696634616
5872,8598.612116332719
5873,5711.7528399691655
5874,291.836012583144
5875,3.948090023000916
5876,503.2233643543936
5877,1985.0404974745068
5878,240.6371908671815
5879,746.8840436571346
5880,346.56704457873303
5881,3525.685025822457
5882,643.4592707244744
5883,496.51847837798994
5884,7263.851995518886
5885,672.7342465852364
5886,2961.2093516200575
5887,3087.478492948358
5888,6.382082974410351
5889,2822.031250128449
5890,5042.1952114928945
5891,820.2783651770161
5892,2328.034692325172
5893,268.24722308719134
5894,2651.8081520893247
5895,4683.280826056001
5896,4197.464117642447
5897,1433.1280879002293
5898,654.5797082524683
5899,1484.1180881446421
5900,74.42866301717568
5901,1679.6066330961637
5902,74.0933577686249
5903,863.6423196489842
5904,0.14052953384780034
5905,2489.9182386276566
5906,286.69475910351076
5907,1420.3095665619876
5908,787.4441612642759
5909,5991.429704986445
5910,1970.9572148286845
5911,6056.881294780526
5912,881.3065264210103
5913,2998.2968486138157
5914,5316.971604954868
5915,3030.8627025970623
5916,1733.6774331187362
5917,8697.03049648262
5918,875.000955802669
5919,2343.6318558995763
5920,472.7562591580986
5921,822.8845978172106
5922,3044.8252981246724
5923,2154.292919704471
5924,878.7719771012722
5925,745.770860288332
5926,525.1261492295065
5927,3224.6136376165273
5928,1669.6384799288744
5929,4471.0817096687515
5930,614.5305515234984
5931,800.2551528966989
5932,33.77731358869044
5933,4593.494794283219
5934,834.1037135752445
5935,1175.6244060263082
5936,972.5482587708497
5937,3147.4865448449905
5938,607.6616654989931
5939,3005.569878176585
5940,788.5234426410558
5941,307.4525822734875
5942,1060.3688292388354
5943,3402.3432046342314
5944,1527.9240241954
5945,327.5503258854204
5946,4861.35432590308
5947,3199.6344403277344
5948,2183.6619621322834
5949,6909.818826076688
5950,329.81408439762055
5951,1431.3292268534494
5952,751.3542776530228
5953,1603.940285882219
5954,151.8823565014483
5955,4192.853509001689
5956,158.62954213476814
5957,5711.772939293553
5958,5.9182555135420944
5959,1657.8007782000163
5960,659.2622991481804
5961,1290.0151616351714
5962,2721.2613886613854
5963,13.014033949861158
5964,514.3535035369534
5965,6707.431346583872
5966,1116.2391178097105
5967,483.9493543772643
5968,3652.249921246539
5969,1315.022713652078
5970,2069.26105399167
5971,611.407252231866
5972,1430.8488358610798
5973,889.7637509015077
5974,413.6547676765462
5975,3578.409243297439
5976,5316.2688635138675
5977,804.0415887273757
5978,808.8629646730433
5979,2684.1404521594873
5980,1222.980200237803
5981,1001.4771336260109
5982,464.9969471326804
5983,215.03883732985076
5984,566.2679433485235
5985,3490.5825314434146
5986,5792.494494322554
5987,3909.0235392356885
5988,109.30285321882393
5989,922.4431288338303
5990,18.52871302784196
5991,3422.108755030747
5992,125.79447057803391
5993,3390.492106367949
5994,663.3516231900866
5995,2750.9043113838557
5996,157.6466947575439
5997,825.6921676771215
5998,3166.3462357560384
5999,3769.3426194010117
6000,811.5128235594361
6001,266.1967255073767
6002,4414.650030523624
6003,1543.3407205645044
6004,34.61626055827923
6005,1781.9931751239992
6006,5.927462688358623
6007,108.63630078633066
6008,3429.6084907251397
6009,6051.396091690085
6010,439.63150252219907
6011,4621.538106304596
6012,5343.206183297273
6013,4028.8763835086206
6014,2676.0491609525902
6015,4042.908429117744
6016,5305.172344498007
6017,516.7874339918092
6018,4537.663577533927
6019,5751.490207651377
6020,1095.6656612879233
6021,5711.725451972664
6022,151.2466760721036
6023,6457.596770645488
6024,2981.5409247100374
6025,4546.603459734135
6026,632.5090950107398
6027,149.46114815241094
6028,322.36740814638705
6029,2064.635735428301
6030,466.28138299911046
6031,2073.2493689624453
6032,3895.326038981386
6033,7856.159312285072
6034,5400.936834982692
6035,2596.40855830035
6036,9276.827008951328
6037,2871.1136091926573
6038,294.058445415873
6039,3518.5954712586904
6040,3486.7487569705086
6041,4376.802102612404
6042,4792.578035535555
6043,675.0378338912606
6044,550.0633422472447
6045,2621.9971752594834
6046,81.61611182921682
6047,1729.7741901093157
6048,776.114084375216
6049,151.80041437152508
6050,1691.2222924714322
6051,4673.311649363221
6052,1261.427731397318
6053,1031.3279994101401
6054,624.9922454584283
6055,7130.5410534059465
6056,1474.8285454075638
6057,5095.859665390817
6058,1079.8507617745813
6059,543.0600441713686
6060,3198.593617827566
6061,4782.057941849883
6062,4715.045196320286
6063,144.58317882101517
6064,586.9246189651483
6065,1553.9936140830362
6066,310.41318695264783
6067,468.43916997342683
6068,430.98741031031284
6069,3732.2497052409294
6070,4598.7214681379755
6071,37.613077878641654
6072,152.0900971657118
6073,664.9702968912063
6074,94.68841459286726
6075,3574.9893159357325
6076,136.52858249686054
6077,109.16622537778602
6078,731.4241423788642
6079,547.5071255949736
6080,1134.187507112202
6081,3127.338949768919
6082,2138.931496272238
6083,2717.0428480804526
6084,1141.7165736384754
6085,5504.3616389802855
6086,2806.1157088804675
6087,375.2469663117191
6088,294.9364522156766
6089,3421.6076919018924
6090,630.7672246328091
6091,2566.7758918047934
6092,105.26954850336892
6093,3339.6870794229517
6094,2223.6931204762136
6095,1114.6638089172532
6096,2855.875492544774
6097,4056.8227395143895
6098,460.0744906316113
6099,1695.8677949655766
6100,43.22730788494697
6101,1420.2240976583823
6102,455.59090491860906
6103,3177.495184762703
6104,5353.222870005173
6105,335.9009253861916
6106,464.1991879611205
6107,2397.77458043324
6108,1267.5556295527963
6109,4506.529049840914
6110,5090.991737579093
6111,447.7297338454669
6112,1247.4632277615453
6113,1513.6482675432642
6114,591.6339165110371
6115,4170.88636276647
6116,2945.6730467400093
6117,6209.078353757426
6118,765.3345707507549
6119,1127.9732030318378
6120,1992.0073375205432
6121,103.791350296554
6122,862.3963849370207
6123,3048.000236086314
6124,497.19259585130135
6125,2732.6752948805633
6126,3344.173491629904
6127,3458.066808289844
6128,40.03961171548013
6129,1418.7022518798397
6130,4912.566322572263
6131,6639.7248081217085
6132,5308.517211344382
6133,1697.8383040212252
6134,622.9318056008218
6135,4921.645530621528
6136,4431.061548362146
6137,6706.774901395493
6138,856.3830137741186
6139,3723.662028484181
6140,3234.702961767629
6141,702.0840522161922
6142,451.66349632754185
6143,1254.732814933325
6144,1867.9141598430508
6145,843.2172857264995
6146,920.168006691562
6147,3885.4987519209994
6148,95.77103724947585
6149,3645.4280238006336
6150,2310.2609565356574
6151,1466.0187875532436
6152,68.13711530443916
6153,1903.6225791015856
6154,2817.5478597757633
6155,355.8265381408608
6156,5084.058290107932
6157,678.9387526666349
6158,4930.371526937686
6159,197.26830125889447
6160,867.5979291355626
6161,3863.308563713105
6162,1620.0592731872634
6163,190.67209148313074
6164,242.93465441802502
6165,2116.335691302966
6166,390.93120315581774
6167,64.18466698040373
6168,1604.4801660052428
6169,2071.7562309994028
6170,4776.224522856554
6171,557.2534704046428
6172,384.4321171232545
6173,1555.4373960542873
6174,1200.3327978970924
6175,4063.2204478537183
6176,3346.5075985198396
6177,433.2207893640073
6178,6187.498142416848
6179,916.8371186164443
6180,2675.08617562779
6181,3907.1464618543996
6182,110.85731002442489
6183,1593.4849285997345
6184,4491.986105297219
6185,893.7528338767894
6186,816.2502541607994
6187,1205.6953627875787
6188,3186.702894490964
6189,987.5902722778161
6190,1467.1760643620062
6191,770.5599226595948
6192,947.7464539201845
6193,2033.5041940937656
6194,731.8660389654127
6195,1776.5145662379555
6196,1142.8582188178311
6197,1309.795302204779
6198,1639.2562053204376
6199,695.2483491033822
6200,381.83843680405914
6201,1561.7854482615085
6202,4362.222046981287
6203,438.09690748434593
6204,4384.429045243936
6205,5308.4607956912605
6206,2459.383520683142
6207,588.3586640480925
6208,588.5882354040716
6209,5005.18608685014
6210,1026.302586207912
6211,1250.761758608521
6212,2295.4387190094244
6213,1773.1010209691929
6214,971.4854089208428
6215,1116.56658990118
6216,2528.202242640834
6217,4369.813231185095
6218,1634.6788181817062
6219,1615.0133558115529
6220,560.5956817749291
6221,2434.1869008515814
6222,232.32597914754214
6223,5024.899088515896
6224,2905.3396683218334
6225,1500.7371557808451
6226,485.67576291666063
6227,993.4489473396019
6228,359.08915689304644
6229,3063.250994672421
6230,1300.2988771421492
6231,5074.182726938127
6232,1408.3542191445874
6233,1387.8215665542748
6234,966.6733905412874
6235,787.9111798190984
6236,2290.728256388769
6237,538.6729188354308
6238,2351.5324336017466
6239,465.1522582178795
6240,1959.1479539807642
6241,726.3171627663642
6242,253.32860958221278
6243,563.8802599552929
6244,4360.216245084938
6245,5391.150986752391
6246,2111.0723228066563
6247,1433.4277232998693
6248,1764.562756157624
6249,1893.7924004461706
6250,2049.78304605672
6251,82.83028903265807
6252,7151.286642733953
6253,1514.3712818123167
6254,164.23093682186826
6255,176.66423671108157
6256,4309.144786787813
6257,913.3641315057131
6258,2.4246966138733015
6259,2286.484936512493
6260,40.658927626916785
6261,1922.6259806730807
6262,41.583385430943224
6263,346.427598544286
6264,1087.6028634337724
6265,3280.5203145442197
6266,2908.008826082981
6267,914.673346538906
6268,533.4171854991329
6269,1776.4224444066263
6270,262.3800543879141
6271,187.67321014784716
6272,994.8982150476519
6273,8050.44379313593
6274,499.7735813369798
6275,3968.4585030511676
6276,1699.7470922400184
6277,24.886753347685914
6278,7794.114615107117
6279,689.8607794823995
6280,5603.796983086255
6281,592.3278520691339
6282,2516.5382390588375
6283,2863.432090570566
6284,127.34165683722337
6285,1824.3135353833263
6286,3072.7439128176784
6287,3945.7095307163277
6288,1657.1528813967684
6289,400.774721405153
6290,538.1860747480739
6291,67.71462068457866
6292,658.1981894847968
6293,753.3573217577471
6294,3790.567979642286
6295,1260.5369558701589
6296,2364.342979120591
6297,3243.6334784983096
6298,9061.537025180805
6299,3970.044396111047
6300,98.39115556592748
6301,3413.797691779811
6302,6082.046971354374
6303,4650.919622211725
6304,107.3300872843163
6305,906.710800628253
6306,735.1840932593145
6307,2981.048334144927
6308,5630.475612919017
6309,613.7211748627368
6310,127.93282241780919
6311,5078.077561659576
6312,606.1446045662757
6313,1001.4680590118963
6314,3577.7674127135324
6315,422.02573360540663
6316,584.7636939965336
6317,428.3828609507737
6318,77.80634121521263
6319,569.147502672909
6320,390.5676277143865
6321,4397.179729032972
6322,4966.403147339749
6323,245.66406948462304
6324,6828.086702088819
6325,3840.171068865803
6326,2312.521684169197
6327,7.420989387627285
6328,5189.278423266871
6329,2301.2232773309975
6330,290.59573320072934
6331,5639.642950742179
6332,375.28080819834304
6333,824.9204675692713
6334,2797.2753561018835
6335,1178.3038999490705
6336,1007.0272369605391
6337,3081.5666051481767
6338,1212.24357291165
6339,7892.652921335297
6340,1705.6141242581639
6341,2058.5554976087888
6342,1197.0344674430137
6343,3996.1837273623523
6344,2217.3780426698972
6345,2035.7880438516806
6346,2876.501087789206
6347,2764.6057479197602
6348,160.9531383659072
6349,215.45335979401713
6350,341.5783953452237
6351,242.80672203722762
6352,75.41780932308046
6353,1695.5918119639766
6354,3076.578769652107
6355,4145.305639479607
6356,1857.576911514278
6357,3367.5081946199107
6358,605.5131516913734
6359,2317.4900297022054
6360,389.5509579746599
6361,2506.153214383213
6362,2925.391550029874
6363,674.3946562915669
6364,884.4428065159944
6365,824.7811762298476
6366,5674.846049222392
6367,347.12989925321097
6368,3507.6555942423906
6369,129.72781512343755
6370,552.9916242685362
6371,4886.371779667825
6372,3556.546939101427
6373,850.8895810474572
6374,3012.105662140844
6375,2046.6042737415532
6376,3101.2842701944596
6377,1185.234881564639
6378,982.488524597053
6379,719.7232078724186
6380,2887.0567929386584
6381,2670.3483064280185
6382,8850.123466866518
6383,2072.7107328715415
6384,5082.133673093091
6385,3174.3076247535105
6386,5495.68151797476
6387,141.26109543639532
6388,145.0697911568701
6389,1862.2990509909807
6390,3571.964511185385
6391,531.1702563192054
6392,4447.782533059257
6393,951.1701652290993
6394,901.6640780977068
6395,4.133678770032036
6396,1142.2750102209354
6397,3191.22416326777
6398,153.90541517142756
6399,730.2178554307519
6400,3444.641594308802
6401,182.12030716359018
6402,4891.881358575758
6403,1133.6373402467457
6404,5918.025123968181
6405,1615.7017205810303
6406,4763.893050834707
6407,5236.007489019483
6408,1731.5407747305933
6409,4876.778796887393
6410,2891.2972416764746
6411,2951.6025513461573
6412,2088.666733908493
6413,812.1952734858413
6414,437.8805798856429
6415,862.2048642559478
6416,4271.202497782905
6417,1834.9508895984904
6418,5215.578164894154
6419,3207.628660125718
6420,5192.948648147481
6421,2299.828396654022
6422,5261.281932968607
6423,886.5069102964696
6424,3248.693194475706
6425,988.7527651604154
6426,4659.879962783606
6427,293.5781246784118
6428,2886.930000062849
6429,4808.529239196628
6430,371.6259926456431
6431,63.09684180764801
6432,5373.553208009356
6433,144.38877327176158
6434,8681.210433428389
6435,1940.762336231749
6436,3698.5165531190682
6437,238.73519347813735
6438,9324.972415313936
6439,418.4485998263222
6440,1319.9502014142804
6441,2054.9909321155897
6442,1656.3847065881039
6443,2897.5654546515334
6444,1083.9270439104848
6445,6422.903341428078
6446,1302.1273183747126
6447,366.61424501394134
6448,884.2006849867378
6449,61.81296467711198
6450,803.3803430559125
6451,2961.4988269334644
6452,2800.4410839885873
6453,1235.3135434258843
6454,843.7957173636096
6455,4457.082046532366
6456,205.75234418287792
6457,545.0373726434343
6458,3995.591000189064
6459,2540.7305200000665
6460,516.3605295339275
6461,49.87793691704168
6462,1535.3357080944113
6463,114.67685344212623
6464,1206.335931130698
6465,364.2515726597313
6466,1549.2408932626502
6467,31.006731956645197
6468,746.9711347972428
6469,475.87376427049213
6470,782.0076011273039
6471,751.3213844445924
6472,1360.3345181886605
6473,3315.1217432658364
6474,124.22042435077563
6475,1804.6863948327684
6476,2189.8272080982083
6477,926.3794143181465
6478,1767.0669112071507
6479,1649.312414085261
6480,1356.76491336056
6481,624.8471430426938
6482,883.1831171354614
6483,575.7429306439262
6484,5227.956444712892
6485,4673.282392413324
6486,3666.8383017980573
6487,762.2782757738858
6488,2666.151167009508
6489,26.773317869471537
6490,4014.450284769489
6491,5506.3627376156355
6492,4956.724196588718
6493,1000.3183742531561
6494,1384.4081236217614
6495,2410.508573564889
6496,2426.6601428295517
6497,1327.6988479787485
6498,233.31729316972067
6499,6.444687096317348
6500,2228.142640936591
6501,4217.376164760429
6502,1550.8518489786434
6503,6481.153773161655
6504,1311.005190384929
6505,2603.268518408765
6506,2728.041521393556
6507,1263.4241409169442
6508,2014.4994427388774
6509,3709.6031114465422
6510,1245.0254688091
6511,566.1029162451301
6512,483.23913363377216
6513,3474.963510582169
6514,1703.368998087724
6515,2878.054201482956
6516,4550.808173595557
6517,2218.8320009144295
6518,2053.6955438251944
6519,2146.167317803215
6520,271.03635364920166
6521,3108.9858436631757
6522,1328.9224774057045
6523,2349.7169171750506
6524,5727.373246791727
6525,646.261151422479
6526,2772.4674163746386
6527,1982.6888225950327
6528,398.55793746806364
6529,8021.712247470464
6530,918.5428033435966
6531,398.95767471648
6532,285.78103543792133
6533,3047.2777870001855
6534,2557.3712437224867
6535,193.25721047426535
6536,1168.6131577389847
6537,2188.625166039146
6538,3734.173251700084
6539,1405.761983568907
6540,784.0555987409078
6541,2316.4161736416945
6542,183.66508058524514
6543,1466.4723605964527
6544,2280.0078456354568
6545,1322.2220960009424
6546,173.54240930803982
6547,990.2969495021948
6548,65.32073434057408
6549,1439.2494484583249
6550,177.4398840673278
6551,4909.67496958683
6552,4494.4772094042255
6553,671.1297890247436
6554,3034.694072023886
6555,69.12400723087373
6556,2081.0559102109246
6557,4631.113702640815
6558,4414.317414887197
6559,205.96056273656993
6560,156.30566889245137
6561,53.36894878955674
6562,751.0548029377289
6563,2964.6152816826634
6564,343.64065848686676
6565,2142.4896905463365
6566,2530.9043739235117
6567,1205.9607214279488
6568,40.90793255668284
6569,2144.8226541676745
6570,4464.3054273753
6571,4514.2182279285325
6572,162.62891636655797
6573,596.7314414981279
6574,2590.2803524339697
6575,978.7610643544884
6576,1347.7373499979922
6577,1478.837526887756
6578,2482.14993286286
6579,5712.254383743368
6580,68.41577005486705
6581,283.6797164159638
6582,708.6695447680567
6583,1394.5444020409327
6584,3684.3103122709854
6585,2416.018401221351
6586,1021.6845917693361
6587,1195.6669718296603
6588,1593.2809432756512
6589,4856.796586245651
6590,749.6329820838092
6591,644.7252422076441
6592,3646.664046628069
6593,188.52157439731704
6594,1087.6932871513666
6595,2104.967843208845
6596,505.8808328375657
6597,20.314735868810118
6598,975.3720463796893
6599,1740.4580369586163
6600,698.8879078582211
6601,641.4293678010907
6602,2107.9496540822156
6603,1534.59843508188
6604,6835.21028616355
6605,4259.223565909332
6606,1269.513610676692
6607,4428.850973644244
6608,8813.258369082749
6609,382.9758492960354
6610,3723.20744434565
6611,1050.7771061444125
6612,6614.911892418658
6613,4327.89419798158
6614,643.4666912339726
6615,3808.3633668821512
6616,71.5846626348352
6617,2296.885444769246
6618,3595.3415336968155
6619,919.4004247775158
6620,3790.605426395574
6621,380.89577121888397
6622,4423.471385412925
6623,4612.696886161765
6624,1269.4710992780772
6625,1179.1725324811107
6626,79.64798105454194
6627,759.9013130597887
6628,4491.457822749181
6629,88.3926415183239
6630,1298.2025731802462
6631,865.5966342190443
6632,2717.083902737465
6633,2069.206677705772
6634,2112.683978691891
6635,270.12689088966846
6636,3171.165866515618
6637,2620.414693486107
6638,1728.7750909120125
6639,3692.908220029963
6640,2858.5180343957577
6641,2355.6613127772603
6642,788.776215917458
6643,4507.362094680211
6644,3970.2842113229694
6645,314.09812155619505
6646,3911.094070232192
6647,453.7161794603307
6648,458.2862331794694
6649,377.87383925763356
6650,3622.0246465138507
6651,1617.0633823811904
6652,5778.352554590764
6653,1518.2338223975482
6654,4209.268251150522
6655,201.96240189797118
6656,3195.2235412572595
6657,290.9847004150215
6658,744.0741203885509
6659,780.5528100298136
6660,390.0933964904114
6661,2678.4047702018534
6662,4029.435781742054
6663,4121.96717658835
6664,959.6630982550992
6665,1016.8351365057908
6666,773.5631746810704
6667,2481.936806874288
6668,5985.3361686671415
6669,361.34423924808027
6670,264.13144442541335
6671,353.96886446465544
6672,1654.0257616223603
6673,42.291034884953255
6674,2613.945832865109
6675,612.1872314051951
6676,13.5683206647414
6677,416.5313546348808
6678,4665.497711162411
6679,4712.568683943456
6680,1900.7604502646668
6681,2226.9287914855217
6682,777.7549435996357
6683,3341.523773557297
6684,262.24293273162186
6685,1575.0065434279907
6686,2205.134656555999
6687,2546.880883777267
6688,4655.431245772456
6689,3006.0009088687643
6690,1052.2791419225875
6691,4110.895898668524
6692,613.6790426608022
6693,4486.647708903408
6694,1554.1119689403513
6695,2090.7039627813515
6696,1092.7198070279894
6697,124.29596292908029
6698,426.23609816335033
6699,5915.267057710646
6700,4883.601166516467
6701,958.6852450039785
6702,2577.187666063018
6703,5378.709553538782
6704,3658.1314333149303
6705,1180.1394548436126
6706,49.82663565579707
6707,5331.652294406669
6708,2433.058068692119
6709,1241.4917090149409
6710,6421.589857343094
6711,991.538987533873
6712,1118.5415099748293
6713,1685.8763801771318
6714,144.7148075382563
6715,482.59935847384503
6716,10.810786578159215
6717,2356.0253048158456
6718,239.24747169534544
6719,418.7751909128243
6720,578.4025192076689
6721,708.1577497654035
6722,3824.417257487712
6723,1298.4676360168494
6724,2245.7735906625594
6725,341.03859708430986
6726,3309.151112488297
6727,388.7324479314459
6728,67.35122182003106
6729,3549.824382967968
6730,2664.83353502003
6731,778.7003519420673
6732,563.7790452445606
6733,3286.614896963887
6734,744.3574406325044
6735,4554.914674393504
6736,4248.8429693361395
6737,817.5498207379325
6738,715.6399286090805
6739,2577.693401573749
6740,42.19742437884555
6741,2619.191562266224
6742,21.460202527494996
6743,180.10207348456302
6744,337.39021898304634
6745,726.8146362385705
6746,125.60108787318492
6747,199.80197326494797
6748,1168.10730154971
6749,2588.521161745614
6750,3178.671274206229
6751,1641.5994270941212
6752,159.94177211575177
6753,2707.913663952403
6754,2781.2721788876397
6755,4707.515551453559
6756,33.313707098443004
6757,1748.2509709948497
6758,257.56189996296257
6759,5744.078788071155
6760,4050.0213128721825
6761,1081.8498174289996
6762,46.401583206834665
6763,251.20507520750928
6764,398.6328377064041
6765,4199.361171436594
6766,2470.788906366859
6767,269.2634964573015
6768,143.4389531296103
6769,1156.4817704566522
6770,2858.614240666966
6771,132.39903525596475
6772,1444.300947887632
6773,674.6482564745082
6774,275.6635141639168
6775,1825.4735011896585
6776,2748.961691274002
6777,5832.63791697115
6778,1229.0598151600122
6779,385.22803023024954
6780,482.44328062848314
6781,3682.536356113492
6782,3658.1638642490684
6783,427.38372931521843
6784,148.30637963084658
6785,3953.8928790399377
6786,1277.2269720299662
6787,448.6314670869875
6788,4189.041721279481
6789,2269.5620023866272
6790,1220.2979029149567
6791,1096.6023593747354
6792,730.125085623187
6793,513.7257945985883
6794,4980.721454688676
6795,107.31918444704081
6796,668.7978244908397
6797,135.58906090371383
6798,1900.1519435265077
6799,5515.205351669262
6800,335.58986702330236
6801,46.53401772224565
6802,518.2916558531354
6803,3685.051488267731
6804,3545.59281194161
6805,361.25444621553794
6806,586.4737721680697
6807,2387.9275645760176
6808,871.2179998187304
6809,1059.3445677717582
6810,2216.6158563862673
6811,2215.9522815003165
6812,298.4369753194268
6813,143.1842302635277
6814,812.9070818904878
6815,507.2722432592627
6816,1953.863513872643
6817,1106.7459399197303
6818,4381.3225299254755
6819,1301.6480780084903
6820,1093.281418541465
6821,912.5630171659005
6822,979.5180412458026
6823,5768.816700609595
6824,5097.9100335031535
6825,288.18580209637145
6826,1590.706009523706
6827,86.97421466244454
6828,10.234746859880536
6829,420.3373742008522
6830,110.33764190085454
6831,1484.1321826440899
6832,2766.1695218430355
6833,499.1029748554343
6834,284.78360214564316
6835,384.6579101245802
6836,5374.79972261872
6837,1213.6429477922761
6838,3060.243639988538
6839,2578.9570238782294
6840,2687.7108484483756
6841,130.359893491091
6842,3123.5684205994685
6843,2881.0068648529027
6844,4251.836428133775
6845,4061.6733431292796
6846,2674.7898406949444
6847,88.87068117287684
6848,5262.430232982642
6849,3415.686647680058
6850,5238.23346589641
6851,678.0524989202809
6852,2705.528856769987
6853,4366.468748715343
6854,330.0656072330659
6855,1044.9591056286865
6856,317.54139560332646
6857,5174.100423008554
6858,230.7038153026058
6859,558.8352239494019
6860,5962.35766954714
6861,401.99591603261945
6862,7025.644231337169
6863,1290.8282854705653
6864,1159.2867879374273
6865,923.4658835431378
6866,4542.692274643153
6867,379.2691865291498
6868,5572.241442394728
6869,908.7351435647855
6870,1122.0105787163359
6871,1778.4540514231294
6872,834.5086986425613
6873,5374.5057993019755
6874,1858.6260445950093
6875,1617.9704921070136
6876,4108.5942311429635
6877,3236.55146044972
6878,4889.199406470185
6879,2480.6512929059936
6880,600.3630123033249
6881,3040.627039468871
6882,3800.3428813224214
6883,5.448437869311863
6884,2072.8120420088176
6885,2913.844949303838
6886,193.52722936293952
6887,996.791607074005
6888,361.8001162704669
6889,2868.268591466059
6890,4932.059490263423
6891,3240.528746360611
6892,19.78596650616327
6893,508.81434777863535
6894,4669.619706066454
6895,952.6722847400516
6896,632.778082651399
6897,3849.2063728922226
6898,1931.811364609113
6899,759.4477126986196
6900,85.51010778578166
6901,2358.4723936760997
6902,491.24459683693885
6903,125.14253316511255
6904,1936.8752862986335
6905,1414.5825762726492
6906,1774.4964755050064
6907,3335.9081553181145
6908,4756.303305568274
6909,5577.778056227669
6910,271.12668457236055
6911,4161.098647994384
6912,413.16760235185995
6913,5054.085832321147
6914,460.89800174545076
6915,3273.7952738089166
6916,1192.7226645674198
6917,354.5181779283056
6918,151.26342510060374
6919,2511.3862125245755
6920,2290.05954467086
6921,2546.9878328996465
6922,863.9767162202801
6923,367.80203237069304
6924,2356.726505423105
6925,938.5547468668856
6926,1853.109185425759
6927,1080.0972034351726
6928,74.54139091621006
6929,4906.099430567527
6930,2075.9419483285774
6931,3622.38666782684
6932,3717.8603548250107
6933,2848.3662681173637
6934,2908.535160565557
6935,2065.8563559813533
6936,2103.374869003389
6937,9.755188543724012
6938,79.03485156701822
6939,2689.6261105392746
6940,2423.9753220420125
6941,2422.378081997739
6942,377.3635062180768
6943,1197.2678477707523
6944,2750.7971577808034
6945,5071.614008689425
6946,2034.7256883597663
6947,382.3259182289303
6948,805.0663916494696
6949,2376.1686794513344
6950,111.87422187350009
6951,86.04920456207259
6952,734.0895640377609
6953,3456.039639481301
6954,1136.695567950449
6955,219.08334118821008
6956,4201.492992815986
6957,4374.032840004043
6958,1427.8285022244656
6959,5131.680324788571
6960,696.550958171536
6961,2242.1923442542534
6962,33.39913247175018
6963,1981.318669610852
6964,852.7516757918752
6965,486.69332572794207
6966,4104.411723615955
6967,25.089016723094748
6968,6505.43741599894
6969,727.4891759734049
6970,1819.5624515525487
6971,702.8094694617113
6972,835.6485651820987
6973,3165.727670335155
6974,839.0771053638902
6975,3005.818761355791
6976,7450.895920717809
6977,449.0517684450141
6978,297.41678636727
6979,1076.397502312521
6980,151.72368180414787
6981,1049.8667186047064
6982,4408.387345821082
6983,6376.775555892673
6984,328.7396492982257
6985,1152.2722253465377
6986,6055.923636608264
6987,5096.748759384988
6988,2916.0116101040294
6989,575.1773712084806
6990,377.66022206304825
6991,4089.35827842393
6992,2773.7180612605353
6993,171.75575174540066
6994,381.0826298163493
6995,5483.979582173802
6996,1507.8111386231255
6997,856.483395985125
6998,4988.826779176035
6999,2942.5006677415113
7000,897.7141667293633
7001,366.74320660064063
7002,1004.8173697380587
7003,4298.167255713403
7004,3707.470450081429
7005,221.51777907121382
7006,557.8375822256226
7007,2590.3661945153144
7008,61.56345942937422
7009,3525.614045297797
7010,4111.872216002282
7011,326.61749588293355
7012,673.533394485637
7013,113.32594114239218
7014,8.717706326013182
7015,6664.151325037743
7016,215.58481097349602
7017,4012.448448371533
7018,1872.385208305482
7019,2451.617425805402
7020,3690.943744395741
7021,2362.0133308591858
7022,1062.239845100461
7023,1459.9111513293376
7024,1333.1458444946945
7025,227.40239534780326
7026,1091.0196155155872
7027,1124.2279077560547
7028,4821.797829939776
7029,73.55340679587097
7030,3933.3389443545716
7031,3697.772260805382
7032,6124.780412772417
7033,65.33788904459145
7034,272.7960124677186
7035,522.2131130793764
7036,2159.0211504166787
7037,4638.15198354071
7038,1973.6714885700253
7039,218.72463952749123
7040,3119.3212523278185
7041,611.8761421830212
7042,625.4921230322457
7043,6467.862046751303
7044,5213.882800797482
7045,457.7504270171434
7046,5184.284295802183
7047,48.95021550477058
7048,4278.7291771364125
7049,68.64194480174486
7050,11.827164839546866
7051,5157.53139279582
7052,553.6345203158178
7053,185.0829848893935
7054,244.8242193234747
7055,182.45484242545533
7056,439.4304088997626
7057,770.2706390420341
7058,6902.132232169116
7059,158.31070338490332
7060,1064.113371508048
7061,137.56266101244
7062,5049.026005028345
7063,837.9942519424715
7064,59.93257208114704
7065,2001.780692746867
7066,4662.050658004963
7067,2917.9771079282364
7068,1605.924533326961
7069,6885.6688941531165
7070,5992.463678120537
7071,120.17624896384635
7072,4222.8326899262465
7073,5450.317442241699
7074,1782.1525426692835
7075,388.35532902931885
7076,1076.5883264528802
7077,26.1661507423765
7078,490.314441971464
7079,3766.4480103771234
7080,3604.7698435556526
7081,303.384778704457
7082,6495.516435827419
7083,1489.3202591250483
7084,3813.601044456645
7085,218.5637768101299
7086,1402.2748727585226
7087,1615.7289096261661
7088,532.8208102675795
7089,1507.1443516680952
7090,1352.9552466860112
7091,1455.7603503317118
7092,292.1895475723078
7093,45.55170713569469
7094,1021.1651534599448
7095,5492.683630448493
7096,8124.177174063379
7097,2227.2588080057226
7098,660.2496673606388
7099,1572.3320853801413
7100,4463.62010868226
7101,4172.010460222232
7102,773.6340358970023
7103,2679.1646880272733
7104,925.5549467071833
7105,154.67336633753132
7106,187.18230735768145
7107,280.226701603306
7108,7972.131399604888
7109,4918.0923410104415
7110,452.2145674092767
7111,620.5747901375838
7112,2303.8649374498136
7113,134.4743544059504
7114,232.55333703439106
7115,2573.4801032350683
7116,5004.744476076249
7117,866.4846860422952
7118,287.97347243688506
7119,3120.4763393189673
7120,1064.8219494322873
7121,5363.013874266392
7122,1428.719947234501
7123,185.84371363965087
7124,873.3215659961705
7125,375.7902182525351
7126,834.9934826780989
7127,3517.1672152801516
7128,4215.535042900374
7129,313.83323228178824
7130,1038.7377061434868
7131,346.8799459301367
7132,5751.714398150076
7133,148.77856117435337
7134,2105.2798379976552
7135,1676.2061483148946
7136,5629.3540653395985
7137,3235.6896208251064
7138,2345.081647650442
7139,1875.6373431198067
7140,1365.3454580731238
7141,1599.2370269033352
7142,3216.382335242368
7143,4172.856154345979
7144,4766.140471265111
7145,1230.0138835973578
7146,538.2567238375404
7147,4740.151526156949
7148,915.2590000567418
7149,1516.3978315126792
7150,6647.247058204745
7151,624.7999729230856
7152,1165.9765708480832
7153,3980.792740480364
7154,484.19792381784936
7155,1240.6425784127139
7156,4316.167416290213
7157,2245.706841079512
7158,1815.5371161662056
7159,1249.39899835143
7160,2750.873027205066
7161,953.4640135169469
7162,5753.033195174166
7163,1317.71960205331
7164,970.2730179795403
7165,6169.061198052218
7166,2394.562865798406
7167,553.2148275996466
7168,90.51664588349358
7169,3453.4568384479703
7170,1430.2009765259788
7171,3505.887913509162
7172,1306.6724460063497
7173,2931.3735478819262
7174,877.5219267929291
7175,4009.4614641612875
7176,3353.7884811199133
7177,5720.944885548985
7178,1083.7622222319442
7179,1446.4409313753342
7180,406.2547802930493
7181,2966.5344656215757
7182,6839.694845300338
7183,258.5087854828661
7184,4175.100225916911
7185,4982.195799973175
7186,1033.25748519071
7187,562.1320200608056
7188,6375.354133859392
7189,15.923190976623655
7190,2511.472373162522
7191,651.4629548796984
7192,5711.135219316234
7193,4483.584910181298
7194,1965.3832471074888
7195,4325.015401920245
7196,1060.9110049846863
7197,3151.458381253715
7198,1291.1764604439106
7199,4135.456482211759
7200,3179.9343589714167
7201,3017.5698650016047
7202,353.5926809586782
7203,3048.990186802317
7204,1396.4843628524259
7205,2677.5805174306715
7206,4548.353217872495
7207,2100.1798470769836
7208,816.0217434843846
7209,443.89074515665374
7210,248.8309107576401
7211,1558.924641275556
7212,3982.7072379539413
7213,516.6484567779298
7214,1221.3651661181825
7215,5441.317108696896
7216,102.04655431276704
7217,242.38108761835022
7218,896.4899133860517
7219,228.4476815151396
7220,1696.1896727727687
7221,2970.413479294532
7222,2285.978089794727
7223,4387.4483184396695
7224,2910.402171649754
7225,2883.3121583620728
7226,3275.0001274479564
7227,108.80293766763465
7228,154.09632338722284
7229,303.9322270063221
7230,3058.0668651522583
7231,1150.7586467311705
7232,332.9243966617819
7233,552.5980464382876
7234,3087.3098673449063
7235,901.8696266777569
7236,2384.5230632044486
7237,584.8774580792544
7238,1428.7692769049745
7239,110.55009018282387
7240,5820.915011411814
7241,706.9666694646666
7242,3673.53968515005
7243,406.7030866136022
7244,5214.03712550831
7245,5978.048249508722
7246,4167.852254266553
7247,825.446481292703
7248,762.6954086996229
7249,419.3621220167263
7250,556.3359897621095
7251,403.463617403059
7252,4323.218048311651
7253,79.21926586280902
7254,2328.383765328066
7255,271.8527504510985
7256,785.5916422444166
7257,3098.0648975880354
7258,1550.5370814456187
7259,1405.2239283346012
7260,209.98685913998403
7261,1057.1373783247757
7262,6947.658200521779
7263,3410.8246029708635
7264,506.0564658846699
7265,2680.162846055481
7266,5811.274176541465
7267,131.80886019706404
7268,228.59872694822664
7269,947.1130904931371
7270,1781.7255846294854
7271,4922.787975887278
7272,2755.012860252707
7273,1606.5642380470917
7274,194.72263482258532
7275,723.235941670099
7276,1052.3458163275802
7277,4135.80393000247
7278,3895.6755019254706
7279,302.7315285507253
7280,4575.652229036802
7281,318.87703912980623
7282,1708.4407305706638
7283,1632.9154526337143
7284,1614.4811348694552
7285,4173.7535308442775
7286,948.8254916258862
7287,699.1564012237268
7288,2309.582761290414
7289,2618.707333200081
7290,2519.4483599712357
7291,1441.2017753609866
7292,4308.208052585475
7293,2864.809379329997
7294,1879.3721735893291
7295,626.591147699892
7296,4140.659924467618
7297,2966.1119513470817
7298,3974.488835913265
7299,2904.015915949891
7300,4865.850189135179
7301,171.73596143521834
7302,5657.075212831581
7303,195.7410738429479
7304,1642.7102622661332
7305,1425.9167739019451
7306,3675.016936195854
7307,1550.4640651862157
7308,6576.119406094105
7309,769.2065630234781
7310,1672.3298028289
7311,2437.3019907409293
7312,5298.529658476237
7313,285.41756016100953
7314,4821.705011326527
7315,363.22464617415085
7316,357.3619108990184
7317,6842.056387828515
7318,562.1804682111374
7319,143.0618826828302
7320,35.25589629238248
7321,939.8693367742259
7322,581.4672611880035
7323,610.7314047186591
7324,432.5227325469177
7325,1018.5517835782454
7326,3270.311586087797
7327,1015.1993375058224
7328,1917.8360289647383
7329,186.98476703542218
7330,411.2984085207688
7331,275.4884965894475
7332,2063.6645348485017
7333,693.6228454859261
7334,1867.074836178361
7335,2844.198907313921
7336,234.19574630858386
7337,169.96261731333493
7338,1193.3906883071536
7339,617.3846004349808
7340,169.55145361293214
7341,2087.3346855738173
7342,1496.3409089294926
7343,1505.3439561582913
7344,281.347998071485
7345,1063.6878049976601
7346,893.3380038396898
7347,1164.0173259951532
7348,509.1811903396083
7349,430.7570407837429
7350,251.4280412199788
7351,542.2496636044383
7352,1441.478881125711
7353,4555.635639830372
7354,478.6357771013124
7355,760.5951986348008
7356,1089.5127519854072
7357,860.7884458088287
7358,251.7970722915726
7359,129.01841071951716
7360,824.5891491112423
7361,2679.527131930749
7362,3517.305509034621
7363,4722.3286030758745
7364,2683.8461457098547
7365,311.7643617655789
7366,4908.268439946122
7367,345.2260786305061
7368,930.8616175702547
7369,2345.661974945452
7370,423.4943961630356
7371,5437.701651301543
7372,88.83821111733877
7373,260.8711593229983
7374,2356.8591780672327
7375,972.2797215481195
7376,1760.434454612911
7377,114.81589976285971
7378,4912.726164238273
7379,976.1317630016866
7380,1955.605293419004
7381,6.195154849251861
7382,4098.69080236191
7383,357.3641786693788
7384,358.97644730219633
7385,1323.0122521275455
7386,216.61141222955686
7387,3043.8161513352925
7388,3781.8923513430127
7389,1237.7097730282865
7390,962.377824391885
7391,13.705512532021919
7392,3877.3704980714956
7393,4707.51409385291
7394,8020.293260686215
7395,4705.6056517568
7396,1122.9285309910688
7397,609.6261842226456
7398,572.3664669456963
7399,6.0327377696562765
7400,641.4428619241927
7401,2205.3811041833583
7402,5587.118347931204
7403,1415.1455715245647
7404,3859.752906957051
7405,246.1774121097724
7406,1214.3529952653394
7407,2917.0170317252155
7408,244.83303763811028
7409,2768.6502612227055
7410,4523.2484015567425
7411,3566.7127137301763
7412,3053.170546681753
7413,957.0209297271663
7414,1587.4502480715546
7415,1736.9343448559835
7416,3540.9267332931977
7417,907.2536786130363
7418,139.5656818967574
7419,104.69475036420273
7420,1374.2689204504543
7421,170.04463037709644
7422,264.73674397545886
7423,5811.7225881307795
7424,3537.820796366544
7425,663.3735639810028
7426,8428.472123818305
7427,3257.4388240114204
7428,3908.5971506811543
7429,2787.4274747668414
7430,626.077210796105
7431,2656.726535481006
7432,4595.558644497261
7433,329.9451492691778
7434,16.48064266859299
7435,430.2840008269825
7436,164.5902069020454
7437,494.06696085308926
7438,673.3567093295162
7439,2744.4282955932604
7440,1205.9031607114257
7441,1281.2267188912267
7442,673.2204562200785
7443,5345.2002004796
7444,14.436520789732203
7445,646.4684797252822
7446,4227.920253221735
7447,5402.603963207254
7448,842.0481593470129
7449,378.25419461566133
7450,635.9109839589415
7451,5079.5649199712025
7452,3684.350870187573
7453,1173.849601134569
7454,4179.735946570692
7455,528.8751962345201
7456,2407.971946680307
7457,1157.275668343849
7458,280.65246178927566
7459,3053.016833717343
7460,1993.3505969642824
7461,684.9523915189116
7462,1844.1766333335584
7463,1939.5306972458877
7464,149.86041652605522
7465,118.35873320172884
7466,731.9084059148512
7467,1183.767406235589
7468,212.22151069816223
7469,2096.9473933906906
7470,3812.718279766183
7471,391.34382513083375
7472,869.498948858721
7473,508.6162194674486
7474,3054.844182753289
7475,1305.7207701455031
7476,93.46773344273079
7477,1145.267973557591
7478,655.2986094325316
7479,4286.318956887749
7480,1216.5512183216563
7481,2203.686745825774
7482,450.66172273993766
7483,2495.373365460084
7484,4093.6569250804478
7485,5236.675230538571
7486,906.667090305815
7487,1074.9217265577338
7488,73.93452584509643
7489,556.6574749776147
7490,2822.0828967002035
7491,1961.9469214798648
7492,2576.670719293427
7493,2201.6937811324738
7494,2723.2190717051667
7495,744.0047550826195
7496,337.12524646294156
7497,185.3286269876081
7498,627.389802589371
7499,1487.3046009698016
7500,1068.0235564759942
7501,5074.014872502636
7502,6222.757418559213
7503,263.2427615243844
7504,1002.8090084937586
7505,713.1838481985197
7506,3765.226004713262
7507,189.8913752646565
7508,206.74621295261875
7509,2139.4060257274214
7510,1346.476134197331
7511,1252.8770037690024
7512,1781.3196441397201
7513,116.08052721123894
7514,1143.4472703416973
7515,236.41540410868768
7516,295.70058602494123
7517,5088.269231974445
7518,4779.835869448833
7519,1593.161824304456
7520,819.2536577464607
7521,3926.561800180145
7522,857.3617522290865
7523,407.0914858439096
7524,1580.3318519448258
7525,1425.4119969463363
7526,1810.6439160497139
7527,859.757327328649
7528,714.7870880870437
7529,1386.1872725624667
7530,4309.55717713458
7531,4813.068045153557
7532,112.56087381692507
7533,336.5771268757728
7534,5991.236152546912
7535,87.36937204442899
7536,4515.275847066839
7537,6745.846108012495
7538,1114.2092497507385
7539,617.8179500624278
7540,1877.5646780618229
7541,705.565555146231
7542,341.98432749262855
7543,1646.0984723552388
7544,116.90631787964968
7545,5220.262388845366
7546,4010.4253260400237
7547,347.5041718139894
7548,3057.8490409791048
7549,4439.084641250939
7550,313.83607315351003
7551,1549.2164311069196
7552,2942.6600799877883
7553,1026.021584695567
7554,7465.436435713177
7555,3558.380167117376
7556,1861.9537589784202
7557,94.80849427830333
7558,3122.0217234077236
7559,604.9289604793577
7560,433.7484718411355
7561,872.4351669683102
7562,1515.862321896674
7563,4483.8233030276915
7564,366.21456148140294
7565,191.6501723725635
7566,431.5944325049951
7567,267.25586727329903
7568,337.5699143501734
7569,8848.438008854133
7570,4.794877511432972
7571,2427.324550557743
7572,1273.2863565656705
7573,4034.454365948672
7574,366.31151614508025
7575,673.375255563166
7576,729.4116729362706
7577,1013.1964815723337
7578,979.8535603423536
7579,2303.039957538261
7580,291.4616982337933
7581,1406.8874274551504
7582,2886.4218770742327
7583,2567.6580721027603
7584,1073.416095904195
7585,1825.0086070680927
7586,131.88228581694594
7587,4179.003901281723
7588,690.5528378119042
7589,2362.36228244524
7590,2099.9569887926828
7591,2253.1923533489503
7592,1713.393438369893
7593,151.87786803305954
7594,3935.6957063496116
7595,94.76926753470778
7596,1837.9689414302932
7597,1207.2627408514825
7598,431.68848688757697
7599,1469.3060473902337
7600,7.962921093540984
7601,414.2145805952259
7602,2387.1859845138797
7603,4403.60865415978
7604,1421.353601597806
7605,490.4555154777046
7606,406.9157493540008
7607,1865.894957433951
7608,661.1426707224504
7609,4361.578559510981
7610,284.8777381674835
7611,170.1806482565866
7612,5253.720644067993
7613,4199.346340949842
7614,1379.3608560910893
7615,703.8092203064261
7616,154.4877597626059
7617,1114.174736977014
7618,3876.59975939203
7619,1208.5457547666945
7620,404.63756246334634
7621,1494.7342142476718
7622,1475.9772083205987
7623,1804.4498424347576
7624,249.33002165760186
7625,4359.211540564433
7626,391.1235063000224
7627,13.000083114597114
7628,270.31278244782214
7629,66.20687744471564
7630,118.9218518649245
7631,1187.3495599424161
7632,54.84457064911553
7633,4774.140792637677
7634,890.9297931262879
7635,4184.451959898844
7636,2473.1579127561595
7637,4566.718522676596
7638,2778.646297814543
7639,209.3669368328924
7640,14.715727517470743
7641,1915.3864393440558
7642,4359.199403213762
7643,2532.0922970339657
7644,3052.505131317496
7645,1168.4067375830277
7646,1087.1013414432414
7647,266.67551927192125
7648,3036.6750774348584
7649,101.03058420581131
7650,4986.695489055083
7651,1888.4791165036072
7652,682.7767524540427
7653,766.9558990486477
7654,84.19404703372713
7655,528.9984644997985
7656,465.47250122148057
7657,1322.0232766611484
7658,3197.5871964925486
7659,1388.0720392737132
7660,1770.1487770285692
7661,1308.362761591977
7662,3897.502214145309
7663,453.0325556122896
7664,48.37855769204903
7665,270.38600805202555
7666,1327.4202224505775
7667,275.8559827406391
7668,2146.6251775431806
7669,4590.941871417637
7670,1157.5966979827697
7671,4285.023590158323
7672,216.90019744554635
7673,814.6198402951263
7674,1652.343031328877
7675,985.7457120105286
7676,1149.402775727896
7677,152.95968674326397
7678,3331.5227493290804
7679,5181.403916057584
7680,2781.873165645115
7681,4432.612689677308
7682,2633.912469585729
7683,1026.2261943087449
7684,169.44966013913972
7685,1244.5052546442666
7686,1094.0249028325188
7687,306.30090019430037
7688,52.769414747517054
7689,6734.9845043641235
7690,463.7642871119162
7691,2476.022936543511
7692,495.44856041795924
7693,7087.472404168345
7694,168.33052662892612
7695,3643.5061104276824
7696,2821.2820515680814
7697,4609.54081117942
7698,301.10223713534083
7699,5105.4061711679515
7700,1618.841331141083
7701,2216.4125382913967
7702,213.99462250434345
7703,4136.393168527031
7704,452.68874553858956
7705,2848.163718794687
7706,1123.975318403602
7707,2152.713473281122
7708,7193.237675002397
7709,4997.985556548906
7710,5549.284060030761
7711,517.050733741085
7712,1256.7708208430988
7713,1138.4886891960684
7714,2205.3686093316546
7715,2092.9605304848096
7716,4395.715470281046
7717,1708.0064334510996
7718,3071.128440981911
7719,572.3789952749867
7720,271.84316896774453
7721,37.33027336602009
7722,122.72506470559978
7723,1986.709091881063
7724,1236.6783875089864
7725,277.70558541327875
7726,224.94085076089064
7727,1257.53265963912
7728,4628.8721522128735
7729,89.53946778537458
7730,5991.835190635085
7731,2236.3840849959247
7732,0.9000457537762351
7733,64.2721740322195
7734,423.22021956985867
7735,4502.315763859432
7736,460.61497957189573
7737,1669.4601901984877
7738,529.5038050487047
7739,334.2625140369914
7740,645.3545058846111
7741,696.4306891644222
7742,60.76816058253062
7743,264.5219159519185
7744,2021.7623400581026
7745,200.6481304083097
7746,2781.045008300968
7747,1359.9536171182083
7748,2610.462029482682
7749,507.5495813434943
7750,4675.19610816311
7751,1525.6844223074424
7752,568.5319132092795
7753,185.4286599938845
7754,492.26093905154414
7755,605.8053692849584
7756,1500.758648501366
7757,1049.6583657976887
7758,2255.8920126129224
7759,1097.2032362715233
7760,3409.3340954012638
7761,859.0288257560701
7762,5559.64790990628
7763,3658.9980717337435
7764,714.952338242541
7765,1240.7968465814668
7766,5457.561450699764
7767,286.4685702570747
7768,20.742157082778842
7769,1906.2685947001262
7770,2585.0735851777085
7771,3616.731502096068
7772,4256.9716422369775
7773,3541.0517095491555
7774,2372.2702181878744
7775,15.552067699051292
7776,2348.567199465784
7777,4249.748342977546
7778,4384.820498258077
7779,1821.8500824802
7780,1249.403115812363
7781,1960.1511406924424
7782,840.5062820888751
7783,3195.787836106384
7784,3086.164963613092
7785,3425.90682767989
7786,843.1090999369101
7787,3.0050529646311976
7788,1728.377976363266
7789,4009.7149009132654
7790,2185.714904978886
7791,3380.9290661825135
7792,2268.8766554745716
7793,316.20596116420666
7794,3757.3209034331894
7795,538.505046332137
7796,5.148036381167795
7797,2406.775408195944
7798,1130.2955428956973
7799,652.7569585587516
7800,30.61240620593337
7801,3281.1531190659666
7802,463.11803600668225
7803,5103.551004171353
7804,3265.694165371984
7805,1496.7133508524532
7806,3336.6368715780286
7807,1425.7772446395536
7808,1695.004862674448
7809,2166.6345440924833
7810,4313.397235782605
7811,14.245885152092429
7812,4650.7463603495635
7813,279.5653692485979
7814,162.9374024330656
7815,311.199740402724
7816,330.9022438646884
7817,3097.3665772231257
7818,513.7562556387077
7819,1108.4337781579477
7820,151.40146264878382
7821,4926.9991086884165
7822,3042.526887946866
7823,270.1449589546532
7824,1844.6634203847489
7825,365.28368409890516
7826,732.1345701214875
7827,2494.2104626609116
7828,1048.0297133610763
7829,2627.716924058796
7830,500.8108426859043
7831,132.88943356238502
7832,4248.490090708294
7833,1186.5066423545907
7834,1216.7926870738102
7835,2623.7517318309583
7836,33.30884501982685
7837,901.370716732075
7838,592.6783605421655
7839,772.8619526191901
7840,2069.5992307214487
7841,638.3427243869967
7842,2263.497318446267
7843,0.41712257067697345
7844,3123.869476775466
7845,599.878673601787
7846,2913.5432543430884
7847,3566.203428296535
7848,5468.409856330405
7849,5052.060190846273
7850,288.9814608612269
7851,940.3137390139966
7852,807.0363901340786
7853,251.22501122255346
7854,22.002219970779155
7855,4518.94038357771
7856,2136.634732806101
7857,848.9806713219941
7858,1594.1138926599408
7859,341.31609869060617
7860,4213.1694252012485
7861,2620.9952179722236
7862,1166.740857604016
7863,2592.577794293516
7864,6516.273997600742
7865,993.0247011486981
7866,118.86316473430246
7867,3557.3056512281078
7868,1009.1470518818262
7869,1124.5740933560835
7870,4423.340195924828
7871,1639.6444971914245
7872,687.0366325478965
7873,411.8016017664309
7874,225.65371914703877
7875,1968.3234074234024
7876,4290.45608355509
7877,236.3761483722724
7878,61.87665224027193
7879,589.069248507325
7880,2199.905652005727
7881,5150.930320653128
7882,2192.4318975652645
7883,2160.7230880804377
7884,5593.055714594795
7885,3868.7831822448875
7886,503.2640240159967
7887,3075.1492242692057
7888,1628.0441611013007
7889,16.30786850222512
7890,200.9607701710958
7891,6210.912155937325
7892,1632.8930796912218
7893,2894.5471988375125
7894,1227.978238923109
7895,4872.301254433992
7896,2449.223132999403
7897,148.6438528642827
7898,766.4072521259741
7899,870.5128934359548
7900,554.9056289455508
7901,1024.4573158272199
7902,1524.6550243491076
7903,1572.2456466766332
7904,2908.813942684159
7905,5352.805087437636
7906,216.61267694869167
7907,4027.0586370977267
7908,5936.802992421604
7909,3899.6511472885127
7910,94.35731150535176
7911,1224.3127240543672
7912,616.3682729290405
7913,118.68211467180036
7914,1272.8270529158435
7915,3707.3750886735356
7916,617.5288395585311
7917,1977.4442302434902
7918,1689.8414530190198
7919,935.4813668815735
7920,2729.116244690926
7921,48.34239134782556
7922,539.3742541880644
7923,318.9080874928033
7924,3405.395580205425
7925,4122.994946629694
7926,7550.978936188141
7927,1590.1185431787967
7928,2166.9536813610694
7929,1588.4827557741676
7930,3667.7113631370166
7931,8923.217479342225
7932,218.7068872833062
7933,6077.948412584186
7934,3357.7617447837133
7935,2772.181812309594
7936,4173.641374597958
7937,159.26399262257962
7938,3184.11670808246
7939,7147.856998314408
7940,361.69928483441714
7941,1163.2607007922174
7942,264.1465052392665
7943,99.52122059066923
7944,710.2407985849413
7945,143.00977491750655
7946,1098.023624146301
7947,1616.3396577137805
7948,763.0370187779528
7949,3474.1823852052325
7950,2687.736576509649
7951,1081.0461032900541
7952,2037.7402988346666
7953,832.6413946293249
7954,346.7933961446352
7955,183.0544508880181
7956,6409.594828211142
7957,2325.3165549474775
7958,396.35087343252616
7959,2326.852385691
7960,5239.6623057630695
7961,2032.5378234093703
7962,1253.0029570636673
7963,1618.6994577539963
7964,3103.7458737076267
7965,1404.5961407554162
7966,351.100096315025
7967,118.7052788967086
7968,38.08526155290916
7969,402.75228272331964
7970,1301.839439330964
7971,5201.122204508748
7972,68.7870266416686
7973,2428.532394152931
7974,1753.675333020021
7975,1300.8550402006517
7976,226.4590278243828
7977,2386.4186368121423
7978,2569.2366654296197
7979,1146.6880425031416
7980,64.27503642943196
7981,2511.836305035676
7982,2175.509844712682
7983,522.5289136826914
7984,626.8978001431356
7985,411.67458967161133
7986,3335.605908419962
7987,382.6786126336595
7988,389.66388385638913
7989,3270.1234924797227
7990,749.2946818929786
7991,3446.291864004109
7992,1297.372486621136
7993,2022.0335681477886
7994,3633.4578989390398
7995,1039.1182325671018
7996,5309.596508792332
7997,400.37320901325813
7998,5882.787760471207
7999,4442.021072098852
8000,717.8987127405394
8001,4953.404390594966
8002,339.88996197906766
8003,3325.6486931053364
8004,565.8758144376158
8005,2617.5201682461097
8006,464.30773011995615
8007,25.76533115644791
8008,5856.055590134493
8009,535.8689755334417
8010,129.5195796079072
8011,640.7276654086629
8012,3515.178498110116
8013,2797.2942855905635
8014,3467.686778445973
8015,65.46048225092966
8016,3317.4634738499303
8017,1480.9645642432886
8018,1652.3644628079992
8019,2601.933454265182
8020,438.14397651716155
8021,363.5511254491923
8022,1192.3264499383722
8023,2306.4185112115515
8024,1174.3518791618542
8025,588.9777534500695
8026,3037.2670268670818
8027,906.1371628264695
8028,845.4674438271193
8029,4021.047815847896
8030,1054.290730756248
8031,848.0538755821522
8032,612.5015355307096
8033,879.7637117376671
8034,1197.0481163926363
8035,157.04609249177457
8036,8014.25736726178
8037,235.01594674249057
8038,3182.972397861357
8039,2500.9536318871887
8040,3194.7330444185454
8041,3910.1012046181845
8042,5299.785756965359
8043,390.9285334997448
8044,590.5894731416275
8045,4230.522909393512
8046,5038.827998641631
8047,656.6575639772929
8048,3893.365702798886
8049,4371.3425628296245
8050,871.6166995983265
8051,4393.178851228915
8052,65.8710501784997
8053,2202.4447718970673
8054,7979.656658794848
8055,1604.7981717369478
8056,2886.8045610484796
8057,1338.1894448393161
8058,6012.655722277906
8059,1331.6028261094789
8060,2995.8480290679004
8061,766.368894948905
8062,504.6095456948774
8063,4812.993733598668
8064,3728.06796794689
8065,36.410765509440814
8066,390.83993939693767
8067,4883.465205816901
8068,672.6019860737298
8069,4986.192006606639
8070,302.2565095664305
8071,4046.274118441834
8072,2839.9175572066156
8073,784.7064396537368
8074,15.797776733263168
8075,2261.2269548416957
8076,2897.104760824067
8077,518.8746810329426
8078,4259.412386317174
8079,8799.714185797577
8080,634.4286471304757
8081,8931.107635813905
8082,1333.5207813132738
8083,690.9483067142327
8084,397.27007839806583
8085,177.87579379367628
8086,5447.191181997759
8087,4126.357967067009
8088,1158.6317479574686
8089,2172.0054946853256
8090,1655.9776079791172
8091,349.1517792024646
8092,1231.6733361168585
8093,3416.7220989071657
8094,3328.998217407277
8095,197.1023868631942
8096,1644.6596703698567
8097,2906.433887318513
8098,4135.124830840358
8099,388.27136521252896
8100,1864.675272921611
8101,310.96675985192405
8102,429.04065204255994
8103,5944.65430904521
8104,4500.583654894594
8105,635.3051518101394
8106,828.4783440576698
8107,4332.457149627444
8108,3901.4658548907637
8109,106.0421012475264
8110,590.5746013731986
8111,5158.4005437741125
8112,1065.1995993764963
8113,1462.2076344709276
8114,642.4981159509945
8115,3313.1736332862006
8116,6300.855816325481
8117,2145.959010788868
8118,2245.4267628831094
8119,4141.191790755139
8120,1331.4679969047133
8121,752.7284082743349
8122,867.7824107418995
8123,1569.7293137141917
8124,300.6079484513925
8125,307.87278913436677
8126,1241.7878793378966
8127,1281.555671182724
8128,939.8012814333231
8129,3038.663403662276
8130,3739.1354439628853
8131,2271.8974061863128
8132,996.0107022506138
8133,2054.419370734307
8134,6383.795164202136
8135,750.1094726803177
8136,2228.733095119856
8137,1183.6859114736314
8138,1173.149640551955
8139,253.28977731119443
8140,723.1114445818962
8141,6995.627710967669
8142,685.3355853480364
8143,520.9880868468525
8144,3071.072865133135
8145,3224.5036812213966
8146,1686.9422069225154
8147,269.53152353262146
8148,196.98056327844554
8149,1463.868987122534
8150,629.3438105703264
8151,1024.5250101638965
8152,881.4622337967132
8153,321.7679983774885
8154,1383.334051020553
8155,316.20447191729966
8156,2521.915581629135
8157,867.5239220030847
8158,4091.9024533388747
8159,1862.9190223272365
8160,563.9836377593713
8161,1883.2648388003104
8162,265.0710730327332
8163,1174.5940792885247
8164,2747.595917789151
8165,7896.795671674858
8166,530.8770710895559
8167,2611.708872878675
8168,3009.0129252238444
8169,4331.535925740558
8170,506.61763575316405
8171,302.22529437297584
8172,3972.192996862983
8173,2078.7731957671954
8174,2528.069802279825
8175,930.014862749171
8176,4016.3218483528417
8177,273.6683931225394
8178,1792.0628416436964
8179,5408.176826269113
8180,6139.98273668025
8181,523.0433963889308
8182,2793.4181670426206
8183,31.87152160725173
8184,965.503332285485
8185,258.2806203936632
8186,829.4918822659138
8187,5380.618463986774
8188,1456.4138549669324
8189,497.6079203651498
8190,950.4516831135751
8191,1555.1495686242765
8192,83.23740946398917
8193,2804.4132719417485
8194,124.77788261887298
8195,444.9545648840325
8196,513.8885608296932
8197,4093.187907781673
8198,690.9621782409141
8199,41.051375666481086
8200,2138.7338042406714
8201,2381.754330808089
8202,8029.10473761371
8203,429.79316134336096
8204,693.5926669895598
8205,1705.5662910187816
8206,1440.367276360092
8207,5.783741556094032
8208,4362.553794918533
8209,25.477368157440154
8210,348.17503878536377
8211,910.9604697773859
8212,192.03241521926066
8213,3948.942240775904
8214,3029.339710160619
8215,609.8711603046158
8216,3693.5667843639494
8217,1216.6069528772066
8218,2607.505549408993
8219,2004.855182413792
8220,613.7458602495389
8221,758.9122660083087
8222,258.09089397489726
8223,2048.806185929446
8224,4004.947102669495
8225,5056.6335359712675
8226,3304.651931622341
8227,1229.26003028078
8228,172.74456502100725
8229,920.9073860194906
8230,2111.180806488842
8231,5264.187307404163
8232,4081.349338723358
8233,137.04462761474403
8234,2145.846664149633
8235,3523.2603057073006
8236,1012.6009447638905
8237,2869.710452814947
8238,1087.9598131417195
8239,621.7757014299685
8240,936.4332945838311
8241,1124.760085940521
8242,1503.9875053860094
8243,460.429504162238
8244,3767.8033188728095
8245,77.0296602554462
8246,922.4132711306012
8247,5349.588704393562
8248,3880.3746973257303
8249,644.9349486218096
8250,83.43163640900008
8251,403.51861742786605
8252,177.91305014930333
8253,6704.19713380489
8254,720.4140341174665
8255,301.24060377490594
8256,4951.253745613488
8257,1066.2201754692076
8258,3216.533396779307
8259,2.5720754072843652
8260,826.4570487425738
8261,425.88929160567744
8262,3435.712964935202
8263,3503.146935099283
8264,2486.376839741888
8265,388.2839120255741
8266,6913.198305357289
8267,2771.9881244996254
8268,8901.382560039123
8269,1873.4636189945716
8270,985.0204176725309
8271,1884.836139367668
8272,3197.1768922183664
8273,2164.773046615175
8274,46.74510445938298
8275,1411.930804434607
8276,323.54187793986694
8277,5498.029787499789
8278,4070.03934241221
8279,803.0381091251518
8280,5365.266493840001
8281,2653.3034754961345
8282,2041.4046848034382
8283,1161.3553487396773
8284,535.6281486899511
8285,63.18225739992851
8286,2672.818131639654
8287,2320.2470398192368
8288,1524.8186834344242
8289,668.1255637877346
8290,3223.2296159074085
8291,183.64508019044413
8292,257.7360971675971
8293,3874.584691586494
8294,312.5582442331142
8295,1159.3496853267895
8296,225.91084029371484
8297,4662.443813973546
8298,829.7660657196681
8299,247.4603306337454
8300,1455.3484979389063
8301,5152.852308907127
8302,929.9484547438286
8303,96.09596258309793
8304,2408.438282076839
8305,1239.3110705192003
8306,1049.0045257718107
8307,1389.8171866083076
8308,556.8965639285315
8309,2552.841995391865
8310,433.4817067598495
8311,985.1453026210426
8312,232.17910751957274
8313,805.3457257357645
8314,21.8023551797201
8315,1996.3187733042023
8316,112.90854192619099
8317,1514.7212920138836
8318,2221.6009900747285
8319,1754.989949925966
8320,880.6732370101896
8321,2107.7768406671175
8322,71.11134958369885
8323,39.12184166843707
8324,3268.081106724377
8325,246.91888158435714
8326,4984.386021996523
8327,709.8624755860047
8328,173.2779662071986
8329,347.3351646395997
8330,2380.163719200984
8331,656.293499236889
8332,25.18101653093692
8333,3627.2840065143423
8334,2768.455828281346
8335,6099.1567122254955
8336,931.46860121452
8337,3045.8626401315496
8338,4580.952821381373
8339,702.8226511946765
8340,2510.277179177841
8341,554.2881583480881
8342,1360.1141096439192
8343,2010.1153635551702
8344,4329.68232887756
8345,1626.7776988421774
8346,91.89858837140345
8347,617.0631327463379
8348,1596.5753996810813
8349,2528.3764627400183
8350,2704.002007032782
8351,837.2498043362414
8352,964.2847561126288
8353,2676.009397026219
8354,1314.0723882847067
8355,424.31536307658973
8356,2200.8909535964135
8357,4500.7763331626265
8358,3217.5644182160713
8359,983.6791982025359
8360,2556.999539495061
8361,710.6756464994558
8362,2922.3500312005276
8363,6621.541982027951
8364,3434.4425552517787
8365,1748.4268050445696
8366,188.85520509999742
8367,681.6397668719137
8368,172.96284339225838
8369,8711.215389415524
8370,1139.1321483427573
8371,2029.885145567075
8372,1309.4157798470549
8373,2169.7011436830094
8374,77.54120305933316
8375,1196.603024048484
8376,920.412408980802
8377,1133.8631161432572
8378,1095.5664197695764
8379,1007.811143282834
8380,2151.086654214165
8381,2490.8945529669986
8382,2490.9087481688293
8383,3519.8470176300902
8384,801.1648433162964
8385,2118.5442983527705
8386,1866.0800892909933
8387,510.0041915941571
8388,607.8016406793097
8389,23.457916808549335
8390,37.65734547033954
8391,1356.881237367204
8392,138.8737134788343
8393,5099.075571157441
8394,7960.408855232291
8395,1340.9453859852736
8396,1780.1624735799694
8397,1991.6401100394141
8398,678.8915392969868
8399,6472.264570290866
8400,4573.9793175214845
8401,97.83089841913954
8402,264.42588393127596
8403,545.6314441263563
8404,369.89529441123886
8405,163.60135055640157
8406,3960.7510827123456
8407,1637.0221918946336
8408,4923.8870181936645
8409,46.65581634711758
8410,1137.0888346273098
8411,2680.295405533205
8412,747.8799786111831
8413,4832.35884910645
8414,402.06373218821335
8415,212.69819407316768
8416,1399.2919574400105
8417,1380.2577647344262
8418,2108.444204171949
8419,329.2418015999141
8420,1898.1655850018342
8421,3046.6343797723175
8422,703.6570868022425
8423,800.9195805810416
8424,4317.731045741743
8425,3844.221340252366
8426,222.00520858673883
8427,9154.05153826546
8428,186.36561707053679
8429,96.74769668986161
8430,410.14359138920065
8431,4708.563382190024
8432,357.2171492071041
8433,7871.113260466124
8434,573.5430981935797
8435,1257.9987422029005
8436,242.50166879698605
8437,5593.6362447396305
8438,250.22112808275526
8439,2037.8832707394631
8440,1750.0821899101518
8441,1754.9396135216666
8442,1362.9097532764622
8443,1572.5503198305762
8444,4835.4824960547385
8445,985.3032495337156
8446,2446.956314195223
8447,6400.139438783153
8448,1257.2431099560072
8449,6837.3806622436
8450,639.1897047594175
8451,43.43298161122204
8452,1244.3141642107357
8453,165.2502258814612
8454,225.53761189742113
8455,3110.3741333726025
8456,1669.1120623951972
8457,3176.4244612922294
8458,1998.3340181869517
8459,6027.755814121324
8460,1263.8779724754368
8461,890.3852855153283
8462,2783.593292684294
8463,2315.805219037744
8464,427.55127206814643
8465,583.9885329440132
8466,1273.1032043188297
8467,1084.778448176766
8468,5343.686724454985
8469,633.0363389688373
8470,2317.140507246616
8471,3151.813465673384
8472,31.43149087228109
8473,18.249628643007842
8474,4968.724063144701
8475,383.81620458100656
8476,2052.943589709854
8477,1792.4885645028055
8478,1997.5571315063178
8479,2203.3478151413547
8480,1212.4600189739506
8481,1474.9280624278908
8482,890.5807827624692
8483,7262.585999308544
8484,415.53174036532204
8485,4403.608014445122
8486,860.3202130481208
8487,388.1923841309858
8488,195.48077472303947
8489,198.0745469736737
8490,10.80838846168099
8491,1547.0040255853457
8492,84.98168090018721
8493,95.15345041889877
8494,129.36148781203042
8495,1266.3409000684787
8496,3863.149917087403
8497,6366.132013509003
8498,923.5619629057379
8499,1621.724539733108
8500,141.7062591116838
8501,5796.494153405785
8502,3250.035683070151
8503,1397.1198928800427
8504,1701.9245567286548
8505,6950.043824271037
8506,619.9516267466165
8507,118.32350610227108
8508,135.95745921665338
8509,2124.908822502782
8510,2598.927333278473
8511,1089.4749428728737
8512,1195.5270655997613
8513,1445.1567088445427
8514,455.3367081154525
8515,56.340915467157295
8516,5681.315965035804
8517,7541.587940241931
8518,19.01198618438226
8519,2317.9503260563533
8520,1394.799194124153
8521,27.537922921361776
8522,1562.4504824569076
8523,1342.3665788122546
8524,825.0593762541122
8525,614.413055654722
8526,1325.5357416564175
8527,1008.7815377357883
8528,2963.49164869706
8529,2189.0789425911726
8530,1728.8249200912705
8531,71.99875369442597
8532,5807.866054353522
8533,1152.666421071955
8534,986.7018291902571
8535,1494.0079034133125
8536,978.4993416857893
8537,3865.2960929639944
8538,89.77308926078574
8539,1634.3800112507683
8540,4486.42912991563
8541,4080.4755356604737
8542,4498.20542349892
8543,1650.4548049916616
8544,2734.193024907181
8545,304.967554250746
8546,1617.6030271195873
8547,2513.9309935777205
8548,1759.56521810895
8549,392.2555473177931
8550,5150.625489281097
8551,4443.772262831239
8552,4530.83147977782
8553,1350.2459564379815
8554,727.8334899148299
8555,4770.343674486093
8556,5836.913274166268
8557,1600.805248657348
8558,4.967398128043316
8559,4061.2990916051617
8560,776.5786211105993
8561,406.722091879847
8562,728.2461161811289
8563,1575.5585575470332
8564,1012.4551630697673
8565,66.41744742020339
8566,18.25999132492546
8567,5174.393909845722
8568,1154.1018636395236
8569,2231.2496371940333
8570,2817.6113447119906
8571,218.84116880613948
8572,13125.63051398651
8573,1842.9354809482388
8574,52.01014677099563
8575,647.1531978671993
8576,593.79065134177
8577,68.46180417175798
8578,3793.471882608999
8579,42.67645225343091
8580,667.9689241791137
8581,1417.6140029373523
8582,1239.3487820794307
8583,660.0791441977874
8584,3489.1673056465083
8585,3472.3072108660926
8586,462.556632551066
8587,1726.652882936167
8588,847.342815671384
8589,8730.498993666915
8590,278.5010869143632
8591,44.68975872488864
8592,64.07964755840473
8593,10070.749397095793
8594,1230.7221598039546
8595,1392.7420586170451
8596,18.436810574883836
8597,1226.6188395023466
8598,627.3907969715809
8599,601.3007431930685
8600,4305.49356490848
8601,5600.659923817821
8602,10278.455227196642
8603,704.8196044221984
8604,996.7989695649546
8605,5092.030193400743
8606,252.08683921865085
8607,13.510537078616736
8608,3992.059790900974
8609,1431.092235455836
8610,561.91367580562
8611,429.2718902231962
8612,1756.4905440497619
8613,4125.742400499753
8614,2901.271784408519
8615,276.8296172213214
8616,6019.143603747961
8617,17.377840400864546
8618,2970.429636933025
8619,4.9942237933348865
8620,36.03821231236434
8621,3081.287522672833
8622,104.87569373043551
8623,1560.5576602732622
8624,437.0995550072248
8625,814.7413108879783
8626,254.15271486907838
8627,5074.490846572098
8628,936.4797544631554
8629,455.43833492433185
8630,4916.407312558037
8631,3152.442317679585
8632,2392.704658316811
8633,3429.23301126588
8634,12427.646028784175
8635,403.98740665635177
8636,34.15402383284508
8637,979.2365062268113
8638,1039.5555910991632
8639,205.07798190151232
8640,5321.574234566234
8641,2525.0279657761243
8642,839.3148805682617
8643,12362.356245689256
8644,5101.129392890758
8645,23.103774149861536
8646,510.8939260707948
8647,7841.079298774942
8648,5215.999522192755
8649,451.4165408354006
8650,995.954201074316
8651,820.1515118655219
8652,249.86291699827586
8653,1646.0769278819598
8654,9.244650736799496
8655,1598.7130433028192
8656,4432.028747660544
8657,0.5339789205933668
8658,1286.1903920072134
8659,1149.414267243595
8660,4141.556800213792
8661,2774.4362814533297
8662,1785.9381122578989
8663,1296.7756455642173
8664,3534.323097279094
8665,253.35238250696023
8666,4372.116625615929
8667,609.0717600720118
8668,2917.9866699558174
8669,322.82643663879475
8670,3962.513614644497
8671,637.3909771682097
8672,1344.8591568232773
8673,196.93625461037865
8674,1218.4670975018369
8675,125.98166991162554
8676,3449.269021369354
8677,993.5328133615087
8678,1440.4921184366428
8679,1775.9406204750248
8680,28.786416054736183
8681,1074.7117564041646
8682,79.03389293410295
8683,187.63076282762984
8684,1762.5202732894568
8685,3901.395190113793
8686,3138.3397225957606
8687,1828.5368429451157
8688,3033.042771019793
8689,1763.264712440082
8690,2028.8318306182541
8691,248.74496061691238
8692,53.1557220577795
8693,310.8819079604839
8694,155.02017145125174
8695,1135.426207794941
8696,2311.1765548072585
8697,3858.375518746936
8698,2877.3045165952853
8699,2887.6928733644713
8700,746.6622511206657
8701,7558.300883165881
8702,3764.342322850806
8703,1095.840811966401
8704,79.68539003134198
8705,5699.485276700266
8706,3881.7339888804795
8707,530.7410520216722
8708,100.39734879211758
8709,7681.859974882762
8710,43.5464650695268
8711,927.1825766973432
8712,1620.626851325745
8713,40.08520523049271
8714,535.9484208653442
8715,1461.0895348181518
8716,4334.195240179726
8717,130.3952093822614
8718,2061.9887598008077
8719,2976.3214209525468
8720,4808.701245792731
8721,1127.6628831008677
8722,2012.3373147200064
8723,879.31834651855
8724,1114.5253278859414
8725,1843.5662803640319
8726,1368.5300408296557
8727,764.9930628991438
8728,3824.633872218832
8729,22.618347908763443
8730,2785.2733006954486
8731,236.76404119960935
8732,466.2459361395915
8733,12.212697822337974
8734,92.85152914235357
8735,2979.50884515605
8736,329.02158597043547
8737,2102.3033976394327
8738,4482.603840090827
8739,699.9854812597553
8740,2408.9021271031443
8741,2085.135287733647
8742,1470.1368045338354
8743,407.3917994948703
8744,3079.214244350707
8745,339.24071812965354
8746,1463.332166263079
8747,1726.392746750489
8748,961.065297186663
8749,7512.047920140292
8750,4515.22789075542
8751,472.88161029550196
8752,2666.5286496669933
8753,34.43249890200197
8754,6800.352071289823
8755,1425.0122429124501
8756,38.72836642266692
8757,215.6297630690758
8758,2579.7877619943088
8759,4399.73777357252
8760,3295.375465427913
8761,3909.3946843247863
8762,1309.8781502962252
8763,13670.75391624628
8764,1946.3431047174824
8765,1697.5038557433077
8766,120.3911822729715
8767,25.289541564144162
8768,35.21913633621088
8769,3954.397849540586
8770,337.39116795043986
8771,11925.21925527541
8772,5836.0739141232
8773,1773.3449099534248
8774,3403.084489155518
8775,2382.6303271825486
8776,10587.349868731128
8777,3212.069166090416
8778,573.7180969028223
8779,3937.7669026864824
8780,1004.8980348562018
8781,334.3110253199409
8782,1504.331852470752
8783,1229.6268805990312
8784,29.943545381505842
8785,893.6781759711573
8786,2230.829515919309
8787,585.6907005383443
8788,297.557033512536
8789,1271.8099699864554
8790,1023.1435498213441
8791,4989.208614533332
8792,6253.783742115519
8793,383.62995084693375
8794,6071.948235640558
8795,2480.5211747110156
8796,2875.099692586612
8797,2754.83570503252
8798,2369.004878999308
8799,89.18021341138352
8800,4297.499668573797
8801,2351.7688048716673
8802,573.5993885309224
8803,457.0132055439159
8804,7712.834684420923
8805,258.48666913409556
8806,1620.182341583549
8807,2539.419782540513
8808,1298.9159190436956
8809,14.703045798882139
8810,184.95782850068645
8811,9448.74462631785
8812,790.9926368983081
8813,649.280169322409
8814,72.77668324864396
8815,2103.0018781938197
8816,1796.3893683866556
8817,3797.8930312526672
8818,166.64753525664776
8819,1732.6007683630003
8820,294.0242229717857
8821,4698.249637687936
8822,2445.6833561929757
8823,5204.225423227027
8824,552.7657270775612
8825,4489.459600823003
8826,8738.90171425739
8827,413.3390794223546
8828,102.95614073156304
8829,436.3872615989163
8830,4278.071778651906
8831,7727.368916807615
8832,231.39518053548937
8833,1899.863797887813
8834,1421.144221054961
8835,2999.7815675461693
8836,3624.7204753861847
8837,5311.166641812167
8838,1668.1066662259407
8839,381.9133296257115
8840,736.514420596971
8841,5073.652786599042
8842,1582.4764966860996
8843,1679.4515849316322
8844,839.1417361231782
8845,268.1726848207183
8846,5565.706783797477
8847,1834.2339523602318
8848,567.7840694652626
8849,1906.0567783773597
8850,3444.8644589364885
8851,822.3498125109203
8852,34.55242831815774
8853,3527.567801079259
8854,9875.65878370097
8855,385.4427182859972
8856,475.5815866413251
8857,8770.08499639163
8858,3333.577815792781
8859,860.5517541734785
8860,188.19513724340504
8861,980.1065063020832
8862,172.14707451728964
8863,103.7632916404689
8864,47.359834064257555
8865,1550.7693324103523
8866,31.275879236164997
8867,129.03888983677746
8868,647.1369796112042
8869,1944.3158942067962
8870,121.84236341867681
8871,6116.138202359862
8872,523.0660887441443
8873,2210.5791236224886
8874,6033.545983557132
8875,99.10613782386957
8876,2028.928824922449
8877,1083.0916424766247
8878,965.1407596563894
8879,1143.4337301616256
8880,1471.5494629284565
8881,4481.739325789405
8882,249.57446556738233
8883,16.54703773671537
8884,10656.29638089046
8885,40.443795112636145
8886,3660.4956648195025
8887,733.0777004844925
8888,1543.2945547058894
8889,1904.5402397478015
8890,154.95792600316625
8891,101.35741856338517
8892,2875.340064250346
8893,827.8116740399753
8894,3414.121483427904
8895,6368.072119708787
8896,2898.5608101607877
8897,485.09609034970777
8898,8812.244282534873
8899,1240.074088510947
8900,357.3482602311393
8901,2607.3896454689957
8902,1342.6674328701095
8903,4826.475953009477
8904,635.5649255519427
8905,1239.77116586091
8906,245.2389148944745
8907,77.77199104173903
8908,79.45014793061125
8909,357.5191995473236
8910,2038.1415106863321
8911,1858.015758168204
8912,2578.1854420090604
8913,4379.479661381216
8914,4040.02587998579
8915,20.52226419553492
8916,6876.492595172436
8917,1274.3242574026951
8918,1594.659047804681
8919,759.1325545160768
8920,965.9119932846073
8921,9626.210101214248
8922,1595.4338463599338
8923,2899.2643640542738
8924,12067.104516428264
8925,2327.3814026278746
8926,2631.107031184109
8927,2375.98993213062
8928,487.6433283599932
8929,784.8547494886293
8930,906.2847758951347
8931,3871.3911586364584
8932,766.3983073103515
8933,424.34907984059413
8934,363.3748225028546
8935,1967.3061491358214
8936,1715.3221106951041
8937,19.640200612245174
8938,454.9996519526673
8939,207.61942953372423
8940,690.2910082197699
8941,453.1597975483716
8942,762.8270279634904
8943,5350.691290179973
8944,1568.5074786182458
8945,2181.1120824084064
8946,603.1788065990801
8947,3850.875811096383
8948,29.6061908126351
8949,216.41451867460074
8950,1588.0609291942114
8951,1944.61329439107
8952,3272.334286410701
8953,1.6097103009582603
8954,13184.321795579073
8955,6452.044556662324
8956,1074.190086687606
8957,1546.2130690397794
8958,1163.269446974726
8959,4628.936505291985
8960,383.9437965256225
8961,84.3280885282082
8962,148.04719552199236
8963,1455.1782368650547
8964,2566.39773907609
8965,4672.967897149394
8966,1810.1650616925672
8967,435.5886041815769
8968,9788.080751114196
8969,207.20698039366818
8970,513.9123104909287
8971,763.047984354837
8972,1410.7495940062304
8973,1004.923739007778
8974,4229.3723710506565
8975,434.29022237352154
8976,3444.0103135825984
8977,63.53655788159652
8978,1738.79501998325
8979,1091.592605891322
8980,1514.6130458931398
8981,6319.366534570703
8982,373.7392749697636
8983,221.32324795673324
8984,203.64064891633188
8985,503.3664478226345
8986,1533.2901445300881
8987,520.3853562080569
8988,1550.7225219501295
8989,1010.4933276982555
8990,4935.916911806771
8991,2517.8804099510976
8992,851.0785178613999
8993,99.39628475625129
8994,3156.520885679594
8995,2032.5296384209223
8996,839.5726417370545
8997,441.6942491834373
8998,34.598236147051
8999,3419.8258040711808
9000,3099.2040201457635
9001,2381.16332024121
9002,880.8883936459512
9003,4099.8983446429875
9004,181.1694307336151
9005,227.26879519758134
9006,4171.507948659788
9007,1546.4033827716733
9008,1520.7228929691048
9009,210.47742373874203
9010,6077.8650418675425
9011,3789.5387765605724
9012,2403.3271668362936
9013,1909.7982495943363
9014,2496.5828322755733
9015,2259.945003030083
9016,372.7933104894442
9017,320.2218403886867
9018,291.98866986177677
9019,1406.0789456881564
9020,339.1470397977729
9021,796.5164551128997
9022,3054.1456379381925
9023,1842.290041779581
9024,144.3578095701486
9025,343.47791407260945
9026,2204.6247869380695
9027,1322.8777722095037
9028,233.96603774253606
9029,119.3974940996061
9030,2510.9863008864227
9031,472.03711669674465
9032,494.22815991065755
9033,6876.8274546589755
9034,3299.1732653909417
9035,3175.9693862854097
9036,71.77120727056273
9037,652.307614437928
9038,2589.1961353355364
9039,481.0487479356271
9040,374.8908269472593
9041,759.6442451646521
9042,3176.390324041485
9043,2783.2352423275315
9044,755.5660456245505
9045,480.7759354212867
9046,6111.733357979929
9047,236.3127612166374
9048,175.51315409360595
9049,3452.203468531566
9050,705.6481777177372
9051,654.4354869239947
9052,26.1306134600979
9053,119.430937216806
9054,953.9448992128586
9055,13.221483645328433
9056,531.6210095773565
9057,9341.438588721194
9058,78.46438046374988
9059,4002.119042988318
9060,4924.482363600019
9061,1743.9072548815282
9062,6549.6526225666
9063,1044.0615612925494
9064,26.896139194219685
9065,89.97206741257837
9066,384.9210080622847
9067,478.3350692761606
9068,413.63033317381206
9069,1429.8803874086918
9070,586.6896554749379
9071,1226.580072609307
9072,2085.6971495348052
9073,3831.388597431449
9074,668.1781318324369
9075,173.48298704744894
9076,422.11842107621254
9077,4188.85324034545
9078,725.1726676877887
9079,952.2815068234669
9080,2399.4293905210016
9081,1473.5420758617965
9082,899.012479630848
9083,1551.400385247407
9084,1576.0721456631386
9085,286.75248707043966
9086,994.3383185244755
9087,529.6889264858553
9088,3899.4206926285597
9089,543.2154279205627
9090,3679.6433163321835
9091,7557.1566500032095
9092,1264.235912365256
9093,5285.964416627871
9094,5228.790899389325
9095,2153.4735888189675
9096,9392.860838674604
9097,5639.551788765943
9098,1403.663322327508
9099,89.08557061714772
9100,8131.833804161053
9101,12407.230101076782
9102,504.0250907059537
9103,1770.7027685444314
9104,2187.801248447384
9105,15.880520970240363
9106,498.643816762889
9107,2553.1079431190446
9108,5643.871846389421
9109,307.4775673998639
9110,2022.7746434531482
9111,28.22860008799954
9112,5280.942240801538
9113,454.6753970243679
9114,12.371128786585324
9115,1818.8782255570725
9116,192.10253551790598
9117,197.56502251056932
9118,200.87415424106604
9119,2178.4411090797576
9120,707.6574398647821
9121,5399.504125853735
9122,739.3252946086708
9123,540.9891449040805
9124,412.63261361623984
9125,284.62915856173885
9126,1936.164377893263
9127,2945.8558885094817
9128,204.7253586364784
9129,903.2282435767828
9130,3.1867151934979496
9131,4745.725662242353
9132,1621.2034686152117
9133,4949.561338620474
9134,618.8631966287553
9135,2954.097270036087
9136,1304.288257504202
9137,5962.698356739619
9138,528.9322962977419
9139,4392.104775160671
9140,541.0512705339042
9141,4961.643778177889
9142,2451.3619215220697
9143,4196.190951248469
9144,633.1832788187296
9145,317.8022573232753
9146,12724.433512213147
9147,480.26649974290393
9148,518.0501974015122
9149,1456.276318235073
9150,902.5727630076588
9151,17.494051821932985
9152,131.53502441994198
9153,566.8326593878548
9154,1500.6156520898414
9155,2156.662365540352
9156,448.1826056958741
9157,1873.6019508910713
9158,2180.139292521052
9159,12.252170851007286
9160,2740.5971736404
9161,94.21419249074584
9162,1358.571774297901
9163,182.4911318547986
9164,491.6892487071272
9165,257.26854052218766
9166,1384.303851430076
9167,6154.950766442836
9168,1222.69535299929
9169,2290.5162656219095
9170,5314.420025453762
9171,3792.840936990607
9172,5615.715511192292
9173,54.05449354805807
9174,3812.8610284333445
9175,168.53487964458355
9176,4380.112370582506
9177,55.695662996457756
9178,989.8757653033134
9179,5819.461792306916
9180,2370.3795589803904
9181,4299.949570442398
9182,825.4745266525905
9183,634.5080471147846
9184,8.596509302852473
9185,415.51539898239264
9186,631.6695420672131
9187,801.294711996849
9188,1477.3062269658426
9189,10279.874510160567
9190,98.60826707669862
9191,406.1316548011815
9192,3476.7064708022617
9193,7009.473071529758
9194,76.2062658816119
9195,1540.2967208158457
9196,22.91351002814663
9197,183.25521056138658
9198,465.20157878049173
9199,1853.1020708949106
9200,3494.851997954825
9201,74.14765725180749
9202,60.65713652579036
9203,319.04158282430694
9204,833.679810571657
9205,4625.677163403258
9206,15.740362114749443
9207,535.3322464657562
9208,286.0234822595174
9209,1408.079327100632
9210,781.9227824076983
9211,1390.5636017668962
9212,18.473848386048797
9213,2594.6334957319627
9214,2655.4251057245633
9215,875.5643419138108
9216,1511.514169292318
9217,1885.965183456652
9218,471.85902621880786
9219,4397.413187012056
9220,75.78652714484592
9221,61.611242844550816
9222,9.783714067725809
9223,916.8247230508695
9224,139.0512566952226
9225,397.7014151024448
9226,3471.3224262214694
9227,5.711793291041228
9228,1884.5443179932076
9229,2878.3476435921193
9230,1314.8441490741602
9231,235.6668988683472
9232,152.16250293053744
9233,4743.687967950276
9234,626.0544502030201
9235,1926.2137525398887
9236,533.6217047207456
9237,4699.124139906117
9238,338.8702802301674
9239,229.077316479149
9240,949.2830295836749
9241,1253.9723018966617
9242,3716.7635574703136
9243,405.4333559965681
9244,8545.811916805564
9245,161.43671121484434
9246,381.55084642959804
9247,71.48414548070825
9248,706.5831991131068
9249,947.2640005548558
9250,1768.8807442258421
9251,396.98842097483885
9252,5897.036466974094
9253,2188.147871819895
9254,393.051013105613
9255,400.3183825533294
9256,4086.226387942062
9257,140.69029729199568
9258,1698.3491480085117
9259,2472.406444756737
9260,267.67319548585766
9261,5419.271782953494
9262,119.18801532757469
9263,3111.4256246013365
9264,1101.07594365831
9265,20.804108672179343
9266,1460.6918659262956
9267,3502.568888816872
9268,3831.0897346079164
9269,716.334646803815
9270,2328.6774751754438
9271,4995.342247701635
9272,7810.272935829216
9273,4158.566121464235
9274,4562.841021609546
9275,5242.097307250216
9276,9042.665080076578
9277,3814.4428634796554
9278,1954.1454559065792
9279,2414.267398547966
9280,3472.9291107955487
9281,174.6863428827114
9282,440.18897411311633
9283,1572.082785162161
9284,559.6061925249282
9285,763.9663471215621
9286,5034.83886384183
9287,952.6908515910061
9288,168.0748700345144
9289,13306.756820599125
9290,8217.07834871105
9291,583.4080951982558
9292,740.5232601946344
9293,1592.0483073840223
9294,133.57823938074492
9295,5569.747067278614
9296,169.4867456844548
9297,207.83019409754635
9298,315.9499877883341
9299,521.6078525764755
9300,2803.6321500707286
9301,3941.898271358392
9302,88.1563897756052
9303,2322.9605535469523
9304,4657.895682481819
9305,1150.4293379973699
9306,8151.485411726989
9307,797.6063583851018
9308,5461.494391556644
9309,3375.300793202613
9310,3921.462692900454
9311,945.201169142696
9312,206.61923247978208
9313,1269.4395023878567
9314,960.4207840057005
9315,78.81341121308427
9316,604.0537109589882
9317,1238.790850149817
9318,2267.3528629702887
9319,1626.7304312552692
9320,13.83574507509472
9321,6856.632596740467
9322,4937.009093397192
9323,1390.7981467906225
9324,105.36551972378584
9325,26.67603309424529
9326,2618.4966107389205
9327,10397.367589740828
9328,1223.1075888931546
9329,2526.0563941591327
9330,4659.8203240735265
9331,327.0126927291484
9332,1964.0413853389148
9333,5185.7864695313165
9334,748.9483064246514
9335,1793.9475032833589
9336,2613.9296589366363
9337,1947.9359723126727
9338,511.47853623754503
9339,80.47025255227885
9340,600.3529650853782
9341,220.96919534324186
9342,2660.874495865679
9343,1144.2688813258867
9344,61.0494119622027
9345,544.4523722847347
9346,2400.0395427513217
9347,31.734444296034294
9348,60.231919011810476
9349,6445.048923224087
9350,761.6134034109562
9351,404.1607556664879
9352,1484.0638663353002
9353,50.82135729060949
9354,2457.2877833340685
9355,25.268401320153938
9356,56.547081017769955
9357,250.1661366017733
9358,5083.144861470878
9359,2167.0123987654333
9360,0.5116613157473658
9361,1727.006677865697
9362,844.3702190229279
9363,7491.185351359064
9364,3.8214256357014307
9365,3232.842019911818
9366,63.371110106288484
9367,8.84557898948509
9368,5287.063441538559
9369,55.04349296431263
9370,123.56809942152242
9371,4031.9599441307764
9372,2370.702819077177
9373,8118.026518143221
9374,493.7092154004285
9375,1834.9920036796889
9376,2249.415383621168
9377,3491.374645407909
9378,5523.668380656417
9379,244.10870359520683
9380,870.0687599731268
9381,1137.6437376585575
9382,1713.3336611951122
9383,3221.5179027031813
9384,133.91748296355212
9385,2842.6440382299734
9386,2749.727053612014
9387,145.9649477006003
9388,3614.2626988814905
9389,1572.384411066565
9390,459.42777663052175
9391,24.946024803843123
9392,83.54641143522095
9393,1033.7697676793912
9394,1780.7564784868882
9395,736.2797191983166
9396,3513.280340391872
9397,906.9510293119699
9398,57.02262983760166
9399,2613.4589589846023
9400,877.3608622731922
9401,664.1578133339427
9402,437.6148935345318
9403,5403.731193146545
9404,946.316282068361
9405,1944.3326653994388
9406,2038.9107675382054
9407,918.4188423855737
9408,2265.308269666481
9409,588.686547684227
9410,287.83858992296274
9411,3371.891033471661
9412,140.15096398131155
9413,24.459822443239847
9414,998.0313571254834
9415,5432.9336298984745
9416,934.0426826743009
9417,3830.2269670929804
9418,1442.5250488553465
9419,378.6721839850294
9420,4136.134106928969
9421,156.23886196042284
9422,502.88058509797236
9423,42.26764709543283
9424,1484.87659738433
9425,12328.496736210891
9426,1360.4781219241609
9427,330.8627215705272
9428,3798.6810060977487
9429,13.478656835049021
9430,5335.915062563734
9431,2685.6948367725895
9432,2502.8064604627803
9433,4934.65355384506
9434,890.1574445811681
9435,632.5263826945064
9436,293.2790679109667
9437,1784.0558324748026
9438,98.20916745403144
9439,1500.5837458872206
9440,54.0002689356061
9441,4745.14948589579
9442,2411.743135132012
9443,3825.7299472937516
9444,3360.0141879651233
9445,337.7731920278328
9446,108.66673313376916
9447,5270.8976139728375
9448,189.18346744145666
9449,4853.997431947004
9450,2186.167323916145
9451,364.79068974447335
9452,2687.2443265284523
9453,9848.85326226987
9454,178.90450608793387
9455,3793.927057811356
9456,6.216634578446397
9457,1907.6531342696214
9458,829.3887071434995
9459,1637.2633126531134
9460,1.0574336903145065
9461,28.710460130805277
9462,4602.271253292671
9463,1267.468840439377
9464,488.0250421461821
9465,659.0889004486378
9466,1290.5217518917186
9467,1483.2481707576687
9468,1723.3579160383547
9469,1554.0084894279446
9470,1149.8847803878316
9471,359.1791706740798
9472,1809.1389545066452
9473,1245.3720356923548
9474,1448.168722731531
9475,194.61261228021073
9476,7944.078387365598
9477,1599.8471794253255
9478,29.216605502423153
9479,300.1884223606948
9480,466.6271726380784
9481,1.4375397347313204
9482,1080.4279404510776
9483,2638.617125049937
9484,791.7562773260589
9485,2360.1244218778593
9486,439.5392318536079
9487,661.2597588522688
9488,1765.2876077101012
9489,886.6177345664473
9490,80.7711302686262
9491,3430.2084540396086
9492,906.5400574317132
9493,983.3593450862395
9494,131.13555233884296
9495,2771.0964635905225
9496,800.7307200165594
9497,1510.3726798782006
9498,2162.3804128013508
9499,3543.7366128538715
9500,3792.833181152886
9501,1999.0759706720087
9502,1046.2493799986053
9503,3296.3211109315557
9504,221.0245669186306
9505,1183.2823050812642
9506,3057.7975209805263
9507,618.1611533857414
9508,1116.9837605534435
9509,5001.082840982874
9510,763.1681106384057
9511,538.0225924662955
9512,5994.89466491717
9513,47.14052866297178
9514,3513.2605518929163
9515,2943.036945562581
9516,294.23509761214035
9517,1506.5384311960474
9518,1135.172312874664
9519,320.6725908962208
9520,3228.7653569645095
9521,409.00310047871864
9522,1260.4094700761336
9523,1437.155494009649
9524,5242.89691668684
9525,1056.9865022112454
9526,5519.683159737878
9527,286.4193854796995
9528,2.2635933473050867
9529,1495.6612265181134
9530,3878.81843801152
9531,2834.608923442606
9532,1147.8312210669287
9533,534.3613470789398
9534,2871.4849145344774
9535,5504.049073487162
9536,2823.7441581924186
9537,677.2060196774243
9538,707.1668375824606
9539,3406.672485860026
9540,1105.8086657186893
9541,2184.0311322984903
9542,37.55197531936625
9543,686.8724089211105
9544,1107.2682166961158
9545,4432.0191116227725
9546,1263.6371121199352
9547,2324.8480996819417
9548,1206.7708528095993
9549,686.0926555513223
9550,2634.5356487059153
9551,1732.831932464252
9552,486.2155396487363
9553,1336.8460540870278
9554,746.7143082311213
9555,296.71039357751977
9556,1010.0817398552496
9557,3307.8661334398203
9558,1015.0249292365261
9559,3.018291384379787
9560,5812.1898595917455
9561,338.3674741378486
9562,48.378560142727736
9563,4018.780840113555
9564,614.5701525868886
9565,7301.96643349436
9566,102.34781877448965
9567,1163.2340038340722
9568,2668.7237777115274
9569,5566.8714786811315
9570,241.24246633327567
9571,1179.3943891148833
9572,1203.351552674861
9573,751.889451381308
9574,6631.744199566108
9575,105.13471304784925
9576,912.2210109025236
9577,60.08200135441748
9578,1032.6800424489518
9579,447.11676955910974
9580,1056.535507615701
9581,255.16605663304216
9582,68.61594321136117
9583,1898.4157753428822
9584,235.889071077188
9585,2326.295343802208
9586,1642.6521262590807
9587,3010.7949051081064
9588,530.1814439083486
9589,1064.0174112833092
9590,459.1998379350425
9591,1775.0753353755745
9592,1444.4458171077806
9593,4475.262186153057
9594,409.44130533362284
9595,637.676059763677
9596,8292.655817807823
9597,1200.6131468387318
9598,5059.286529096626
9599,1288.5460552950694
9600,394.2431189344866
9601,2177.5221905057433
9602,146.58427773732714
9603,2214.7925195230314
9604,72.89982621535943
9605,414.4172870920551
9606,2122.1866904818967
9607,180.54789242447762
9608,68.53941345819548
9609,120.42335645066362
9610,73.41911695692282
9611,2015.7382567157492
9612,886.2061720146982
9613,997.873060338727
9614,6898.678222951525
9615,2040.1416205375224
9616,840.05864484466
9617,1484.7865003869836
9618,1300.550713619386
9619,1114.5002164942393
9620,6965.461538304044
9621,5965.3519803528125
9622,1257.5746814563756
9623,213.78809730501598
9624,4585.481743698958
9625,4395.649331582541
9626,992.3733823713804
9627,555.3700629181734
9628,0.06629389806973691
9629,6021.148329308131
9630,2863.9344373494055
9631,5193.16808418554
9632,1038.6984477472608
9633,2959.958975984974
9634,1755.6514837872905
9635,3320.059045791896
9636,1182.6265063966614
9637,3757.440461826671
9638,1726.6094390984615
9639,5605.098384012296
9640,16.540429175571745
9641,853.01938061429
9642,6401.571742617826
9643,875.0652743756602
9644,1082.7346886922262
9645,1255.7490982400118
9646,659.2396981206048
9647,739.1297726830243
9648,842.5482453552678
9649,8.914184804163279
9650,2785.8329940848403
9651,3584.3185146337846
9652,13342.587175176408
9653,536.3189549716316
9654,235.31483636678973
9655,421.1090998715889
9656,271.17659141981164
9657,324.8466729867378
9658,8143.096093854292
9659,1107.6550137423505
9660,1142.7320868064671
9661,6541.601943099833
9662,429.0044124985745
9663,8.532926338483847
9664,2989.178804595882
9665,1333.0789334944432
9666,994.7954941051145
9667,5221.311401264154
9668,4611.4590085729005
9669,649.8730073666769
9670,700.5415169941
9671,3590.2240921318266
9672,679.6268445819336
9673,35.9418511077127
9674,3231.3652107502685
9675,3508.502009546818
9676,810.4458568113074
9677,2052.165574270453
9678,1162.9081400071204
9679,1864.8761726034024
9680,7551.937884630929
9681,1498.1175392540827
9682,1179.376328548452
9683,3007.0482371334283
9684,1258.3501020456645
9685,3254.6721129895013
9686,1401.587067272963
9687,2758.497792642091
9688,8718.299851651265
9689,692.6138332745419
9690,1438.299173777014
9691,201.50893743458724
9692,4231.363187426766
9693,38.10382839038277
9694,2185.072730269216
9695,338.250842808481
9696,1412.477653084838
9697,7096.651156710503
9698,10414.043623272248
9699,4151.276149283037
9700,2285.572040436608
9701,4094.520274162475
9702,2482.389074567238
9703,854.6072306877126
9704,22.960676833743932
9705,1724.1616241533768
9706,788.9873793709224
9707,438.28607012665674
9708,4409.1067944479855
9709,1024.752867469175
9710,3382.1128179361444
9711,537.91475621176
9712,543.7553869715533
9713,319.5965656707354
9714,728.7592115412509
9715,4.041833346587798
9716,1707.5198907197146
9717,1680.837873165413
9718,167.66457023403294
9719,8895.52441966318
9720,56.57324510759283
9721,193.30096684250282
9722,1893.5776822545886
9723,5301.204324648705
9724,2464.979739211973
9725,1838.8217421169568
9726,132.51954289197892
9727,1486.543029600089
9728,1413.9597398181586
9729,3110.5957550657513
9730,2144.140582098369
9731,228.53836440725524
9732,649.1446065031433
9733,1753.7009557120016
9734,6777.216544856332
9735,2440.7694074541796
9736,523.7650540150281
9737,5749.384631262144
9738,1395.4581299764372
9739,2682.7322604950677
9740,547.4486456040537
9741,78.18063819431579
9742,4216.734239374616
9743,1897.6982820264432
9744,244.56890255271753
9745,6705.062914948511
9746,196.96248224324606
9747,304.252094129403
9748,655.2617005760724
9749,4850.487022414433
9750,2189.0332057572114
9751,4921.3777913327085
9752,159.64912946737786
9753,6027.669045926417
9754,302.2155482891945
9755,3055.4335926874483
9756,2771.271159239536
9757,2496.3476849011627
9758,2085.787120136946
9759,4887.780969228274
9760,3218.1658829617904
9761,3022.662185040559
9762,4.531103156365105
9763,182.1126133148481
9764,460.69814168928764
9765,1316.8693271196498
9766,1786.7039522131613
9767,699.6534695513955
9768,145.37214582957716
9769,74.09808804846286
9770,1288.6918926196884
9771,154.87411355924814
9772,691.4954625395301
9773,2224.5206450796504
9774,3315.373913564192
9775,889.8723840014924
9776,2521.9498179045263
9777,5701.590635569141
9778,779.3790977327824
9779,2244.5751447485513
9780,651.4473159395586
9781,4161.853983807204
9782,1080.0177191855746
9783,4897.667385081358
9784,4470.691453723126
9785,100.0574567256304
9786,3681.5757337000964
9787,190.7844709249652
9788,2428.2490307926187
9789,0.09554261784429285
9790,16.23684801895372
9791,4305.979012115782
9792,3309.3660358769102
9793,1099.4231657993587
9794,5834.458153058635
9795,10188.243986849055
9796,3303.0127204295227
9797,3299.3540405210615
9798,1894.6495192257912
9799,245.24891287928793
9800,509.5140811604498
9801,1799.4362081541854
9802,839.5015023420511
9803,7565.6338344269125
9804,2415.4436162677907
9805,454.48819071043295
9806,642.8312119324313
9807,54.69596633805662
9808,2418.340223952805
9809,755.3061232874539
9810,4159.27077447559
9811,3891.0887116595195
9812,43.168127655195214
9813,5.251198936954208
9814,2501.538156870724
9815,10482.690209099288
9816,506.38889210496154
9817,1005.4111961806628
9818,344.82609909017503
9819,7476.378933413603
9820,3871.5164448548276
9821,1730.4006510361712
9822,41.752602992973266
9823,3757.9533839146416
9824,390.1968305219947
9825,439.62814139642484
9826,3828.9594135275315
9827,6980.6236879088665
9828,431.8233918945596
9829,844.5874885117423
9830,458.3921269805102
9831,2393.0659563195823
9832,762.4635139458545
9833,878.2473858857452
9834,2712.3411917073995
9835,4735.448363234759
9836,510.30821986682446
9837,70.00231809458239
9838,1641.2037679638277
9839,1391.4778913314403
9840,1617.1531192839436
9841,1692.0059064775223
9842,5425.62665977259
9843,6416.218636781435
9844,2468.4807886612016
9845,1818.9918590871334
9846,1108.7503344840877
9847,3499.125253442936
9848,11.494381509172191
9849,3185.820886461709
9850,1701.0840972987403
9851,5604.062886521156
9852,1187.2958261588246
9853,3422.7845092850007
9854,1142.8155888017138
9855,2177.922329854554
9856,1052.211042542578
9857,1216.672981390761
9858,431.175769554362
9859,4224.670299503716
9860,1174.6586330352015
9861,3795.5365284526365
9862,470.10995762871283
9863,1741.5439218034614
9864,1225.2129747474303
9865,5258.138082519139
9866,1114.9865296306107
9867,2808.2651915984784
9868,715.9590203011313
9869,6729.109795944955
9870,987.7402084737087
9871,806.083703080737
9872,8534.921046689462
9873,2135.7052453060974
9874,1179.9307894014335
9875,5394.414809543827
9876,567.6876066691245
9877,938.4631789280024
9878,393.1813655500495
9879,1313.053672172686
9880,213.34386120404955
9881,220.64577284571357
9882,4898.980010155823
9883,2888.337790200805
9884,90.71562601766377
9885,427.15446186821055
9886,2329.159539391355
9887,689.4343916392806
9888,76.94291570625496
9889,1479.7589207550418
9890,625.3812233208747
9891,1005.6965277626807
9892,2950.3178056751467
9893,1259.952305562593
9894,39.11941979083942
9895,4.242677911149076
9896,908.753950282996
9897,606.5643138800223
9898,2658.1957390739412
9899,6873.805600550173
9900,1615.4752260935022
9901,252.50400959470892
9902,984.7334732294147
9903,2526.739723451067
9904,5109.023205447667
9905,211.78385001410098
9906,1566.3077075006718
9907,2485.3065442459306
9908,1255.3237590255987
9909,100.0555996957594
9910,1985.9475458522566
9911,6842.98395697171
9912,2508.653999901594
9913,279.58985361194607
9914,4888.817312402993
9915,903.4624467783711
9916,2162.0585618501814
9917,324.4349546499774
9918,3840.6556468842514
9919,28.476184244108264
9920,2735.370526314903
9921,2494.886563600869
9922,1242.4703395037343
9923,1888.8889468706968
9924,2631.086953344447
9925,107.50758490267187
9926,136.15156447191546
9927,2592.9149076127524
9928,704.2705534723291
9929,9377.260240388705
9930,120.12521151490999
9931,352.20656864364685
9932,244.94665974672432
9933,918.8121654313561
9934,566.6871302498771
9935,1697.727869952263
9936,5475.616282644926
9937,902.0810373831534
9938,620.4452389390426
9939,2865.3245152790305
9940,2571.6254151023904
9941,17.6471507996317
9942,66.89707284078354
9943,461.5217823102578
9944,728.7938384950751
9945,6243.19834852587
9946,4233.302821536778
9947,887.5299066837803
9948,2120.7207926556644
9949,1856.4962567517773
9950,551.3495718043339
9951,1490.4299614099946
9952,4601.477571222555
9953,359.1019669700783
9954,3644.3397114367062
9955,2651.4674193786655
9956,2847.7861355433574
9957,208.90896852928762
9958,1319.3453978103894
9959,2294.2236769741653
9960,556.6591136380756
9961,1243.0576498891523
9962,3158.166827713571
9963,207.7774981160703
9964,5439.540740446875
9965,414.2817354841099
9966,352.56957558996226
9967,269.6673717699678
9968,3538.121388457578
9969,5795.648688294412
9970,12054.805003054591
9971,978.9788196275617
9972,2681.1094713999046
9973,260.91396417704834
9974,500.2524281315046
9975,377.1035931337564
9976,1504.120754426173
9977,1670.1126923750176
9978,459.44170015235073
9979,256.78896061910154
9980,3252.921415022805
9981,5524.3081412782485
9982,3411.249247024291
9983,1327.5763600009864
9984,1247.4834564977534
9985,8461.874606168052
9986,197.48579159418435
9987,8818.049916560898
9988,600.290273780387
9989,6196.581963930121
9990,4724.889333822345
9991,4110.481234742728
9992,1648.8277195367125
9993,110.0415149401875
9994,879.7581485129936
9995,365.7225265011834
9996,881.128341779555
9997,620.8092646726705
9998,551.8391521579842
9999,4248.323184987593
10000,619.9671760646489
10001,413.02320393159096
10002,999.6746691950607
10003,6079.675160172409
10004,384.93727385195405
10005,1118.027466593182
10006,3936.72347238488
10007,2413.013389368105
10008,1897.8158273812521
10009,678.4012890679574
10010,740.1550414967561
10011,159.9429878165281
10012,2362.004704600765
10013,905.1898190181474
10014,168.51984543624107
10015,374.2940518454941
10016,179.07851178678277
10017,1486.9640245426099
10018,1957.9274494921453
10019,1128.7191715477027
10020,11403.306739524352
10021,1330.0405353316226
10022,265.57389017945684
10023,4354.591993928276
10024,4388.034900332274
10025,1189.2860272821829
10026,78.98680795448442
10027,1837.7606659364108
10028,4449.197555729186
10029,484.2061909105208
10030,8873.973142076706
10031,270.7499206328261
10032,806.2125546703207
10033,471.011975723662
10034,2043.855891797469
10035,6055.418563850632
10036,401.87609222482513
10037,78.02028613794651
10038,251.702813079215
10039,1596.4010856546238
10040,9.126843203225
10041,985.3579102031189
10042,4046.7511780018535
10043,2413.5430749860047
10044,1054.4612395929414
10045,5232.361152181734
10046,705.2318185635581
10047,718.3853958107723
10048,662.9946718598967
10049,1111.6139553996738
10050,1234.201573725403
10051,297.42506108703543
10052,2265.3131901403995
10053,1928.3904861330136
10054,2289.0688743727937
10055,1514.2822005167677
10056,5069.365905559132
10057,212.76366093134527
10058,1982.4750519894917
10059,4316.261638293097
10060,5116.651599311029
10061,2245.4738489034858
10062,5381.803974959309
10063,3622.2028605700248
10064,1250.4867015594566
10065,1590.45806912034
10066,452.9297323979793
10067,288.0217106631562
10068,590.7838554178277
10069,5128.323532470401
10070,2768.4867790195813
10071,749.8472768466704
10072,149.41585660160658
10073,3255.5424794363653
10074,702.1681714171741
10075,5228.179314686282
10076,1178.1043530943182
10077,336.90276619938095
10078,1447.0047455069744
10079,3163.0216772556973
10080,92.99481330213904
10081,6701.656105932108
10082,82.96536607205225
10083,1433.8373357987664
10084,8314.557693655968
10085,1436.6166783575827
10086,1966.3550777596033
10087,5338.614968924265
10088,3541.965249954599
10089,111.84780569829117
10090,1106.1211881444183
10091,8.808191686396004
10092,2436.3117387320585
10093,5362.516427786871
10094,1112.6944892492725
10095,426.94146552367005
10096,1369.9997958642439
10097,2111.1657303972256
10098,2330.52059676198
10099,1439.994667583791
10100,5439.508876247648
10101,1625.1891821816946
10102,263.8886832015014
10103,1136.6075161213762
10104,904.0897159056875
10105,2432.0224620944905
10106,524.133683966931
10107,1724.6290253356865
10108,991.9625171663158
10109,28.717730943415813
10110,1357.1643350937638
10111,7.535539618771307
10112,1320.332248736045
10113,703.9218287445135
10114,4517.231678188461
10115,763.7391429062509
10116,2570.632533627734
10117,1407.1253576491756
10118,4438.272665334825
10119,5517.955901399189
10120,273.9457513727341
10121,1078.8681816852275
10122,1011.5564507292424
10123,35.69609013585539
10124,1896.7886629158336
10125,161.73671701156843
10126,6083.486362427815
10127,33.356239057933365
10128,588.2138138371786
10129,588.8989841286381
10130,2874.485054433345
10131,74.28368234202281
10132,378.7574107814435
10133,899.0110707165331
10134,3297.0456612898406
10135,10275.16342474377
10136,4975.815637342797
10137,55.75296013528395
10138,4118.834376774708
10139,1021.532584848051
10140,3003.1032739219077
10141,3270.61580127083
10142,5502.7661413035985
10143,5113.048007917307
10144,27.756147751264006
10145,4923.888803719337
10146,3807.281538917277
10147,10392.841814696229
10148,7600.431823291091
10149,3815.179263609811
10150,4944.280369769164
10151,4403.637039539248
10152,934.3219308972482
10153,2528.3311274677467
10154,3325.617610496498
10155,25.568919817541158
10156,2185.652660713145
10157,624.2034553332346
10158,4850.513433009964
10159,2743.724796158207
10160,5327.435604023937
10161,8210.50510214056
10162,3737.428841130944
10163,1101.9971201131796
10164,152.84431885046868
10165,1188.52034946598
10166,9018.677993693165
10167,9985.703819823251
10168,9190.663209242482
10169,8478.461218634568
10170,5074.935539335364
10171,194.18059604503986
10172,297.60061474558603
10173,3749.02267375024
10174,9011.48226969521
10175,2361.964625171744
10176,3561.102922019657
10177,13395.60835593085
10178,2644.8276273305364
10179,746.5581046637578
10180,619.2429627137274
10181,4886.86002516327
10182,5790.344086693527
10183,926.9573527283674
10184,546.078569222144
10185,3271.6020052206577
10186,1166.913315347808
10187,3805.6026311269593
10188,4726.685448688859
10189,6511.491610981956
10190,570.2996540452807
10191,1731.4959434549714
10192,4400.1832436854675
10193,3286.2716118850753
10194,5600.81109446786
10195,2099.254402100107
10196,969.753785850237
10197,4888.771524203744
10198,5440.611780082903
10199,2211.0292818556204
10200,9151.48184947203
10201,2429.3151247585647
10202,3293.238895330425
10203,207.9583577693601
10204,5863.585385124661
10205,335.2290830634825
10206,748.6415464341252
10207,1070.200042851776
10208,5350.533019668149
10209,3557.7164135382764
10210,3675.1683583669223
10211,3683.91558072402
10212,9865.79753681766
10213,751.4415963160499
10214,4901.294183828036
10215,3007.287352685954
10216,7595.222555194842
10217,3391.9185896326085
10218,3359.873785004429
10219,3086.401592113894
10220,1445.1388589908158
10221,779.9551862726827
10222,614.6405734364333
10223,1546.663337142354
10224,1453.217604940196
10225,4134.683817053014
10226,520.0150552822622
10227,4229.124046020239
10228,1563.1237857868261
10229,2730.9334811880544
10230,610.382530507669
10231,446.38697825443234
10232,6196.0865997201545
10233,426.1030759576308
10234,4319.942926880009
10235,1663.2272211170493
10236,1152.8782776771407
10237,6104.943928833199
10238,4105.992707227542
10239,6037.485459584645
10240,102.06056050051762
10241,4256.689687839117
10242,7725.210332820636
10243,14.194126961358617
10244,8255.490925200731
10245,9441.04154369835
10246,4725.124769282911
10247,2274.499775477126
10248,1575.9558033128528
10249,9952.229552047087
10250,1439.7477504811789
10251,3094.963969428364
10252,3073.5729902596418
10253,24.830909652599313
10254,900.9235669551887
10255,6602.828032129608
10256,3976.896522551441
10257,6106.524892164579
10258,583.1462217794217
10259,3212.52038293706
10260,1667.2215248421446
10261,8233.374504419851
10262,2896.47374412838
10263,534.2415315324037
10264,1381.1651274446674
10265,16.434020511738154
10266,2453.3607935702207
10267,10783.753863069824
10268,961.8233883108276
10269,2131.055917962058
10270,507.8666101482411
10271,2066.3271526084136
10272,2129.115966221511
10273,3588.3277615514658
10274,516.3390529124188
10275,889.633032709183
10276,4520.412159354028
10277,8715.212604924318
10278,2838.182858471128
10279,2139.022936597637
10280,1896.78798813346
10281,3791.3353598205167
10282,994.1087635588575
10283,2536.3611669736392
10284,616.3507432525557
10285,3577.8367836049474
10286,9074.062650435788
10287,2684.9525289080457
10288,4578.220190436502
10289,28.207800117330624
10290,5389.692657035637
10291,7992.3195764062175
10292,6112.542159188236
10293,8679.475142065061
10294,1549.6038683390823
10295,10047.476423461514
10296,2072.991228180451
10297,5277.872688806907
10298,5144.635242710985
10299,4346.22252200469
10300,2595.7117691003937
10301,9396.921472280615
10302,9209.550206898417
10303,1145.0940178325595
10304,2514.969359720987
10305,8175.634804520931
10306,2201.271427136968
10307,167.45815048768364
10308,375.81489893926465
10309,10456.942265821057
10310,2066.452420570282
10311,6435.565195719486
10312,4811.30713414539
10313,4930.8557893230445
10314,5227.604128552992
10315,221.39096624052652
10316,8.651893790002891
10317,4698.045706870353
10318,3907.3500713923304
10319,5836.330409856139
10320,4705.939706837024
10321,4000.209705885182
10322,1624.6754652523696
10323,8539.579634423697
10324,1561.313769096155
10325,4642.533324624055
10326,4191.876306152362
10327,67.04139215674702
10328,6404.913741711925
10329,1140.803896127217
10330,1848.0420960114254
10331,7437.355675619384
10332,9785.039277287713
10333,3955.96115396615
10334,948.0798414759179
10335,5280.788808166328
10336,304.77499157338775
10337,898.2051735498522
10338,4775.9375893324
10339,2607.7411400969554
10340,3181.374978023949
10341,1972.3799945840412
10342,4284.920347109521
10343,1355.687631770164
10344,575.5790075593445
10345,3346.866300795959
10346,1104.310609977446
10347,9883.60143670652
10348,4168.126069937006
10349,580.0543793641983
10350,1943.3009268037533
10351,1572.0417676478194
10352,1231.0511955481866
10353,2845.5394177962753
10354,241.80730473540063
10355,198.42609622183159
10356,2244.853799523281
10357,1306.7688769074107
10358,2705.2236561121917
10359,9470.17104101515
10360,4033.380294555963
10361,1340.0518274656656
10362,278.0560700632984
10363,1786.9180312985868
10364,3036.7524477943516
10365,2655.5314957041273
10366,602.8694697240256
10367,1345.1141718362833
10368,4715.379448474606
10369,4828.332526362393
10370,5873.489763853094
10371,5958.177427355167
10372,4151.428455037223
10373,44.709354767063225
10374,307.0354713925688
10375,3539.4478995522954
10376,5728.92724288836
10377,3795.636970869776
10378,10071.728681809325
10379,9563.232191954265
10380,7284.706840447707
10381,6736.114739026956
10382,3653.3393513578585
10383,7775.7511455662425
10384,10112.216352037132
10385,515.4929339875048
10386,5387.986117930461
10387,10497.954883200373
10388,356.62914406290326
10389,5503.646167023413
10390,3311.05971482635
10391,311.535279863804
10392,5371.395721877864
10393,2673.0377700535428
10394,8477.14184275026
10395,2971.7403617195055
10396,7598.790318433071
10397,2318.7904329316516
10398,6792.04993185007
10399,3733.474337638378
10400,3411.482047213099
10401,209.0249648994719
10402,4.520755995172057
10403,3937.6482226112003
10404,4023.1877961864548
10405,5968.91309776902
10406,2371.203112712172
10407,9315.376115831881
10408,3631.527178713754
10409,561.6201446237288
10410,1910.0365257527162
10411,6011.819104461121
10412,3888.9201251217814
10413,2218.8695084397386
10414,3571.918410746017
10415,82.35071950220122
10416,9449.111417984916
10417,6023.9921522391105
10418,9.7497411958856
10419,4995.15670469507
10420,12.043063666421613
10421,1747.779057135533
10422,3475.14736718957
10423,6562.764389542548
10424,205.63106665596374
10425,8942.575858599383
10426,2808.563932009744
10427,480.80615367716325
10428,52.66819987009035
10429,6679.380417091552
10430,5351.5308751118555
10431,1328.416970523649
10432,4803.908837110781
10433,7988.101680638972
10434,3590.7366247619116
10435,1861.749829937811
10436,1327.023959666106
10437,1772.9224585822685
10438,4242.901753327397
10439,614.9759279795754
10440,3597.069742025818
10441,7618.34107626088
10442,3967.8685453470885
10443,4920.971975406963
10444,2129.408025273252
10445,1010.1287312796145
10446,2945.6740250434905
10447,445.1669192063222
10448,1537.456785755735
10449,8585.491547023179
10450,101.55179482007858
10451,1932.1074669528416
10452,2117.0317433576306
10453,564.7511541696452
10454,7404.825392666233
10455,4419.215531702748
10456,2383.058131958064
10457,2114.572366070894
10458,1363.789182946845
10459,2925.787948128966
10460,6541.557398877864
10461,240.78104289281734
10462,1404.159150580716
10463,3402.211004065911
10464,3686.838658561436
10465,652.164782148835
10466,10488.144087816998
10467,198.85902513500213
10468,268.3106003130213
10469,102.55348254743743
10470,5014.431349652319
10471,1997.2210057269144
10472,3761.5119649491894
10473,47.88084415444081
10474,2131.3462210537837
10475,5072.365308796425
10476,3943.2416318311884
10477,1478.997219168847
10478,3999.638443406734
10479,4117.6601733615125
10480,4155.275757806484
10481,1816.664464082719
10482,4582.586372770677
10483,204.3073203704854
10484,786.4507490363301
10485,1491.4269636547072
10486,3345.5361692757097
10487,4516.868785356533
10488,903.0961776469028
10489,3047.800778985339
10490,1322.8865654528063
10491,5349.789669154976
10492,3863.116612946348
10493,160.5809776542365
10494,4675.032031102433
10495,1476.8393186827136
10496,654.8189852610172
10497,1150.7984112296544
10498,3584.3547031219578
10499,7506.9158708789355
10500,5509.702861426471
10501,2626.47286905694
10502,4480.127328292639
10503,4229.006676896929
10504,4310.479718352538
10505,3143.7335395531168
10506,4772.784902887113
10507,1157.3798941892846
10508,3861.900701265969
10509,6826.6127633694
10510,973.7796039682567
10511,2361.4946355675074
10512,2399.480366268874
10513,1118.7439723125738
10514,1635.5021388100142
10515,6637.715891866011
10516,5261.638991053293
10517,403.84074898729165
10518,4893.937727859727
10519,158.80524582040448
10520,12297.815750716456
10521,3164.388199618965
10522,820.755294375589
10523,2768.8863822637063
10524,3992.8198629179838
10525,3835.0749945056887
10526,3548.504810890743
10527,4084.840679649406
10528,732.1455616327539
10529,1255.109812190009
10530,304.26823326233955
10531,1193.7459134617088
10532,10826.164203623988
10533,1645.129090857519
10534,2962.8800429741564
10535,6327.595049245635
10536,154.6334469573705
10537,2384.1740091331294
10538,5121.264956425321
10539,9996.141826901088
10540,6271.336964497193
10541,5724.407255851981
10542,4978.950516826031
10543,2927.117308415591
10544,5114.545840531558
10545,1825.7625839462958
10546,3775.4751146684152
10547,3117.9152283014555
10548,5415.035348655166
10549,2962.885170426015
10550,231.1941006218775
10551,5234.2139099548
10552,228.36306273160605
10553,5858.601053103645
10554,4450.207485254757
10555,1542.6878670586173
10556,1084.8004120988041
10557,2753.9423517821774
10558,11618.830892646249
10559,1463.6698718205423
10560,5549.943011357659
10561,485.1973492242894
10562,2909.8890719147175
10563,3030.235619077469
10564,2432.289696817536
10565,9439.566586253946
10566,2470.5815406736597
10567,702.5677536784858
10568,7942.088769991433
10569,766.7395415492241
10570,2091.530111730729
10571,1168.5497621852398
10572,5588.536087832263
10573,3678.633159763531
10574,4610.590648960583
10575,11398.02992663136
10576,821.1492282792977
10577,1758.0661736763545
10578,3564.6135886495845
10579,6350.878814751199
10580,1761.3266087084983
10581,509.54648827147105
10582,81.10727665731754
10583,2989.9938266351674
10584,10100.913704249999
10585,950.380834820268
10586,5450.4195326886575
10587,9918.415950331455
10588,5135.141395001629
10589,4773.827056032047
10590,6716.51231194477
10591,2170.621740422882
10592,4745.881280715053
10593,6218.441886101454
10594,10555.55072528734
10595,10.41440325906685
10596,3341.703059847917
10597,434.5007536562864
10598,555.5910877036221
10599,3613.062589513329
10600,5682.946721341833
10601,235.86529416702282
10602,384.86006405910706
10603,2128.9124276098664
10604,245.17157267127098
10605,5489.400701780265
10606,2762.1079501375752
10607,3775.285904585485
10608,3444.7979570802454
10609,3536.4358476253715
10610,713.317081681711
10611,7154.104948710789
10612,4202.553937276588
10613,2307.962118603033
10614,5550.8977471869775
10615,60.395356768689446
10616,5840.224059808775
10617,6558.797539538083
10618,3698.8323918373194
10619,5007.803465363158
10620,7623.616867385278
10621,3746.602015393082
10622,160.07794840847234
10623,3465.8702265938687
10624,4049.219519006928
10625,1976.361554403858
10626,289.10883443331267
10627,2078.1250935117887
10628,642.2795719988796
10629,124.41654175725377
10630,5324.596442308042
10631,1276.589333782289
10632,324.86058987245883
10633,2112.3795411418123
10634,2888.4448100537443
10635,3890.3188397224153
10636,119.64953615087809
10637,2555.061502381159
10638,5910.441114451035
10639,5911.2472899493405
10640,2146.1666852550957
10641,967.9245884019546
10642,312.26232907785584
10643,503.3086295097801
10644,3859.734396159671
10645,1251.8150367099527
10646,357.37465531529665
10647,6522.582807794546
10648,3985.763805880032
10649,3219.8164717757104
10650,5027.511018230181
10651,989.7739858628966
10652,239.0119389426334
10653,1913.0439724253615
10654,1739.0033788051896
10655,1674.4715456930924
10656,2902.179954373199
10657,5060.448685071781
10658,3878.659103849131
10659,8346.080114497257
10660,1600.2863610333723
10661,1387.745151320687
10662,5224.257648104032
10663,2321.841975839312
10664,36.14572875122378
10665,166.86435252356677
10666,3297.6529898700683
10667,700.1621178704773
10668,1380.9973730601985
10669,121.06978092745939
10670,3290.50299285943
10671,8337.05967950152
10672,33.622200819636596
10673,2592.2165927306373
10674,11117.882049775226
10675,6208.377329952488
10676,3923.095667464915
10677,4323.010004686111
10678,7023.588090145556
10679,6933.617162102827
10680,3341.321927655328
10681,3509.59923511216
10682,5761.708527081372
10683,816.6614940387616
10684,3294.1493089819896
10685,748.8603163281482
10686,10452.552213501918
10687,5962.978501093583
10688,574.6740190454059
10689,4507.564536653392
10690,7170.020694056342
10691,1169.7181088104107
10692,5379.580000091512
10693,839.2435536260532
10694,3506.8753360470414
10695,811.8839820619985
10696,605.2941241508502
10697,4368.0584402031445
10698,1403.865377121918
10699,3677.394451319623
10700,858.0950527437101
10701,1800.090004602181
10702,1389.4837859227869
10703,6293.9167353397415
10704,915.7224026313536
10705,6362.808984624162
10706,546.4635128363861
10707,727.5359930525152
10708,934.1955441300861
10709,5281.769809255398
10710,2789.2743542311605
10711,901.4625393214882
10712,282.29611212388033
10713,5026.615054845632
10714,1872.0280112309265
10715,2511.6664307977067
10716,6574.730902821643
10717,1066.9914443838984
10718,3266.7724380911827
10719,334.09511792180024
10720,6686.077886164225
10721,229.96967066067793
10722,1370.358294154486
10723,578.083846914436
10724,11111.00635656113
10725,3981.2043502517604
10726,894.2554097271978
10727,2291.358326670287
10728,3337.0905895001774
10729,2037.2408356795154
10730,1949.7444943740043
10731,3573.183807355048
10732,2169.300570448824
10733,5015.233608917505
10734,99.67135723606678
10735,3682.5615429427166
10736,989.6283862986755
10737,7655.15965724623
10738,821.9349666017105
10739,3292.6663499691786
10740,5306.967011427562
10741,4709.855437595141
10742,4906.663980692801
10743,2474.883979945927
10744,3586.8098506734445
10745,28.291944207586216
10746,1854.7369319703507
10747,21.865648683747477
10748,9128.030248370645
10749,825.8775364157152
10750,1339.0489889300043
10751,7886.383601196878
10752,0.7381978214224467
10753,2342.6318035595446
10754,123.43762834736458
10755,5596.736764975878
10756,4925.750196617554
10757,10222.705160286798
10758,1955.3557358321218
10759,811.9937860844108
10760,4368.150711473262
10761,2092.9164702993853
10762,435.91799918070467
10763,3801.6454944205716
10764,46.56934703236937
10765,2977.2707406640807
10766,2636.410589912847
10767,51.37852982380998
10768,429.46413197638697
10769,984.8817924427073
10770,7164.651147681844
10771,832.1225062350001
10772,1506.9952003718367
10773,3373.9721613202487
10774,5948.837105766633
10775,103.91982912907598
10776,1112.8364041791795
10777,2293.310439232392
10778,4087.732375391125
10779,954.4406850793588
10780,260.2424675872731
10781,5498.780035916367
10782,2903.4627801372317
10783,4793.996314636216
10784,422.1878019142582
10785,2168.6549592194337
10786,5136.900652439012
10787,4135.161310829006
10788,4179.838061700421
10789,268.4715600207243
10790,5509.135917752259
10791,11971.56663889359
10792,8293.099835708332
10793,1108.6615983129768
10794,256.9819413704087
10795,4660.317451978596
10796,281.74949522597484
10797,460.49810737256945
10798,8211.137647519816
10799,532.759295975721
10800,7722.71883741758
10801,1640.137296385577
10802,10717.524810235234
10803,3771.570437208298
10804,1145.736112921889
10805,2777.5786708952915
10806,2013.7223205849696
10807,5093.280754800482
10808,1980.2989108888357
10809,3423.4981705919963
10810,1215.57142683273
10811,1704.7502559264665
10812,1495.818489951142
10813,1326.6075708944659
10814,242.89586182673366
10815,635.7121839002123
10816,70.66556086097295
10817,2214.975245542377
10818,4773.49737977525
10819,409.29864796018126
10820,4553.031075953718
10821,9034.439579329348
10822,2380.192709026418
10823,3061.5055897228804
10824,7295.115425294067
10825,7414.293908405204
10826,979.8776126222722
10827,1900.2858425244299
10828,2931.8207898832643
10829,3266.853926635854
10830,1302.2964427884417
10831,1474.785262457767
10832,301.1346387510052
10833,2511.5474125394694
10834,10052.541967942634
10835,380.8653185632034
10836,3080.5884504614132
10837,128.03682084043385
10838,4370.655122829119
10839,930.5125388656816
10840,146.20018700193202
10841,3199.4450319991515
10842,2787.648624701632
10843,79.06185604330265
10844,1342.9629094522852
10845,441.46871177537264
10846,1381.276153111774
10847,2292.0472143722513
10848,282.6666529252679
10849,1860.9917779770649
10850,2302.7217838306638
10851,3353.9563343463988
10852,3226.683244221737
10853,9134.877272355345
10854,5775.418018094779
10855,3477.5641233098204
10856,388.2222047740561
10857,4872.729900852035
10858,248.40542982575528
10859,6121.910829978956
10860,2618.5822548115284
10861,1130.3664023738008
10862,778.5813990007232
10863,4029.3266691808694
10864,5278.588240379308
10865,4922.5996635491065
10866,1627.0055268157519
10867,1852.8129462864974
10868,3806.9808158939663
10869,7298.633748596616
10870,536.7045523321233
10871,1010.2688101830469
10872,3440.543834242839
10873,3541.7687243381333
10874,6680.7065610850295
10875,9535.072857719035
10876,3679.1518831131607
10877,3703.1935673064504
10878,8481.247724384952
10879,4892.198862947138
10880,2552.7021194841877
10881,9555.392354690113
10882,529.8659056494708
10883,1071.0711833586904
10884,5252.071104289996
10885,8954.590757950125
10886,1927.6401203149676
10887,1965.2747565082368
10888,2878.8174197582653
10889,1998.0157579554104
10890,2057.7439431194834
10891,635.4381501567107
10892,5338.392032990887
10893,5254.3028370292695
10894,6423.069473739943
10895,5016.2528124960345
10896,442.26144397931887
10897,4040.641147144076
10898,6620.029185336803
10899,1189.6360514997991
10900,2278.692753835123
10901,6698.474640063853
10902,6007.198330118416
10903,4639.393681938924
10904,100.64894437098584
10905,5697.379195175218
10906,5241.2597408661695
10907,1817.6142976742622
10908,998.324017124645
10909,1376.4319856418326
10910,3058.0190265485103
10911,3900.0431669198615
10912,1989.3276230109811
10913,521.6138032710442
10914,701.7268862772395
10915,1051.2693305201947
10916,11766.02613841703
10917,3581.154684013868
10918,6380.497923149286
10919,8235.062088336279
10920,1612.4586305059872
10921,4716.0268283562555
10922,4432.652708357899
10923,2163.8692674316712
10924,23.981461744691988
10925,2452.135177590256
10926,3453.547415206916
10927,623.3405257050889
10928,2287.7073099311556
10929,986.8791286239814
10930,2879.3522171971076
10931,350.2619137820871
10932,1240.927374611438
10933,879.4949931910867
10934,2906.823170428046
10935,3572.7021441534994
10936,37.04487433327884
10937,506.57550859484
10938,72.08751132733589
10939,2159.309594343471
10940,306.19491910856055
10941,1541.921680737361
10942,384.8924386902649
10943,123.22678535553038
10944,151.16513158249748
10945,72.37180424689724
10946,4.125127680024559
10947,261.74294675802815
10948,3063.2954321564343
10949,923.6470876466296
10950,140.85667249101428
10951,529.2775566510733
10952,274.9580802677415
10953,9090.119602062523
10954,3652.5090966652683
10955,681.8535387835462
10956,4366.818239795586
10957,3076.4014616395384
10958,3413.353717026396
10959,95.76259506834039
10960,1029.771947860671
10961,1094.1104482110202
10962,4.320387038390181
10963,307.71763980678367
10964,918.4298726457628
10965,449.8137856415786
10966,3466.9330696058164
10967,4741.4056071552395
10968,3018.5828495564797
10969,2839.745778741806
10970,58.09183300943396
10971,72.61395478661171
10972,4368.201029807656
10973,72.73780740822801
10974,1047.8843105230055
10975,7205.482386717752
10976,161.01647209073906
10977,4611.420716979732
10978,31.67771283245835
10979,1051.067081106515
10980,1318.601853007821
10981,6424.025701497867
10982,3067.0227015200585
10983,77.07771096854128
10984,969.4295829367874
10985,2924.5320964260372
10986,294.64683231188707
10987,2047.414958926936
10988,1440.0654289146728
10989,536.37277340801
10990,159.77335953191664
10991,428.79138892388164
10992,430.50771555751066
10993,85.18495721475982
10994,694.7057253382455
10995,988.167546118246
10996,1206.6922454126538
10997,5582.197406617301
10998,98.06246407192931
10999,2089.7010106210046
11000,509.1415983105949
11001,1167.2374760792106
11002,78.41654755107675
11003,275.6260841461633
11004,338.1696037455118
11005,790.1942268804947
11006,624.8106138097093
11007,2177.0211139687995
11008,151.6098795783115
11009,2053.258989804614
11010,1955.6960406981989
11011,128.04971919414797
11012,41.348510145918524
11013,23.728826202812677
11014,1664.130755370241
11015,22.075944310885827
11016,391.73009919662024
11017,109.98504578528794
11018,153.58607067000688
11019,2372.6695340369392
11020,14.119696816585671
