sample_id,state,latitude,longitude,label,sample_type
1,arunachal pradesh,28.125518993191047,93.1466813016961,0,background
2,arunachal pradesh,27.52899000584823,93.7879198406145,0,background
3,arunachal pradesh,28.196579130624585,95.73661732230772,0,background
4,arunachal pradesh,27.50444885104733,96.1161364616646,0,background
5,arunachal pradesh,27.722163243161006,91.72161759886404,0,background
6,arunachal pradesh,29.158655585793916,95.89137782486634,0,background
7,arunachal pradesh,28.611570446276534,93.52186909537437,0,background
8,arunachal pradesh,27.421817668457646,96.55026733292333,0,background
9,arunachal pradesh,27.863437960285395,97.11162295738336,0,background
10,arunachal pradesh,28.705321142031828,95.28436548576785,0,background
11,arunachal pradesh,27.623427858561165,93.19532348200707,0,background
12,arunachal pradesh,29.194288387887898,95.57800891733922,0,background
13,arunachal pradesh,29.326140191485816,95.77437268207818,0,background
14,arunachal pradesh,28.375612966246706,95.66742772585584,0,background
15,arunachal pradesh,27.983772349381002,93.13311994042122,0,background
16,arunachal pradesh,28.390534126145706,94.42387859993785,0,background
17,arunachal pradesh,28.909441524085945,95.92005124192008,0,background
18,arunachal pradesh,27.67281524801754,91.91982311661243,0,background
19,arunachal pradesh,27.00010327638493,93.49720322432202,0,background
20,arunachal pradesh,29.140322041532663,95.80692102191153,0,background
21,arunachal pradesh,27.863663802859268,96.03578052009334,0,background
22,arunachal pradesh,27.32317296688728,92.49931470452668,0,background
23,arunachal pradesh,27.138618937356558,97.15324637305217,0,background
24,arunachal pradesh,28.929054805881236,95.16521156721447,0,background
25,arunachal pradesh,27.968811016957257,96.69749648418643,0,background
26,arunachal pradesh,28.7924943091509,94.66144231054953,0,background
27,arunachal pradesh,29.333371362027748,96.05228966829331,0,background
28,arunachal pradesh,28.270158298153586,93.8897152691035,0,background
29,arunachal pradesh,28.038680663504408,97.11931408929924,0,background
30,arunachal pradesh,27.452853576138484,93.3626923482856,0,background
31,arunachal pradesh,28.1921628860999,93.73373154420685,0,background
32,arunachal pradesh,28.878633848538783,95.72791602416545,0,background
33,arunachal pradesh,29.079019299429852,94.63668714052604,0,background
34,arunachal pradesh,29.170846703687452,95.67640144524849,0,background
35,arunachal pradesh,29.055159020562833,94.52723028708364,0,background
36,arunachal pradesh,28.342746193767802,95.49426193488333,0,background
37,arunachal pradesh,27.054060535424135,92.97728443128821,0,background
38,arunachal pradesh,27.712859985637312,92.17216301919426,0,background
39,arunachal pradesh,27.500017856639154,94.08509850301013,0,background
40,arunachal pradesh,26.91887626315808,95.25186818671223,0,background
41,arunachal pradesh,27.10526595895237,93.42456994274177,0,background
42,arunachal pradesh,28.115803037310187,93.57785195971137,0,background
43,arunachal pradesh,27.81210672373015,96.81293356632096,0,background
44,arunachal pradesh,28.574616414820266,95.98554832251484,0,background
45,arunachal pradesh,28.252245332176397,94.07705918202294,0,background
46,arunachal pradesh,29.369457651361436,96.08555454222423,0,background
47,arunachal pradesh,27.559826921956812,91.70549569201356,0,background
48,arunachal pradesh,28.13515584245334,95.70867774421187,0,background
49,arunachal pradesh,27.375718182174214,96.43358383325652,0,background
50,arunachal pradesh,27.838312119794637,92.2505709457022,0,background
51,arunachal pradesh,27.702307808802498,93.26747891812335,0,background
52,arunachal pradesh,28.57481685793373,95.42705970967953,0,background
53,arunachal pradesh,27.490991614199483,92.57957850844235,0,background
54,arunachal pradesh,27.20735752124419,92.19760310766847,0,background
55,arunachal pradesh,28.11038371011743,94.43063491993207,0,background
56,arunachal pradesh,28.04470147769581,92.7460775280871,0,background
57,arunachal pradesh,27.37812322978712,93.17638796468543,0,background
58,arunachal pradesh,27.886855001540493,94.64985377965,0,background
59,arunachal pradesh,27.336698355530014,96.50024232317865,0,background
60,arunachal pradesh,27.679452123320505,94.16915180439578,0,background
61,arunachal pradesh,28.747585557625698,94.53901335898047,0,background
62,arunachal pradesh,29.084774109877294,95.25128684124194,0,background
63,arunachal pradesh,28.345134676098702,96.57458665352874,0,background
64,arunachal pradesh,27.42033997719549,94.0658753716216,0,background
65,arunachal pradesh,28.84321046178052,95.13262621577121,0,background
66,arunachal pradesh,28.17559802898292,94.56010030958788,0,background
67,arunachal pradesh,27.735783403515715,96.32652148414476,0,background
68,arunachal pradesh,27.86365986240375,94.68769603847221,0,background
69,arunachal pradesh,27.937576244446284,96.9770766560052,0,background
70,arunachal pradesh,26.971526422129678,93.517200193301,0,background
71,arunachal pradesh,27.41396442182354,92.90323564777616,0,background
72,arunachal pradesh,28.498030835004613,93.80615122541771,0,background
73,arunachal pradesh,27.486341151247554,93.36700504241571,0,background
74,arunachal pradesh,27.537458199392244,92.69046005812861,0,background
75,arunachal pradesh,29.176334375776122,95.6188654537722,0,background
76,arunachal pradesh,28.331289371340514,95.2839197898466,0,background
77,arunachal pradesh,27.006127610874927,92.47196225166124,0,background
78,arunachal pradesh,27.40957411053299,96.61071182807139,0,background
79,arunachal pradesh,28.201496854235966,93.07961007118132,0,background
80,arunachal pradesh,28.018480144990118,97.14986492078395,0,background
81,arunachal pradesh,28.550121170790135,94.80604097852536,0,background
82,arunachal pradesh,28.294312947857673,93.37693382309982,0,background
83,arunachal pradesh,28.57455075810408,93.93011155456219,0,background
84,arunachal pradesh,28.67448569545016,94.06442098191613,0,background
85,arunachal pradesh,27.607516595184034,91.67747097823177,0,background
86,arunachal pradesh,28.744758365946055,95.13854844205424,0,background
87,arunachal pradesh,27.968908901948698,94.16388661621714,0,background
88,arunachal pradesh,28.08441133169169,93.00419282620547,0,background
89,arunachal pradesh,27.070666929292333,92.20044649242176,0,background
90,arunachal pradesh,28.933286862980058,94.72293363980239,0,background
91,arunachal pradesh,28.686615714154016,94.6655137987612,0,background
92,arunachal pradesh,28.061095958485335,96.35429847851157,0,background
93,arunachal pradesh,28.27046963126423,96.4820686249887,0,background
94,arunachal pradesh,27.539599086890277,96.5872090000896,0,background
95,arunachal pradesh,28.042810793682236,96.2057001710934,0,background
96,arunachal pradesh,27.189456195165896,92.15724363895082,0,background
97,arunachal pradesh,28.064100124842945,97.06896091364459,0,background
98,arunachal pradesh,27.70678085622985,92.63744890415045,0,background
99,arunachal pradesh,27.92424339798117,95.21407889145571,0,background
100,arunachal pradesh,28.100117437851473,97.22272065168967,0,background
101,arunachal pradesh,27.041377505411617,93.04707727212569,0,background
102,arunachal pradesh,28.002965681886614,94.40577608156573,0,background
103,arunachal pradesh,27.560028866360906,96.67116684010675,0,background
104,arunachal pradesh,29.058038865948266,94.51026147639755,0,background
105,arunachal pradesh,28.115778724566056,95.85252098057455,0,background
106,arunachal pradesh,28.181189439450307,96.20892332816588,0,background
107,arunachal pradesh,28.088280249389378,93.64047193105225,0,background
108,arunachal pradesh,28.82908926320985,96.16155584914519,0,background
109,arunachal pradesh,28.281760049430954,96.38047021944345,0,background
110,arunachal pradesh,27.74295293777518,96.68766575851215,0,background
111,arunachal pradesh,27.523214014931217,91.66571738149551,0,background
112,arunachal pradesh,28.992112977594434,94.26487016410091,0,background
113,arunachal pradesh,28.047288955545774,95.51644533389451,0,background
114,arunachal pradesh,29.015511995290847,94.6492574294417,0,background
115,arunachal pradesh,27.53376473357941,96.38820857451474,0,background
116,arunachal pradesh,29.08960886632375,95.68372693420771,0,background
117,arunachal pradesh,27.018916296555023,95.68343707369043,0,background
118,arunachal pradesh,28.17978671690133,92.99287621786584,0,background
119,arunachal pradesh,26.968794920145157,92.36358712922642,0,background
120,arunachal pradesh,28.73422461411574,96.40240033107399,0,background
121,arunachal pradesh,28.28808305468695,93.56819133626384,0,background
122,arunachal pradesh,28.424308400562428,94.92284964409102,0,background
123,arunachal pradesh,28.178497021682016,93.80950927316765,0,background
124,arunachal pradesh,27.691526207533563,92.12917837275346,0,background
125,arunachal pradesh,27.18253734387602,92.79210928607273,0,background
126,arunachal pradesh,27.775194834119908,96.6047387163427,0,background
127,arunachal pradesh,27.956152036818413,93.18332619353312,0,background
128,arunachal pradesh,28.264194303886256,93.39555464420117,0,background
129,arunachal pradesh,28.193793597587625,95.97380965414357,0,background
130,arunachal pradesh,28.586365960016597,94.10906237382261,0,background
131,arunachal pradesh,27.71278341539904,94.37799830147654,0,background
132,arunachal pradesh,27.639637386147037,91.59719287282435,0,background
133,arunachal pradesh,28.60594085420573,94.06681513703575,0,background
134,arunachal pradesh,27.848165543477595,97.05145896124253,0,background
135,arunachal pradesh,28.36396015582876,95.45601081182281,0,background
136,arunachal pradesh,27.768542487634278,96.03276266182993,0,background
137,arunachal pradesh,28.379330213811972,94.56457269807174,0,background
138,arunachal pradesh,27.755742863999103,96.47548935317643,0,background
139,arunachal pradesh,27.763322758791297,94.4101699463426,0,background
140,arunachal pradesh,28.646773661255263,96.35990067133562,0,background
141,arunachal pradesh,28.346758622223184,94.4047611197054,0,background
142,arunachal pradesh,27.082021405573013,92.20574442227591,0,background
143,arunachal pradesh,28.679807234569594,95.36951718406554,0,background
144,arunachal pradesh,28.65790992968201,93.76760629397492,0,background
145,arunachal pradesh,27.886702702490275,93.19344650081904,0,background
146,arunachal pradesh,28.18667604537864,97.30195488228382,0,background
147,arunachal pradesh,28.257928372411612,96.89077738001015,0,background
148,arunachal pradesh,27.19615846055969,93.02513708370364,0,background
149,arunachal pradesh,28.089007700335454,95.90402018520258,0,background
150,arunachal pradesh,28.623252351662618,93.87713860567521,0,background
151,arunachal pradesh,28.409739867434222,94.25587694429642,0,background
152,arunachal pradesh,27.652280150031338,92.11844293987087,0,background
153,arunachal pradesh,28.297704443607863,96.47252887474747,0,background
154,arunachal pradesh,27.17750816054869,93.42834946685362,0,background
155,arunachal pradesh,27.68068159287976,93.82201641684385,0,background
156,arunachal pradesh,28.36669019073631,95.0298784597585,0,background
157,arunachal pradesh,28.02898081320535,95.97264738523494,0,background
158,arunachal pradesh,28.292924084090355,94.14703963149421,0,background
159,arunachal pradesh,28.054798055428545,97.24366021761948,0,background
160,arunachal pradesh,27.748242883547945,94.44088755680897,0,background
161,arunachal pradesh,28.637010393591446,93.50252579685808,0,background
162,arunachal pradesh,27.88730602058922,92.71015533951542,0,background
163,arunachal pradesh,27.3795973275878,96.17145027554886,0,background
164,arunachal pradesh,27.172696599015296,93.19279302964097,0,background
165,arunachal pradesh,27.68581109934547,95.86645467491235,0,background
166,arunachal pradesh,26.92205266058274,93.06908767234502,0,background
167,arunachal pradesh,27.445655365791335,92.26865645286279,0,background
168,arunachal pradesh,28.938556938588885,96.28355593365386,0,background
169,arunachal pradesh,27.938785698217824,97.01183945725337,0,background
170,arunachal pradesh,27.719383808124103,91.87398659043652,0,background
171,arunachal pradesh,27.61164369531567,94.50773298878485,0,background
172,arunachal pradesh,26.963201395709756,92.11710536945267,0,background
173,arunachal pradesh,28.588244949952816,95.45897627977577,0,background
174,arunachal pradesh,28.23179494441546,93.89250219860811,0,background
175,arunachal pradesh,28.744858233347333,96.23203515799575,0,background
176,arunachal pradesh,28.690922752412185,96.27943815385217,0,background
177,arunachal pradesh,27.179533508113632,92.0971523964501,0,background
178,arunachal pradesh,27.470239402612187,95.96704915109629,0,background
179,arunachal pradesh,27.96917842164915,93.92485636929646,0,background
180,arunachal pradesh,28.974763649293976,96.07990757496677,0,background
181,arunachal pradesh,27.08673755253948,92.05264660962379,0,background
182,arunachal pradesh,27.57089259467936,92.29052892491636,0,background
183,arunachal pradesh,28.173786589101983,93.60331905719171,0,background
184,arunachal pradesh,27.656528536125627,96.81355672811125,0,background
185,arunachal pradesh,28.71717403140116,95.38182573214418,0,background
186,arunachal pradesh,28.47633741496368,93.26529871184857,0,background
187,arunachal pradesh,28.301407101770753,97.0110068599722,0,background
188,arunachal pradesh,27.736932731648803,94.53030228183871,0,background
189,arunachal pradesh,28.157475905247004,93.4672703357776,0,background
190,arunachal pradesh,28.01321944865968,92.74521699327897,0,background
191,arunachal pradesh,27.78240324052455,93.28041245127231,0,background
192,arunachal pradesh,27.398863270625384,93.66080542847219,0,background
193,arunachal pradesh,27.9182240335741,97.35528040161165,0,background
194,arunachal pradesh,28.17803805439345,93.7280838645003,0,background
195,arunachal pradesh,28.589764029925117,93.52297445593942,0,background
196,arunachal pradesh,28.139756150107292,94.93577578926732,0,background
197,arunachal pradesh,28.71124105069408,95.2329113148647,0,background
198,arunachal pradesh,27.69782723956066,92.27586054087458,0,background
199,arunachal pradesh,28.072452520218018,92.96770282327151,0,background
200,arunachal pradesh,28.64847076340874,93.5214919180091,0,background
201,arunachal pradesh,27.58554195893531,96.13040331155993,0,background
202,arunachal pradesh,27.57659967251703,93.69891046774421,0,background
203,arunachal pradesh,27.8602864657783,96.85920650046725,0,background
204,arunachal pradesh,27.53985316109557,93.98439648189468,0,background
205,arunachal pradesh,27.121217247765788,93.08672448647874,0,background
206,arunachal pradesh,27.37585885738139,93.10620035010497,0,background
207,arunachal pradesh,28.835218283035676,96.15622479270395,0,background
208,arunachal pradesh,28.365648346690833,93.62176506978871,0,background
209,arunachal pradesh,27.414203110188105,94.02914242206879,0,background
210,arunachal pradesh,27.79489524282758,95.84504524293817,0,background
211,arunachal pradesh,28.278734319503997,95.43880094775528,0,background
212,arunachal pradesh,27.835891786651846,93.72312169124285,0,background
213,arunachal pradesh,26.995849161784054,93.02434545585122,0,background
214,arunachal pradesh,27.94979808333095,94.78203299311497,0,background
215,arunachal pradesh,27.866885668065084,96.4151756307338,0,background
216,arunachal pradesh,27.42787484588392,96.27272708823406,0,background
217,arunachal pradesh,28.85975090215734,95.06944666098103,0,background
218,arunachal pradesh,27.55965412892695,93.70136461089349,0,background
219,arunachal pradesh,28.457122906425028,93.61043546224639,0,background
220,arunachal pradesh,27.558355851812482,92.39157719014537,0,background
221,arunachal pradesh,28.922425363711508,96.42393961907425,0,background
222,arunachal pradesh,29.234749619095187,96.11862463129377,0,background
223,arunachal pradesh,27.035012308058942,95.37862628825324,0,background
224,arunachal pradesh,28.58031265966256,93.5837993880116,0,background
225,arunachal pradesh,27.212739411590587,93.19844078506954,0,background
226,arunachal pradesh,27.67535579589383,94.42073856141151,0,background
227,arunachal pradesh,27.78279040257696,93.32650976126786,0,background
228,arunachal pradesh,27.680269323600122,92.2604442420715,0,background
229,arunachal pradesh,27.36519545657964,93.95183190123566,0,background
230,arunachal pradesh,27.659265746609808,92.61919849819864,0,background
231,arunachal pradesh,28.070499037447274,96.02846786067336,0,background
232,arunachal pradesh,27.67420624490114,93.80371254149559,0,background
233,arunachal pradesh,28.424791512663585,93.86346512875618,0,background
234,arunachal pradesh,28.20231230601725,94.40497983702667,0,background
235,arunachal pradesh,28.112519735104886,94.02888013720307,0,background
236,arunachal pradesh,27.338272706166293,93.7104865552502,0,background
237,arunachal pradesh,27.824252291275098,92.61996420307293,0,background
238,arunachal pradesh,29.23220342072542,95.62789183239282,0,background
239,arunachal pradesh,28.927641623461685,94.75869424748097,0,background
240,arunachal pradesh,28.389986929978537,95.82507113313035,0,background
241,arunachal pradesh,27.431323707247362,96.20531371709075,0,background
242,arunachal pradesh,29.067173774533178,94.30650518732682,0,background
243,arunachal pradesh,27.241038445379516,92.47772798847221,0,background
244,arunachal pradesh,28.61607600356137,96.21597864824483,0,background
245,arunachal pradesh,28.59600429563894,93.94887826654387,0,background
246,arunachal pradesh,27.21496866784571,92.35466155950378,0,background
247,arunachal pradesh,28.76236838477288,95.50658374595596,0,background
248,arunachal pradesh,28.473319103056493,93.847854892992,0,background
249,arunachal pradesh,27.193328536117406,92.94080978782628,0,background
250,arunachal pradesh,28.999705394825416,96.37799118330736,0,background
251,arunachal pradesh,28.11050485385334,93.87134198265613,0,background
252,arunachal pradesh,27.998107439968575,96.04417011906773,0,background
253,arunachal pradesh,28.266277030292073,93.97716543096085,0,background
254,arunachal pradesh,28.1855062097667,93.20290876657775,0,background
255,arunachal pradesh,29.165328244166506,96.07520646335456,0,background
256,arunachal pradesh,28.158208961302307,96.31898023317684,0,background
257,arunachal pradesh,28.113853007737383,96.10298679452956,0,background
258,arunachal pradesh,27.478165832176032,95.91115262859695,0,background
259,arunachal pradesh,28.771088774789124,94.44574590878108,0,background
260,arunachal pradesh,27.377595657619903,94.00767919590248,0,background
261,arunachal pradesh,27.43100076094859,96.09139685037641,0,background
262,arunachal pradesh,27.529034452503737,96.72509527572926,0,background
263,arunachal pradesh,27.32103699316375,93.37867315954432,0,background
264,arunachal pradesh,27.695378092824853,94.28675597873078,0,background
265,arunachal pradesh,27.811093319775914,92.79650597385773,0,background
266,arunachal pradesh,27.92255706117674,97.1802742438213,0,background
267,arunachal pradesh,28.16441499634725,95.90012775544037,0,background
268,arunachal pradesh,28.872434544569362,94.34448432581979,0,background
269,arunachal pradesh,28.209515246888696,93.92965576452056,0,background
270,arunachal pradesh,27.592336624917976,92.26025442434126,0,background
271,arunachal pradesh,27.663642073720958,96.85099976043092,0,background
272,arunachal pradesh,27.18668760949045,93.49018555910023,0,background
273,arunachal pradesh,27.33584989524875,93.71952920655556,0,background
274,arunachal pradesh,27.498009054172176,96.25979906948078,0,background
275,arunachal pradesh,27.764332416784217,93.72831261614922,0,background
276,arunachal pradesh,29.14441256974046,95.89594505011273,0,background
277,arunachal pradesh,28.40297548398225,94.40124549903767,0,background
278,arunachal pradesh,29.08249444198608,95.00775196469432,0,background
279,arunachal pradesh,27.790733037743856,92.52971312703248,0,background
280,arunachal pradesh,28.016642637969653,94.96725954937942,0,background
281,arunachal pradesh,28.03901975762067,97.3106523720745,0,background
282,arunachal pradesh,29.15828181207431,94.51624866700963,0,background
283,arunachal pradesh,27.7608787247329,91.66929710846149,0,background
284,arunachal pradesh,27.399200003092638,96.68492235246053,0,background
285,arunachal pradesh,27.092649156219945,92.03462945952744,0,background
286,arunachal pradesh,28.626779613342634,93.50203641302149,0,background
287,arunachal pradesh,27.9205180667689,93.66054010749951,0,background
288,arunachal pradesh,28.553195554298018,95.4589653913119,0,background
289,arunachal pradesh,27.424291212654147,93.42535376444974,0,background
290,arunachal pradesh,29.351562990651175,96.1755890061164,0,background
291,arunachal pradesh,26.78407813848484,95.3947390193219,0,background
292,arunachal pradesh,28.88918800465404,96.41659823627826,0,background
293,arunachal pradesh,27.315138250985406,93.66490928254763,0,background
294,arunachal pradesh,28.22828606052488,93.68048770877627,0,background
295,arunachal pradesh,27.982658182934763,96.65236141122526,0,background
296,arunachal pradesh,27.43765634554107,92.271092963444,0,background
297,arunachal pradesh,27.989619173202627,92.86243608256434,0,background
298,arunachal pradesh,28.21851872308264,93.99141165976609,0,background
299,arunachal pradesh,27.08135404512125,93.19481155179724,0,background
300,arunachal pradesh,27.397483864228803,93.55854889627064,0,background
301,arunachal pradesh,27.613424893656923,96.37399788470371,0,background
302,arunachal pradesh,27.70493187079103,96.75389371873791,0,background
303,arunachal pradesh,27.364528410996673,94.02059761068318,0,background
304,arunachal pradesh,29.021329680252986,95.72518995781029,0,background
305,arunachal pradesh,28.214728507371397,95.15598446532928,0,background
306,arunachal pradesh,28.311706075056602,94.02332138020445,0,background
307,arunachal pradesh,28.01363277260366,94.00950328243066,0,background
308,arunachal pradesh,27.305354712598938,93.30912875100154,0,background
309,arunachal pradesh,27.859097804167657,97.03186131857751,0,background
310,arunachal pradesh,27.819218487119624,92.78143606345269,0,background
311,arunachal pradesh,28.02537982048992,95.48490732935036,0,background
312,arunachal pradesh,28.314960410578202,96.96958918379077,0,background
313,arunachal pradesh,27.426323794607004,93.78396885633471,0,background
314,arunachal pradesh,28.61143211282573,93.76648252810546,0,background
315,arunachal pradesh,27.310068570347166,93.54197671810407,0,background
316,arunachal pradesh,27.713161671596755,96.64329108788728,0,background
317,arunachal pradesh,27.907233689147382,94.0347632603036,0,background
318,arunachal pradesh,28.008137475968628,96.3261218396286,0,background
319,arunachal pradesh,27.470515991624694,92.21171176008376,0,background
320,arunachal pradesh,28.08445396547158,94.73607705592788,0,background
321,arunachal pradesh,28.48132042489237,93.23984151422043,0,background
322,arunachal pradesh,27.948488513593993,93.00002746395622,0,background
323,arunachal pradesh,28.03754058550968,97.08601401094597,0,background
324,arunachal pradesh,28.55761591943362,96.00220645393986,0,background
325,arunachal pradesh,27.33686833543538,96.86104064779911,0,background
326,arunachal pradesh,28.464878823336083,94.38291349399437,0,background
327,arunachal pradesh,28.798241961527946,95.12717204498342,0,background
328,arunachal pradesh,28.8087786759697,94.00781358733286,0,background
329,arunachal pradesh,28.47498344610323,96.1980393047448,0,background
330,arunachal pradesh,28.078564378771794,94.73412600973066,0,background
331,arunachal pradesh,28.342296779481444,94.76845318592233,0,background
332,arunachal pradesh,28.18613495660756,93.6307070963471,0,background
333,arunachal pradesh,27.79948113207967,95.95685234858219,0,background
334,arunachal pradesh,28.169734581205375,94.2832232070978,0,background
335,arunachal pradesh,27.480278568063998,96.08650121054423,0,background
336,arunachal pradesh,27.218384500323268,92.2561530677052,0,background
337,arunachal pradesh,28.100530650764163,94.1456030943673,0,background
338,arunachal pradesh,27.068333339269543,93.01776783148958,0,background
339,arunachal pradesh,28.526780768331168,94.8270078116803,0,background
340,arunachal pradesh,28.949698993420085,95.6588709061944,0,background
341,arunachal pradesh,28.271784684129816,96.88718447046473,0,background
342,arunachal pradesh,27.975947162278807,96.56884068538932,0,background
343,arunachal pradesh,27.919008957199864,93.57609413874206,0,background
344,arunachal pradesh,27.200685830545066,95.58200186206152,0,background
345,arunachal pradesh,28.37095626791998,93.41558411775486,0,background
346,arunachal pradesh,28.75881902818956,95.79143574053958,0,background
347,arunachal pradesh,27.913710438855432,97.19557711775666,0,background
348,arunachal pradesh,27.739150013619092,92.26838641756346,0,background
349,arunachal pradesh,27.976445811916776,92.79037335325093,0,background
350,arunachal pradesh,28.16462600390395,93.51115324387597,0,background
351,arunachal pradesh,27.56876778237653,96.65092158743568,0,background
352,arunachal pradesh,28.59698240029962,94.3275211482235,0,background
353,arunachal pradesh,27.00060375308988,92.88749798643084,0,background
354,arunachal pradesh,27.425952059530513,92.88622625577935,0,background
355,arunachal pradesh,28.2867179236176,93.34318677512908,0,background
356,arunachal pradesh,28.256619822100983,96.90769118747566,0,background
357,arunachal pradesh,28.438709690828777,95.76347548151142,0,background
358,arunachal pradesh,27.476977401840397,92.03969030440282,0,background
359,arunachal pradesh,28.04383703373828,93.50412174758141,0,background
360,arunachal pradesh,28.22999144912798,97.00514709487513,0,background
361,arunachal pradesh,27.207341878246808,93.33197377651328,0,background
362,arunachal pradesh,28.371385569323557,94.45080526348613,0,background
363,arunachal pradesh,28.00281814385904,95.54573376388355,0,background
364,arunachal pradesh,28.178353675756604,92.91317960947687,0,background
365,arunachal pradesh,27.81096807402169,93.81028634582789,0,background
366,arunachal pradesh,27.532897922672255,93.84318436843081,0,background
367,arunachal pradesh,27.582316413986096,95.91378423895613,0,background
368,arunachal pradesh,27.774237943926188,96.7413881922272,0,background
369,arunachal pradesh,28.142081212118825,95.94623298315204,0,background
370,arunachal pradesh,28.220478944020467,96.64087065629278,0,background
371,arunachal pradesh,29.133686927793516,94.82744545582412,0,background
372,arunachal pradesh,27.510127462958117,96.07470832222293,0,background
373,arunachal pradesh,27.941189675289227,96.76049262487548,0,background
374,arunachal pradesh,28.844902580509835,94.5817572532714,0,background
375,arunachal pradesh,27.930407866104776,96.72351579181046,0,background
376,arunachal pradesh,28.06538258832665,95.80836120811607,0,background
377,arunachal pradesh,26.994420186931603,92.40712180253384,0,background
378,arunachal pradesh,29.203357848650914,96.18368267598127,0,background
379,arunachal pradesh,27.60959060079943,93.78865352432528,0,background
380,arunachal pradesh,27.79676213604405,96.68655741617648,0,background
381,arunachal pradesh,27.686789187390257,96.62100348867713,0,background
382,arunachal pradesh,27.830569484083416,96.89708364445073,0,background
383,arunachal pradesh,26.95861732074045,93.6084976213574,0,background
384,arunachal pradesh,27.122392333614435,93.4126334896867,0,background
385,arunachal pradesh,28.660798944634585,93.48330152593142,0,background
386,arunachal pradesh,26.733929231728407,95.32098662617794,0,background
387,arunachal pradesh,27.341019905192006,92.47726046317746,0,background
388,arunachal pradesh,27.765763010927877,93.23019036186132,0,background
389,arunachal pradesh,27.853831015565973,93.5940074806914,0,background
390,arunachal pradesh,28.014145744642736,93.44402999159041,0,background
391,arunachal pradesh,28.84902604014747,95.46045572827666,0,background
392,arunachal pradesh,28.03989935804037,94.16820405258868,0,background
393,arunachal pradesh,27.335561559067518,92.82370152268724,0,background
394,arunachal pradesh,28.735952802628734,96.05928058290843,0,background
395,arunachal pradesh,27.828652347159576,97.029491093055,0,background
396,arunachal pradesh,28.732161614378413,94.29128377641024,0,background
397,arunachal pradesh,28.056847161092826,93.76528331288527,0,background
398,arunachal pradesh,27.90266937531206,94.59521317443001,0,background
399,arunachal pradesh,28.685140315523768,94.09845631022408,0,background
400,arunachal pradesh,28.14269275037086,94.43793219817277,0,background
401,arunachal pradesh,27.68054192153744,92.50966087043429,0,background
402,arunachal pradesh,28.921345250953024,96.45574159594585,0,background
403,arunachal pradesh,27.250170943026337,92.32025017652111,0,background
404,arunachal pradesh,27.970505176101465,94.76893751422261,0,background
405,arunachal pradesh,27.61582412874168,93.30441409347569,0,background
406,arunachal pradesh,28.236774549949708,95.70329745979807,0,background
407,arunachal pradesh,27.22228478005914,93.29106627193319,0,background
408,arunachal pradesh,27.29706312233764,92.95455623585433,0,background
409,arunachal pradesh,27.415288067831888,93.433753759362,0,background
410,arunachal pradesh,27.38268134104566,96.73633692045121,0,background
411,arunachal pradesh,27.641208264797882,96.86463302521067,0,background
412,arunachal pradesh,29.193677656571527,95.63549385546634,0,background
413,arunachal pradesh,26.997782346610112,92.49652322535015,0,background
414,arunachal pradesh,28.840479171032786,94.52218240858764,0,background
415,arunachal pradesh,27.835845778405787,92.72891235699717,0,background
416,arunachal pradesh,28.646797530718192,95.18695806830159,0,background
417,arunachal pradesh,28.38346307589253,96.13400400504744,0,background
418,arunachal pradesh,27.056752758436264,92.53430838033707,0,background
419,arunachal pradesh,27.110184296430212,95.87030113025102,0,background
420,arunachal pradesh,28.28023794505455,94.5154598602971,0,background
421,arunachal pradesh,27.532537010508406,92.51137746714575,0,background
422,arunachal pradesh,28.113951944270063,94.19079392047395,0,background
423,arunachal pradesh,28.994744471540667,95.97329232957485,0,background
424,arunachal pradesh,28.038003428815863,97.14653611457962,0,background
425,arunachal pradesh,29.165559177710563,95.82334082826887,0,background
426,arunachal pradesh,28.65740807077763,95.44178364931005,0,background
427,arunachal pradesh,28.481597454100303,94.61358616625218,0,background
428,arunachal pradesh,27.85563957434585,93.2043924893111,0,background
429,arunachal pradesh,29.119647034886395,95.9211894679698,0,background
430,arunachal pradesh,28.040470946261724,92.84085684746404,0,background
431,arunachal pradesh,27.748278529210616,97.06495623382794,0,background
432,arunachal pradesh,28.129034750192048,94.89501011529711,0,background
433,arunachal pradesh,28.03213425961074,96.18811090712063,0,background
434,arunachal pradesh,27.36642705845062,92.48325078075557,0,background
435,arunachal pradesh,27.71188723591399,96.60752439583874,0,background
436,arunachal pradesh,28.42140965192479,94.60605895429119,0,background
437,arunachal pradesh,27.812848190058837,94.2533575185518,0,background
438,arunachal pradesh,27.570412743155423,92.79789758904995,0,background
439,arunachal pradesh,27.442585781701442,92.79615302374913,0,background
440,arunachal pradesh,28.22081596826012,96.75832869276516,0,background
441,arunachal pradesh,27.919102813178366,97.28943789829673,0,background
442,arunachal pradesh,28.280195863894598,95.42641029592279,0,background
443,arunachal pradesh,27.71749893010448,92.10688599201602,0,background
444,arunachal pradesh,28.61138094760109,95.2076772359491,0,background
445,arunachal pradesh,28.242702604688034,97.08717562517397,0,background
446,arunachal pradesh,27.698859815877768,95.88744684239552,0,background
447,arunachal pradesh,28.82480098281688,95.44835894293863,0,background
448,arunachal pradesh,28.80265908566071,96.45391720732478,0,background
449,arunachal pradesh,27.30331964910321,93.61992454617273,0,background
450,arunachal pradesh,28.113763849925967,92.68455055162738,0,background
451,arunachal pradesh,28.49926891703622,93.81177536284952,0,background
452,arunachal pradesh,29.055030717938497,94.52714790710199,0,background
453,arunachal pradesh,28.101972702118243,96.9888085960363,0,background
454,arunachal pradesh,28.412222929949433,94.28851373437368,0,background
455,arunachal pradesh,29.02404581831865,95.01971922713972,0,background
456,arunachal pradesh,27.798227669204675,91.64503813769046,0,background
457,arunachal pradesh,29.060445423100198,94.29185098470657,0,background
458,arunachal pradesh,28.136206650757618,96.74725042999818,0,background
459,arunachal pradesh,28.72997696634854,94.17634347754142,0,background
460,arunachal pradesh,28.7030593813493,94.247533491139,0,background
461,arunachal pradesh,27.704377368772303,94.77928305099198,0,background
462,arunachal pradesh,29.130452586556604,94.7345639734416,0,background
463,arunachal pradesh,28.427456936940327,94.52473835386427,0,background
464,arunachal pradesh,27.401496568097457,92.55451128247559,0,background
465,arunachal pradesh,27.986887146632228,92.8928013663697,0,background
466,arunachal pradesh,28.92859441038916,94.4436421032336,0,background
467,arunachal pradesh,28.437490496745248,95.72202912855533,0,background
468,arunachal pradesh,27.027386257338648,95.86123206232001,0,background
469,arunachal pradesh,27.252308924250908,92.92303780663212,0,background
470,arunachal pradesh,27.038455847619037,95.27896542318514,0,background
471,arunachal pradesh,28.088632749336423,94.41130379133108,0,background
472,arunachal pradesh,28.58292842522466,93.33964458835388,0,background
473,arunachal pradesh,27.18513495485044,92.98454336588459,0,background
474,arunachal pradesh,28.08785194507431,96.28198620006654,0,background
475,arunachal pradesh,28.247568596462703,93.19918229349729,0,background
476,arunachal pradesh,27.725935055251075,92.75644059109214,0,background
477,arunachal pradesh,28.919847340929064,95.0428905943658,0,background
478,arunachal pradesh,27.306654756064066,93.14601681519441,0,background
479,arunachal pradesh,27.249286505599407,96.91945269735702,0,background
480,arunachal pradesh,27.16549196284899,93.0412257436636,0,background
481,arunachal pradesh,27.32898689213996,93.33536806763667,0,background
482,arunachal pradesh,28.926978561370063,94.38550369708979,0,background
483,arunachal pradesh,28.270556273053515,95.66768087355216,0,background
484,arunachal pradesh,27.716691481170542,97.00749251019322,0,background
485,arunachal pradesh,27.83951383288312,96.20002257965767,0,background
486,arunachal pradesh,27.725344320823226,96.67588093912175,0,background
487,arunachal pradesh,27.758540416318016,93.04188300334243,0,background
488,arunachal pradesh,28.746093515076044,95.24078303981372,0,background
489,arunachal pradesh,27.624697969666705,96.11156162447139,0,background
490,arunachal pradesh,29.16455946010764,95.93660459049643,0,background
491,arunachal pradesh,27.824955678887868,93.8598603995846,0,background
492,arunachal pradesh,28.045701988253803,93.27864989155621,0,background
493,arunachal pradesh,28.568495961358437,95.70132699335507,0,background
494,arunachal pradesh,27.12072753160009,92.92916668050215,0,background
495,arunachal pradesh,27.788260995843206,93.26030536998167,0,background
496,arunachal pradesh,28.64627015060935,96.10271651107588,0,background
497,arunachal pradesh,28.572636358984838,95.95183510043387,0,background
498,arunachal pradesh,27.431419892934663,96.90115449546082,0,background
499,arunachal pradesh,28.098025518651557,93.1370509676118,0,background
500,arunachal pradesh,27.438698911764,92.59456532422824,0,background
501,arunachal pradesh,27.64755649342736,92.9918787960844,0,background
502,arunachal pradesh,28.102869806936617,94.00191584408076,0,background
503,arunachal pradesh,27.306239735455797,96.90722753042877,0,background
504,arunachal pradesh,27.012689038587073,93.32302316343727,0,background
505,arunachal pradesh,28.11926523537818,96.79076677528923,0,background
506,arunachal pradesh,28.636716978974793,95.73579721790865,0,background
507,arunachal pradesh,27.996467713463446,94.38496346949958,0,background
508,arunachal pradesh,28.35908704119969,95.39273314634293,0,background
509,arunachal pradesh,27.59376980851699,92.4878689099612,0,background
510,arunachal pradesh,27.74224645313421,96.74320503379053,0,background
511,arunachal pradesh,28.175569693568644,94.19865408552344,0,background
512,arunachal pradesh,27.188842569118332,93.28393996232478,0,background
513,arunachal pradesh,27.784171701453733,92.34824229782666,0,background
514,arunachal pradesh,28.948273104486915,96.28840480852693,0,background
515,arunachal pradesh,27.62986578571457,93.12792418648732,0,background
516,arunachal pradesh,29.312139868571077,94.67150319602668,0,background
517,arunachal pradesh,28.144480598994203,96.02257834701082,0,background
518,arunachal pradesh,28.342089931304415,96.87701867945934,0,background
519,arunachal pradesh,27.748461995539845,94.30797540831492,0,background
520,arunachal pradesh,29.186372349956823,96.25293830042372,0,background
521,arunachal pradesh,28.839617517394196,95.30128722886845,0,background
522,arunachal pradesh,28.089519828472703,93.81335282873809,0,background
523,arunachal pradesh,27.470880690445103,94.12440711757421,0,background
524,arunachal pradesh,28.40684920930954,94.5602868784209,0,background
525,arunachal pradesh,29.061306167265826,95.67341050709578,0,background
526,arunachal pradesh,27.535839539394278,96.09643492488186,0,background
527,arunachal pradesh,27.838128139448706,94.58886139394627,0,background
528,arunachal pradesh,28.33553198605023,93.23747279438956,0,background
529,arunachal pradesh,27.490410411564167,92.42561997005906,0,background
530,arunachal pradesh,29.124281639070087,95.00825680370562,0,background
531,arunachal pradesh,28.826292296117302,94.30349379822171,0,background
532,arunachal pradesh,28.1171158271862,96.14236212996775,0,background
533,arunachal pradesh,27.905029853388537,93.15775845826943,0,background
534,arunachal pradesh,27.616745892055572,92.63068640420158,0,background
535,arunachal pradesh,28.231729202781562,92.96623833137248,0,background
536,arunachal pradesh,27.657904058531294,92.76826301542062,0,background
537,arunachal pradesh,27.439054486568377,93.6580551299509,0,background
538,arunachal pradesh,27.8243156928299,92.17282558287545,0,background
539,arunachal pradesh,27.713841608357097,93.84823275878239,0,background
540,arunachal pradesh,28.73111423338831,95.98908317463159,0,background
541,arunachal pradesh,28.67369787120542,95.72069355384451,0,background
542,arunachal pradesh,27.846942808301463,96.10827977115837,0,background
543,arunachal pradesh,28.59537163326403,95.63890906531785,0,background
544,arunachal pradesh,27.613741597422848,92.56994394679917,0,background
545,arunachal pradesh,28.064082626232196,97.24625200766305,0,background
546,arunachal pradesh,27.390773188153105,92.46908389170785,0,background
547,arunachal pradesh,27.410849658680473,92.91663543649553,0,background
548,arunachal pradesh,26.892018417953576,92.19384572216467,0,background
549,arunachal pradesh,28.086344134310195,92.9510128175748,0,background
550,arunachal pradesh,27.822192049068374,92.66913397375582,0,background
551,arunachal pradesh,27.893727624528733,93.30407317606227,0,background
552,arunachal pradesh,27.97118062606425,93.67497537051815,0,background
553,arunachal pradesh,27.57289733345014,93.74710478617243,0,background
554,arunachal pradesh,27.55971285438603,92.4264333101979,0,background
555,arunachal pradesh,27.90799570292469,93.9690417903048,0,background
556,arunachal pradesh,27.335927724382255,92.14066088170017,0,background
557,arunachal pradesh,27.298552777086492,92.23704887960855,0,background
558,arunachal pradesh,29.322160542169094,95.74717061160739,0,background
559,arunachal pradesh,27.704957919759337,91.66283596299382,0,background
560,arunachal pradesh,27.097769038163563,92.2612858047283,0,background
561,arunachal pradesh,27.732676942549062,96.84359699115234,0,background
562,arunachal pradesh,28.31408040697566,97.07372376223383,0,background
563,arunachal pradesh,27.719040792542682,95.99314799450636,0,background
564,arunachal pradesh,29.07974190248346,96.08780091757255,0,background
565,arunachal pradesh,28.49400442336286,95.60486489293564,0,background
566,arunachal pradesh,28.91158249555679,96.26200185768687,0,background
567,arunachal pradesh,28.168842899241987,95.94037477101652,0,background
568,arunachal pradesh,28.004084733215475,96.54656990640908,0,background
569,arunachal pradesh,27.381916042404356,96.77049607453074,0,background
570,arunachal pradesh,28.21265401966406,94.04660756645598,0,background
571,arunachal pradesh,27.46835622238675,96.79456644611709,0,background
572,arunachal pradesh,27.629892229396187,93.96372163806556,0,background
573,arunachal pradesh,27.583073991554333,96.1611731170829,0,background
574,arunachal pradesh,27.930272145651255,94.06366513719952,0,background
575,arunachal pradesh,28.301795121164137,96.39305422908728,0,background
576,arunachal pradesh,28.70008556044717,96.29225844325201,0,background
577,arunachal pradesh,28.47814930541539,96.0544571514706,0,background
578,arunachal pradesh,28.11653721416264,92.7926760310598,0,background
579,arunachal pradesh,28.54825568906046,94.83732039520116,0,background
580,arunachal pradesh,27.398119285497312,96.70986100774633,0,background
581,arunachal pradesh,28.3213294803923,94.61718662841683,0,background
582,arunachal pradesh,28.25442119119447,97.29949928824352,0,background
583,arunachal pradesh,28.108701193749166,94.43898043389216,0,background
584,arunachal pradesh,28.401017170400163,94.259233378784,0,background
585,arunachal pradesh,29.19962518106314,96.30342342616999,0,background
586,arunachal pradesh,28.15631037577432,93.47066947676795,0,background
587,arunachal pradesh,27.650776043968733,93.75254359971116,0,background
588,arunachal pradesh,28.000112414925024,93.27196655465188,0,background
589,arunachal pradesh,29.28924090605327,95.71118563381938,0,background
590,arunachal pradesh,28.837518569975558,94.99380780542083,0,background
591,arunachal pradesh,27.999134146428023,94.78457271544315,0,background
592,arunachal pradesh,27.745017564214265,95.89795079003866,0,background
593,arunachal pradesh,27.473777656424723,93.42574051487388,0,background
594,arunachal pradesh,28.232979952547616,93.04012725129601,0,background
595,arunachal pradesh,27.603637601486152,92.05346293072554,0,background
596,arunachal pradesh,27.26291778957566,92.04434887530745,0,background
597,arunachal pradesh,27.09396227088735,95.35738131033605,0,background
598,arunachal pradesh,28.773047819192694,95.99508129349456,0,background
599,arunachal pradesh,28.078829561931226,96.34237629749208,0,background
600,arunachal pradesh,28.896407258511402,94.48185357625783,0,background
601,arunachal pradesh,28.788154485610328,94.68667603849774,0,background
602,arunachal pradesh,28.491030262136288,94.01450859955631,0,background
603,arunachal pradesh,28.352895967843505,94.09837972995646,0,background
604,arunachal pradesh,27.409431993948985,93.8000789347486,0,background
605,arunachal pradesh,28.513791357378356,94.9893979404647,0,background
606,arunachal pradesh,28.561109788343774,93.46609940590636,0,background
607,arunachal pradesh,28.317337435309664,95.41890170816752,0,background
608,arunachal pradesh,29.023326567416404,96.42981807284646,0,background
609,arunachal pradesh,28.102144732669146,94.69013114569917,0,background
610,arunachal pradesh,28.73402760482568,95.38116125059815,0,background
611,arunachal pradesh,27.880950254518492,96.75818270442714,0,background
612,arunachal pradesh,29.030599166255854,95.32028936723948,0,background
613,arunachal pradesh,29.138313629811467,94.38283924951058,0,background
614,arunachal pradesh,27.159516113926667,92.07996702050427,0,background
615,arunachal pradesh,28.654369815380505,93.85023657071113,0,background
616,arunachal pradesh,28.64204689945475,93.56791382268523,0,background
617,arunachal pradesh,28.403182698887836,94.96426445716037,0,background
618,arunachal pradesh,28.794727929321507,94.56233311427647,0,background
619,arunachal pradesh,28.835466912690798,94.2228750199636,0,background
620,arunachal pradesh,28.037249029752754,97.1912463525587,0,background
621,arunachal pradesh,27.295296048244765,93.33810570045092,0,background
622,arunachal pradesh,27.705209838649857,93.80951979240143,0,background
623,arunachal pradesh,27.78643972117036,96.3520689478465,0,background
624,arunachal pradesh,27.098966797015258,92.80629501439022,0,background
625,arunachal pradesh,27.704515652562254,96.84231679405747,0,background
626,arunachal pradesh,28.00142441898563,93.53108095646641,0,background
627,arunachal pradesh,28.41520834780148,96.55293285655385,0,background
628,arunachal pradesh,28.598705342851265,94.16720607037645,0,background
629,arunachal pradesh,29.361964161175305,95.92970861271534,0,background
630,arunachal pradesh,28.605749067611683,94.0839681676125,0,background
631,arunachal pradesh,27.541047615725574,92.45637449023351,0,background
632,arunachal pradesh,28.559958422909908,96.22463892398812,0,background
633,arunachal pradesh,27.073089321627382,92.45825415578572,0,background
634,arunachal pradesh,27.52753565643465,96.73244115244994,0,background
635,arunachal pradesh,28.287692382845183,94.57895354525702,0,background
636,arunachal pradesh,28.174772133613047,95.32591441754012,0,background
637,arunachal pradesh,28.68333856271763,95.82113447606883,0,background
638,arunachal pradesh,28.85368283960782,95.18422696566388,0,background
639,arunachal pradesh,27.223849983774,93.31686826952289,0,background
640,arunachal pradesh,27.231074574658034,93.31419247427574,0,background
641,arunachal pradesh,27.79041184446332,91.66623282412529,0,background
642,arunachal pradesh,28.085061693676877,93.56114856906035,0,background
643,arunachal pradesh,27.61938762643115,94.5802336726148,0,background
644,arunachal pradesh,27.15195607588928,93.29465145000329,0,background
645,arunachal pradesh,27.88967918453289,93.90099010857341,0,background
646,arunachal pradesh,28.13053877314306,93.43560334599405,0,background
647,arunachal pradesh,28.761167042331646,95.05792724173546,0,background
648,arunachal pradesh,27.42975444817863,93.62817466164533,0,background
649,arunachal pradesh,27.922215742328852,95.43911968354219,0,background
650,arunachal pradesh,28.575098005058095,93.82472819573417,0,background
651,arunachal pradesh,27.15738404291682,95.47558173046463,0,background
652,arunachal pradesh,28.203258421398086,94.14277443476745,0,background
653,arunachal pradesh,28.826324836136163,94.05642664063814,0,background
654,arunachal pradesh,26.999210267354826,93.12794584129828,0,background
655,arunachal pradesh,27.94164881534879,92.76214663664219,0,background
656,arunachal pradesh,28.678416296511127,95.97039337452826,0,background
657,arunachal pradesh,28.1692445252855,93.54517236850815,0,background
658,arunachal pradesh,29.100274616453184,95.64969575831319,0,background
659,arunachal pradesh,27.711452092781357,96.73048127674411,0,background
660,arunachal pradesh,28.60221107322849,94.31554284087797,0,background
661,arunachal pradesh,28.668314533254964,93.98658176592448,0,background
662,arunachal pradesh,29.181346278081364,95.83521889812255,0,background
663,arunachal pradesh,28.472988844808423,95.595894939464,0,background
664,arunachal pradesh,27.70331802035453,93.28846610358399,0,background
665,arunachal pradesh,27.18281139364498,92.84367083113668,0,background
666,arunachal pradesh,27.96612867641868,97.25338559379188,0,background
667,arunachal pradesh,27.452916039996328,96.6397677978103,0,background
668,arunachal pradesh,28.093954369939926,93.99356480998856,0,background
669,arunachal pradesh,29.10857886319633,94.45172012012304,0,background
670,arunachal pradesh,27.252460000736857,96.9792530196715,0,background
671,arunachal pradesh,27.62117523174916,92.0934919623958,0,background
672,arunachal pradesh,27.420937689331993,93.8700683525207,0,background
673,arunachal pradesh,29.127637566059622,94.92042592115294,0,background
674,arunachal pradesh,28.227810882377447,93.34291667989453,0,background
675,arunachal pradesh,28.978584960802362,96.16874112324808,0,background
676,arunachal pradesh,28.19053824923499,95.36682463777534,0,background
677,arunachal pradesh,28.345183111166442,95.04827715815364,0,background
678,arunachal pradesh,28.565681357828783,93.6565873008883,0,background
679,arunachal pradesh,27.031630252143238,92.47126919123718,0,background
680,arunachal pradesh,27.541157619575326,96.40715365948219,0,background
681,arunachal pradesh,27.97788177816472,93.8750047224118,0,background
682,arunachal pradesh,27.79328761646519,96.61309985988918,0,background
683,arunachal pradesh,28.631461046308143,95.222266979793,0,background
684,arunachal pradesh,28.203949686338095,93.02716754280392,0,background
685,arunachal pradesh,27.59728539308175,94.52231617061967,0,background
686,arunachal pradesh,27.61468281419554,92.49111553333215,0,background
687,arunachal pradesh,27.874629729514965,94.99858327433766,0,background
688,arunachal pradesh,28.44713906128405,93.55895752636619,0,background
689,arunachal pradesh,26.989740405847797,92.4868560848122,0,background
690,arunachal pradesh,28.993124269780854,95.99641198564129,0,background
691,arunachal pradesh,28.888107714217135,95.35890904718026,0,background
692,arunachal pradesh,27.44963106891015,92.50806567769544,0,background
693,arunachal pradesh,28.762203636747035,94.11904086141173,0,background
694,arunachal pradesh,27.7947113495559,94.19036686608908,0,background
695,arunachal pradesh,27.151997596440108,95.91217193927143,0,background
696,arunachal pradesh,27.01978518279383,95.845106686897,0,background
697,arunachal pradesh,27.52617507045551,96.82159684741282,0,background
698,arunachal pradesh,27.956574857807446,96.20872845526183,0,background
699,arunachal pradesh,28.175280969196738,94.44237662406016,0,background
700,arunachal pradesh,27.98747666963535,94.0397518402333,0,background
701,arunachal pradesh,27.38208784477327,96.17120131113134,0,background
702,arunachal pradesh,29.215118721675896,95.95291613601245,0,background
703,arunachal pradesh,27.34225650461917,96.52365522220258,0,background
704,arunachal pradesh,28.139046855853543,95.99587116892813,0,background
705,arunachal pradesh,27.977948022942527,94.99009086300794,0,background
706,arunachal pradesh,28.938401917149683,95.65522451915542,0,background
707,arunachal pradesh,27.45305562245376,93.78278841685744,0,background
708,arunachal pradesh,28.14540871822425,95.58798715509491,0,background
709,arunachal pradesh,28.223314666778883,93.48313022701588,0,background
710,arunachal pradesh,28.074435711482177,97.00257294313656,0,background
711,arunachal pradesh,27.5132076526624,92.21022942618815,0,background
712,arunachal pradesh,27.954815816120938,96.07673465125657,0,background
713,arunachal pradesh,26.98999364450217,95.21681289347968,0,background
714,arunachal pradesh,27.546706512105825,92.45597238506762,0,background
715,arunachal pradesh,27.858156059406927,95.01061520746688,0,background
716,arunachal pradesh,28.07748537900829,96.20237651453971,0,background
717,arunachal pradesh,28.433370546586456,93.57393060189692,0,background
718,arunachal pradesh,28.45498116341934,95.05193557156953,0,background
719,arunachal pradesh,27.98645750711839,93.92350668348794,0,background
720,arunachal pradesh,27.580406944209223,96.35790731706868,0,background
721,arunachal pradesh,27.938470241745275,94.14841237518645,0,background
722,arunachal pradesh,26.983534857790612,95.63762250453486,0,background
723,arunachal pradesh,28.08959856277155,93.12209418099259,0,background
724,arunachal pradesh,28.21435600037604,93.93822351873649,0,background
725,arunachal pradesh,29.44542794171669,96.05967108758237,0,background
726,arunachal pradesh,28.844308114539366,94.67883291935777,0,background
727,arunachal pradesh,27.60562932003106,96.2881057623937,0,background
728,arunachal pradesh,27.03380399174528,92.83671418746353,0,background
729,arunachal pradesh,28.739692982750334,96.00390530080391,0,background
730,arunachal pradesh,28.321950722101306,96.03359550952229,0,background
731,arunachal pradesh,27.878629627983308,94.12627087534814,0,background
732,arunachal pradesh,27.437803334090056,96.26299597301018,0,background
733,arunachal pradesh,28.340573060601393,96.23247433051594,0,background
734,arunachal pradesh,27.315906581663878,93.35485596405124,0,background
735,arunachal pradesh,27.79715292049691,94.67176378952928,0,background
736,arunachal pradesh,28.639199388508004,96.05457993584213,0,background
737,arunachal pradesh,28.96054414171624,95.2124008908664,0,background
738,arunachal pradesh,27.607531508412883,92.75927805181767,0,background
739,arunachal pradesh,27.56706276122485,93.38743173288218,0,background
740,arunachal pradesh,28.765148044164018,94.61282796037808,0,background
741,arunachal pradesh,28.742745147972222,95.19432256466527,0,background
742,arunachal pradesh,27.09328702285572,92.8396165111451,0,background
743,arunachal pradesh,27.723828253105598,92.34619916242305,0,background
744,arunachal pradesh,28.301008336189543,93.6845915842605,0,background
745,arunachal pradesh,28.05818330507779,96.71920654946616,0,background
746,arunachal pradesh,27.29747601031276,92.58423548943553,0,background
747,arunachal pradesh,27.397594235060943,92.89320452345036,0,background
748,arunachal pradesh,27.57445921000801,93.19637800691466,0,background
749,arunachal pradesh,27.746901233791874,94.35481553790717,0,background
750,arunachal pradesh,27.680675399186622,93.41370932164922,0,background
751,arunachal pradesh,28.567869292875994,95.95215881192495,0,background
752,arunachal pradesh,28.369255058558377,95.3228419585092,0,background
753,arunachal pradesh,28.07845342603009,94.45785197785645,0,background
754,arunachal pradesh,29.140764032511203,96.2139991240263,0,background
755,arunachal pradesh,28.028805063644782,93.52823477576977,0,background
756,arunachal pradesh,28.103685849857435,94.97006225328867,0,background
757,arunachal pradesh,28.749120531247367,94.55958129639825,0,background
758,arunachal pradesh,27.848247498406757,96.17127145952968,0,background
759,arunachal pradesh,27.524196063057403,91.9784349303035,0,background
760,arunachal pradesh,28.6499523325132,94.54080669307473,0,background
761,arunachal pradesh,29.175915216685965,96.3260174120195,0,background
762,arunachal pradesh,28.013399533729935,95.40557000944479,0,background
763,arunachal pradesh,28.35480109713825,93.52087329613855,0,background
764,arunachal pradesh,28.565765680683285,96.12603992143438,0,background
765,arunachal pradesh,28.925155412266452,94.34551994249891,0,background
766,arunachal pradesh,28.38629273350255,95.04237266055632,0,background
767,arunachal pradesh,27.248545055280164,92.15431770204155,0,background
768,arunachal pradesh,28.682264952538258,94.66255713614018,0,background
769,arunachal pradesh,27.99001829828061,97.05515362104677,0,background
770,arunachal pradesh,28.368539176791938,95.74205206048146,0,background
771,arunachal pradesh,27.147687974660773,97.11883347173509,0,background
772,arunachal pradesh,27.723456700894513,92.69687815063305,0,background
773,arunachal pradesh,28.03141547761188,97.18654054539716,0,background
774,arunachal pradesh,27.878126240571497,96.97477694461276,0,background
775,arunachal pradesh,29.075804396608174,95.56500323611758,0,background
776,arunachal pradesh,27.571271910595424,93.79742205942945,0,background
777,arunachal pradesh,27.671448467892066,96.12996948250773,0,background
778,arunachal pradesh,29.326020920490578,95.86301925138234,0,background
779,arunachal pradesh,28.07995210293309,96.7051561867742,0,background
780,arunachal pradesh,28.324655413364166,93.12958651494671,0,background
781,arunachal pradesh,28.11007075457342,97.14866595910308,0,background
782,arunachal pradesh,28.99589026943138,94.89755639208103,0,background
783,arunachal pradesh,27.00268144911253,92.86500331394633,0,background
784,arunachal pradesh,28.59999405237535,94.66755640540045,0,background
785,arunachal pradesh,27.41387432150295,92.83672562515153,0,background
786,arunachal pradesh,28.051350227736933,95.41069091557483,0,background
787,arunachal pradesh,27.445700840946902,93.64357934852794,0,background
788,arunachal pradesh,27.359988655346406,92.58013894284366,0,background
789,arunachal pradesh,29.21497343123402,94.46695185210089,0,background
790,arunachal pradesh,26.85053371705459,95.42994482154755,0,background
791,arunachal pradesh,29.064822623271915,94.80869113575935,0,background
792,arunachal pradesh,27.84039359106562,95.8880264418846,0,background
793,arunachal pradesh,27.163062319748,93.3572444868855,0,background
794,arunachal pradesh,28.113846805084542,93.16697345131767,0,background
795,arunachal pradesh,28.00198239515071,96.70859806347465,0,background
796,arunachal pradesh,28.004612291830444,95.09645749464734,0,background
797,arunachal pradesh,27.764598964345506,96.28288724780313,0,background
798,arunachal pradesh,27.67804896682544,94.1995578008575,0,background
799,arunachal pradesh,27.867309562010874,97.13463679845695,0,background
800,arunachal pradesh,28.6007341762375,93.62124198962046,0,background
801,arunachal pradesh,29.22910721198102,96.18224964510665,0,background
802,arunachal pradesh,27.849526698956367,94.06621564633204,0,background
803,arunachal pradesh,26.965592828924017,92.95115559935083,0,background
804,arunachal pradesh,28.19674418539108,92.98458147891718,0,background
805,arunachal pradesh,27.939635356201347,93.74167425777208,0,background
806,arunachal pradesh,28.773515353109847,95.00947140664624,0,background
807,arunachal pradesh,28.733904300774068,94.28892977149951,0,background
808,arunachal pradesh,28.706430996074577,94.61227175792762,0,background
809,arunachal pradesh,28.629174961423146,94.7582188202027,0,background
810,arunachal pradesh,27.528211304093748,96.14934251235368,0,background
811,arunachal pradesh,28.80651621000372,94.22930153767302,0,background
812,arunachal pradesh,29.147704517625197,95.82345720204792,0,background
813,arunachal pradesh,27.52561046236173,91.66265932292966,0,background
814,arunachal pradesh,27.554039609066187,93.79483458646018,0,background
815,arunachal pradesh,28.083400286741547,94.75070222763519,0,background
816,arunachal pradesh,27.32545373318948,96.91171862282086,0,background
817,arunachal pradesh,29.05590078867333,94.42800540878234,0,background
818,arunachal pradesh,28.14434329669256,94.15791633761246,0,background
819,arunachal pradesh,28.80481990060386,95.7763346268479,0,background
820,arunachal pradesh,29.015955703960145,94.84789898709083,0,background
821,arunachal pradesh,27.90033853088769,95.46811197500061,0,background
822,arunachal pradesh,28.864522936640338,96.39011689391974,0,background
823,arunachal pradesh,27.736741350501898,94.85105225075125,0,background
824,arunachal pradesh,28.66271661933968,95.2831999334968,0,background
825,arunachal pradesh,27.562280654380206,93.55367626489696,0,background
826,arunachal pradesh,26.88603785558065,95.23987729698246,0,background
827,arunachal pradesh,28.65393282897642,93.64491361119165,0,background
828,arunachal pradesh,27.840111362042805,93.32500201210411,0,background
829,arunachal pradesh,28.16140818570045,93.23941635223761,0,background
830,arunachal pradesh,27.280085393151502,92.60739586530114,0,background
831,arunachal pradesh,28.83740794707127,96.48140397475328,0,background
832,arunachal pradesh,26.75017982104525,95.37328390028684,0,background
833,arunachal pradesh,29.005618872843193,94.86061325471354,0,background
834,arunachal pradesh,27.667147388884757,94.59022589615061,0,background
835,arunachal pradesh,27.305794582023267,92.09841948372029,0,background
836,arunachal pradesh,28.27801873394451,94.48052624865227,0,background
837,arunachal pradesh,27.955141512462433,94.81676529721832,0,background
838,arunachal pradesh,28.02391532510517,96.90560401762689,0,background
839,arunachal pradesh,26.998978217253583,92.4827591001031,0,background
840,arunachal pradesh,28.036453951748815,97.33959813658349,0,background
841,arunachal pradesh,28.485602156589007,94.38204956428568,0,background
842,arunachal pradesh,27.48086816358372,94.10978677549726,0,background
843,arunachal pradesh,28.737786698391265,93.97634573771121,0,background
844,arunachal pradesh,28.781901180931534,94.19111539322796,0,background
845,arunachal pradesh,27.585386936802333,95.99080336902168,0,background
846,arunachal pradesh,28.303303545225774,93.67001927072995,0,background
847,arunachal pradesh,27.49435066013278,96.74132660445906,0,background
848,arunachal pradesh,28.48668504365622,95.44226902457882,0,background
849,arunachal pradesh,28.712030829853777,94.68054214184309,0,background
850,arunachal pradesh,28.20754296974239,96.3286839612894,0,background
851,arunachal pradesh,27.629563804309768,93.3443120086818,0,background
852,arunachal pradesh,27.40901008889639,93.79251551210871,0,background
853,arunachal pradesh,29.02056373947335,94.93106666244083,0,background
854,arunachal pradesh,27.892377665565306,96.12717482677694,0,background
855,arunachal pradesh,28.24645756311703,95.30928684201832,0,background
856,arunachal pradesh,27.938512723098096,96.99593042839014,0,background
857,arunachal pradesh,27.031584018862677,95.85717140516554,0,background
858,arunachal pradesh,29.005183116817072,94.28748030499824,0,background
859,arunachal pradesh,28.637542758410817,94.76203995169438,0,background
860,arunachal pradesh,27.64524432854636,95.95530858445915,0,background
861,arunachal pradesh,28.875776325905,95.78999388530215,0,background
862,arunachal pradesh,28.727282053177696,94.6064389111741,0,background
863,arunachal pradesh,27.790904699782793,95.84162164646399,0,background
864,arunachal pradesh,27.63990381801554,92.61499120382521,0,background
865,arunachal pradesh,28.486609787053336,93.71837257582996,0,background
866,arunachal pradesh,27.36475006643166,93.23324680959733,0,background
867,arunachal pradesh,28.25977965787034,94.363895916498,0,background
868,arunachal pradesh,27.512766649109196,92.24639467892268,0,background
869,arunachal pradesh,28.938049720175073,96.11943129842075,0,background
870,arunachal pradesh,28.071372949451984,95.89617565635733,0,background
871,arunachal pradesh,27.20629408123825,95.60752460163977,0,background
872,arunachal pradesh,28.44871065399655,95.96517049839609,0,background
873,arunachal pradesh,27.620602354039033,93.25352555726761,0,background
874,arunachal pradesh,26.94354174596505,92.32625768889683,0,background
875,arunachal pradesh,28.07892220946702,94.91813167674663,0,background
876,arunachal pradesh,27.928960766984265,95.27610641251077,0,background
877,arunachal pradesh,27.60172195411829,93.4489908536531,0,background
878,arunachal pradesh,27.291321362901066,92.19739912722731,0,background
879,arunachal pradesh,27.68615358756451,92.55111971327126,0,background
880,arunachal pradesh,28.543761489126386,94.95593430070308,0,background
881,arunachal pradesh,28.221134291732614,93.0216654270878,0,background
882,arunachal pradesh,28.61967084372085,96.46357016582921,0,background
883,arunachal pradesh,28.02020938625905,93.74477726127418,0,background
884,arunachal pradesh,27.868637236065304,93.04093470083639,0,background
885,arunachal pradesh,28.083199991746284,96.21810216567087,0,background
886,arunachal pradesh,27.113921840901845,93.27381427907282,0,background
887,arunachal pradesh,27.29615302999047,93.6422885889357,0,background
888,arunachal pradesh,27.64166988830535,95.93969583380783,0,background
889,arunachal pradesh,28.817953711956758,96.23677941766115,0,background
890,arunachal pradesh,28.067020111890617,93.41779624751283,0,background
891,arunachal pradesh,28.33948482152125,94.85203400552012,0,background
892,arunachal pradesh,29.077502082863475,94.3248497494372,0,background
893,arunachal pradesh,28.219989550378315,96.35510158918179,0,background
894,arunachal pradesh,27.640715571874043,96.70578788910741,0,background
895,arunachal pradesh,28.95554176598561,96.48395147528065,0,background
896,arunachal pradesh,28.222782684054323,93.60980378173845,0,background
897,arunachal pradesh,28.560680902396555,93.82610148675681,0,background
898,arunachal pradesh,27.846394668574654,92.26720290565454,0,background
899,arunachal pradesh,29.1673395032632,96.20339048144804,0,background
900,arunachal pradesh,27.534857185442732,93.60371889128676,0,background
901,arunachal pradesh,26.88984249444187,95.63954235660341,0,background
902,arunachal pradesh,28.683775824706125,93.72423142322631,0,background
903,arunachal pradesh,29.140352395025793,95.91799666676305,0,background
904,arunachal pradesh,28.60846601708431,93.84155221360406,0,background
905,arunachal pradesh,27.615931513601893,93.18390777573298,0,background
906,arunachal pradesh,27.81098875750201,93.82646592249364,0,background
907,arunachal pradesh,28.496989435148038,96.28973334231674,0,background
908,arunachal pradesh,27.139377816700552,93.5552895171556,0,background
909,arunachal pradesh,28.799130472286535,95.14613597330616,0,background
910,arunachal pradesh,28.049512060248304,94.78757121572761,0,background
911,arunachal pradesh,28.148884753889632,93.22860029220897,0,background
912,arunachal pradesh,29.164833175740164,94.7729987519208,0,background
913,arunachal pradesh,28.927939966471246,94.88882612504398,0,background
914,arunachal pradesh,28.163598016500178,93.73951470553139,0,background
915,arunachal pradesh,27.853949049774002,96.61299017371316,0,background
916,arunachal pradesh,28.767124111382667,96.29824509348309,0,background
917,arunachal pradesh,27.92884213650033,92.84878884123755,0,background
918,arunachal pradesh,27.910741581258627,96.92638684739329,0,background
919,arunachal pradesh,28.39499111523234,96.09763543038729,0,background
920,arunachal pradesh,28.875101852936293,95.19017510570372,0,background
921,arunachal pradesh,27.238478739486112,93.27447756773182,0,background
922,arunachal pradesh,28.151947943356024,92.81395287455099,0,background
923,arunachal pradesh,28.219227692362786,95.64308849738079,0,background
924,arunachal pradesh,27.428462001803616,92.79598042675671,0,background
925,arunachal pradesh,27.34183790379847,92.57670135401294,0,background
926,arunachal pradesh,27.892398506946183,94.23135609987925,0,background
927,arunachal pradesh,27.225807400889273,93.35424126106894,0,background
928,arunachal pradesh,28.03045454676379,94.71625473202415,0,background
929,arunachal pradesh,27.455029674461144,92.60558621248288,0,background
930,arunachal pradesh,28.17262282909466,96.92091260988909,0,background
931,arunachal pradesh,27.118689972782665,93.05987755929327,0,background
932,arunachal pradesh,27.507032716421428,93.21047359014054,0,background
933,arunachal pradesh,27.04849728308237,92.46914980659957,0,background
934,arunachal pradesh,28.529939099650946,94.37764923886955,0,background
935,arunachal pradesh,28.08231638943577,94.65532988791102,0,background
936,arunachal pradesh,27.468406415795624,92.36035382158313,0,background
937,arunachal pradesh,27.825725600978032,94.48321058316803,0,background
938,arunachal pradesh,28.657437764732666,94.69531573016613,0,background
939,arunachal pradesh,28.287601956950915,96.85449088895855,0,background
940,arunachal pradesh,27.633449339860597,96.3273191661528,0,background
941,arunachal pradesh,29.380925220113575,95.93038610565023,0,background
942,arunachal pradesh,28.68942372691984,94.31748796528969,0,background
943,arunachal pradesh,28.730920093504103,95.35738164679366,0,background
944,arunachal pradesh,27.785352505445097,95.92613530722524,0,background
945,arunachal pradesh,26.9731017554914,95.58560841630539,0,background
946,arunachal pradesh,27.563823446398082,92.63373661996405,0,background
947,arunachal pradesh,28.816763256623506,94.59298889460722,0,background
948,arunachal pradesh,28.52555675818878,94.78483330013593,0,background
949,arunachal pradesh,28.161830243764403,94.4362604304641,0,background
950,arunachal pradesh,28.088476252962128,94.02623487924492,0,background
951,arunachal pradesh,27.700183671897385,92.9991513749254,0,background
952,arunachal pradesh,28.09530969698494,95.96703162890402,0,background
953,arunachal pradesh,27.696808645058987,95.83978799568185,0,background
954,arunachal pradesh,28.02143476807534,94.40818167085433,0,background
955,arunachal pradesh,28.185278586969062,96.29116708199426,0,background
956,arunachal pradesh,27.91489279482097,93.30649468413627,0,background
957,arunachal pradesh,28.449002455095343,95.1532889568019,0,background
958,arunachal pradesh,27.460858976562506,92.78412222692428,0,background
959,arunachal pradesh,27.933126895420692,96.49088048493431,0,background
960,arunachal pradesh,27.841264925701196,92.70714597187539,0,background
961,arunachal pradesh,28.003762971557524,96.29026267441874,0,background
962,arunachal pradesh,27.275922864957234,92.21113971947064,0,background
963,arunachal pradesh,28.135410305200235,93.00356665720928,0,background
964,arunachal pradesh,27.717198864455654,93.71885826018621,0,background
965,arunachal pradesh,28.134966334400556,95.93703348335819,0,background
966,arunachal pradesh,27.763633795525145,92.90230493295748,0,background
967,arunachal pradesh,27.83246917285518,96.52880071902183,0,background
968,arunachal pradesh,28.09113737883987,95.18194857190856,0,background
969,arunachal pradesh,28.346325634622016,95.27603626066302,0,background
970,arunachal pradesh,28.188508309348336,93.20817864946919,0,background
971,arunachal pradesh,28.259969964714415,93.83769504527994,0,background
972,arunachal pradesh,28.66930115564045,94.34831950506963,0,background
973,arunachal pradesh,28.13026197873676,94.27842657150768,0,background
974,arunachal pradesh,27.195399613519378,93.43441035472102,0,background
975,arunachal pradesh,27.51515300902508,93.81321684942195,0,background
976,arunachal pradesh,27.11333745250104,97.1445240056537,0,background
977,arunachal pradesh,28.312578719135697,94.30267273428949,0,background
978,arunachal pradesh,27.412402152555302,96.88251700715612,0,background
979,arunachal pradesh,27.737051182450614,95.93365298381296,0,background
980,arunachal pradesh,29.02223528491687,95.54754555564045,0,background
981,arunachal pradesh,27.325643550498764,92.94016553836535,0,background
982,arunachal pradesh,28.15861503708,93.9195124165737,0,background
983,arunachal pradesh,28.102339176244257,97.27572731870504,0,background
984,arunachal pradesh,27.334175631970428,94.00189200521555,0,background
985,arunachal pradesh,27.640591299198654,96.80280527220175,0,background
986,arunachal pradesh,27.817090363975996,92.98201135582138,0,background
987,arunachal pradesh,28.693463427460266,94.63412434451065,0,background
988,arunachal pradesh,27.04150010737406,93.21400785091568,0,background
989,arunachal pradesh,28.445916221418123,95.57697717952031,0,background
990,arunachal pradesh,27.77474964025746,97.07404267751343,0,background
991,arunachal pradesh,27.817192489008942,96.1937025220793,0,background
992,arunachal pradesh,28.109266647236385,97.09730147350312,0,background
993,arunachal pradesh,27.30932846349927,96.49900656757812,0,background
994,arunachal pradesh,29.358442900487454,96.1543730307757,0,background
995,arunachal pradesh,28.1176609555576,93.94177106356327,0,background
996,arunachal pradesh,28.622034657921912,93.92814792562608,0,background
997,arunachal pradesh,27.208711125964765,93.39689218304486,0,background
998,arunachal pradesh,26.93715356493964,93.02400415080915,0,background
999,arunachal pradesh,28.313419682815418,93.9985531700083,0,background
1000,arunachal pradesh,27.575652767710892,96.1613144434007,0,background
1001,arunachal pradesh,28.932750343755398,95.20522824597275,0,background
1002,arunachal pradesh,29.024244423310062,96.4772362648534,0,background
1003,arunachal pradesh,27.059112563935294,92.71775165615482,0,background
1004,arunachal pradesh,27.583833503450848,92.38846130434727,0,background
1005,arunachal pradesh,29.050351365744667,94.65180387436791,0,background
1006,arunachal pradesh,28.612345170790256,96.22942041252401,0,background
1007,arunachal pradesh,28.18512207362169,97.01482870253378,0,background
1008,arunachal pradesh,26.997266842487782,93.29086613057919,0,background
1009,arunachal pradesh,27.649922967671504,94.63176719419506,0,background
1010,arunachal pradesh,28.186437011657823,94.16721999832234,0,background
1011,arunachal pradesh,27.651468725015842,96.47491155399787,0,background
1012,arunachal pradesh,27.76393982057222,92.90919415403445,0,background
1013,arunachal pradesh,28.24947192983511,96.055851870171,0,background
1014,arunachal pradesh,27.972106499866292,96.49201112228953,0,background
1015,arunachal pradesh,28.20743328561629,93.36644311514178,0,background
1016,arunachal pradesh,27.125870239966638,92.09964932106583,0,background
1017,arunachal pradesh,28.26284410272577,96.78490567143454,0,background
1018,arunachal pradesh,27.812661080218447,94.23852410712571,0,background
1019,arunachal pradesh,27.74375646524022,92.27880253281752,0,background
1020,arunachal pradesh,28.00560234292318,96.23599063063106,0,background
1021,arunachal pradesh,27.71553139511279,96.67388467547,0,background
1022,arunachal pradesh,27.926795245455967,94.54480236505208,0,background
1023,arunachal pradesh,27.484827159440936,94.04067379577457,0,background
1024,arunachal pradesh,28.283306012216755,93.5639130480591,0,background
1025,arunachal pradesh,27.50877133184678,96.78621191685885,0,background
1026,arunachal pradesh,27.46800029090462,92.88032722874851,0,background
1027,arunachal pradesh,27.996054194670904,95.83361176424984,0,background
1028,arunachal pradesh,27.12752628422126,93.22182363936086,0,background
1029,arunachal pradesh,28.906927937902186,95.73558938895897,0,background
1030,arunachal pradesh,27.917247195926006,95.98132118270983,0,background
1031,arunachal pradesh,28.14306436995648,96.65148865041037,0,background
1032,arunachal pradesh,28.42335695156976,94.1399940051592,0,background
1033,arunachal pradesh,27.804483616888593,92.15141055118183,0,background
1034,arunachal pradesh,26.93803703835654,95.2180002939798,0,background
1035,arunachal pradesh,29.1690611403932,96.242691880281,0,background
1036,arunachal pradesh,28.092451222808698,94.1699586746827,0,background
1037,arunachal pradesh,28.39482709540721,95.30792802519598,0,background
1038,arunachal pradesh,27.312580380855284,93.30724636793552,0,background
1039,arunachal pradesh,27.348058371053774,93.97801907518733,0,background
1040,arunachal pradesh,27.34745200977603,93.92400346844022,0,background
1041,arunachal pradesh,28.57777845313209,95.3126248304429,0,background
1042,arunachal pradesh,28.294791098551517,96.90541234344576,0,background
1043,arunachal pradesh,27.55861583832318,96.77544675135621,0,background
1044,arunachal pradesh,28.34472029337422,96.13441646327021,0,background
1045,arunachal pradesh,29.24693366319915,95.71671015325207,0,background
1046,arunachal pradesh,27.720538203318444,91.744857764838,0,background
1047,arunachal pradesh,28.998274687346488,94.93017931278946,0,background
1048,arunachal pradesh,29.197157517094695,95.90250798641235,0,background
1049,arunachal pradesh,28.722781481817023,95.04469857773044,0,background
1050,arunachal pradesh,27.905689108882626,95.30038471293794,0,background
1051,arunachal pradesh,28.749719068516466,94.61725874394885,0,background
1052,arunachal pradesh,27.138946894055977,92.97438377975412,0,background
1053,arunachal pradesh,27.696348552845965,91.87200305016614,0,background
1054,arunachal pradesh,27.71690504728607,96.05110137562802,0,background
1055,arunachal pradesh,28.447787866834744,95.55005405094563,0,background
1056,arunachal pradesh,28.131246201326153,94.99192908375215,0,background
1057,arunachal pradesh,27.738402802366394,92.05383434263135,0,background
1058,arunachal pradesh,28.843775090163597,94.46504889602672,0,background
1059,arunachal pradesh,29.033694156799523,95.33541349548867,0,background
1060,arunachal pradesh,28.621697186084,96.42688899759396,0,background
1061,arunachal pradesh,27.902953485030274,95.49498451016242,0,background
1062,arunachal pradesh,28.06500980311359,96.20787867332132,0,background
1063,arunachal pradesh,28.053533920631626,95.53914424359007,0,background
1064,arunachal pradesh,28.66269524315434,96.21762538018169,0,background
1065,arunachal pradesh,29.23758731523552,96.1627183872548,0,background
1066,arunachal pradesh,28.599924054319132,93.92402776466349,0,background
1067,arunachal pradesh,27.932458319508758,93.30622185870736,0,background
1068,arunachal pradesh,29.202676147032086,95.80658394121615,0,background
1069,arunachal pradesh,28.76154356576092,94.6504944286035,0,background
1070,arunachal pradesh,27.291256639518526,92.52820841941245,0,background
1071,arunachal pradesh,27.27582851661424,93.93769760173284,0,background
1072,arunachal pradesh,28.38143948892577,96.70191344351736,0,background
1073,arunachal pradesh,27.538448070878804,94.13916763150115,0,background
1074,arunachal pradesh,28.503113101338137,94.39747172271447,0,background
1075,arunachal pradesh,29.04628991736076,95.90290266233994,0,background
1076,arunachal pradesh,28.465254583234547,93.63161715592442,0,background
1077,arunachal pradesh,27.1956528344577,96.04767627027499,0,background
1078,arunachal pradesh,28.400897981880284,94.28588363639511,0,background
1079,arunachal pradesh,27.335802345034065,92.89975701288293,0,background
1080,arunachal pradesh,27.415330147113423,96.12741452451569,0,background
1081,arunachal pradesh,28.07748665188491,94.90285633427935,0,background
1082,arunachal pradesh,27.678070426733736,92.48772228965225,0,background
1083,arunachal pradesh,28.26701732294935,95.408382634561,0,background
1084,arunachal pradesh,28.65434157438845,96.1470565087952,0,background
1085,arunachal pradesh,27.769992619052303,91.76457011685348,0,background
1086,arunachal pradesh,28.29370670997491,93.92827435912972,0,background
1087,arunachal pradesh,27.933750032849833,93.95927758482286,0,background
1088,arunachal pradesh,27.58175881835752,94.16594699102114,0,background
1089,arunachal pradesh,27.61023369312224,96.10898074124019,0,background
1090,arunachal pradesh,27.40057652126773,93.32395710138773,0,background
1091,arunachal pradesh,27.2398416134985,97.01869736373528,0,background
1092,arunachal pradesh,29.218333086579406,94.7175554637387,0,background
1093,arunachal pradesh,27.34868235019267,94.00798280266561,0,background
1094,arunachal pradesh,28.035839102639834,94.87423638645527,0,background
1095,arunachal pradesh,27.93187759208182,93.56212081481478,0,background
1096,arunachal pradesh,29.209754930389504,95.87240118522324,0,background
1097,arunachal pradesh,29.185061066107114,96.15483138064504,0,background
1098,arunachal pradesh,28.10969819717982,97.27554936250368,0,background
1099,arunachal pradesh,26.969772655933063,92.99366591049396,0,background
1100,arunachal pradesh,29.02025334096177,95.24184242260151,0,background
1101,arunachal pradesh,28.158687635325627,93.38268604665551,0,background
1102,arunachal pradesh,28.00353121927798,95.00024411811943,0,background
1103,arunachal pradesh,28.078457002469094,97.01705773965918,0,background
1104,arunachal pradesh,28.262292992942182,94.42224772473665,0,background
1105,arunachal pradesh,28.577164255915804,96.00268902340625,0,background
1106,arunachal pradesh,27.43939018522295,96.70219132055861,0,background
1107,arunachal pradesh,27.569959123842274,96.06818516823313,0,background
1108,arunachal pradesh,27.93590318102513,96.01950793554677,0,background
1109,arunachal pradesh,27.585681380979487,92.76562733915752,0,background
1110,arunachal pradesh,28.67530715290719,94.07379312983295,0,background
1111,arunachal pradesh,27.72863672124183,94.40433544537979,0,background
1112,arunachal pradesh,28.24551446945516,94.17521851789951,0,background
1113,arunachal pradesh,29.242234323073763,94.71549657228623,0,background
1114,arunachal pradesh,27.982113569772707,95.91793093347992,0,background
1115,arunachal pradesh,27.447372229228648,93.97589169986693,0,background
1116,arunachal pradesh,28.11510154284549,96.6647252163783,0,background
1117,arunachal pradesh,27.905699183401467,95.39678719611693,0,background
1118,arunachal pradesh,26.977030100484455,93.60869332188528,0,background
1119,arunachal pradesh,28.597429035421996,93.65007152990538,0,background
1120,arunachal pradesh,27.164982977292265,92.4626453043738,0,background
1121,arunachal pradesh,29.297361639502864,96.04545192830221,0,background
1122,arunachal pradesh,27.086987908087757,93.31251328551954,0,background
1123,arunachal pradesh,27.18354883928833,92.27162502995466,0,background
1124,arunachal pradesh,28.74491556121824,96.07955009728028,0,background
1125,arunachal pradesh,27.937590223115734,96.26774202653381,0,background
1126,arunachal pradesh,28.581010213343905,94.68809210704251,0,background
1127,arunachal pradesh,29.163641412051756,95.91146654501749,0,background
1128,arunachal pradesh,28.140140486208782,92.99599532001473,0,background
1129,arunachal pradesh,27.55560542904404,96.0806060339567,0,background
1130,arunachal pradesh,28.93475460333985,94.41072488347412,0,background
1131,arunachal pradesh,27.39909691999837,96.63780274477146,0,background
1132,arunachal pradesh,27.51960004747623,96.36045484453336,0,background
1133,arunachal pradesh,27.66265266035895,96.56803121746034,0,background
1134,arunachal pradesh,28.23038354614219,95.67890331089282,0,background
1135,arunachal pradesh,28.77018503618632,95.51501049904249,0,background
1136,arunachal pradesh,28.070602902921248,97.13752611759091,0,background
1137,arunachal pradesh,28.233184736314097,93.62115299645481,0,background
1138,arunachal pradesh,28.453045960105555,93.43362722152574,0,background
1139,arunachal pradesh,28.935028208620967,94.60208063790884,0,background
1140,arunachal pradesh,27.933172257457414,94.48068051843389,0,background
1141,arunachal pradesh,28.595275291224166,93.3997504570241,0,background
1142,arunachal pradesh,28.508824044460802,94.70007761845085,0,background
1143,arunachal pradesh,27.805519753314318,94.47121917532957,0,background
1144,arunachal pradesh,28.48549090052336,94.41737864698237,0,background
1145,arunachal pradesh,27.98422671507313,95.7216136529297,0,background
1146,arunachal pradesh,29.234938655169675,96.0679246859273,0,background
1147,arunachal pradesh,28.555178202014112,94.1670701453998,0,background
1148,arunachal pradesh,28.85101722162238,95.46675509803043,0,background
1149,arunachal pradesh,28.15277876544231,94.9503716874591,0,background
1150,arunachal pradesh,27.918005773518832,94.54185039812765,0,background
1151,arunachal pradesh,28.201598231598005,95.15977955144055,0,background
1152,arunachal pradesh,28.509184496977795,94.76470348499673,0,background
1153,arunachal pradesh,28.028590281627174,96.8260700164104,0,background
1154,arunachal pradesh,28.52893569365649,96.2978823614721,0,background
1155,arunachal pradesh,29.008382379581523,96.00448667151969,0,background
1156,arunachal pradesh,29.052457449918023,94.36193488339977,0,background
1157,arunachal pradesh,28.37982882815019,94.34129025276172,0,background
1158,arunachal pradesh,28.61301524159174,93.97134192120313,0,background
1159,arunachal pradesh,28.453371679147008,96.19344289125299,0,background
1160,arunachal pradesh,28.528498058218222,94.70840392831158,0,background
1161,arunachal pradesh,28.28454609786714,95.2781417532571,0,background
1162,arunachal pradesh,29.08790097399951,95.64535579249228,0,background
1163,arunachal pradesh,28.00479517283491,94.82821550594824,0,background
1164,arunachal pradesh,27.739656482858344,96.70263215097062,0,background
1165,arunachal pradesh,27.84736978800974,95.20318147866733,0,background
1166,arunachal pradesh,27.38906997381013,93.99520154583517,0,background
1167,arunachal pradesh,28.07157631178416,93.99003723775972,0,background
1168,arunachal pradesh,27.6008812149169,95.99328589285108,0,background
1169,arunachal pradesh,28.304640810084397,95.09902763689531,0,background
1170,arunachal pradesh,28.48872743759532,93.62758671311776,0,background
1171,arunachal pradesh,28.4919296594615,93.81221977740508,0,background
1172,arunachal pradesh,27.505674469206618,96.18097128773513,0,background
1173,arunachal pradesh,27.899766213230727,93.0826233415691,0,background
1174,arunachal pradesh,27.473304542215747,93.89415666675643,0,background
1175,arunachal pradesh,27.5357429340525,94.17459103464225,0,background
1176,arunachal pradesh,27.060836844235343,92.9845257625628,0,background
1177,arunachal pradesh,28.82114639668136,95.6211400975361,0,background
1178,arunachal pradesh,28.891426101911453,95.77618141442626,0,background
1179,arunachal pradesh,27.821583965495993,95.92403788463616,0,background
1180,arunachal pradesh,26.917412080878808,95.27961572258468,0,background
1181,arunachal pradesh,27.712442763990815,94.47843188868525,0,background
1182,arunachal pradesh,28.598843794024877,94.89753721244314,0,background
1183,arunachal pradesh,28.82383459701303,95.0173829901009,0,background
1184,arunachal pradesh,29.17561771206229,94.64333946396314,0,background
1185,arunachal pradesh,27.60737451088502,92.92928297827947,0,background
1186,arunachal pradesh,27.850098445899196,93.18431270156111,0,background
1187,arunachal pradesh,28.627850419946924,95.45104301477278,0,background
1188,arunachal pradesh,27.650653309800582,93.57105486414997,0,background
1189,arunachal pradesh,27.85139668162835,94.33894031769361,0,background
1190,arunachal pradesh,28.35044821845889,93.87501451787435,0,background
1191,arunachal pradesh,28.60384698448761,95.52559757706604,0,background
1192,arunachal pradesh,27.810152664246154,95.9694935243163,0,background
1193,arunachal pradesh,27.618212736405198,96.75035447136067,0,background
1194,arunachal pradesh,27.68253050464159,94.6187079407797,0,background
1195,arunachal pradesh,27.67835748770858,96.57685880899835,0,background
1196,arunachal pradesh,27.918881023731988,93.52798562034336,0,background
1197,arunachal pradesh,28.137908893756904,95.77942576930013,0,background
1198,arunachal pradesh,28.26282931456748,96.00712451256649,0,background
1199,arunachal pradesh,29.166941265353234,94.43721857373015,0,background
1200,arunachal pradesh,28.446977737829773,96.14226905762764,0,background
1201,arunachal pradesh,27.60826440920282,96.70521200680435,0,background
1202,arunachal pradesh,27.555614482428254,95.95144631357394,0,background
1203,arunachal pradesh,28.25864369376686,95.3841986987195,0,background
1204,arunachal pradesh,27.859383472724613,96.19611098859782,0,background
1205,arunachal pradesh,27.630644244842664,96.38862582440842,0,background
1206,arunachal pradesh,27.59398205946034,93.77448552060842,0,background
1207,arunachal pradesh,28.425027274466395,94.1636106116306,0,background
1208,arunachal pradesh,27.420682962377697,96.87085328515268,0,background
1209,arunachal pradesh,27.050066132388025,95.40924754418906,0,background
1210,arunachal pradesh,28.366955226537826,94.57783135862049,0,background
1211,arunachal pradesh,28.884446606806815,95.19590222850842,0,background
1212,arunachal pradesh,28.08323450822833,96.28985390500746,0,background
1213,arunachal pradesh,27.94550272179536,96.1604466013746,0,background
1214,arunachal pradesh,28.123089122459813,95.57553168462623,0,background
1215,arunachal pradesh,28.468289072334123,93.36529535273984,0,background
1216,arunachal pradesh,27.700504262925822,96.66705898666629,0,background
1217,arunachal pradesh,27.590293384008216,93.5299666489133,0,background
1218,arunachal pradesh,27.655226483350283,92.53799581908848,0,background
1219,arunachal pradesh,28.83262711923248,94.08247534152912,0,background
1220,arunachal pradesh,28.995512780215055,96.1034224459833,0,background
1221,assam,26.430785513657028,91.34040308710894,0,background
1222,assam,27.5020072176167,95.07592158802682,0,background
1223,assam,27.426049546763117,94.89868402527425,0,background
1224,assam,26.084071640771395,93.86852014874998,0,background
1225,assam,26.79166980528254,94.08382885809922,0,background
1226,assam,25.135567694163125,92.77727826688859,0,background
1227,assam,25.76815497749611,89.84013530568826,0,background
1228,assam,26.118915794121783,93.83001998758373,0,background
1229,assam,27.18954969238347,95.42623634894552,0,background
1230,assam,26.499691988715497,90.5597366659225,0,background
1231,assam,27.014321956695525,94.0132019408286,0,background
1232,assam,26.246293585407837,91.32516720950362,0,background
1233,assam,26.646073900902365,91.20078010272088,0,background
1234,assam,26.176630604841332,93.82529571703617,0,background
1235,assam,26.692789059671316,92.12624122790673,0,background
1236,assam,25.697594277680526,93.40960987776128,0,background
1237,assam,26.576251022962783,91.96063038961971,0,background
1238,assam,26.75390262986523,90.87588014020729,0,background
1239,assam,26.503859402623455,90.3353817368234,0,background
1240,assam,26.953641087617164,93.82849289914944,0,background
1241,assam,26.461831036576154,91.79531715692869,0,background
1242,assam,27.303863404822167,94.35540317942755,0,background
1243,assam,26.501916202260507,90.38555515620445,0,background
1244,assam,26.68889878484011,92.32422955416214,0,background
1245,assam,26.70972911628592,94.05309992090153,0,background
1246,assam,26.25670714025501,90.08473603916993,0,background
1247,assam,25.896168782450772,91.46482663957602,0,background
1248,assam,26.542628993877468,92.6968850017486,0,background
1249,assam,26.286297850959542,90.91776818219446,0,background
1250,assam,26.277532244171077,92.92628039454736,0,background
1251,assam,25.959666696761634,92.41565971230813,0,background
1252,assam,26.123726628634294,90.66647071347097,0,background
1253,assam,27.07300782018632,94.97925998456508,0,background
1254,assam,26.084872988248637,89.94835111395044,0,background
1255,assam,26.100808292113108,92.35762763634769,0,background
1256,assam,27.405785415162722,95.93732356054086,0,background
1257,assam,27.810758563821352,95.83410967605812,0,background
1258,assam,26.114329415950035,90.54818306088379,0,background
1259,assam,26.640147850648876,92.83476186317374,0,background
1260,assam,25.826271212832225,93.24850254952553,0,background
1261,assam,25.73917326307322,93.37627813447104,0,background
1262,assam,25.681544486093028,93.28376164278576,0,background
1263,assam,26.251630504630587,92.9660517734507,0,background
1264,assam,26.966600583296444,94.11287216853201,0,background
1265,assam,26.91659890048581,93.60475927317555,0,background
1266,assam,26.682742496615234,91.10750764030028,0,background
1267,assam,27.477096603112766,95.69214540789612,0,background
1268,assam,26.522204037012898,91.27016589261686,0,background
1269,assam,25.865852323252334,92.91781070245666,0,background
1270,assam,25.90213655915274,92.91769483206625,0,background
1271,assam,26.67191145133591,91.58458332701876,0,background
1272,assam,26.135393880313032,89.98576378487323,0,background
1273,assam,27.874232577935,95.85390926894623,0,background
1274,assam,24.884274328945857,93.20648610215646,0,background
1275,assam,26.69936558523363,90.0401483679763,0,background
1276,assam,26.33251643995468,92.41311805708257,0,background
1277,assam,26.363383976628775,91.18991788984539,0,background
1278,assam,26.639863031572318,93.44091134100091,0,background
1279,assam,25.79404493710548,93.25431706028881,0,background
1280,assam,27.47003744126539,95.56842918539105,0,background
1281,assam,26.967158471987027,94.8790772393802,0,background
1282,assam,25.653886250816846,92.58571987934667,0,background
1283,assam,27.312784409163818,94.85732395100216,0,background
1284,assam,26.385496795036477,93.52462050968158,0,background
1285,assam,26.40159372270544,92.66933809383676,0,background
1286,assam,26.700308866473417,94.20573617718689,0,background
1287,assam,26.822879615185062,94.58624784114238,0,background
1288,assam,26.791712079960277,94.13520948184035,0,background
1289,assam,26.43268507989156,91.86120859174167,0,background
1290,assam,27.4117551185922,95.39360627580251,0,background
1291,assam,26.970590128211292,94.7709578689428,0,background
1292,assam,26.57613679388572,93.84740537284738,0,background
1293,assam,26.48548520250535,91.17857042001242,0,background
1294,assam,26.891612052772594,93.00374976129457,0,background
1295,assam,27.55329948348992,94.80317128012707,0,background
1296,assam,26.68319093307939,91.78654718849937,0,background
1297,assam,24.883168580410924,93.11112332577592,0,background
1298,assam,26.135954976042203,93.39527807345422,0,background
1299,assam,26.55319982255124,90.3061123960174,0,background
1300,assam,26.56635838767615,92.04058724243987,0,background
1301,assam,26.215669413656848,91.37790159230298,0,background
1302,assam,26.634909913092088,91.60401561196215,0,background
1303,assam,26.81361911459942,94.3361371922567,0,background
1304,assam,24.387982297030913,92.6111255890576,0,background
1305,assam,26.024538752957717,92.63667876671238,0,background
1306,assam,26.15855917930003,92.2352640711106,0,background
1307,assam,26.718886543579114,93.81566639472686,0,background
1308,assam,26.976846208027727,93.78815901903869,0,background
1309,assam,27.380138773535496,95.14332740814281,0,background
1310,assam,26.903015326520546,92.8419809320029,0,background
1311,assam,26.093092495698382,92.6712573404569,0,background
1312,assam,27.436594799266164,94.75607789395788,0,background
1313,assam,26.844500335153057,92.67222146922508,0,background
1314,assam,26.09032587182077,93.2843902796417,0,background
1315,assam,27.38237996375625,95.05438619192014,0,background
1316,assam,26.12695452068693,91.38809775715852,0,background
1317,assam,24.576687898985618,92.88407042939832,0,background
1318,assam,26.671469139867728,94.2600540985635,0,background
1319,assam,26.910277828406645,92.51521199173875,0,background
1320,assam,27.00105816436819,94.86943724036621,0,background
1321,assam,26.63486534613505,90.51487188009955,0,background
1322,assam,26.935346091144893,93.33546590851226,0,background
1323,assam,26.834560833163007,94.11373449804357,0,background
1324,assam,26.7485359547023,92.39870919770136,0,background
1325,assam,26.076872689532244,92.70356305664686,0,background
1326,assam,27.774321871012127,95.4456925302329,0,background
1327,assam,26.07919426414216,90.87916099353086,0,background
1328,assam,26.004319688852902,90.42716235730356,0,background
1329,assam,26.25670443984199,90.86346149689808,0,background
1330,assam,26.5650675316555,90.43149118672481,0,background
1331,assam,25.907762248361145,92.77265362333836,0,background
1332,assam,27.407615915917745,94.1843683282674,0,background
1333,assam,27.906428106228837,95.8811229205057,0,background
1334,assam,25.506344790792138,93.27421081135711,0,background
1335,assam,24.633613789680417,92.91695467832248,0,background
1336,assam,26.48191707157164,90.07731966475548,0,background
1337,assam,26.643596963718494,92.12882127935485,0,background
1338,assam,27.548664073460888,94.62146937219426,0,background
1339,assam,27.4845692650949,94.67103873328492,0,background
1340,assam,26.308145205674194,92.16050282929896,0,background
1341,assam,26.539258399158406,91.82269700525681,0,background
1342,assam,26.07169717636823,92.79798268549425,0,background
1343,assam,26.504397473195297,91.67890254896936,0,background
1344,assam,26.245509066257032,90.9167010601733,0,background
1345,assam,26.000995749156612,91.47901618112937,0,background
1346,assam,26.557450573357574,91.95453671185537,0,background
1347,assam,26.73940631982086,91.21423665771356,0,background
1348,assam,25.71255879801831,93.54450132792337,0,background
1349,assam,26.63338856887783,93.23248609455638,0,background
1350,assam,26.34427776229312,91.15138880125355,0,background
1351,assam,26.60747124469786,90.22731224877245,0,background
1352,assam,27.567774417966447,95.33194473663481,0,background
1353,assam,26.41547435656129,93.8968247277089,0,background
1354,assam,26.444464957683195,93.40186055004875,0,background
1355,assam,26.155760869596946,93.74764731810086,0,background
1356,assam,25.7601970178848,92.21923618645592,0,background
1357,assam,27.757882254215392,95.06103942693125,0,background
1358,assam,25.78785300374654,92.91700639491063,0,background
1359,assam,27.79247848864923,95.60632423926242,0,background
1360,assam,26.78869465112888,91.84381750356343,0,background
1361,assam,26.519723996293212,89.88965570809756,0,background
1362,assam,27.908483234708605,95.69236070518502,0,background
1363,assam,26.021700196200378,90.45769772392636,0,background
1364,assam,26.865452293926236,93.76853300206527,0,background
1365,assam,26.712897084680105,90.56805303930038,0,background
1366,assam,25.385692951095898,92.92641532607018,0,background
1367,assam,27.17497203812946,94.85748019951707,0,background
1368,assam,27.470028121613648,95.00025043784652,0,background
1369,assam,27.428407896261405,95.78679243416774,0,background
1370,assam,26.185968934188974,93.81618955253856,0,background
1371,assam,27.313700684470398,95.7463929424197,0,background
1372,assam,26.38466311459256,93.01196341213914,0,background
1373,assam,25.7396495747289,92.68849265982136,0,background
1374,assam,26.327367572307455,90.04398931447255,0,background
1375,assam,26.752978278170488,90.56275619241468,0,background
1376,assam,25.654381325628393,93.24440674640049,0,background
1377,assam,26.84893057524866,93.89625519867855,0,background
1378,assam,25.453007118528546,93.1931867548135,0,background
1379,assam,26.661157965778134,94.3921281837154,0,background
1380,assam,26.65842153662793,92.67078346513765,0,background
1381,assam,26.797182832892936,93.54508796010394,0,background
1382,assam,26.503770151886794,92.27185148335762,0,background
1383,assam,25.988647797561345,90.78397173949433,0,background
1384,assam,27.049631550213938,94.18121931865744,0,background
1385,assam,26.761384196367622,90.94509803253698,0,background
1386,assam,26.71724442124754,90.0586962772325,0,background
1387,assam,27.381752412142315,94.6018938230845,0,background
1388,assam,26.484976456564993,92.10530110201097,0,background
1389,assam,26.696736213305478,92.21869340436449,0,background
1390,assam,27.685030730819612,95.28909232591454,0,background
1391,assam,26.513915742767043,91.40011750278956,0,background
1392,assam,26.805342368777872,94.70306312873083,0,background
1393,assam,26.724922574049433,94.47221299135836,0,background
1394,assam,25.989256882006273,90.96964059208763,0,background
1395,assam,26.767931665498708,94.25721534299595,0,background
1396,assam,26.603125804533136,93.40491709864007,0,background
1397,assam,26.618667808249832,92.16789197280903,0,background
1398,assam,27.342062232010136,95.85121165998507,0,background
1399,assam,26.18334905632549,93.84205715412529,0,background
1400,assam,27.633169539820116,95.19091441344746,0,background
1401,assam,26.470043119087755,90.85163709504543,0,background
1402,assam,26.705230808489745,93.6032669566042,0,background
1403,assam,26.80975376784239,93.57392348308997,0,background
1404,assam,25.141854480142033,92.75824901615793,0,background
1405,assam,25.832566250410064,92.86995176722506,0,background
1406,assam,26.088779753219228,89.93910577421109,0,background
1407,assam,26.617434251456853,91.90468829290822,0,background
1408,assam,26.274689798424387,90.83487992343423,0,background
1409,assam,25.908512007576544,93.01692254823578,0,background
1410,assam,27.246858805887747,95.23404996248264,0,background
1411,assam,26.42665247065497,90.4053164688514,0,background
1412,assam,26.226688458008528,91.04001296852564,0,background
1413,assam,26.694184286156062,91.37812198288171,0,background
1414,assam,26.636613593791786,92.23328782284676,0,background
1415,assam,25.886299980723592,93.87022853032884,0,background
1416,assam,26.671708475059525,90.44601127383345,0,background
1417,assam,26.753130675106952,93.46717830439712,0,background
1418,assam,26.760041233882827,92.26797744183942,0,background
1419,assam,26.37422651571806,92.25038089234353,0,background
1420,assam,26.14898628330177,92.3279711120738,0,background
1421,assam,25.998256487342132,90.95382501015023,0,background
1422,assam,26.544580435845106,93.81356735659763,0,background
1423,assam,26.23957864169414,92.27601555848027,0,background
1424,assam,27.801656459823175,95.28354519688492,0,background
1425,assam,25.36299401059022,92.93288401032085,0,background
1426,assam,27.283823523031735,94.37285363732529,0,background
1427,assam,25.164594252414105,92.82021828930328,0,background
1428,assam,27.44301282847371,95.32392752181391,0,background
1429,assam,27.198795108374856,94.58011094554354,0,background
1430,assam,26.77185468003439,90.67634950689808,0,background
1431,assam,26.0311222886963,90.50780113335155,0,background
1432,assam,26.26862682872838,90.60415387938644,0,background
1433,assam,26.87656495201906,93.05771349024775,0,background
1434,assam,26.557979370534206,91.85173092628354,0,background
1435,assam,27.11931496866154,94.71134979371645,0,background
1436,assam,26.603810748247284,92.54151642186983,0,background
1437,assam,27.263065457051272,95.11835927987694,0,background
1438,assam,25.89910878448479,93.00965248354228,0,background
1439,assam,26.500354872286653,92.39516428897743,0,background
1440,assam,26.774726911313792,91.62599309062735,0,background
1441,assam,26.202462682581547,90.96405604489671,0,background
1442,assam,26.518075790345264,91.72529081431354,0,background
1443,assam,24.772192812474376,92.68768662114202,0,background
1444,assam,26.65870904113499,91.54889330281708,0,background
1445,assam,27.105630205769952,94.11647756893898,0,background
1446,assam,26.361428441588405,91.71689721764267,0,background
1447,assam,26.76112285684206,90.50300838661052,0,background
1448,assam,26.522088246985955,93.87781201661213,0,background
1449,assam,26.475682279041536,91.09454699823016,0,background
1450,assam,26.720602808282813,90.06444632282862,0,background
1451,assam,26.744215172731867,94.30588391958254,0,background
1452,assam,26.65513592931278,90.9491374196683,0,background
1453,assam,24.80316291467432,92.41391682035301,0,background
1454,assam,25.582748593160584,92.63237864507677,0,background
1455,assam,26.630783953740522,94.15792014307912,0,background
1456,assam,26.812121959478706,93.2931139914244,0,background
1457,assam,26.135343304639406,90.23854826049526,0,background
1458,assam,26.39222235040515,90.07057339657094,0,background
1459,assam,26.24645611343102,93.95659956566101,0,background
1460,assam,25.974388488254917,91.4259868910001,0,background
1461,assam,26.316982969633354,91.65325200113313,0,background
1462,assam,24.379638852962465,92.35342060940063,0,background
1463,assam,26.42451215860854,92.41842981086153,0,background
1464,assam,27.518782509764012,94.4369519574261,0,background
1465,assam,25.854588882335033,92.97904870559738,0,background
1466,assam,26.966571102188155,92.91171493364153,0,background
1467,assam,26.404873781386,91.99275032938064,0,background
1468,assam,26.292163640512804,92.86863741937589,0,background
1469,assam,26.09983207263579,90.22238440569329,0,background
1470,assam,24.864368133222165,92.2702835153223,0,background
1471,assam,27.527574226064676,94.27456517017163,0,background
1472,assam,26.585023276591308,92.70498572133471,0,background
1473,assam,26.397851711491544,93.05342899373518,0,background
1474,assam,26.83975147866679,94.04906046438307,0,background
1475,assam,26.521544223277505,90.66669046036574,0,background
1476,assam,26.01450994354855,90.89864208652088,0,background
1477,assam,27.074437467186296,94.51015591778096,0,background
1478,assam,26.770291278657247,92.78872736631249,0,background
1479,assam,26.522333094506116,92.44310808886131,0,background
1480,assam,26.087921853750558,91.39942136125762,0,background
1481,assam,25.99071720203221,89.86837339729851,0,background
1482,assam,26.245077512514438,89.99537742793352,0,background
1483,assam,26.290269585506774,91.0175650376394,0,background
1484,assam,26.615290208930613,93.18911407710958,0,background
1485,assam,26.961505695769,92.88648746363434,0,background
1486,assam,26.140550204779647,92.50603772564297,0,background
1487,assam,26.866013822277164,93.75538751263694,0,background
1488,assam,25.84779512183471,89.98773365068436,0,background
1489,assam,27.64656404432395,94.8595629799925,0,background
1490,assam,26.369476279804267,90.85332144770085,0,background
1491,assam,25.538478220257524,93.25711833828268,0,background
1492,assam,26.83067763900761,94.28983460175122,0,background
1493,assam,24.668360991291333,92.61248407893937,0,background
1494,assam,25.69943393778039,92.6106751473449,0,background
1495,assam,26.916836988390983,92.54981162716409,0,background
1496,assam,25.994297156583844,93.04726987413783,0,background
1497,assam,25.480915234282154,92.71411541190707,0,background
1498,assam,25.747266428915122,92.73770633443428,0,background
1499,assam,24.411762163682162,92.99434793909762,0,background
1500,assam,26.056059588586297,93.06098797304956,0,background
1501,assam,26.835461523756834,94.15199003986689,0,background
1502,assam,26.96085905822936,92.8003349113898,0,background
1503,assam,26.226192816375768,91.0719791622344,0,background
1504,assam,27.099642114580966,94.07233840585154,0,background
1505,assam,26.569706545637363,91.06855691235175,0,background
1506,assam,26.512584829142465,92.67617035498273,0,background
1507,assam,26.106344847972665,90.71470546698711,0,background
1508,assam,26.24372844263563,90.17386957111312,0,background
1509,assam,26.12740876075353,90.54366811281928,0,background
1510,assam,26.593690217898605,91.39661387033857,0,background
1511,assam,26.879351723739738,94.0117384037846,0,background
1512,assam,26.47500208745771,94.05893853395705,0,background
1513,assam,26.521073398836325,90.0725762473037,0,background
1514,assam,27.178855447146486,94.2511771951002,0,background
1515,assam,25.94598099290553,91.22762048380565,0,background
1516,assam,27.110949262954076,94.29464158155805,0,background
1517,assam,26.340981954183516,91.47903019044408,0,background
1518,assam,27.2657130305636,94.05249839215685,0,background
1519,assam,26.006522132170062,91.45787111369569,0,background
1520,assam,26.14855936762674,92.15406323443749,0,background
1521,assam,27.408352480533054,94.48163552594508,0,background
1522,assam,27.29771857995138,94.3194355476726,0,background
1523,assam,26.394301807765785,91.33006515958212,0,background
1524,assam,25.608965298633223,89.9023549845412,0,background
1525,assam,26.48854735247534,92.24324632587727,0,background
1526,assam,26.740170971343396,94.21628051395406,0,background
1527,assam,26.341442318478656,90.34212412876599,0,background
1528,assam,25.744991645611513,92.96804560511482,0,background
1529,assam,26.18046585984705,93.90697035165763,0,background
1530,assam,27.488277482366545,95.05126036342192,0,background
1531,assam,26.144265500144048,90.80078797880611,0,background
1532,assam,27.356986322851,94.09036264131754,0,background
1533,assam,26.391046649885226,92.64724182578334,0,background
1534,assam,26.963867761182186,93.72081614053181,0,background
1535,assam,26.26031181529572,93.59804995673403,0,background
1536,assam,26.602583054436348,92.4520828318418,0,background
1537,assam,25.919279631730245,93.02007520125159,0,background
1538,assam,26.755549236462908,94.38717241272872,0,background
1539,assam,27.102160035757734,95.30210531214959,0,background
1540,assam,26.063214281963578,92.56306484239876,0,background
1541,assam,26.45195714602969,92.04382911567487,0,background
1542,assam,26.719275521481144,93.31238364833641,0,background
1543,assam,26.938007246691598,92.83777365473097,0,background
1544,assam,26.471835830380247,90.51081184957098,0,background
1545,assam,26.20831363222257,92.86113581770189,0,background
1546,assam,26.711109245098577,91.43764173953124,0,background
1547,assam,24.93622527926535,93.14828302492508,0,background
1548,assam,26.153663402510333,93.36520591969051,0,background
1549,assam,24.91397426800572,93.21784572291199,0,background
1550,assam,26.733385086154943,94.51419058335098,0,background
1551,assam,26.477502051134678,93.54788037912145,0,background
1552,assam,26.1470297898769,91.35061286660715,0,background
1553,assam,26.54993460756255,91.15079837563565,0,background
1554,assam,27.350715633169585,94.9564649321845,0,background
1555,assam,26.74194484627334,90.43873465047153,0,background
1556,assam,27.5050926465934,94.36198738807656,0,background
1557,assam,26.27447043292036,90.77430887582902,0,background
1558,assam,26.53914661897035,90.10757748240196,0,background
1559,assam,27.293608570360405,93.98648535476194,0,background
1560,assam,27.60728940688541,95.65368037537309,0,background
1561,assam,26.655921951207223,91.06334978049155,0,background
1562,assam,26.360560546981723,91.13388297812709,0,background
1563,assam,26.481911376590737,90.71378214942277,0,background
1564,assam,26.670916549033155,90.57744110321002,0,background
1565,assam,26.136772983163,93.65016802755248,0,background
1566,assam,25.990882744951477,90.83568351621517,0,background
1567,assam,25.6470041110295,92.87674621413701,0,background
1568,assam,25.646672877428315,92.60280339596787,0,background
1569,assam,26.14723897108047,91.5047475711848,0,background
1570,assam,26.285061837104994,91.89663281603293,0,background
1571,assam,25.680307404574112,92.88032011677741,0,background
1572,assam,26.965410405609003,92.91396158983456,0,background
1573,assam,26.233763236542224,92.20659016627754,0,background
1574,assam,26.548657997665963,90.3603658310469,0,background
1575,assam,27.56354551831139,95.01802458902664,0,background
1576,assam,26.007783026503017,89.82872779061911,0,background
1577,assam,27.159776434812375,93.94857730586489,0,background
1578,assam,26.777961244261117,94.3001171957969,0,background
1579,assam,25.90238419911315,93.84388607191683,0,background
1580,assam,26.634721904726888,92.2916100041959,0,background
1581,assam,25.874286293031933,92.19828661655832,0,background
1582,assam,26.039861852646073,93.80137603725622,0,background
1583,assam,24.932318717153574,92.58009052826844,0,background
1584,assam,27.260325170864107,95.20908992043448,0,background
1585,assam,26.27229265632798,92.30678645674422,0,background
1586,assam,25.569013310524753,93.35898231537428,0,background
1587,assam,26.99766432849474,94.78476174784934,0,background
1588,assam,27.49769622065485,94.6848998998167,0,background
1589,assam,24.94073464762192,93.22823718933698,0,background
1590,assam,27.187420315533906,94.427109012711,0,background
1591,assam,26.383796097251683,90.96722255796807,0,background
1592,assam,26.634531739934022,92.97722766796322,0,background
1593,assam,26.833795193766136,92.89704395595658,0,background
1594,assam,26.21309024993234,93.67406495015373,0,background
1595,assam,26.54132993170046,92.70570066322873,0,background
1596,assam,27.84557124440893,95.81562545383429,0,background
1597,assam,26.899384508016617,92.51867083521954,0,background
1598,assam,26.503237271380648,91.68248184100966,0,background
1599,assam,27.94860386089986,95.7396220706174,0,background
1600,assam,26.42086674493578,89.95578062433388,0,background
1601,assam,26.281418709698414,91.47165714161846,0,background
1602,assam,27.608113288628324,95.68794644994469,0,background
1603,assam,26.436376094828784,93.07035980234284,0,background
1604,assam,26.558924109610704,91.22872509432304,0,background
1605,assam,24.58271831856633,92.99782082586889,0,background
1606,assam,27.559540001983407,94.36914337905182,0,background
1607,assam,24.879034952037262,92.88716842036239,0,background
1608,assam,27.697373250491978,95.06684770094303,0,background
1609,assam,26.70607198289301,90.8457008739004,0,background
1610,assam,26.820837639554494,92.34783363297029,0,background
1611,assam,26.91296889225044,93.74798398971657,0,background
1612,assam,26.559130418134206,92.97161326113978,0,background
1613,assam,24.901967952875744,93.18275138988747,0,background
1614,assam,26.31045011622738,90.10684073140587,0,background
1615,assam,26.917130791658785,92.98392243103707,0,background
1616,assam,26.052767212275867,93.55654550685271,0,background
1617,assam,26.486798734124264,90.84998988285311,0,background
1618,assam,26.51413732113227,90.24044145712003,0,background
1619,assam,26.77333706391693,91.27204523256479,0,background
1620,assam,25.989154730114933,93.8318249441301,0,background
1621,assam,26.309412665138257,91.74500728486277,0,background
1622,assam,27.160514666474405,94.95755488849838,0,background
1623,assam,27.826034198521302,95.80867421605252,0,background
1624,assam,26.091038832606095,93.44231373569309,0,background
1625,assam,27.310688510217886,94.61007406578202,0,background
1626,assam,26.786496627008663,92.85610339133973,0,background
1627,assam,26.737012884894206,93.81374194581235,0,background
1628,assam,26.977437523112325,95.00291024264722,0,background
1629,assam,26.71975496606854,93.64701266939757,0,background
1630,assam,27.425908197364464,94.18208794981274,0,background
1631,assam,26.420450081828797,91.77742714896016,0,background
1632,assam,25.925411447443913,92.8493894855664,0,background
1633,assam,26.718213345200283,93.34020084792297,0,background
1634,assam,25.94761301128427,93.68395988388701,0,background
1635,assam,26.286932284505667,90.09937856775153,0,background
1636,assam,26.757690644733184,90.83980537683992,0,background
1637,assam,26.203099515519792,92.13453684779195,0,background
1638,assam,26.466413714118303,91.64526361261602,0,background
1639,assam,26.406969127725265,93.76336015756033,0,background
1640,assam,26.75258833198101,90.43271795513141,0,background
1641,assam,26.63251005530132,92.39325029690272,0,background
1642,assam,27.634394605370804,95.6465467869173,0,background
1643,assam,26.154654811658038,90.9341573097121,0,background
1644,assam,27.435472616323636,94.34110844500641,0,background
1645,assam,26.527489098433264,91.76125044652377,0,background
1646,assam,26.44964082802549,90.21917642077413,0,background
1647,assam,27.131822340337276,93.9386885522671,0,background
1648,assam,25.570644694870396,93.17569859733081,0,background
1649,assam,25.899611745550338,91.48694137124,0,background
1650,assam,25.895237448214026,92.99258820186692,0,background
1651,assam,26.476188494873906,92.2343293478757,0,background
1652,assam,27.81622202343364,95.58418718728129,0,background
1653,assam,25.65237830719802,93.41891565932465,0,background
1654,assam,26.582633134439714,91.5481689307026,0,background
1655,assam,26.23261272070816,93.68459008987857,0,background
1656,assam,26.7443844961372,93.69070130864023,0,background
1657,assam,26.90960970044534,93.35469693527135,0,background
1658,assam,26.31424076968545,92.10792255637814,0,background
1659,assam,26.174203132425557,92.38248678999408,0,background
1660,assam,26.727367940983477,90.54069864535845,0,background
1661,assam,27.498726679737995,95.15336545699134,0,background
1662,assam,25.977423970693373,93.06968124243801,0,background
1663,assam,26.52012780399954,91.21487634177159,0,background
1664,assam,25.890786088449758,92.78790095621669,0,background
1665,assam,25.765417627080616,92.98797407761911,0,background
1666,assam,26.73195333199698,90.97812025035442,0,background
1667,assam,26.410922900011162,90.77042459144099,0,background
1668,assam,26.506216867804575,91.0357669615725,0,background
1669,assam,27.386305802743742,95.00473170703721,0,background
1670,assam,26.627477175800237,92.71007115019367,0,background
1671,assam,27.704771075148034,95.70883770796029,0,background
1672,assam,26.343610750753015,92.2820896993338,0,background
1673,assam,26.82455272698866,90.51825124774938,0,background
1674,assam,25.584674750275575,89.93180764019559,0,background
1675,assam,27.66065053245856,95.02450128277981,0,background
1676,assam,26.745681323188343,94.35865241204687,0,background
1677,assam,26.43081143709336,93.28787418898708,0,background
1678,assam,26.709963780562965,93.92497562842382,0,background
1679,assam,26.590990497031818,91.69617128230985,0,background
1680,assam,26.036232522898608,93.15774243269644,0,background
1681,assam,26.166931556056657,93.20755896111439,0,background
1682,assam,26.33030028939215,92.15924248068794,0,background
1683,assam,26.291653279810248,92.39644112897801,0,background
1684,assam,26.661571180601314,91.08558920839012,0,background
1685,assam,26.3819123371074,91.3142391180446,0,background
1686,assam,26.493876969244443,94.21206646152095,0,background
1687,assam,26.625789114988354,92.17699866747095,0,background
1688,assam,26.712893769444047,90.60051885549157,0,background
1689,assam,26.659483908425,90.41722898245034,0,background
1690,assam,27.51767965080394,94.37795130215473,0,background
1691,assam,26.98464812207476,94.40206767279707,0,background
1692,assam,26.212167599467893,92.37241906486298,0,background
1693,assam,25.875450335829495,93.08871173019442,0,background
1694,assam,27.667890680578452,95.57802446299561,0,background
1695,assam,27.03001976526852,94.6143074202771,0,background
1696,assam,26.16424275955789,92.94836441944098,0,background
1697,assam,27.39413105761876,94.43016844887364,0,background
1698,assam,25.720524075524022,92.61768960452109,0,background
1699,assam,26.544022520607086,89.8824190237055,0,background
1700,assam,25.738894811494465,93.05772442387396,0,background
1701,assam,26.93949196674232,94.38229629717928,0,background
1702,assam,26.331202004233287,90.04207173946106,0,background
1703,assam,26.243854167138686,93.73353368200036,0,background
1704,assam,26.711675750813082,91.90966275320784,0,background
1705,assam,24.86907010337633,92.61485816670505,0,background
1706,assam,26.0661087244096,92.6125552406147,0,background
1707,assam,26.05228333236363,90.694218702947,0,background
1708,assam,26.200976888617685,91.62180932926644,0,background
1709,assam,27.291633728765987,94.31969574641774,0,background
1710,assam,26.173519796483255,93.64401980361413,0,background
1711,assam,24.668142817279087,92.78621832518748,0,background
1712,assam,26.504317224748807,92.72532708617955,0,background
1713,assam,26.344474194496474,91.74222511116936,0,background
1714,assam,26.74932621431857,93.32197820029437,0,background
1715,assam,26.322489529367417,90.79112952401131,0,background
1716,assam,26.59057189150005,93.26835562504941,0,background
1717,assam,27.835290906083845,95.37331550687455,0,background
1718,assam,25.76052000708454,93.37902115559922,0,background
1719,assam,24.948252500405477,93.1267293710936,0,background
1720,assam,26.520676666178183,93.7291427462599,0,background
1721,assam,26.764495945531706,91.73710239487414,0,background
1722,assam,24.236724829538414,92.4600958411995,0,background
1723,assam,27.30755023671829,94.50502358221021,0,background
1724,assam,27.01320166460845,94.09249028278283,0,background
1725,assam,27.828737936851052,95.35000743245551,0,background
1726,assam,27.132349298879245,94.20248454641842,0,background
1727,assam,26.81708468287566,93.56821435162813,0,background
1728,assam,26.193583437769703,93.85324007877531,0,background
1729,assam,26.724654413873694,93.54830003767026,0,background
1730,assam,27.20716755064764,94.75910862360367,0,background
1731,assam,26.686266659709034,91.32369544715958,0,background
1732,assam,26.85125625756483,90.48320836541015,0,background
1733,assam,26.828846363331092,93.87227753733251,0,background
1734,assam,26.0811475151544,89.96460341389974,0,background
1735,assam,26.814915694552504,90.32597362381243,0,background
1736,assam,26.57004133858649,93.73516017643658,0,background
1737,assam,25.56344990002463,93.17934191337532,0,background
1738,assam,25.667705761634533,93.46905182426168,0,background
1739,assam,26.207241951094776,89.89114088511573,0,background
1740,assam,24.640124306196714,92.57731247304665,0,background
1741,assam,27.211834069051335,95.21417711688872,0,background
1742,assam,26.41774748298899,91.36172471165992,0,background
1743,assam,26.555900111843982,90.85415967237824,0,background
1744,assam,26.476422508005616,93.40102286652478,0,background
1745,assam,25.96103452302877,92.44775995431446,0,background
1746,assam,27.324312954253212,94.78557449948175,0,background
1747,assam,26.169939386785376,89.97072767730869,0,background
1748,assam,26.04587030989386,93.86990433961158,0,background
1749,assam,26.1683876850243,92.30866723506874,0,background
1750,assam,26.50656560347139,91.16992809476531,0,background
1751,assam,26.381996373099053,92.7986498883415,0,background
1752,assam,26.162357520259754,93.70045492118724,0,background
1753,assam,25.6928125572628,92.99643205231224,0,background
1754,assam,26.831457938676927,92.91963308442233,0,background
1755,assam,27.571332552310302,95.59764990213527,0,background
1756,assam,26.08828660595274,92.99153370790216,0,background
1757,assam,26.626238564811462,90.27861318088972,0,background
1758,assam,26.558117135115157,92.40864966598197,0,background
1759,assam,26.1053835554078,93.13736944949991,0,background
1760,assam,24.815175041980392,93.12539551167028,0,background
1761,assam,25.85359370458223,93.28228355009652,0,background
1762,assam,25.31595532633359,92.87818540973721,0,background
1763,assam,26.30903008190624,93.93927093688136,0,background
1764,assam,26.08009436404736,91.52642149723145,0,background
1765,assam,24.62737545710031,92.41623512160889,0,background
1766,assam,26.486465296028726,91.43846498358724,0,background
1767,assam,24.63931386256345,92.92043807507608,0,background
1768,assam,26.315485626378127,93.99571979637817,0,background
1769,assam,27.694054482910904,94.88963238788021,0,background
1770,assam,27.882975034382753,95.89277992656801,0,background
1771,assam,26.2558929662959,93.1209731345765,0,background
1772,assam,26.763803359374915,92.75168739154981,0,background
1773,assam,27.175025600533004,94.2213754387244,0,background
1774,assam,27.366654775881077,95.50307030631514,0,background
1775,assam,26.96040805115472,94.32349344037358,0,background
1776,assam,25.92503109144124,93.65178238443735,0,background
1777,assam,27.352283481142646,95.44530532024787,0,background
1778,assam,25.55484326720506,92.88904409701298,0,background
1779,assam,26.71315669101823,91.89428089086636,0,background
1780,assam,26.693546966001616,90.5594046902427,0,background
1781,assam,24.651240651280094,93.05711754009782,0,background
1782,assam,26.10747104753265,93.77138905440569,0,background
1783,assam,26.869718754560058,94.71433807289151,0,background
1784,assam,26.08597364757699,93.01752037306545,0,background
1785,assam,25.71907244585841,93.53404540946784,0,background
1786,assam,27.372239309237585,94.2177954478362,0,background
1787,assam,26.810188544002752,93.63043231188759,0,background
1788,assam,26.11231293946332,90.47446410244807,0,background
1789,assam,26.674477953384947,90.76007648658477,0,background
1790,assam,27.751180232523232,95.08535521871806,0,background
1791,assam,26.72820919277635,92.62793523303989,0,background
1792,assam,26.64796265828328,94.2514065070622,0,background
1793,assam,26.66551337936343,90.10211739301951,0,background
1794,assam,26.05519629871739,90.66221212059249,0,background
1795,assam,27.140049778388875,94.33144284179338,0,background
1796,assam,26.336044020605684,90.78364985500801,0,background
1797,assam,26.084778945831154,90.71814532105081,0,background
1798,assam,26.55320885720494,93.21295678366673,0,background
1799,assam,26.50351456057526,90.16579042956855,0,background
1800,assam,26.094584505955947,93.82559371989105,0,background
1801,assam,26.398191803794795,93.59048419238846,0,background
1802,assam,26.981002822025967,94.27015958440293,0,background
1803,assam,26.635204537045613,93.09339365187775,0,background
1804,assam,24.827836695542853,92.92950110876801,0,background
1805,assam,26.541777874124865,91.2091810794461,0,background
1806,assam,27.41301257929191,94.86623083745262,0,background
1807,assam,26.930121835479778,93.89931223978638,0,background
1808,assam,26.355491932374782,91.97076413718399,0,background
1809,assam,26.088210306449234,91.22730252605396,0,background
1810,assam,27.563560598040805,95.27606858448183,0,background
1811,assam,26.607020589322655,89.97462368746004,0,background
1812,assam,26.638248303497303,90.88439814285162,0,background
1813,assam,24.616569217740903,92.42223355575389,0,background
1814,assam,26.382596368939883,91.6259800063787,0,background
1815,assam,26.88168514374045,93.14634195292469,0,background
1816,assam,26.85069781983411,94.07940092862042,0,background
1817,assam,26.888565808121527,94.74273024685935,0,background
1818,assam,27.43555046272837,95.45360166933911,0,background
1819,assam,26.60314706254582,91.82996086243695,0,background
1820,assam,26.787759860869308,90.4343861811987,0,background
1821,assam,27.786556132687632,95.67745608455296,0,background
1822,assam,26.13796329065636,93.53123520244084,0,background
1823,assam,26.537730945246306,90.96828324766368,0,background
1824,assam,26.198261394482447,93.79513877825937,0,background
1825,assam,26.374565188046667,93.00611228125453,0,background
1826,assam,26.593627405258072,90.87572521084016,0,background
1827,assam,27.236912674661834,94.6783160092625,0,background
1828,assam,26.290513111908695,90.50499021703311,0,background
1829,assam,26.501577276546545,93.07418670953781,0,background
1830,assam,26.564036804313627,92.89038391190908,0,background
1831,assam,26.469202863476333,91.42696667257772,0,background
1832,assam,26.53998560674066,91.96648572227664,0,background
1833,assam,27.58430851301341,94.69258378031212,0,background
1834,assam,26.146750574658707,91.02530653189423,0,background
1835,assam,27.085317109934557,94.471611390087,0,background
1836,assam,27.46730888175428,95.1268460197698,0,background
1837,assam,26.43168092459814,90.98982854535564,0,background
1838,assam,26.810753082180216,93.98474522893945,0,background
1839,assam,27.323065271540834,95.69690798480498,0,background
1840,assam,26.24085567092065,92.48363550321011,0,background
1841,assam,26.469529492579888,92.99838522222018,0,background
1842,assam,26.559677489627767,90.51265928268849,0,background
1843,assam,24.456882287724124,92.3189164215615,0,background
1844,assam,26.529940920882357,92.93449670834076,0,background
1845,assam,26.028070073771527,93.74285319796192,0,background
1846,assam,25.964653182697365,93.63609740113796,0,background
1847,assam,27.343095487547107,95.22353576096312,0,background
1848,assam,27.492084140701415,95.72232900247842,0,background
1849,assam,26.60950937296347,92.70343804139428,0,background
1850,assam,26.472488531287055,92.26881357342849,0,background
1851,assam,26.686377722839467,94.32719637034612,0,background
1852,assam,27.370217983462304,95.66992603924048,0,background
1853,assam,26.425650652894365,92.67209502294055,0,background
1854,assam,26.83706270113662,94.67393969431869,0,background
1855,assam,27.51014619162507,95.20477849570557,0,background
1856,assam,26.17482783113828,91.5074528925521,0,background
1857,assam,26.449608562077422,90.2092835134981,0,background
1858,assam,26.864827375288773,94.30516796136233,0,background
1859,assam,26.019345851509257,90.87576697928128,0,background
1860,assam,26.42921825905266,91.18956975281996,0,background
1861,assam,26.134746553395196,93.29538947974083,0,background
1862,assam,26.734081493965714,94.2959714477212,0,background
1863,assam,26.73259170129357,90.81415278548626,0,background
1864,assam,25.9384987411242,91.08072262120868,0,background
1865,assam,26.935101353938315,93.59660885907327,0,background
1866,assam,26.187064487408094,93.53929393875009,0,background
1867,assam,26.518322462365578,91.40569795154687,0,background
1868,assam,26.674333242601755,92.0711390467296,0,background
1869,assam,26.552434781489797,92.53600499999857,0,background
1870,assam,27.370583396565873,94.97102378644313,0,background
1871,assam,26.78991028416051,92.56369489105758,0,background
1872,assam,26.37292838320611,90.04804060403377,0,background
1873,assam,26.07789045481265,92.95098903338513,0,background
1874,assam,26.551978082942984,92.15667561377268,0,background
1875,assam,25.86984698822951,92.88794756505426,0,background
1876,assam,26.015639631870304,91.16493787082109,0,background
1877,assam,24.77530238600927,92.80549349727102,0,background
1878,assam,27.095026395061353,93.91811955694594,0,background
1879,assam,24.49953923617796,92.33456087251741,0,background
1880,assam,25.939947547901863,89.97172431286327,0,background
1881,assam,26.661812470477756,91.1192978597696,0,background
1882,assam,26.501438611328865,92.17980961397275,0,background
1883,assam,25.924880961184517,90.05043821465598,0,background
1884,assam,26.75971236226802,92.24178854877795,0,background
1885,assam,26.20871500187826,90.56791098595428,0,background
1886,assam,27.37840954654493,94.61616445491399,0,background
1887,assam,25.970234716134456,92.9042499018504,0,background
1888,assam,26.61334616831246,92.4189378915254,0,background
1889,assam,26.150142493015515,93.70012823180154,0,background
1890,assam,25.939587423900292,91.08797501401514,0,background
1891,assam,26.893981710017275,94.42446972494629,0,background
1892,assam,26.55869712896641,91.57285041694469,0,background
1893,assam,26.709310512546974,93.48966352767393,0,background
1894,assam,26.770799672424552,90.25167938925016,0,background
1895,assam,26.138760738178927,92.49035809910683,0,background
1896,assam,26.317962859457214,92.81557354717306,0,background
1897,assam,26.09939210139797,90.83173698601576,0,background
1898,assam,26.676593258444743,91.78198735148186,0,background
1899,assam,26.725595122467595,90.32903877775746,0,background
1900,assam,26.54440821929124,94.18359507314496,0,background
1901,assam,26.92772170752859,94.36351766411246,0,background
1902,assam,26.91591925335113,92.39263090721926,0,background
1903,assam,27.611175697129394,95.12528289009019,0,background
1904,assam,26.49245605204526,92.42084024751098,0,background
1905,assam,27.024750235276514,94.50988455103555,0,background
1906,assam,25.768304414028155,89.86450858087099,0,background
1907,assam,27.725269873394172,95.03129843798872,0,background
1908,assam,25.901258008697123,93.93461927654423,0,background
1909,assam,26.70141474748747,90.74884510409954,0,background
1910,assam,26.3708393668047,93.61589624562923,0,background
1911,assam,27.516246760362602,95.69619610323412,0,background
1912,assam,25.03024535561437,92.89456868972381,0,background
1913,assam,27.094571594822796,93.88950710269535,0,background
1914,assam,26.091160784665142,90.5205018840683,0,background
1915,assam,26.40817007382497,92.84933755768688,0,background
1916,assam,27.317550088651604,94.7794279486615,0,background
1917,assam,24.602469471437512,92.35533138448712,0,background
1918,assam,25.756703673972748,93.42768844637753,0,background
1919,assam,27.75598862465021,95.35038268357042,0,background
1920,assam,26.628358234926228,93.29192423013549,0,background
1921,assam,26.512278442732708,90.28135466566582,0,background
1922,assam,27.411653868309216,94.82710449787422,0,background
1923,assam,26.388189460330317,93.82236083351879,0,background
1924,assam,26.586600756823835,93.87161469248989,0,background
1925,assam,27.44173315368924,94.60453144700466,0,background
1926,assam,27.31544901021046,94.75836964767731,0,background
1927,assam,25.67956258276823,93.19385633406337,0,background
1928,assam,26.197492172027466,91.50729197854503,0,background
1929,assam,27.133443175070386,95.1159134520371,0,background
1930,assam,25.774560827838428,92.38254862797524,0,background
1931,assam,26.531218697174154,90.01827459497933,0,background
1932,assam,26.901975288477164,92.54689904068283,0,background
1933,assam,26.549748863612315,93.19674319904163,0,background
1934,assam,26.789561036226793,90.20753304697666,0,background
1935,assam,25.709362561982307,93.5454772624304,0,background
1936,assam,26.84715263038323,93.73602582719028,0,background
1937,assam,27.423454697513307,94.52908226168591,0,background
1938,assam,27.569978787048626,94.32137967019597,0,background
1939,assam,24.83821938807017,92.43860650652739,0,background
1940,assam,25.8342983399555,89.88525327052739,0,background
1941,assam,26.72710013081364,92.16724861405929,0,background
1942,assam,26.265984654032355,92.19652538852459,0,background
1943,assam,24.88099312257665,92.79372774584998,0,background
1944,assam,26.364614728232056,94.16362000029531,0,background
1945,assam,25.833264163189718,92.4112633259682,0,background
1946,assam,27.377088648089252,95.05569318337133,0,background
1947,assam,25.86293622398878,93.50774099170184,0,background
1948,assam,26.672025490164945,90.00622716597852,0,background
1949,assam,24.660239807008406,92.33205818979367,0,background
1950,assam,26.49740244884231,91.58962679851906,0,background
1951,assam,26.464825846290335,93.29898790858161,0,background
1952,assam,26.34012543943804,94.05070038408977,0,background
1953,assam,26.490950138152094,90.53580264716432,0,background
1954,assam,26.1414833366344,90.08371435545861,0,background
1955,assam,25.89196883079752,92.99195100566462,0,background
1956,assam,26.73749576449816,92.68976558723939,0,background
1957,assam,27.308966603415225,94.37371959344173,0,background
1958,assam,24.704960964287114,92.54164956950216,0,background
1959,assam,26.047749828310767,92.66469658427611,0,background
1960,assam,26.690327509084025,92.4280299565725,0,background
1961,assam,27.80546769896266,95.80459111835069,0,background
1962,assam,27.532443809982976,94.45874121498062,0,background
1963,assam,24.673729070390415,92.84939456077075,0,background
1964,assam,26.434572821795083,91.18161716109768,0,background
1965,assam,25.586406668590065,89.91746143427932,0,background
1966,assam,25.658490496215965,93.42429495820333,0,background
1967,assam,26.828925282530005,94.02301188700335,0,background
1968,assam,26.61772280352183,91.84203909541353,0,background
1969,assam,26.319461302074938,92.74779213994726,0,background
1970,assam,27.78608658273961,95.35841691760756,0,background
1971,assam,27.024497495606756,92.68720974688515,0,background
1972,assam,26.517110314145604,94.0643595131706,0,background
1973,assam,26.6516911849058,93.2481423098086,0,background
1974,assam,26.30632507159397,92.81234465772063,0,background
1975,assam,26.73663888461271,93.47101727072373,0,background
1976,assam,26.017799511820165,91.68454863407193,0,background
1977,assam,26.350020534892035,94.03099308800589,0,background
1978,assam,27.324886266432188,94.80455759356411,0,background
1979,assam,27.27877442889378,94.68761906614215,0,background
1980,assam,26.880544105069458,92.60535703307754,0,background
1981,assam,27.17056662022488,94.57480673096977,0,background
1982,assam,26.855872746961527,93.59792096171664,0,background
1983,assam,26.33548376891856,90.69457198476664,0,background
1984,assam,26.374766707461976,93.3535150383107,0,background
1985,assam,26.44826843107496,93.11667333574277,0,background
1986,assam,25.54367732443547,93.1650489605801,0,background
1987,assam,25.934808080896044,93.64174967788098,0,background
1988,assam,27.561924817874914,95.28207368003191,0,background
1989,assam,27.362050628530014,94.24344544153651,0,background
1990,assam,26.285382363940084,93.5119542255926,0,background
1991,assam,25.766187094989988,93.50064237826905,0,background
1992,assam,26.446961199589083,92.23037915621227,0,background
1993,assam,27.530959871196913,95.52749191176787,0,background
1994,assam,26.104978401843887,90.63687831105334,0,background
1995,assam,26.862793508223493,93.4080026760568,0,background
1996,assam,26.077861585845664,90.69758479412886,0,background
1997,assam,26.132645992775853,91.27141267985019,0,background
1998,assam,24.698818329758968,92.43816193293885,0,background
1999,assam,26.113024495921966,93.49230337207183,0,background
2000,assam,26.187086816054624,90.19184111486679,0,background
2001,assam,25.77478187089133,92.4199130515605,0,background
2002,assam,26.764425415077138,90.61213754999733,0,background
2003,assam,26.034657945932057,92.74284704919475,0,background
2004,assam,27.907648554625517,95.7918739409788,0,background
2005,assam,27.378465677449896,95.57019571177516,0,background
2006,assam,26.078728321404405,91.3782259559836,0,background
2007,assam,26.6585384043137,91.14833481155782,0,background
2008,assam,26.1992043335406,92.5969333174248,0,background
2009,assam,27.807932327144286,95.6604828220466,0,background
2010,assam,26.794828520556624,92.11146042676783,0,background
2011,assam,26.34019802854086,90.09760293236457,0,background
2012,assam,27.860869797275175,95.82600426147718,0,background
2013,assam,26.72087329724416,94.12837244609109,0,background
2014,assam,26.90587724815303,94.37282331838632,0,background
2015,assam,25.708582283366834,93.04360371856438,0,background
2016,assam,27.156849887853497,94.5201338076975,0,background
2017,assam,27.42108927132066,95.79460768689633,0,background
2018,assam,27.64658409785014,95.3622574942402,0,background
2019,assam,26.820165219839293,90.34856944597188,0,background
2020,assam,26.83381488742988,93.71019997087467,0,background
2021,assam,26.92049458347764,92.41765749727028,0,background
2022,assam,26.482578504364653,90.81273809500544,0,background
2023,assam,26.88845647991749,92.85588546496317,0,background
2024,assam,27.27902951510876,95.14883544760178,0,background
2025,assam,26.386780784281513,92.52203686706832,0,background
2026,assam,26.67993478459906,93.91138113565351,0,background
2027,assam,24.8951272424691,92.52946298662786,0,background
2028,assam,26.3916983556803,93.377884597572,0,background
2029,assam,26.152272847270982,92.63615460132874,0,background
2030,assam,26.40850958353024,93.59687833663652,0,background
2031,assam,25.649941365910195,93.42633492935065,0,background
2032,assam,24.56352980063743,92.88818915376359,0,background
2033,assam,27.33489793136444,94.76395286631248,0,background
2034,assam,26.995419211798037,94.23698542705115,0,background
2035,assam,26.001045673490378,91.3420968580611,0,background
2036,assam,25.942212983872878,92.8190594425011,0,background
2037,assam,24.93932204355223,92.49400002334862,0,background
2038,assam,27.35736448832857,95.22251474722755,0,background
2039,assam,26.301034654938515,89.94628423419302,0,background
2040,assam,26.259784150497623,92.8317938194936,0,background
2041,assam,26.12053866106424,92.99720136785102,0,background
2042,assam,26.81770854616413,93.209985709984,0,background
2043,assam,26.0256571923935,91.27121713222621,0,background
2044,assam,26.310118826701654,92.06051880265565,0,background
2045,assam,26.37714991166136,93.52747982027554,0,background
2046,assam,26.070158508992055,91.57684101623066,0,background
2047,assam,26.117898839372646,89.97847576397459,0,background
2048,assam,26.041349733525855,93.03322809286091,0,background
2049,assam,26.502687191178744,90.93394887057866,0,background
2050,assam,26.457485419325558,89.88725425179906,0,background
2051,assam,26.45110255928176,91.0635528067229,0,background
2052,assam,25.05493846586906,93.08361905639667,0,background
2053,assam,26.487637970390388,93.23872340952192,0,background
2054,assam,26.95439910439474,93.5996508347051,0,background
2055,assam,27.554452194705483,95.80990232038894,0,background
2056,assam,26.299306596810073,93.45335655085948,0,background
2057,assam,26.04147155397152,93.58328651871197,0,background
2058,assam,26.55730040922565,92.22560903316233,0,background
2059,assam,26.561730348120754,90.96866257583687,0,background
2060,assam,26.032668455260232,91.40780458796236,0,background
2061,assam,24.71565608704117,92.95971169448055,0,background
2062,assam,27.24092062197155,95.45578419120343,0,background
2063,assam,26.312509127289097,89.8928291932606,0,background
2064,assam,26.35650584726263,93.22723008573477,0,background
2065,assam,26.35194574501362,91.25306213884828,0,background
2066,assam,25.146797559525805,92.74019868693036,0,background
2067,assam,26.76325563973662,90.85094027032002,0,background
2068,assam,26.03100142322459,89.86185032773264,0,background
2069,assam,25.79935150683921,92.82549842706746,0,background
2070,assam,26.843513748709118,94.67762507104622,0,background
2071,assam,27.287475462680895,95.67737061139455,0,background
2072,assam,27.207013940570185,94.91970278243649,0,background
2073,assam,26.194509176849305,89.93752557312543,0,background
2074,assam,26.019533952125787,90.93753387087376,0,background
2075,assam,24.521567965999687,92.41538821557407,0,background
2076,assam,26.486559876287775,92.24966910755481,0,background
2077,manipur,25.23533889945996,94.4882480802813,0,background
2078,manipur,25.16041376217744,94.0659284603297,0,background
2079,manipur,25.468637016034112,93.8400613327951,0,background
2080,manipur,25.454874540537315,94.33209569907106,0,background
2081,manipur,24.62918483840286,94.46328195211761,0,background
2082,manipur,25.412822179046657,93.9284332629792,0,background
2083,manipur,25.1649211923342,94.62611514545053,0,background
2084,manipur,24.48066738183518,93.49168557767378,0,background
2085,manipur,25.448038926086145,94.24270600991417,0,background
2086,manipur,24.95234377051793,93.87806450778766,0,background
2087,manipur,25.455122019299584,94.4561272068183,0,background
2088,manipur,24.919982665161005,93.27359859104006,0,background
2089,manipur,24.43934234317655,93.78634366146773,0,background
2090,manipur,24.49726474679501,94.04056839211864,0,background
2091,manipur,25.319115396782255,93.96655511845032,0,background
2092,manipur,25.443843048267336,94.27029829647334,0,background
2093,manipur,24.85550696439521,93.38337933309568,0,background
2094,manipur,25.299252904908826,93.93407963356499,0,background
2095,manipur,24.470068092890966,93.20023006432318,0,background
2096,manipur,24.474417753116224,93.74481366986619,0,background
2097,manipur,25.390615180981353,93.75255258029397,0,background
2098,manipur,24.538937432818905,94.36861258851289,0,background
2099,manipur,24.595416417854018,94.42735821161305,0,background
2100,manipur,25.120452321600048,94.17588578370143,0,background
2101,manipur,24.67058450987936,93.3797003227536,0,background
2102,manipur,25.21976433372117,93.44257168094526,0,background
2103,manipur,24.58161166475685,94.44565538199171,0,background
2104,manipur,24.571706141038202,93.77629389745476,0,background
2105,manipur,24.432462449433064,93.73609143795476,0,background
2106,manipur,25.29160853001696,93.72011452770981,0,background
2107,manipur,24.626039735954148,93.76450119868282,0,background
2108,manipur,25.53817505353976,94.07151766508403,0,background
2109,manipur,24.542841275948042,93.99985491253572,0,background
2110,manipur,24.512573976372554,94.03252242377873,0,background
2111,manipur,24.1463329947816,93.7561373181187,0,background
2112,manipur,24.486866321906685,94.0057094629185,0,background
2113,manipur,24.355331630938256,93.42321278514814,0,background
2114,manipur,24.35637795999497,93.39847010962944,0,background
2115,manipur,24.453852251793336,93.41600063001252,0,background
2116,manipur,24.20325560660602,93.76346238482637,0,background
2117,manipur,24.42097237023121,93.53577782011381,0,background
2118,manipur,24.61500820615313,94.51031258219751,0,background
2119,manipur,25.44209398881423,94.25385463164606,0,background
2120,manipur,24.62843649615439,94.48066748487331,0,background
2121,manipur,24.548416846794797,93.91059535425887,0,background
2122,manipur,24.986239513536464,94.65970239563103,0,background
2123,manipur,24.293393717653686,93.06690673671737,0,background
2124,manipur,24.562741728186452,93.91154464840834,0,background
2125,manipur,25.02593518871556,93.38088936830225,0,background
2126,manipur,24.16254625739843,93.73190538782625,0,background
2127,manipur,24.719116724712855,93.78616209874478,0,background
2128,manipur,24.53030923164632,94.000598897535,0,background
2129,manipur,24.142355944319593,93.18062968388564,0,background
2130,manipur,25.352383071287928,93.77541817677627,0,background
2131,manipur,24.692130340548292,94.47815721129982,0,background
2132,manipur,25.034401100156607,94.68381511640764,0,background
2133,manipur,24.753187541640315,93.85765758365783,0,background
2134,manipur,24.71005567773164,94.50355656857009,0,background
2135,manipur,25.299547350316296,93.9293057901949,0,background
2136,manipur,24.89738996394163,94.68281042163075,0,background
2137,manipur,25.344528010794583,93.81889423298821,0,background
2138,manipur,25.309433950355498,94.3985965471201,0,background
2139,manipur,24.332293370742995,94.32552555853641,0,background
2140,manipur,24.8589367959564,94.18242244094168,0,background
2141,manipur,25.28753203214349,93.96768468838212,0,background
2142,manipur,24.956611269808196,93.96180211422183,0,background
2143,manipur,24.098731219553148,93.22348975518493,0,background
2144,manipur,25.281720047181686,94.46534100445182,0,background
2145,manipur,25.15666439601012,94.01521530020894,0,background
2146,manipur,23.933762926086654,94.14941343270881,0,background
2147,manipur,24.66978009434049,94.04801703894807,0,background
2148,manipur,25.031013343452315,93.79486938596719,0,background
2149,manipur,24.476310657983163,94.38224848496789,0,background
2150,manipur,24.60318334242754,93.83829681006326,0,background
2151,manipur,24.947552731533982,93.31530379936629,0,background
2152,manipur,25.03822337931767,93.78346829687561,0,background
2153,manipur,24.044766078101244,93.68226548732963,0,background
2154,manipur,24.95650308995248,93.91835365634495,0,background
2155,manipur,24.791630613590407,94.4527047634733,0,background
2156,manipur,24.631223671467268,93.84961191831567,0,background
2157,manipur,25.23362921385609,94.44987778607569,0,background
2158,manipur,24.928653124316984,93.8708137607496,0,background
2159,manipur,24.64821259080892,94.01658541591596,0,background
2160,manipur,24.148443900746923,93.18264914078547,0,background
2161,manipur,25.04543027409816,93.69935714143423,0,background
2162,manipur,25.085689816944985,94.70994978802959,0,background
2163,manipur,25.36526696345776,93.74639380613085,0,background
2164,manipur,25.154768243809144,93.41804195910142,0,background
2165,manipur,24.496298673030353,94.3408895280754,0,background
2166,manipur,25.251389337157484,93.45687986226139,0,background
2167,manipur,25.034693007505307,93.72949089766249,0,background
2168,manipur,25.00519131816952,93.32826961327409,0,background
2169,manipur,24.616515831335057,94.22373113715678,0,background
2170,manipur,25.319613866811213,93.76897746425185,0,background
2171,manipur,24.595938065983713,94.21100319358827,0,background
2172,manipur,25.013461835363298,94.6884796637505,0,background
2173,manipur,24.625699556000473,93.8579579343169,0,background
2174,manipur,24.25005039470325,93.47242332147299,0,background
2175,manipur,24.523843413947727,94.34772795071164,0,background
2176,manipur,24.337990987392434,93.21646073976882,0,background
2177,manipur,25.554046537748206,94.46944093355494,0,background
2178,manipur,24.93103068283554,93.30448775427064,0,background
2179,manipur,25.11641222940249,93.51306299455841,0,background
2180,manipur,24.560803209872773,93.87213390535607,0,background
2181,manipur,25.08756982847365,93.50588048065863,0,background
2182,manipur,25.129790182862024,94.1856521027306,0,background
2183,manipur,24.417484530040866,93.99852593580336,0,background
2184,manipur,25.477903613435785,93.83228793965155,0,background
2185,manipur,25.272553292834388,94.41609992117662,0,background
2186,manipur,25.249169122290994,94.42798993321453,0,background
2187,manipur,25.21823273626203,93.51212278680484,0,background
2188,manipur,24.192860087797044,93.15546830349194,0,background
2189,manipur,25.376723031402587,94.38009985898319,0,background
2190,manipur,24.98284512694176,93.35205341129614,0,background
2191,manipur,24.62629013888041,93.88352672230383,0,background
2192,manipur,23.98996267391177,94.10451646584168,0,background
2193,manipur,24.290288054075614,93.22618230898104,0,background
2194,manipur,24.56711433864644,93.52285466270253,0,background
2195,manipur,24.95108944143971,93.37700888069821,0,background
2196,manipur,25.315273758052417,93.77085127599845,0,background
2197,manipur,24.895612118710574,94.67911232394104,0,background
2198,manipur,24.861252991291234,94.01682862926941,0,background
2199,manipur,25.301240706633997,93.7312140471211,0,background
2200,manipur,24.511116608577343,93.95953529682501,0,background
2201,manipur,25.531672994387762,94.49739993007113,0,background
2202,manipur,25.02967358425292,93.33945366050207,0,background
2203,manipur,24.467643090837903,93.22942961405856,0,background
2204,manipur,24.697263931262647,93.44469561801893,0,background
2205,manipur,25.241101772855977,93.80828320709098,0,background
2206,manipur,24.23096887744976,93.46457131309215,0,background
2207,manipur,25.528177633539524,94.05918826374187,0,background
2208,manipur,24.632622492680355,94.43088114223052,0,background
2209,manipur,24.487957058065373,93.71711008237051,0,background
2210,manipur,24.348730556393456,93.45566083857561,0,background
2211,manipur,24.517597979751564,93.90826901646943,0,background
2212,manipur,24.3899017587454,93.76474202988463,0,background
2213,manipur,25.31210332734833,94.3972654725867,0,background
2214,manipur,24.42684546365241,93.7251632747037,0,background
2215,manipur,24.757386818056165,94.26928126739841,0,background
2216,manipur,24.83508391596388,93.29919599053133,0,background
2217,manipur,24.359222675643373,93.90002704989796,0,background
2218,manipur,24.106868358315477,93.77508615866395,0,background
2219,manipur,24.989648448671048,93.34817333724868,0,background
2220,manipur,23.99483370449652,94.13715542588189,0,background
2221,manipur,24.842640719321082,94.43883573346876,0,background
2222,manipur,25.465176819471623,94.44630573460157,0,background
2223,manipur,24.010565446618543,93.68583698101018,0,background
2224,manipur,24.27085534473122,93.47570207823675,0,background
2225,manipur,24.58710450713217,93.84927559029525,0,background
2226,manipur,24.850938605089038,93.29909052363341,0,background
2227,manipur,24.570102986162095,93.53619958424127,0,background
2228,manipur,24.474903361669867,93.99422940716602,0,background
2229,manipur,24.45784696088049,93.22422992090341,0,background
2230,manipur,24.39389407168201,93.97492565308814,0,background
2231,manipur,25.461325932463968,94.45988822939906,0,background
2232,manipur,24.936037981640265,94.10595155824036,0,background
2233,manipur,23.888234686623104,94.12261556436025,0,background
2234,manipur,25.471294562144237,94.25854477857177,0,background
2235,manipur,25.20573093110747,94.40684847541601,0,background
2236,manipur,25.02539628467448,93.74906171156915,0,background
2237,manipur,25.222244597822485,94.20593671543917,0,background
2238,manipur,25.46319475214526,93.87316496697244,0,background
2239,manipur,24.69927457881244,94.51838676874719,0,background
2240,manipur,25.211933248737136,93.54896574335378,0,background
2241,manipur,24.19094423209554,93.70551771561048,0,background
2242,manipur,24.58793542586627,93.81109378945148,0,background
2243,manipur,24.940591646449686,94.6654816486617,0,background
2244,manipur,25.193205726536203,93.87417869589814,0,background
2245,manipur,25.01108303435953,93.24698140537136,0,background
2246,manipur,24.41274866065752,93.22037008229763,0,background
2247,manipur,25.400504106528057,93.77260293395047,0,background
2248,manipur,25.4479895447393,94.33289792969269,0,background
2249,manipur,24.95712642875112,93.87200458749882,0,background
2250,manipur,24.52861200101088,93.30654742739425,0,background
2251,manipur,24.800860899892456,94.02132031523519,0,background
2252,manipur,25.01185255215584,94.70766695740818,0,background
2253,manipur,25.35124139099423,93.93499883201268,0,background
2254,manipur,25.042563385917898,94.72548421902003,0,background
2255,manipur,24.145372440882632,93.83408121101138,0,background
2256,manipur,24.629921965230793,94.50218104921755,0,background
2257,manipur,24.533882717529327,93.8966313055537,0,background
2258,manipur,25.11193363141348,94.1843476729183,0,background
2259,manipur,25.085824282591414,93.73842872411745,0,background
2260,manipur,24.5681902862564,93.93879303434744,0,background
2261,manipur,25.17893038694562,94.57515464863754,0,background
2262,manipur,24.17702986271079,93.75756100300929,0,background
2263,manipur,24.203498378861106,93.46927396494247,0,background
2264,manipur,24.387520175438926,93.58773674316971,0,background
2265,manipur,25.031032411927686,94.72765705331061,0,background
2266,manipur,25.440362700611526,93.82080749614421,0,background
2267,manipur,24.36999880037636,93.8860147367826,0,background
2268,manipur,24.91606184475937,94.0836692193954,0,background
2269,manipur,25.183990334026106,93.4079602151135,0,background
2270,manipur,24.678913776317657,93.74628744102753,0,background
2271,manipur,24.819202131890354,94.27890162478123,0,background
2272,manipur,24.091090176821627,94.25380937191657,0,background
2273,manipur,24.8183494677956,93.9566998720135,0,background
2274,manipur,24.922625585857745,93.54019729139857,0,background
2275,manipur,24.987484382045967,93.86913821389862,0,background
2276,manipur,24.537455214062298,94.32213254262727,0,background
2277,manipur,24.859881431811726,93.33026526496586,0,background
2278,manipur,24.81520384056494,93.95590734927806,0,background
2279,manipur,24.82983504423267,93.82866330196684,0,background
2280,manipur,25.182044996183386,93.43631106976343,0,background
2281,manipur,25.14189410871751,93.46802332120888,0,background
2282,manipur,24.56426030120269,93.93655671640948,0,background
2283,manipur,24.88312036376752,93.38552457966072,0,background
2284,manipur,24.195778198661547,93.81670156336328,0,background
2285,manipur,24.194600410375877,93.77953051620209,0,background
2286,manipur,24.302595411384498,93.45047626206528,0,background
2287,manipur,24.04758804493778,94.17948167109664,0,background
2288,manipur,25.24314396376402,94.28848503898507,0,background
2289,manipur,24.93756502077946,94.66969390757916,0,background
2290,manipur,24.488451372902855,93.22906770540826,0,background
2291,manipur,24.712645167776397,94.49789419805751,0,background
2292,manipur,24.110654509395456,93.8179361994283,0,background
2293,manipur,25.051190451734364,93.85834993163925,0,background
2294,manipur,24.361536975994195,93.39404869153601,0,background
2295,manipur,24.93611312697855,93.33614303848826,0,background
2296,manipur,24.94444070894045,93.88510637322263,0,background
2297,manipur,24.475041411773926,93.67581205802823,0,background
2298,manipur,25.26657564583567,93.79569426658162,0,background
2299,manipur,25.52438423878526,94.48614609778313,0,background
2300,manipur,24.115373107943086,93.74346989922329,0,background
2301,manipur,25.21212321198429,93.78987944309831,0,background
2302,manipur,24.114165737229975,93.23718619935042,0,background
2303,manipur,25.306119960231925,93.70212127129133,0,background
2304,manipur,24.556874033904865,94.04664500146417,0,background
2305,manipur,24.55558035399048,93.50764850606497,0,background
2306,manipur,25.26280522451572,94.19579038015948,0,background
2307,manipur,24.249588536301776,93.61552184338143,0,background
2308,manipur,25.144040866830416,94.04890086515029,0,background
2309,manipur,25.253505595559055,94.36551090395373,0,background
2310,manipur,25.11783855656246,93.85325830321594,0,background
2311,manipur,24.5457721379827,93.92700752376638,0,background
2312,manipur,24.983658043911372,93.93896329648658,0,background
2313,manipur,25.4180550961962,93.80886412129705,0,background
2314,manipur,24.135775485819693,93.70570240528427,0,background
2315,manipur,24.12368272997024,93.7834760648353,0,background
2316,manipur,25.142396226051247,93.52669731624034,0,background
2317,manipur,24.164966298135408,93.64086418049173,0,background
2318,manipur,24.471056262436214,93.29605135992391,0,background
2319,manipur,24.762648317824976,93.96188883421786,0,background
2320,manipur,24.281360500667166,93.50297808575657,0,background
2321,manipur,24.299533825299676,93.40846296365602,0,background
2322,manipur,24.42828549819026,93.40718333107623,0,background
2323,manipur,24.62626137469421,94.51677961256266,0,background
2324,manipur,25.452248311780284,94.2593101150054,0,background
2325,manipur,24.00649087490201,93.88668557712046,0,background
2326,manipur,24.76343909528771,94.16718673168509,0,background
2327,manipur,24.463586804110427,94.05011557170423,0,background
2328,manipur,24.902435832536096,93.90026839018617,0,background
2329,manipur,24.99580266477336,94.65936943978429,0,background
2330,manipur,25.452891038549588,94.31264134391249,0,background
2331,manipur,25.1636854634882,94.18323314637007,0,background
2332,manipur,25.012203106378855,93.93652325479015,0,background
2333,manipur,25.43742794026935,94.33930886057423,0,background
2334,manipur,24.6736909236587,93.40680881795036,0,background
2335,manipur,24.85275823868252,94.00457499369578,0,background
2336,manipur,25.089577861382576,93.50740185857553,0,background
2337,manipur,24.087385790662577,93.79445289539466,0,background
2338,manipur,25.23808243236143,93.79512771445712,0,background
2339,manipur,25.071028288095146,93.70288640519705,0,background
2340,manipur,24.585584042433368,94.47158211273339,0,background
2341,manipur,24.980934498799126,93.93200361860747,0,background
2342,manipur,24.645566484332164,93.80598354493043,0,background
2343,manipur,25.24079353041597,93.68218270304945,0,background
2344,manipur,24.949208978782302,94.69750067808363,0,background
2345,manipur,25.249513568065037,94.19138030833601,0,background
2346,manipur,24.42960633750997,93.99468041262662,0,background
2347,manipur,25.29918155505975,93.93405083234632,0,background
2348,manipur,24.95408563086566,93.83976502748628,0,background
2349,manipur,24.098682668397686,93.03057118814696,0,background
2350,manipur,24.60297635847695,93.9493713014271,0,background
2351,manipur,25.386249286834776,93.78038291001477,0,background
2352,manipur,24.496438292304244,93.85820211203067,0,background
2353,manipur,23.97796246266696,93.89290391046255,0,background
2354,manipur,25.16947659809725,93.53308485894199,0,background
2355,manipur,24.165532581817253,93.09519575482992,0,background
2356,manipur,25.099989290236834,93.83947969545527,0,background
2357,manipur,25.36302547056487,93.73963545528431,0,background
2358,manipur,24.599013759206112,94.4899668315895,0,background
2359,manipur,25.521213984966735,94.48257865550325,0,background
2360,manipur,24.62778401724059,93.95476573115104,0,background
2361,manipur,24.16270078447491,93.13357423662889,0,background
2362,manipur,25.431899572111917,93.85970152226288,0,background
2363,manipur,24.97826521857665,93.90869817710525,0,background
2364,manipur,25.228732177990235,93.90498676999833,0,background
2365,manipur,25.126507387392223,93.5359491301297,0,background
2366,manipur,24.31571432787398,93.46434976623034,0,background
2367,manipur,25.024204345337225,93.84332070637724,0,background
2368,manipur,25.095338318213514,93.5650142158153,0,background
2369,manipur,24.54076061192423,93.45293392160501,0,background
2370,manipur,25.461560687545138,94.34541541822762,0,background
2371,manipur,25.309205721898056,93.7425178867459,0,background
2372,manipur,24.49847506357088,94.30711570980439,0,background
2373,manipur,24.568900502283473,93.51728338819184,0,background
2374,manipur,25.304190758729604,93.84829283558217,0,background
2375,manipur,23.93250417342646,93.80053383091753,0,background
2376,manipur,24.81012784581135,94.27805221268122,0,background
2377,manipur,25.35096643338545,93.76816292523534,0,background
2378,manipur,24.443172179897665,94.30000492797288,0,background
2379,manipur,24.481041749458594,93.43385510845431,0,background
2380,manipur,25.028723985168686,93.46388091245188,0,background
2381,manipur,25.335640957654935,93.77732577007112,0,background
2382,manipur,24.502182993701812,93.92105765133785,0,background
2383,manipur,25.100773002334645,93.51457571039143,0,background
2384,manipur,25.32564444641542,93.73482262229298,0,background
2385,manipur,24.748415632199777,93.8513649239915,0,background
2386,manipur,24.425421071719065,93.28605565333193,0,background
2387,manipur,24.263837329648727,93.49954586404698,0,background
2388,manipur,24.572536262260563,93.93994210029,0,background
2389,manipur,24.479952865579076,93.47245393238413,0,background
2390,manipur,25.12483165960684,94.59046139344595,0,background
2391,manipur,24.616492427439578,93.81933181444738,0,background
2392,manipur,25.498879646604948,94.43792883526392,0,background
2393,manipur,24.897725221747322,94.0407869466258,0,background
2394,manipur,24.462229356151454,93.75510373563264,0,background
2395,manipur,24.97025131627418,93.91818449677399,0,background
2396,manipur,24.682086663434514,93.90445488828009,0,background
2397,manipur,24.997830511386702,93.36758147113605,0,background
2398,manipur,24.675803478678183,94.04027951058941,0,background
2399,manipur,25.166813267987187,93.86052697221227,0,background
2400,manipur,25.50651461929621,93.80686220973588,0,background
2401,manipur,25.245217270187666,94.34492057075023,0,background
2402,manipur,24.987000076799546,93.26123468996474,0,background
2403,manipur,25.147656834696964,94.23818275967959,0,background
2404,manipur,24.49219441649623,94.27993071967435,0,background
2405,manipur,24.440072497018136,93.3105861893044,0,background
2406,manipur,25.018402821928913,94.68954709593568,0,background
2407,manipur,24.574855953925766,94.25636875507439,0,background
2408,manipur,24.541755089625386,94.24079868393252,0,background
2409,manipur,24.355554480856714,93.40221813372895,0,background
2410,manipur,25.52895957323519,94.45035322740262,0,background
2411,manipur,24.429323434441777,94.11601560060515,0,background
2412,manipur,24.55229524628867,93.34806585299006,0,background
2413,manipur,24.46083264417644,93.89346360642332,0,background
2414,manipur,24.474078952774406,93.89534069659781,0,background
2415,manipur,24.983262080023547,93.93953873130236,0,background
2416,manipur,24.501724060672476,94.38674151096359,0,background
2417,manipur,25.430807942203224,94.38617813906824,0,background
2418,manipur,24.091388965187175,94.21471702786629,0,background
2419,manipur,24.629007306803466,94.52682470473427,0,background
2420,manipur,24.674938271906047,94.53681397981762,0,background
2421,manipur,24.369308309594015,93.87009446867043,0,background
2422,manipur,24.170701450993512,93.79270523886078,0,background
2423,manipur,24.692617514394108,93.75557966552289,0,background
2424,manipur,24.576762869438785,94.27865857777995,0,background
2425,manipur,24.44491879961845,94.02338104004804,0,background
2426,manipur,24.49866432507574,94.40625869243031,0,background
2427,manipur,25.254919787333417,94.43204875360438,0,background
2428,manipur,24.193260278922512,93.67898407196698,0,background
2429,manipur,23.974263854928097,94.1796571626362,0,background
2430,manipur,24.63164954937975,94.50949415915986,0,background
2431,manipur,23.92021449847509,94.13730679468034,0,background
2432,manipur,24.93063477596631,93.93134132687369,0,background
2433,manipur,25.125010231126048,93.51101478812971,0,background
2434,manipur,25.11972301624409,94.71145446926369,0,background
2435,manipur,25.509884443614265,94.4530525755098,0,background
2436,manipur,25.26471687495229,93.79933873000253,0,background
2437,manipur,24.868600169785122,94.42786279556164,0,background
2438,manipur,25.15073570666041,93.46395389548503,0,background
2439,manipur,24.916573140184095,93.37913343503938,0,background
2440,manipur,24.46439905405371,94.36465888400467,0,background
2441,manipur,24.778389723249255,93.96752749424952,0,background
2442,manipur,24.418178509725852,93.55229427501594,0,background
2443,manipur,25.050171729784786,93.66860784065331,0,background
2444,manipur,25.267048429627152,94.34817774985244,0,background
2445,manipur,25.214915419320388,93.9147291811017,0,background
2446,manipur,24.08172234028281,93.6742880446136,0,background
2447,manipur,25.465992596732704,94.48140880035432,0,background
2448,manipur,24.51975605346594,94.35991628071423,0,background
2449,manipur,24.54194528597228,94.23462335205079,0,background
2450,manipur,25.001642474008722,93.40490735017151,0,background
2451,manipur,25.174988636532824,93.43252320904699,0,background
2452,manipur,25.151402277528323,94.01996726870135,0,background
2453,manipur,24.966143848393834,93.95713447121156,0,background
2454,manipur,24.350144132582876,94.34461329899675,0,background
2455,manipur,24.642253335860705,94.08986973398156,0,background
2456,manipur,24.438673295565973,93.95616920177535,0,background
2457,manipur,25.331856410248992,93.89581674329696,0,background
2458,manipur,24.378541870960305,93.80112737244679,0,background
2459,manipur,24.181737932068764,93.14963904610255,0,background
2460,manipur,25.04889195968724,93.7230063467376,0,background
2461,manipur,24.314560696737367,93.42144247048168,0,background
2462,manipur,24.18620581678531,93.70408519891974,0,background
2463,manipur,25.000236626255358,93.36659431419388,0,background
2464,manipur,25.16606039428416,93.837659990472,0,background
2465,manipur,24.99963045971657,94.67248932747944,0,background
2466,manipur,25.37957503387773,93.79801125869885,0,background
2467,manipur,23.991380635010945,94.16172089736997,0,background
2468,manipur,25.041209070198477,93.81213976933908,0,background
2469,manipur,25.03926144268407,93.78840790882163,0,background
2470,manipur,24.653575614216205,94.05967986276595,0,background
2471,manipur,24.720725562291417,94.59739877341289,0,background
2472,manipur,25.177947826621025,94.4073818095006,0,background
2473,manipur,24.699186423839507,94.5204994422298,0,background
2474,manipur,24.910739770874738,93.91895653409931,0,background
2475,manipur,25.31986640080268,93.75596124545073,0,background
2476,manipur,25.179438100443694,93.5723901349026,0,background
2477,manipur,25.314075018668703,93.70640491868623,0,background
2478,manipur,24.569956889437183,93.89354320252917,0,background
2479,manipur,24.898181012773215,94.04830467703776,0,background
2480,manipur,24.60509847623297,94.12200066221385,0,background
2481,manipur,24.856492473752265,93.37379030573601,0,background
2482,manipur,24.24564751148484,93.50115439952934,0,background
2483,manipur,25.481440880637866,94.47797872700897,0,background
2484,manipur,23.999683277572334,93.76796214229776,0,background
2485,manipur,25.43236859376472,93.92991029773978,0,background
2486,manipur,24.396502741643253,93.44064151945227,0,background
2487,manipur,24.174133521651086,93.70181734221833,0,background
2488,manipur,25.05304411078849,93.8550981402171,0,background
2489,manipur,25.064862719803997,93.76285135609966,0,background
2490,manipur,25.46189277144304,94.31666119363328,0,background
2491,manipur,24.439722796828566,93.97322336182631,0,background
2492,manipur,25.236758572834795,93.6738550969526,0,background
2493,manipur,24.379650650037792,93.80530506131198,0,background
2494,manipur,25.444451579511032,93.81640169567184,0,background
2495,manipur,24.969548975378075,94.68842853469796,0,background
2496,manipur,24.56222352620692,93.9317955888106,0,background
2497,manipur,24.652999836971677,94.49069124244807,0,background
2498,manipur,25.321357478866684,93.91445368058464,0,background
2499,manipur,24.479741969192226,94.04194968976282,0,background
2500,manipur,24.90947279215646,94.68387652424342,0,background
2501,manipur,23.95667472579155,93.8657811259378,0,background
2502,manipur,25.38608138452997,94.4060383977198,0,background
2503,manipur,24.347357484164178,94.3429295277939,0,background
2504,manipur,24.65569821146646,93.77334505913149,0,background
2505,manipur,24.840495521088172,93.29231332038084,0,background
2506,manipur,24.080441433198775,93.6434022604027,0,background
2507,manipur,24.596987702923045,93.95503285935753,0,background
2508,manipur,24.554528194984407,93.87582796049064,0,background
2509,manipur,24.4363115639157,93.28788641024717,0,background
2510,manipur,24.730869903996428,94.02508327545387,0,background
2511,manipur,24.035470720419823,93.61137901150909,0,background
2512,manipur,24.510836857311954,93.92705091906,0,background
2513,manipur,25.27486555390825,94.16783769327168,0,background
2514,manipur,24.631983290528073,93.78698255768542,0,background
2515,manipur,25.424884598564667,93.89017780749207,0,background
2516,manipur,24.621443034993025,94.4240722266446,0,background
2517,manipur,24.720238657168256,93.75092207503101,0,background
2518,manipur,24.87883235104517,93.28948724253402,0,background
2519,manipur,24.58652434299148,94.4527409406255,0,background
2520,manipur,24.64819607076336,94.04665570480006,0,background
2521,manipur,24.782859920401965,94.02650278150026,0,background
2522,manipur,24.36961654558841,93.20252931446343,0,background
2523,manipur,24.622897820925477,93.98061843797537,0,background
2524,manipur,24.67606369448341,93.99766336778835,0,background
2525,manipur,24.72338832294767,94.02796863209133,0,background
2526,manipur,24.312762515553814,93.07219442757824,0,background
2527,manipur,25.030652342746546,94.06251584074228,0,background
2528,manipur,24.702521917156986,93.78047343612909,0,background
2529,manipur,24.839749336398274,94.27967314701759,0,background
2530,manipur,25.202124844060506,93.96951859855646,0,background
2531,manipur,25.003133299722695,93.84279132404055,0,background
2532,manipur,24.080455827155202,93.71456600110022,0,background
2533,manipur,24.835488243983384,93.30793168707186,0,background
2534,manipur,25.432620301648335,93.89084400329952,0,background
2535,manipur,25.250808514834844,94.34954017061523,0,background
2536,manipur,24.67046349602123,93.77168860737514,0,background
2537,manipur,24.55730112913805,93.95750609385718,0,background
2538,manipur,24.66718881941513,93.92699736342419,0,background
2539,manipur,23.93727502915177,94.15190229466815,0,background
2540,manipur,24.032682495964092,93.43346723525431,0,background
2541,manipur,24.463496763977357,93.54499253412513,0,background
2542,manipur,25.38594427055434,93.87697049033771,0,background
2543,manipur,24.502463880192575,93.94540283947936,0,background
2544,manipur,24.13311759345119,94.24189675086149,0,background
2545,manipur,25.523409298243795,94.04898448577528,0,background
2546,manipur,24.484615698516812,93.25080968316266,0,background
2547,manipur,24.455680080101356,93.48997013314339,0,background
2548,manipur,25.351052272012215,93.70299155655582,0,background
2549,manipur,24.146752492467105,93.80053333063348,0,background
2550,manipur,24.87615388685213,93.35616170251645,0,background
2551,manipur,24.61896244173224,93.8328836963576,0,background
2552,manipur,24.17765057487105,93.8297372979354,0,background
2553,manipur,25.136650691825956,93.50338213469173,0,background
2554,manipur,24.072537981434284,93.84226959211547,0,background
2555,manipur,25.472397238126007,94.42499484197332,0,background
2556,manipur,24.90991831204712,94.04418467325193,0,background
2557,manipur,24.845427849635076,94.02542768843,0,background
2558,manipur,24.52108255455011,94.03382594283966,0,background
2559,manipur,25.49973631418021,94.4587645371261,0,background
2560,manipur,24.877015938248086,93.38086036933872,0,background
2561,manipur,24.015356768535874,94.14154953669392,0,background
2562,manipur,25.45790069942737,93.9407594888436,0,background
2563,manipur,24.90745204801511,94.10494155557484,0,background
2564,manipur,24.996236016003763,94.67091321645022,0,background
2565,manipur,25.23014147593584,93.52143261470204,0,background
2566,manipur,25.438594760365547,93.80141203199577,0,background
2567,manipur,25.339854705756228,93.81141432887297,0,background
2568,manipur,24.889027394711388,93.28095521073448,0,background
2569,manipur,25.38735226026005,93.94327389294642,0,background
2570,manipur,25.229860713254975,93.54640972658959,0,background
2571,manipur,25.076513139483172,93.95674300434442,0,background
2572,manipur,24.43699961533063,93.97403180510733,0,background
2573,manipur,24.48744104127671,94.05607262834823,0,background
2574,manipur,25.376846131180105,93.92306606091411,0,background
2575,manipur,24.434439514493587,93.77534761879652,0,background
2576,manipur,24.78406821688593,94.28348301764632,0,background
2577,manipur,25.164223474161762,94.56898185105678,0,background
2578,manipur,24.41634207440994,93.44059193913745,0,background
2579,manipur,24.57307371452634,93.78507380102722,0,background
2580,manipur,24.170816677170198,93.67004319642858,0,background
2581,manipur,24.8649864159453,94.43888612691059,0,background
2582,manipur,24.092096063614658,94.23562953886905,0,background
2583,manipur,24.482436213037484,93.92741711998869,0,background
2584,manipur,25.189993306740543,94.0623474482431,0,background
2585,manipur,25.11856989632133,93.85264867319462,0,background
2586,manipur,25.3497077312422,93.80619577207798,0,background
2587,manipur,24.930353591333823,93.93739109793904,0,background
2588,manipur,24.638443086259212,93.9367028050225,0,background
2589,manipur,25.1516806548372,93.8383537011122,0,background
2590,manipur,25.443802585951943,94.31201903735158,0,background
2591,manipur,25.48235238090601,94.23595029719623,0,background
2592,manipur,24.81887791377784,93.96090760350847,0,background
2593,manipur,25.292776183360314,93.90553346187703,0,background
2594,manipur,25.260416395921986,93.68779262969812,0,background
2595,manipur,24.162175820248404,94.2396917907284,0,background
2596,manipur,24.64958604728645,93.97690220898485,0,background
2597,manipur,24.057576421458425,93.68311000078145,0,background
2598,manipur,24.10904142000938,94.22730303729308,0,background
2599,manipur,24.55469249006167,94.0098022616769,0,background
2600,manipur,24.330312139880924,93.88493566467304,0,background
2601,manipur,25.489006555365027,94.4637789650605,0,background
2602,manipur,24.132887311824643,93.62523305070718,0,background
2603,manipur,24.454045322137123,94.38042982435084,0,background
2604,manipur,24.59933973131205,93.53812275972733,0,background
2605,manipur,24.046233558540873,93.73924419787593,0,background
2606,manipur,24.83228240997623,93.96149769585148,0,background
2607,manipur,25.015383732129795,93.33906923625746,0,background
2608,manipur,24.055728903948083,94.21822849806394,0,background
2609,manipur,24.595019385318498,93.89828404953853,0,background
2610,manipur,24.708557836292652,93.97645087232826,0,background
2611,manipur,25.00113973957077,93.96167766999382,0,background
2612,manipur,24.898842653803325,93.89006133446807,0,background
2613,manipur,24.482877172369555,94.4005551299994,0,background
2614,manipur,24.758331757938382,93.97521109181373,0,background
2615,manipur,25.013319800689555,94.7160996911138,0,background
2616,manipur,24.424829566321154,93.89433973819946,0,background
2617,manipur,24.99801397087852,93.86970491870716,0,background
2618,manipur,24.977912761225006,93.34772629001672,0,background
2619,manipur,25.36173413265532,93.82634384345947,0,background
2620,manipur,24.466327059134816,93.75124224784464,0,background
2621,manipur,24.253454229124618,93.80675159587567,0,background
2622,manipur,24.16605787674338,93.65080582507235,0,background
2623,manipur,24.50086835678298,94.40955929701515,0,background
2624,manipur,24.827291965449607,93.29623209632899,0,background
2625,manipur,24.683207700498297,94.5220002071881,0,background
2626,manipur,25.316695406788167,93.68006078357585,0,background
2627,manipur,24.638300545919623,93.9437214434772,0,background
2628,manipur,24.031017817988673,94.2022486159728,0,background
2629,manipur,25.15113286530678,94.64909856160857,0,background
2630,manipur,25.243608800208825,93.66696652326672,0,background
2631,manipur,24.35969537790999,93.88772145091237,0,background
2632,manipur,24.122305196938697,93.62965561370177,0,background
2633,manipur,24.75507597720736,94.26813676036721,0,background
2634,manipur,24.82233476679877,93.3496308884476,0,background
2635,manipur,25.15927956899587,94.06071375476648,0,background
2636,manipur,24.881390997296165,93.85556808585213,0,background
2637,manipur,24.371243196236055,93.21293626835511,0,background
2638,manipur,25.44729505488968,94.64500184945895,0,background
2639,manipur,25.361332847748898,94.39025833178812,0,background
2640,manipur,24.48271648225443,93.50841183487768,0,background
2641,manipur,23.981693426396316,93.49034081038559,0,background
2642,manipur,24.82893095223662,94.00939150383223,0,background
2643,manipur,24.857739954143074,93.97913711176426,0,background
2644,manipur,25.400580338673876,93.9197482650811,0,background
2645,manipur,24.476160390590934,93.30824493965862,0,background
2646,manipur,25.22883341590493,94.47915781146207,0,background
2647,manipur,25.305906586109185,94.59356061087824,0,background
2648,manipur,24.282687152887842,93.46081220128544,0,background
2649,manipur,25.462698766205644,93.8841899725008,0,background
2650,manipur,24.042139660670028,93.7405975647189,0,background
2651,manipur,25.310117561558243,94.42008084297329,0,background
2652,manipur,24.721115790618768,93.57427078419794,0,background
2653,manipur,25.296794127568177,93.87670374283664,0,background
2654,manipur,25.259468833296744,93.68692586321242,0,background
2655,manipur,24.754038207067634,94.5164708931847,0,background
2656,manipur,25.230586181501838,93.44643461936232,0,background
2657,manipur,25.302152106874242,93.77333619688038,0,background
2658,manipur,25.127871459084105,94.05008276090804,0,background
2659,manipur,25.522980682758227,93.8192600100085,0,background
2660,manipur,25.055933008111733,93.68793105116252,0,background
2661,manipur,24.260439434848426,93.77806110568196,0,background
2662,manipur,25.44771434804922,94.33913948323669,0,background
2663,manipur,25.024834676638605,93.71863722655824,0,background
2664,manipur,24.476150418724266,93.48807298874998,0,background
2665,manipur,24.675037934827017,94.0851495493669,0,background
2666,manipur,24.297284532536697,93.22584827900255,0,background
2667,manipur,24.804294031911205,93.97032298942858,0,background
2668,manipur,24.0641599810206,93.64036834466201,0,background
2669,manipur,25.289502704149474,94.43616576146754,0,background
2670,manipur,23.968955868862093,93.8776126442649,0,background
2671,manipur,24.372479922064585,94.3271661648207,0,background
2672,manipur,24.27866466727328,94.19504427998808,0,background
2673,manipur,24.28862223534986,93.49882309878649,0,background
2674,manipur,24.060623249773272,93.7708552992865,0,background
2675,manipur,24.684658011174427,93.80271791580667,0,background
2676,manipur,24.03573239740456,93.63346902664743,0,background
2677,manipur,24.789369284896807,93.94887093855885,0,background
2678,manipur,25.32510134683824,93.7808528062255,0,background
2679,manipur,24.538648058882153,94.42834708724396,0,background
2680,manipur,25.36341195133222,93.76809639394541,0,background
2681,manipur,24.600694502441115,94.48384696013584,0,background
2682,manipur,25.02036753407695,93.87018120384266,0,background
2683,manipur,24.98546285388486,93.3573973908514,0,background
2684,manipur,24.668215903189196,93.87326135448401,0,background
2685,manipur,24.133219883803413,94.17819328072838,0,background
2686,manipur,25.09776751454482,93.85911957885385,0,background
2687,manipur,24.759303024588274,94.29267587526097,0,background
2688,manipur,24.610177133063626,94.10935085319359,0,background
2689,manipur,25.21647657539155,94.57443357397732,0,background
2690,manipur,23.973418459416788,93.47490789176736,0,background
2691,manipur,23.958672625361338,93.86900611811924,0,background
2692,manipur,24.508403372479947,93.4381537234628,0,background
2693,manipur,24.76278234672862,93.85907582861138,0,background
2694,manipur,25.445952570801193,93.9106194834034,0,background
2695,manipur,25.388728634570366,93.8474613786471,0,background
2696,manipur,25.03525186897651,94.09169906085681,0,background
2697,manipur,25.14442753358625,93.49644788880337,0,background
2698,manipur,24.08031947241822,93.62304116285603,0,background
2699,manipur,25.43552379966854,93.9208126914579,0,background
2700,manipur,24.666104285964433,94.02075126523708,0,background
2701,manipur,24.96817308280685,93.36335376427624,0,background
2702,manipur,24.84616209809859,93.36607364732554,0,background
2703,manipur,24.535704784370882,94.30658920526655,0,background
2704,manipur,25.048310084873126,93.47477640093415,0,background
2705,manipur,24.2460739378186,93.73833923486049,0,background
2706,manipur,24.694693468962853,94.08861024113469,0,background
2707,manipur,25.31604401725605,93.70766675472603,0,background
2708,manipur,23.893172997870042,94.06913650049208,0,background
2709,manipur,25.089587282411376,93.86721984211357,0,background
2710,manipur,25.16622596031221,94.63782643985338,0,background
2711,manipur,24.80934531503697,93.82571963571081,0,background
2712,manipur,25.183618297466435,94.02368930629659,0,background
2713,manipur,24.464015587282923,93.66640185823103,0,background
2714,manipur,24.904140101248572,93.83992437451639,0,background
2715,manipur,24.735411726516016,94.29316060000214,0,background
2716,manipur,24.633141334706593,93.92537513673521,0,background
2717,manipur,24.195546466129557,93.76446751399733,0,background
2718,manipur,24.31331940666903,93.40548222722609,0,background
2719,manipur,25.040545889113076,94.69947097383114,0,background
2720,manipur,24.549124889245313,93.90255353366919,0,background
2721,manipur,24.578799036061145,94.19841861399142,0,background
2722,manipur,24.11525915022722,93.85045143285745,0,background
2723,manipur,24.959768474575508,93.29858205266794,0,background
2724,manipur,24.56764776351285,94.44436015180433,0,background
2725,manipur,25.03736997883539,93.74413993691343,0,background
2726,manipur,25.229476590739004,93.79990772601029,0,background
2727,manipur,25.204976398843858,94.41063277065638,0,background
2728,manipur,24.08697265596944,93.66258757612069,0,background
2729,manipur,24.58924629769251,93.90972105554964,0,background
2730,manipur,24.087968320502707,94.24935305682496,0,background
2731,manipur,24.73874705086687,94.44895590440298,0,background
2732,manipur,24.508803543251418,94.33952595007632,0,background
2733,manipur,24.89945793647261,94.08862744952158,0,background
2734,manipur,24.61617367912786,94.05924597962559,0,background
2735,manipur,24.16549152488267,93.15387070243312,0,background
2736,manipur,25.05450755565258,93.66030411989445,0,background
2737,manipur,24.116103653666844,94.25072763796292,0,background
2738,manipur,25.151884054297167,94.02845938403208,0,background
2739,manipur,24.64444926977796,93.80166912458733,0,background
2740,manipur,24.55555743265404,94.43721836325595,0,background
2741,manipur,24.49134898096145,93.23226575691153,0,background
2742,manipur,25.53951012148153,94.44215614128325,0,background
2743,manipur,24.389377548461553,93.80435261559353,0,background
2744,manipur,24.46365872628532,93.73129752088238,0,background
2745,manipur,24.694614370783405,94.53570646938131,0,background
2746,manipur,24.382718656811132,93.39409987851342,0,background
2747,manipur,24.070977254869877,93.75564574963987,0,background
2748,manipur,24.228725347066842,93.47900575228067,0,background
2749,manipur,25.489208197381913,94.43433560097344,0,background
2750,manipur,25.328426299405134,93.77017830610596,0,background
2751,manipur,25.375788043923,93.74403728623942,0,background
2752,manipur,24.305289874517698,93.45596590737743,0,background
2753,manipur,24.718844252358924,94.53420827731945,0,background
2754,manipur,25.485833913921663,94.28478060634309,0,background
2755,manipur,24.522880761324945,94.37916563665037,0,background
2756,manipur,23.864335099979506,94.12658374430129,0,background
2757,manipur,24.168531239789676,93.65288853295802,0,background
2758,manipur,25.47539281245979,94.33672880786926,0,background
2759,manipur,24.832876615560785,93.34748081203317,0,background
2760,manipur,25.166720474356627,94.07060473246204,0,background
2761,manipur,24.879697010187073,93.3339819896709,0,background
2762,manipur,23.874133656214273,94.13255986762887,0,background
2763,manipur,24.08988937429701,94.20678718772773,0,background
2764,manipur,24.034834618834264,93.72178416404202,0,background
2765,manipur,24.521167957003357,94.04704106180314,0,background
2766,manipur,24.861112056251397,94.0328277086852,0,background
2767,manipur,23.871656676816844,94.14616424052997,0,background
2768,manipur,24.88794990775259,94.68197099278522,0,background
2769,manipur,25.2849708892971,93.77128957267159,0,background
2770,manipur,25.186838218904814,93.90780385717807,0,background
2771,manipur,23.99314934445532,93.60763836751102,0,background
2772,manipur,25.226677138048526,94.46852945905371,0,background
2773,manipur,24.783810241693104,94.17087783465564,0,background
2774,manipur,24.0668268830167,93.75944171958326,0,background
2775,manipur,25.229565582911494,94.40898384771054,0,background
2776,manipur,25.005396441301407,93.35577780193982,0,background
2777,manipur,25.025786272229517,93.74205712825481,0,background
2778,manipur,24.54250387151576,94.30346821620873,0,background
2779,manipur,24.48324501634896,93.98105811535503,0,background
2780,manipur,25.470457594463408,94.30915453363062,0,background
2781,manipur,25.21894332411854,93.4476162051431,0,background
2782,manipur,24.497707923721233,93.76204597642229,0,background
2783,manipur,25.00802852699605,93.87485324676732,0,background
2784,manipur,24.47048700679993,94.30756879730922,0,background
2785,manipur,24.948118268862515,93.83855661094904,0,background
2786,manipur,24.8270634610054,94.00489631882483,0,background
2787,manipur,25.448924020503867,94.43663068482948,0,background
2788,manipur,24.468616613267827,93.28962080157817,0,background
2789,manipur,25.219355790612457,94.38813487014204,0,background
2790,manipur,24.12982982917488,93.75122841436576,0,background
2791,manipur,25.458548713531396,94.43629198635738,0,background
2792,manipur,25.286658827178453,93.70857322199198,0,background
2793,manipur,24.15651492556039,93.85005043042467,0,background
2794,manipur,24.7869050583181,94.2633237502142,0,background
2795,manipur,25.137506013504176,93.48981127745152,0,background
2796,manipur,24.935801098572153,93.29962929874277,0,background
2797,manipur,25.50569089520983,94.0385014011997,0,background
2798,manipur,24.803711574649004,93.99499342706385,0,background
2799,manipur,25.479371288739223,94.32847107995565,0,background
2800,manipur,23.954236875587885,94.14628915402099,0,background
2801,manipur,25.0442505829532,94.69966034576532,0,background
2802,manipur,24.05696932847546,93.71698286567778,0,background
2803,manipur,24.765901721768635,93.56791887548476,0,background
2804,manipur,24.118406359545826,93.70140931367116,0,background
2805,manipur,24.796657707363146,94.03042242899713,0,background
2806,manipur,24.357712853636265,93.82286658087793,0,background
2807,manipur,24.56091396130258,93.93153387056854,0,background
2808,manipur,24.88673154673945,93.87256544468852,0,background
2809,manipur,25.055280913591268,93.35166580986936,0,background
2810,manipur,24.080136619024987,93.77590685348919,0,background
2811,manipur,24.651828785754926,94.50862253551999,0,background
2812,manipur,23.88957225527389,94.14747084124309,0,background
2813,manipur,24.61312092160108,93.84656992057228,0,background
2814,manipur,24.87836914131214,93.39487019921962,0,background
2815,manipur,24.42622419253677,94.38183471345928,0,background
2816,manipur,24.440188534234807,93.71098324095146,0,background
2817,manipur,25.259754612097826,94.37172888284452,0,background
2818,manipur,25.068287373366754,93.96194611792939,0,background
2819,manipur,25.45904628119139,94.33809819664133,0,background
2820,manipur,25.229616850474773,93.8957445856041,0,background
2821,manipur,24.6255876400342,94.48829382932192,0,background
2822,manipur,24.482328629976482,94.04358016532463,0,background
2823,manipur,24.75271771017415,94.47670543164915,0,background
2824,manipur,23.945013711333974,93.81490049036724,0,background
2825,manipur,25.158541433291344,94.65820679321811,0,background
2826,manipur,24.517851430919045,94.33271926845904,0,background
2827,manipur,23.995943482666796,94.18860093610391,0,background
2828,manipur,25.226889507068194,94.20867128400914,0,background
2829,manipur,25.01144889891926,94.65780029990978,0,background
2830,manipur,25.243060841287527,93.95092166540823,0,background
2831,manipur,24.83934968788358,93.96600140992516,0,background
2832,manipur,24.72284660192877,93.87668845090474,0,background
2833,manipur,24.17716993736073,93.70188724750356,0,background
2834,manipur,25.03228860439583,93.96261569279442,0,background
2835,manipur,24.657059572679138,93.86899378093983,0,background
2836,manipur,25.00040384072868,93.87991506522657,0,background
2837,manipur,24.88683515520552,93.40043833831163,0,background
2838,manipur,25.018939362341168,93.81036187722603,0,background
2839,manipur,25.264311405095707,94.19769022690308,0,background
2840,manipur,24.467347353793514,94.34439369667514,0,background
2841,manipur,24.86897907894791,94.02156440530152,0,background
2842,manipur,24.909661840074683,94.0842800580107,0,background
2843,manipur,24.577831162105493,93.57916684193897,0,background
2844,manipur,25.28649638963608,93.88637609577997,0,background
2845,manipur,24.94115530256504,93.8537490621658,0,background
2846,manipur,25.035566825775785,93.75622477889,0,background
2847,manipur,25.042931778623377,93.96578796027023,0,background
2848,manipur,24.959274427339185,93.31601260841533,0,background
2849,manipur,24.78448566280976,93.98043160892325,0,background
2850,manipur,24.428757440264462,93.96959755274378,0,background
2851,manipur,24.209359787744578,93.70429015138696,0,background
2852,manipur,25.305525354276952,94.59515072511057,0,background
2853,manipur,25.320078744179774,93.75766431947878,0,background
2854,manipur,25.221102200727316,93.49730891380173,0,background
2855,manipur,24.957553231929694,94.07049942597399,0,background
2856,manipur,24.24398377871461,93.73371515523579,0,background
2857,manipur,24.0749332846837,93.74725330207349,0,background
2858,manipur,24.663899980985725,94.07388647342806,0,background
2859,manipur,24.447979279170315,93.68825036931887,0,background
2860,manipur,24.094729715712184,93.62305848237118,0,background
2861,manipur,24.422131452964955,94.31581374874328,0,background
2862,manipur,25.261236016607384,94.24134354769811,0,background
2863,manipur,24.856102815887745,93.31274916104415,0,background
2864,manipur,24.61010455058353,93.86749255275849,0,background
2865,manipur,25.092584515738594,94.02325570975836,0,background
2866,manipur,25.368982305314482,93.97227072117731,0,background
2867,manipur,24.456862758080252,93.41408476810234,0,background
2868,manipur,24.531979575736614,93.87126936453117,0,background
2869,manipur,25.149347960785487,94.1848207680937,0,background
2870,manipur,24.936892191036883,93.29242228316947,0,background
2871,manipur,24.671169465978824,93.83234328839936,0,background
2872,manipur,24.413821513209832,93.94937576471888,0,background
2873,manipur,25.14297621275634,94.20557694265189,0,background
2874,manipur,24.192031212389693,93.70985316438112,0,background
2875,manipur,23.887012718657264,94.1547256633618,0,background
2876,manipur,24.03228692495614,93.65329303739696,0,background
2877,manipur,24.7467068063991,94.52882554401951,0,background
2878,manipur,25.47899101558585,93.84825676519412,0,background
2879,manipur,24.604918035071446,93.90716619568671,0,background
2880,manipur,24.76146258883273,94.47983559713867,0,background
2881,manipur,23.981751173175567,94.11092985842512,0,background
2882,manipur,24.961405428422307,93.2735634542474,0,background
2883,manipur,25.350224437805526,93.91260173668276,0,background
2884,manipur,24.490075697828857,93.94073474295193,0,background
2885,manipur,25.48995228013003,94.4725493057363,0,background
2886,manipur,24.73756039298454,94.51520540578827,0,background
2887,manipur,24.121016816264703,93.8338614590007,0,background
2888,manipur,24.976077583199157,93.38160237003486,0,background
2889,manipur,24.951125013622452,93.92171186182705,0,background
2890,manipur,25.14407331997862,94.67591174352513,0,background
2891,manipur,24.743400681837173,93.81725963454538,0,background
2892,manipur,25.090263540385514,93.6920448011105,0,background
2893,manipur,24.110314539902863,93.67494451662567,0,background
2894,manipur,24.154674244561164,93.77777137937359,0,background
2895,manipur,23.97363441883411,94.11631355995512,0,background
2896,manipur,25.360409670624996,93.86881490567832,0,background
2897,manipur,25.030919087643532,94.73900629122929,0,background
2898,manipur,24.298657441288942,93.22326972718052,0,background
2899,manipur,24.459604106694172,93.30313974435617,0,background
2900,manipur,25.38923773899451,94.38767563813497,0,background
2901,manipur,24.653666132631958,93.84170233962104,0,background
2902,manipur,24.479025230018937,94.04391853251887,0,background
2903,manipur,24.9382502904735,93.274996783612,0,background
2904,manipur,24.682125026063403,94.46264675845741,0,background
2905,manipur,24.03439906145302,93.86759605447331,0,background
2906,manipur,24.52925002127863,93.4607410857651,0,background
2907,manipur,25.384276102585215,93.74674655264914,0,background
2908,manipur,25.388913941117778,93.77710194796029,0,background
2909,manipur,24.57572647848167,93.8857300163698,0,background
2910,manipur,24.171125862593588,93.76924408056267,0,background
2911,manipur,25.11656433605743,93.45770060111145,0,background
2912,manipur,24.250377156596887,93.74157185922161,0,background
2913,manipur,24.471865849682896,94.05870435406598,0,background
2914,manipur,25.14043002855859,93.46214177405345,0,background
2915,manipur,25.218193184269982,94.23299754787493,0,background
2916,manipur,25.32022064722732,93.77186713063423,0,background
2917,manipur,24.651354449903298,93.93911615792835,0,background
2918,manipur,24.596391023853982,93.55150253516554,0,background
2919,manipur,24.069405281590143,93.69501298423532,0,background
2920,manipur,24.62114047751822,93.94680390586794,0,background
2921,manipur,24.420298490817554,93.4235634198578,0,background
2922,manipur,25.21867848818611,93.90321924344784,0,background
2923,manipur,24.222128649275323,93.72056749374478,0,background
2924,manipur,24.803794221517986,94.01464721757577,0,background
2925,manipur,25.265844601490297,93.75112564304207,0,background
2926,manipur,23.87007968054724,94.1230983469044,0,background
2927,manipur,25.067232724467576,93.90443482841556,0,background
2928,manipur,25.26776920439751,94.24499557374492,0,background
2929,manipur,25.281911844678444,93.69043110776465,0,background
2930,manipur,25.339416799273106,93.72297955862756,0,background
2931,manipur,25.18305199858232,93.85753837185992,0,background
2932,manipur,24.638695028281592,94.09688185399085,0,background
2933,manipur,25.430252441252932,94.23738979372118,0,background
2934,manipur,25.51199702834057,93.81326913326279,0,background
2935,manipur,24.57831403207954,93.50449520342188,0,background
2936,manipur,24.49912286248117,94.28545701228032,0,background
2937,manipur,25.45470288805565,94.27017216990824,0,background
2938,manipur,24.955491833132896,93.89973442620214,0,background
2939,manipur,25.13087238562853,94.69766095887609,0,background
2940,manipur,24.75159073709824,94.00804282940703,0,background
2941,manipur,24.98620050641871,93.34206654768263,0,background
2942,manipur,25.045622347915103,93.34261670972231,0,background
2943,manipur,24.858861544885908,93.37696718199209,0,background
2944,manipur,24.519489605926555,93.88359390530937,0,background
2945,manipur,24.884544017246217,93.33187518608419,0,background
2946,manipur,25.053291039174802,93.80345218529553,0,background
2947,manipur,24.98538255508727,93.79890700121089,0,background
2948,manipur,24.126860362289122,93.18421777164619,0,background
2949,manipur,24.004578788678142,93.7360903359354,0,background
2950,manipur,25.03769695214952,94.73816540369987,0,background
2951,manipur,25.03415100149282,93.9149664052705,0,background
2952,manipur,24.49648404687102,94.31245126392551,0,background
2953,manipur,25.034241406233853,93.70255720365752,0,background
2954,manipur,24.171992612482704,93.66172847184703,0,background
2955,manipur,25.094432517641344,93.71059521073445,0,background
2956,manipur,24.738955791540164,93.97596617381771,0,background
2957,manipur,25.02548663101852,94.73679297061211,0,background
2958,manipur,24.418740975205043,93.45815943286281,0,background
2959,manipur,25.264359649402415,94.41295672678851,0,background
2960,manipur,23.976807635073936,93.77945675898687,0,background
2961,manipur,24.371083310075306,94.30958922434982,0,background
2962,manipur,24.5595860769865,93.49710415604517,0,background
2963,manipur,24.143376870323458,93.82899353668846,0,background
2964,manipur,24.090453293514326,93.79746368439567,0,background
2965,manipur,24.732175604632193,94.03724812403166,0,background
2966,manipur,25.18566514511594,93.4679128551554,0,background
2967,manipur,25.039174523834923,93.69134104872712,0,background
2968,manipur,24.428064150555546,93.96628913438089,0,background
2969,manipur,25.199426795094492,94.04720630213382,0,background
2970,manipur,24.96287259271752,94.09016679894347,0,background
2971,manipur,24.844386969592005,93.95306174585643,0,background
2972,manipur,24.495629244679815,93.22656540273897,0,background
2973,manipur,24.00330609417378,93.88962216991372,0,background
2974,manipur,24.003689557552555,93.86531149473606,0,background
2975,manipur,23.839606957326655,94.12993404407555,0,background
2976,manipur,24.161077207384473,93.7598547485895,0,background
2977,manipur,24.918817603922815,93.84980575834452,0,background
2978,manipur,24.517926727932604,94.27037431545402,0,background
2979,manipur,25.373695341338266,93.93635111964927,0,background
2980,manipur,24.724096056649756,93.78345736490822,0,background
2981,manipur,24.450718753994458,94.34033428694026,0,background
2982,manipur,25.480147569849077,94.31913169908219,0,background
2983,manipur,25.247415388741285,94.42361764991139,0,background
2984,manipur,24.478476127793357,93.93990608858638,0,background
2985,manipur,24.620053703666017,93.82047425170656,0,background
2986,manipur,24.656989122932547,93.90460888323176,0,background
2987,manipur,25.206474289521033,94.25238247279164,0,background
2988,manipur,24.463936434780322,93.7803221717463,0,background
2989,manipur,24.996718890547285,93.30263006151871,0,background
2990,manipur,25.13624730140477,94.18474047884229,0,background
2991,manipur,24.770245058959013,94.28091295734185,0,background
2992,manipur,25.00550828579821,93.76408878580366,0,background
2993,manipur,25.421719966049086,93.82743044444723,0,background
2994,manipur,25.2883942072324,94.38542513190893,0,background
2995,manipur,24.07746581193287,93.71115582010383,0,background
2996,manipur,24.998390614716797,93.83263033111032,0,background
2997,manipur,25.235737168726786,93.52632267616714,0,background
2998,manipur,24.373955684693037,93.81087844404883,0,background
2999,manipur,24.61524849007499,94.43635454558488,0,background
3000,manipur,24.66580002135892,94.46331706539875,0,background
3001,manipur,24.26199871277616,93.48364420838723,0,background
3002,manipur,24.65235631182598,93.85224492762397,0,background
3003,manipur,24.18541069378025,93.65073424666772,0,background
3004,manipur,23.981896587325686,94.14315088947177,0,background
3005,manipur,25.47083277909674,94.48308809095494,0,background
3006,manipur,24.22090188246658,93.76600256295038,0,background
3007,manipur,24.645661003450673,93.98826273017318,0,background
3008,manipur,25.273864199008045,94.18336388211608,0,background
3009,manipur,24.909074567558253,94.66227533122584,0,background
3010,manipur,24.546610876588232,93.47495319051589,0,background
3011,manipur,25.454366033104165,94.3215972397232,0,background
3012,manipur,24.40342878180072,93.43653928873734,0,background
3013,manipur,24.63258907699876,94.52581757390381,0,background
3014,manipur,24.202435177457787,93.74915403048827,0,background
3015,manipur,24.648406728705385,93.94716803728456,0,background
3016,manipur,24.46337817810778,94.3729911879475,0,background
3017,manipur,24.334444241471093,94.32524560150384,0,background
3018,manipur,24.539659303448147,94.24564576830385,0,background
3019,manipur,24.67215696585411,93.9746458884776,0,background
3020,manipur,25.23315364417327,94.37308107898241,0,background
3021,manipur,24.65866757757671,93.861422642862,0,background
3022,manipur,25.034286069349694,93.90214974566652,0,background
3023,manipur,24.377414446728032,93.87832890095203,0,background
3024,manipur,24.624823764846397,94.01776437617572,0,background
3025,manipur,24.871379366607883,93.38327677865024,0,background
3026,manipur,24.92102026456213,94.65397027458755,0,background
3027,manipur,24.00571623918043,93.61400060315908,0,background
3028,manipur,25.221797476045793,94.4230789353369,0,background
3029,manipur,25.13707489963893,93.5044705299966,0,background
3030,manipur,24.73778798465296,93.9982231660461,0,background
3031,manipur,24.122108386410122,93.7354341339881,0,background
3032,manipur,24.898645672072682,93.83971660231926,0,background
3033,manipur,24.767057129087718,94.16078515652464,0,background
3034,manipur,24.57868212090547,93.97890278224703,0,background
3035,manipur,25.24560950783983,93.93800994607278,0,background
3036,manipur,24.58032440429932,93.8736146186872,0,background
3037,manipur,25.08383214535493,93.56086221551121,0,background
3038,manipur,24.68100210075049,94.0093156444204,0,background
3039,manipur,24.833354556811297,93.82162583595145,0,background
3040,manipur,24.63394707386475,94.44361526151859,0,background
3041,manipur,25.065673840702974,93.67809664194029,0,background
3042,manipur,25.179177673406617,93.52166799353846,0,background
3043,manipur,25.251093215090137,94.34125428146709,0,background
3044,manipur,24.122593523053812,94.18652446409223,0,background
3045,manipur,24.493515302341272,93.50172309592075,0,background
3046,manipur,24.177849306754332,93.11259672040667,0,background
3047,manipur,24.885573848055305,94.67489310753506,0,background
3048,manipur,24.061396484852473,93.68621483510758,0,background
3049,manipur,25.2551142065468,93.92146694230594,0,background
3050,manipur,24.200792758765115,93.13184101532222,0,background
3051,manipur,25.16539198412597,93.57535485027395,0,background
3052,manipur,24.03246320540648,93.75173562934789,0,background
3053,manipur,24.89400773521147,93.9211310403083,0,background
3054,manipur,25.292102808210863,94.40123936013336,0,background
3055,manipur,24.77178553058988,93.95486749757181,0,background
3056,manipur,23.944193129101915,93.85432828540688,0,background
3057,manipur,24.722328913855605,93.85118393708392,0,background
3058,manipur,24.70490602137405,93.80537805300571,0,background
3059,manipur,24.42468942668391,93.21024677712921,0,background
3060,manipur,24.962072983629568,93.35576040849566,0,background
3061,manipur,24.25571972401596,94.1793889056769,0,background
3062,manipur,25.193560059750794,93.46619453175938,0,background
3063,manipur,24.376797052541406,93.89922583338047,0,background
3064,manipur,24.78669511883677,94.18939059877496,0,background
3065,manipur,24.483630892151453,93.27279776280388,0,background
3066,manipur,24.203333504960106,93.73970094904261,0,background
3067,manipur,24.25465053698477,93.73131632057613,0,background
3068,manipur,24.932743019625143,94.70336809206998,0,background
3069,manipur,24.124142941642504,93.70114387630845,0,background
3070,manipur,25.278312081426776,93.67409204828425,0,background
3071,manipur,25.290631756401837,93.82083580403285,0,background
3072,manipur,24.7880611325181,93.83856934823916,0,background
3073,manipur,25.029339539805,93.79518596764375,0,background
3074,manipur,24.54793987677984,93.92017231089834,0,background
3075,manipur,25.07201692819104,93.91833176969993,0,background
3076,manipur,25.427310838191637,94.36687840771256,0,background
3077,manipur,24.938789090013,93.91987105188618,0,background
3078,manipur,24.376981619893115,93.77794964018044,0,background
3079,manipur,24.036996568355846,93.64971547556198,0,background
3080,manipur,25.442266539004535,93.80847733304638,0,background
3081,manipur,25.014941474609135,93.8792756302023,0,background
3082,manipur,24.87694628615602,94.03251242607567,0,background
3083,manipur,25.45167805012512,94.28319464330194,0,background
3084,manipur,24.663300933581173,93.48296413821892,0,background
3085,manipur,24.603826567873316,94.48265758110675,0,background
3086,manipur,24.74033043005126,93.55583171282608,0,background
3087,manipur,24.20210935019841,93.77779880749283,0,background
3088,manipur,24.460187106726043,93.47008290245908,0,background
3089,manipur,24.60820892107239,94.21307840088866,0,background
3090,manipur,25.112467335232274,93.55804345277934,0,background
3091,manipur,24.968449190141637,93.4098390124464,0,background
3092,manipur,24.081067040897132,93.44834064358126,0,background
3093,manipur,24.427310981060444,94.01319894222205,0,background
3094,manipur,25.404522441359223,93.8564963157675,0,background
3095,manipur,24.700228086658548,93.83496254002856,0,background
3096,manipur,25.28973737020678,93.8824199964094,0,background
3097,manipur,25.541525638304837,94.41843246622416,0,background
3098,manipur,24.60923583472204,94.01325939676656,0,background
3099,manipur,24.675114842485723,93.9795736346451,0,background
3100,manipur,24.248539520167586,93.7291119771473,0,background
3101,manipur,24.352575721556207,93.45388590711089,0,background
3102,manipur,24.633282974630664,94.09173023504296,0,background
3103,manipur,24.47118589425836,93.4783072365441,0,background
3104,manipur,25.458772893525495,94.2665673216911,0,background
3105,manipur,24.51822507126385,94.31945283850632,0,background
3106,manipur,24.386885589019244,93.59120998911409,0,background
3107,manipur,25.232824903926595,93.53689576579151,0,background
3108,manipur,25.01226416287452,93.45036232923584,0,background
3109,manipur,24.54397057602027,93.9990981737709,0,background
3110,manipur,24.086322469222644,93.4369285092696,0,background
3111,manipur,25.000955714728153,94.71231869259964,0,background
3112,manipur,24.67820430406355,93.83949703242388,0,background
3113,manipur,23.96602501503192,93.86362139355364,0,background
3114,manipur,24.262608801462402,93.79273407706896,0,background
3115,manipur,24.3387780535197,93.42878109045047,0,background
3116,manipur,25.013888975973146,93.33868042061972,0,background
3117,manipur,24.932728604536187,93.34628429562015,0,background
3118,manipur,24.64768109726224,93.98077898581117,0,background
3119,manipur,24.52561149661711,94.39940041359033,0,background
3120,manipur,25.152597284997977,94.5681314717425,0,background
3121,manipur,25.434166949788054,94.32973183871594,0,background
3122,manipur,25.15028807799638,94.22833116677107,0,background
3123,manipur,24.923525718984948,93.89080877157636,0,background
3124,manipur,24.445574609289324,93.42903435544666,0,background
3125,manipur,24.681722267555287,93.87607274895433,0,background
3126,manipur,24.18673413368508,93.79226243004382,0,background
3127,manipur,24.874627192157305,93.30103852547809,0,background
3128,manipur,25.106737029926574,94.02543901680626,0,background
3129,manipur,24.20114445746248,93.81780895706687,0,background
3130,manipur,24.163802295683197,93.12831461638876,0,background
3131,manipur,24.44875193886204,94.340010988407,0,background
3132,manipur,24.116398920002272,93.7929678624521,0,background
3133,manipur,25.041900739748836,94.73375657967782,0,background
3134,manipur,24.56416661256075,94.28413594510923,0,background
3135,manipur,25.542100946448283,94.42574108899345,0,background
3136,manipur,25.347095781327376,93.85617084801245,0,background
3137,manipur,24.425491827418348,93.52265654633864,0,background
3138,manipur,24.076591857323624,93.74232843393224,0,background
3139,manipur,25.235844834369342,93.7494277646274,0,background
3140,manipur,25.29571436011995,94.43610633348538,0,background
3141,manipur,25.180305579397288,93.42656107356521,0,background
3142,manipur,25.293298548170643,94.40309453210563,0,background
3143,manipur,24.919569624679045,93.5776596016427,0,background
3144,manipur,25.031780963425245,94.70960821808218,0,background
3145,manipur,24.15953620409951,93.77480728948638,0,background
3146,manipur,25.101715437405296,93.4642721034306,0,background
3147,manipur,25.16980963497547,94.3979274839193,0,background
3148,manipur,24.99529746723758,93.96485407082044,0,background
3149,manipur,25.29020057455204,93.95919855377197,0,background
3150,manipur,24.98212602399436,94.10249440460832,0,background
3151,manipur,24.275805583148255,93.22588124435232,0,background
3152,manipur,25.237976998537736,93.75827962238,0,background
3153,manipur,23.875840688035847,94.14674304231762,0,background
3154,manipur,24.423045313307405,93.46401713661324,0,background
3155,manipur,25.026863841457637,93.34515853869644,0,background
3156,manipur,25.35867133585187,93.9188655713655,0,background
3157,manipur,24.982082860501308,93.96754668134263,0,background
3158,manipur,24.99500448345798,94.06993581278701,0,background
3159,manipur,24.272838530125547,94.1728001834623,0,background
3160,manipur,25.289414236564927,93.89440365811238,0,background
3161,manipur,24.11090840568031,93.76835206631071,0,background
3162,manipur,24.500971228210776,94.4304144060096,0,background
3163,manipur,24.006971188568535,93.75403730584695,0,background
3164,manipur,25.171637059019286,93.49264013670751,0,background
3165,manipur,25.206632201146686,93.44669634947977,0,background
3166,manipur,24.44181204983126,93.31238598337666,0,background
3167,manipur,24.0144120674236,94.12974324153073,0,background
3168,manipur,24.91276503075288,93.28225849512796,0,background
3169,manipur,24.65739147884347,93.99010249048739,0,background
3170,manipur,25.175507351116934,93.79401234744837,0,background
3171,manipur,24.0944654890892,93.18699931318562,0,background
3172,manipur,24.427103237284047,93.98439136634371,0,background
3173,manipur,24.762713395227976,93.8701830202788,0,background
3174,manipur,24.18588958344217,93.65306632711469,0,background
3175,manipur,25.068632214948085,93.95813153914531,0,background
3176,manipur,25.346509386796253,94.4232050508096,0,background
3177,manipur,25.47820729908154,93.83437875957063,0,background
3178,manipur,24.653762458362856,93.81126963448888,0,background
3179,manipur,24.539088167371244,93.44954984856315,0,background
3180,manipur,24.44477894401714,93.41830284482005,0,background
3181,manipur,25.481358790095165,94.29488035056266,0,background
3182,manipur,24.42408544570664,93.43125820996366,0,background
3183,manipur,24.688894750300566,93.74197520815383,0,background
3184,manipur,24.62685599422645,93.77532168180097,0,background
3185,manipur,24.652871577146207,94.51814164959514,0,background
3186,manipur,24.732341806702337,94.05103185952585,0,background
3187,manipur,25.12480266651655,94.17975590615379,0,background
3188,manipur,24.920975683440982,93.36168548066345,0,background
3189,manipur,24.306354071243806,93.88138042962457,0,background
3190,manipur,24.10887262832945,93.63906740446592,0,background
3191,manipur,24.84229251414066,93.33701145453827,0,background
3192,manipur,24.702129910980293,93.97637601792034,0,background
3193,manipur,24.66073441457734,93.94578084021713,0,background
3194,manipur,25.03054824376226,94.73723593777636,0,background
3195,manipur,25.250287374517544,94.4541374935642,0,background
3196,manipur,24.253451078869677,94.18708442120337,0,background
3197,manipur,25.15184893810148,94.05204635673681,0,background
3198,manipur,24.412923449292354,93.19684512473354,0,background
3199,manipur,25.15548851724932,93.58498678272117,0,background
3200,manipur,25.03999501336936,94.72652996159857,0,background
3201,manipur,24.090818808778486,93.73631254223277,0,background
3202,manipur,24.39962807669296,94.3288831755385,0,background
3203,manipur,25.27731018687356,94.19930981893933,0,background
3204,manipur,25.23518986945903,94.41821525822813,0,background
3205,manipur,24.635937018347686,93.93223768788464,0,background
3206,manipur,24.57439662536417,93.96088791558631,0,background
3207,manipur,24.364876890038456,94.35902724785129,0,background
3208,manipur,24.70484027932878,93.3908761393377,0,background
3209,manipur,24.618023733306874,93.87893420082874,0,background
3210,manipur,24.398074381732332,93.57673671940957,0,background
3211,manipur,24.929096717237517,93.34108299205495,0,background
3212,manipur,25.192890063717112,94.1838775413769,0,background
3213,manipur,24.118490377095366,93.63592360571924,0,background
3214,manipur,25.02855567593644,93.35502758174253,0,background
3215,manipur,25.03915369546671,93.9301396688004,0,background
3216,manipur,24.59432087490323,94.20013267832631,0,background
3217,manipur,24.601212367413396,94.48015161927673,0,background
3218,manipur,25.06258636272931,93.89551413055733,0,background
3219,manipur,24.56638815956018,94.02248849468752,0,background
3220,manipur,24.452618826130177,93.79712782692954,0,background
3221,manipur,24.649407859072408,93.83342408200821,0,background
3222,manipur,24.654977449242057,93.3903915996898,0,background
3223,manipur,25.02293576329006,93.75219436197693,0,background
3224,manipur,24.952734736360192,93.95743153190833,0,background
3225,manipur,24.62129448215761,94.48701566848405,0,background
3226,manipur,25.276509086616276,93.80014360049111,0,background
3227,manipur,24.15113993160274,93.63860843929197,0,background
3228,manipur,24.17880576127274,93.67582887029235,0,background
3229,manipur,25.070552577054244,93.96155267953567,0,background
3230,manipur,24.491651766877865,94.3914931551462,0,background
3231,manipur,24.658099426197293,93.92620717907,0,background
3232,manipur,24.728239782534875,93.56079024983114,0,background
3233,manipur,25.238243771711996,94.29634674116322,0,background
3234,manipur,25.009534374177502,93.36021848874107,0,background
3235,manipur,24.569200582601965,94.23300584039022,0,background
3236,manipur,25.19410670412643,93.81349229148474,0,background
3237,manipur,24.66458784065154,93.92357726340421,0,background
3238,manipur,25.313669657628072,93.80848488752852,0,background
3239,manipur,24.479779823686187,93.70448499308203,0,background
3240,manipur,24.751598520389514,93.86121226768898,0,background
3241,manipur,24.5305221331234,94.0246954018628,0,background
3242,manipur,24.510914937739994,93.91009470926468,0,background
3243,manipur,24.296483949649616,93.46831049583588,0,background
3244,manipur,25.189804834337355,93.52780618853342,0,background
3245,manipur,25.412994159950912,93.77371975790338,0,background
3246,manipur,24.140714965106703,93.64877838703745,0,background
3247,manipur,24.495306363037685,94.03490119737741,0,background
3248,manipur,24.129366311237888,93.84136347389433,0,background
3249,manipur,25.462580108677297,93.9112479235466,0,background
3250,manipur,25.07594602319116,93.98872915824394,0,background
3251,manipur,24.479508076982164,93.28590430384509,0,background
3252,manipur,24.46260555959142,93.93008590669473,0,background
3253,manipur,24.90653159171295,94.04619566659179,0,background
3254,manipur,24.080499261609148,93.42469381923924,0,background
3255,manipur,24.80365601015671,94.26324543301651,0,background
3256,manipur,24.12210947684322,93.71000093927303,0,background
3257,manipur,23.98026017053509,94.16038643150519,0,background
3258,manipur,25.070313717030697,93.97936614596628,0,background
3259,manipur,24.428562606695877,93.72804319982131,0,background
3260,manipur,24.471961794514648,93.31351931588566,0,background
3261,manipur,24.393767726810882,93.90383396533313,0,background
3262,manipur,25.18655354562,93.81784450090112,0,background
3263,manipur,24.596823292182897,94.47924980506433,0,background
3264,manipur,25.512457663936047,94.46270641897247,0,background
3265,manipur,24.519813570454165,94.37260646733779,0,background
3266,manipur,25.06744440460752,93.5006196160268,0,background
3267,manipur,25.16812778950067,93.5369721690261,0,background
3268,manipur,24.256724104328903,94.1929565815477,0,background
3269,manipur,25.229014776399726,94.41199581542787,0,background
3270,manipur,24.72075409567336,94.44075924039329,0,background
3271,manipur,24.505109455436155,94.32578173495634,0,background
3272,manipur,24.997754257968854,93.91398726838932,0,background
3273,manipur,25.21484779838998,93.42749016465547,0,background
3274,manipur,24.419795295624265,94.3074580660097,0,background
3275,manipur,24.943670502407137,93.39929646179766,0,background
3276,manipur,24.005111646146826,93.7413003649616,0,background
3277,manipur,24.183465427969054,93.79345983262685,0,background
3278,manipur,24.42071670450338,94.3374974907325,0,background
3279,manipur,25.451833573719586,94.4409011339213,0,background
3280,manipur,24.002024463040563,94.19438167108893,0,background
3281,manipur,25.062345997463098,93.76839960018489,0,background
3282,manipur,24.69251290370585,93.77183591936506,0,background
3283,manipur,24.195447614577233,93.70062908858918,0,background
3284,manipur,25.46262829213289,94.47820928984135,0,background
3285,manipur,24.481249965412168,93.73520377265837,0,background
3286,manipur,24.987544915241738,93.26389672408048,0,background
3287,manipur,24.4659421818985,93.67022824101471,0,background
3288,manipur,24.989390745950676,93.41982153135021,0,background
3289,manipur,24.570096312985473,93.61665252183536,0,background
3290,manipur,24.431591115877485,93.21618478984702,0,background
3291,manipur,24.982237339145232,93.95035977153232,0,background
3292,manipur,25.43279784215921,94.38494620370226,0,background
3293,manipur,25.116917091246012,94.15507369867298,0,background
3294,manipur,25.2095897943484,93.50698473610113,0,background
3295,manipur,23.923131977968126,94.1461476717157,0,background
3296,manipur,25.09470264136465,94.69583633553934,0,background
3297,manipur,25.344988207098847,93.93574796518568,0,background
3298,manipur,25.231892026547833,93.96509211384466,0,background
3299,manipur,24.567978742212098,94.1965764567418,0,background
3300,manipur,24.633556485199794,94.4481566073591,0,background
3301,manipur,24.381483068622195,94.37147769083118,0,background
3302,manipur,24.562693019870565,94.04120967811699,0,background
3303,manipur,24.67011061896436,93.87117706312975,0,background
3304,manipur,25.00644425452143,93.81278529307785,0,background
3305,manipur,24.39542876711108,93.88967690258224,0,background
3306,manipur,24.158049502175302,93.70995480595296,0,background
3307,manipur,24.743420768184343,94.0374211563742,0,background
3308,manipur,24.98381096199056,93.25760837627108,0,background
3309,manipur,25.303841585985623,93.87694024897054,0,background
3310,manipur,24.52526552108527,93.94293538935005,0,background
3311,manipur,24.53861075706159,94.43649660601639,0,background
3312,manipur,24.486116801973747,93.47983879587179,0,background
3313,manipur,24.83602480751215,93.29440813447123,0,background
3314,manipur,24.510400495507554,93.94307725400316,0,background
3315,manipur,24.101536210157164,93.80037528568867,0,background
3316,manipur,24.714888285304426,94.31370252951479,0,background
3317,manipur,25.35605761966224,93.87988975313333,0,background
3318,manipur,24.508519131288,93.21738735726304,0,background
3319,manipur,24.494261465255494,94.09781055038943,0,background
3320,manipur,24.149131296600743,93.24059918476351,0,background
3321,manipur,25.02530275067096,93.83108898631555,0,background
3322,manipur,24.622675808356213,94.45890558021311,0,background
3323,manipur,24.42741032881005,93.49004711144042,0,background
3324,manipur,25.10196575227177,93.46976436998408,0,background
3325,manipur,24.634782976045912,94.51068076023157,0,background
3326,manipur,24.011934148958915,94.1526643333837,0,background
3327,manipur,25.146970321044545,94.22248124472287,0,background
3328,manipur,24.043353764488984,93.72421253536774,0,background
3329,manipur,24.524776742776588,94.01466311361806,0,background
3330,manipur,24.588836724543743,94.01967466956171,0,background
3331,manipur,24.025470210631113,93.69259059623226,0,background
3332,manipur,24.61589691614843,94.0112080576979,0,background
3333,manipur,24.092771446558494,93.1836075525091,0,background
3334,manipur,25.134857066097723,94.03499036958746,0,background
3335,manipur,24.9048995103219,93.29620278064999,0,background
3336,manipur,24.026956287068426,94.15772707498724,0,background
3337,manipur,25.37728831544352,93.90436846746697,0,background
3338,manipur,24.40187987463813,93.56780889123225,0,background
3339,manipur,25.44339660348191,93.82058997086196,0,background
3340,manipur,25.28290548183633,93.79459579286012,0,background
3341,manipur,25.410427919100062,94.3728917005171,0,background
3342,manipur,24.51887680990139,93.87393378081592,0,background
3343,manipur,24.7961082856592,93.99872501822216,0,background
3344,manipur,24.509345092249998,94.02834084382849,0,background
3345,manipur,25.327496635636066,93.91093729731787,0,background
3346,manipur,25.087968216768417,93.8544883800769,0,background
3347,manipur,25.52869611569495,94.0523095346974,0,background
3348,manipur,24.991664482911773,93.8414647839535,0,background
3349,manipur,24.93474608882723,93.89487508204033,0,background
3350,manipur,25.34559896921217,93.83946750269966,0,background
3351,manipur,25.229353333251968,94.20994584343477,0,background
3352,manipur,25.146739191384714,94.58519985104024,0,background
3353,manipur,25.435687382449842,94.65826675534615,0,background
3354,manipur,24.222435879201438,93.72176656356008,0,background
3355,manipur,25.177493907629064,93.5089168485967,0,background
3356,manipur,23.961274897480127,94.11597795956179,0,background
3357,manipur,24.618806654534247,93.86518539978059,0,background
3358,manipur,24.498153016157747,94.07826336967966,0,background
3359,manipur,25.07887471698362,94.18111295665457,0,background
3360,manipur,24.12185975989869,94.23594289234428,0,background
3361,manipur,25.459164893086832,94.27086458167958,0,background
3362,manipur,25.156129557548073,94.66386794081221,0,background
3363,manipur,25.358823288774598,93.93352746428316,0,background
3364,manipur,24.446482833361618,93.3178326413256,0,background
3365,manipur,25.239694855327198,93.52389610367104,0,background
3366,manipur,24.075301456024196,93.70412438535921,0,background
3367,manipur,24.07496902430531,93.45546128559063,0,background
3368,manipur,25.32322246553835,93.92918260745402,0,background
3369,manipur,25.102798313873794,94.68663272496956,0,background
3370,manipur,25.188241985456525,93.50421661420405,0,background
3371,manipur,24.27541134653657,93.49832548306351,0,background
3372,manipur,24.61347970219915,93.91626719391631,0,background
3373,manipur,24.461904568074967,93.21516691879286,0,background
3374,manipur,25.16127814417305,94.07760837931357,0,background
3375,manipur,24.63632042660454,93.77133061286392,0,background
3376,manipur,24.570771564546174,93.51060926687451,0,background
3377,manipur,25.473067285555686,94.47457843370253,0,background
3378,manipur,24.129186208758707,94.19677480768497,0,background
3379,manipur,24.365740980068516,94.30647303828982,0,background
3380,manipur,24.57777950175885,93.96337105659202,0,background
3381,manipur,25.056152353155337,93.69464178135605,0,background
3382,manipur,25.438583579283502,93.82027824320419,0,background
3383,manipur,24.371309631924795,94.29938709015455,0,background
3384,manipur,24.48555989011429,94.39040802353404,0,background
3385,manipur,25.44575860557372,94.41099732772545,0,background
3386,manipur,24.734948453291704,94.55472016899891,0,background
3387,manipur,25.425064580301832,94.40434022000848,0,background
3388,manipur,24.889841901471097,94.08480605047461,0,background
3389,manipur,24.99955921671095,93.97146518024088,0,background
3390,manipur,24.39555972146056,94.3625117805726,0,background
3391,manipur,24.335767808586564,93.44072142755863,0,background
3392,manipur,24.429519187832533,93.9691270599627,0,background
3393,manipur,24.48628540958861,93.28533410514315,0,background
3394,manipur,25.453290238891004,94.30457288004813,0,background
3395,manipur,24.456088996881363,93.45183499921218,0,background
3396,manipur,24.03415733930202,93.7060717059132,0,background
3397,manipur,24.23113622428315,93.75316854040095,0,background
3398,manipur,25.104149664617804,94.01421433190282,0,background
3399,manipur,25.3354812935923,94.60619093286623,0,background
3400,manipur,24.74779636401054,94.26583565245505,0,background
3401,manipur,24.51168107469797,94.26063919423892,0,background
3402,manipur,24.41136706349537,94.37359977380142,0,background
3403,manipur,24.558035449671884,93.9683376186199,0,background
3404,manipur,24.87779340595547,94.42153269734408,0,background
3405,manipur,24.996224494904293,93.39888032567448,0,background
3406,manipur,24.618744666214067,93.88091301835871,0,background
3407,manipur,24.748066659546847,93.99358983665007,0,background
3408,manipur,24.5382574310059,94.40504735327639,0,background
3409,manipur,24.425636438325753,94.38623160590713,0,background
3410,manipur,25.465897526732892,94.21844293908522,0,background
3411,manipur,24.898042290280415,94.10967587380988,0,background
3412,manipur,24.842104100210516,93.32152118373787,0,background
3413,manipur,25.192651971619373,94.04332885501938,0,background
3414,manipur,24.9346680665283,93.30169009139486,0,background
3415,manipur,25.266258053795923,94.24598739403727,0,background
3416,manipur,25.000774584798226,93.89169565992873,0,background
3417,manipur,25.37503751886093,93.9213802850424,0,background
3418,manipur,24.364240941785212,93.39265063781514,0,background
3419,manipur,25.472721892779344,94.22055217648703,0,background
3420,manipur,24.109235591489423,93.76411448402476,0,background
3421,manipur,24.97339240781765,93.35299155928924,0,background
3422,manipur,24.542645512285503,94.01745354748402,0,background
3423,manipur,23.954673352264304,93.84284664671941,0,background
3424,manipur,24.74213738538407,93.97050458456647,0,background
3425,manipur,25.34631841946218,93.94609781725683,0,background
3426,manipur,24.131102818600507,93.84739639575545,0,background
3427,manipur,25.24746179025911,93.7837751448096,0,background
3428,manipur,25.352706425767394,93.79024467145882,0,background
3429,manipur,24.016531276533964,93.7315586754616,0,background
3430,manipur,24.2160241963659,93.46513772012203,0,background
3431,manipur,24.89751533226544,93.34298221720199,0,background
3432,manipur,25.131239766734293,94.69824266250622,0,background
3433,manipur,24.928640271742555,93.84984416050342,0,background
3434,manipur,24.510183784456398,93.94652136152115,0,background
3435,manipur,24.502681391235512,93.94780595094413,0,background
3436,manipur,24.5358419583453,94.35576216785087,0,background
3437,manipur,24.141115725338217,93.21715309190141,0,background
3438,manipur,24.151189483140083,94.24182649236293,0,background
3439,manipur,24.72227732173639,94.53180442344112,0,background
3440,manipur,24.525039781782244,94.36259527090519,0,background
3441,manipur,25.02485698918698,93.7449440358257,0,background
3442,manipur,23.95994772314428,93.48058042776347,0,background
3443,manipur,24.42357185772335,93.46665915996235,0,background
3444,manipur,25.488484461406884,94.44218081830354,0,background
3445,manipur,24.652558990983003,93.79649023409746,0,background
3446,manipur,24.478910909677975,93.72490873530576,0,background
3447,manipur,24.944477115160964,93.86133932805873,0,background
3448,manipur,25.079833591703252,93.52191606653865,0,background
3449,manipur,24.16052350394516,93.7571399852376,0,background
3450,manipur,23.86922299607117,94.13149269188534,0,background
3451,manipur,24.185128574820002,93.67442335843873,0,background
3452,manipur,24.03531866397299,93.73298876894793,0,background
3453,manipur,24.457942943478365,94.3477981883024,0,background
3454,manipur,24.471795168296147,93.75916440017075,0,background
3455,manipur,25.355411112791135,93.79599550932572,0,background
3456,manipur,25.2388850049126,94.25742323670666,0,background
3457,manipur,25.48613013974582,94.26473726379659,0,background
3458,manipur,25.345507463498617,93.96404402935791,0,background
3459,manipur,24.201670361210006,93.71318410132402,0,background
3460,manipur,24.03269880117389,93.67420102280958,0,background
3461,manipur,24.786859664673173,94.19726129599064,0,background
3462,manipur,24.400042154399078,94.31362943861433,0,background
3463,manipur,25.54073355884525,94.02965359844373,0,background
3464,manipur,24.137413894311493,93.74363769848333,0,background
3465,manipur,25.02040362654511,94.10213134627207,0,background
3466,manipur,25.38603435922344,93.93422973749578,0,background
3467,manipur,24.770248365898777,93.99182310735493,0,background
3468,manipur,24.99937481747194,93.41790641897829,0,background
3469,manipur,24.6621184827848,93.92700503549469,0,background
3470,manipur,24.381187790439135,93.58950743314324,0,background
3471,manipur,25.135138940181676,94.0381765298016,0,background
3472,manipur,25.441500116709417,93.83510145203444,0,background
3473,manipur,25.471891246550886,93.80908682907082,0,background
3474,manipur,23.95292363927119,94.1548275718724,0,background
3475,manipur,25.146641915827917,94.56848767804797,0,background
3476,manipur,24.513247318058394,93.22106782361006,0,background
3477,manipur,24.430328768749973,93.22082883062691,0,background
3478,manipur,23.95220560070655,94.16111389627689,0,background
3479,manipur,24.610997878063074,94.03065602638522,0,background
3480,manipur,24.18349720420335,93.72023921793433,0,background
3481,manipur,24.459366583474004,94.37550063068028,0,background
3482,manipur,24.793108339917808,94.263629767983,0,background
3483,manipur,24.49696701036223,93.42925381142338,0,background
3484,manipur,24.163730731334237,93.67107013402189,0,background
3485,manipur,24.097606731180488,93.8016111914326,0,background
3486,manipur,25.137446850506024,93.45905549325298,0,background
3487,manipur,24.89209011925344,94.05770547090546,0,background
3488,manipur,25.048756707113583,94.73093050651053,0,background
3489,manipur,25.308560408098682,93.89459578119455,0,background
3490,manipur,24.40688218993554,94.00641730495296,0,background
3491,manipur,24.112567661194184,93.66300366049273,0,background
3492,manipur,24.093965345539083,93.79736629549336,0,background
3493,manipur,25.177892495854177,94.05008480804076,0,background
3494,manipur,25.12637865877823,94.02480599470722,0,background
3495,manipur,24.36517894285658,93.09448842365889,0,background
3496,manipur,24.947523231411573,93.35769855007912,0,background
3497,manipur,25.51596400016632,94.06621982891997,0,background
3498,manipur,25.304493858251057,93.88593735862189,0,background
3499,manipur,25.483665493572587,94.32202909261372,0,background
3500,manipur,25.187975920768817,94.41372705830128,0,background
3501,manipur,24.517317537648,94.32677782487404,0,background
3502,manipur,24.1722739564772,93.15890266407986,0,background
3503,manipur,24.633609994000388,94.00607681483619,0,background
3504,manipur,25.141519399251553,94.18714282981266,0,background
3505,manipur,25.40126066455777,94.3424752185281,0,background
3506,manipur,25.30500550100224,93.83849888981975,0,background
3507,manipur,25.33328866537575,93.82776958537801,0,background
3508,manipur,24.52528393945422,94.00107327530988,0,background
3509,manipur,24.348588008179647,93.85791806180207,0,background
3510,manipur,24.600925390960196,94.44777442884262,0,background
3511,manipur,24.98879129613453,93.8825781893304,0,background
3512,manipur,23.90818783198229,94.11042280305493,0,background
3513,manipur,24.467810383909484,93.73678586955079,0,background
3514,manipur,25.042555259101054,93.90683714109133,0,background
3515,manipur,24.124400489820278,93.62859631112646,0,background
3516,manipur,25.341926899083195,94.40433526088762,0,background
3517,manipur,25.418089914402564,93.91113129328141,0,background
3518,manipur,25.44893550687838,93.82196950581668,0,background
3519,manipur,25.13999475027314,94.61287077003897,0,background
3520,manipur,23.903381948062112,94.13313295708973,0,background
3521,manipur,24.73232097379494,94.55512011247745,0,background
3522,manipur,24.08180000913913,93.69717989768036,0,background
3523,manipur,25.165987294790423,93.79435695633595,0,background
3524,manipur,25.00756451826138,93.25231948941071,0,background
3525,manipur,24.573950289236894,94.0222163571625,0,background
3526,manipur,25.258040203902297,94.21748051636376,0,background
3527,manipur,24.026852566376377,94.18136321348265,0,background
3528,manipur,24.204136908764784,93.78497266832791,0,background
3529,manipur,25.42151884414798,93.93198465100913,0,background
3530,manipur,24.605294097240648,94.12899038352921,0,background
3531,manipur,24.09538059348773,94.2529177886393,0,background
3532,manipur,24.493181286399505,93.51370293948162,0,background
3533,manipur,24.46577537667496,93.5009421328826,0,background
3534,manipur,25.30140506459835,93.88056848291082,0,background
3535,manipur,24.46460149774877,93.54191623322089,0,background
3536,manipur,25.28993228117739,93.72516830010757,0,background
3537,manipur,24.835605022468478,93.99992612280016,0,background
3538,manipur,24.352951116997012,94.042243707014,0,background
3539,manipur,24.882139722689896,93.84087138580671,0,background
3540,manipur,25.274820980170947,93.71721268923912,0,background
3541,manipur,24.219983716031884,93.79214948018569,0,background
3542,manipur,24.10930807310175,93.82143563576058,0,background
3543,manipur,25.457054825845432,94.19494877944878,0,background
3544,manipur,24.744960210151014,93.96948227973115,0,background
3545,manipur,24.74450745241892,93.83961352796581,0,background
3546,manipur,24.18977859769254,93.8014334157695,0,background
3547,manipur,24.182632281508738,93.81060322605462,0,background
3548,manipur,24.951020735430603,93.9144081756466,0,background
3549,manipur,24.586570235818353,93.53957202325746,0,background
3550,manipur,24.431226314426702,93.89634183891462,0,background
3551,manipur,25.47113693991394,94.47828240966328,0,background
3552,manipur,24.359503794018604,94.35583101256915,0,background
3553,manipur,24.51044224720409,93.86907874862285,0,background
3554,manipur,25.455331329871758,94.62352476024408,0,background
3555,manipur,25.001472748933057,94.0690523011985,0,background
3556,manipur,25.307625806428913,94.26995714372829,0,background
3557,manipur,24.704293006810488,94.46689702850576,0,background
3558,manipur,24.96917727731249,94.28855618164899,0,background
3559,manipur,24.739214291863398,94.5302545035414,0,background
3560,manipur,25.10430225307656,94.16208557564607,0,background
3561,manipur,24.759569747423964,93.87116790237107,0,background
3562,manipur,25.369844891383977,93.81608429292694,0,background
3563,manipur,24.99999642356497,93.28592040838754,0,background
3564,manipur,24.420066847724577,93.42674083265932,0,background
3565,manipur,25.530321454036013,94.44759114709434,0,background
3566,manipur,25.375901897879995,93.85865687576002,0,background
3567,manipur,24.709136077105544,94.04495832992781,0,background
3568,manipur,25.459581117890792,94.47299946111377,0,background
3569,manipur,25.016029435687418,94.08973310679609,0,background
3570,manipur,25.343155457606873,93.80925303719488,0,background
3571,manipur,24.634277065777923,93.8136069665253,0,background
3572,manipur,24.74459695522377,93.87719011482682,0,background
3573,manipur,24.183157259454422,93.81893103457053,0,background
3574,manipur,25.100595022508923,93.50340026199328,0,background
3575,manipur,24.16807671534109,93.71341650927499,0,background
3576,manipur,25.2091936051148,93.51082220060489,0,background
3577,manipur,24.855467897951243,93.38027727438435,0,background
3578,manipur,24.177411386610267,93.79147028891617,0,background
3579,manipur,24.42645176091318,93.7916586286021,0,background
3580,manipur,24.10857750971071,93.69652800583974,0,background
3581,manipur,25.138517735999237,94.2229403506951,0,background
3582,manipur,24.46771213903625,93.21234597101035,0,background
3583,manipur,25.440392794567128,93.84259055360066,0,background
3584,manipur,24.874474802589518,93.37859095093528,0,background
3585,manipur,24.377864845515703,94.01216101945653,0,background
3586,manipur,24.17107515392432,93.80461605576423,0,background
3587,manipur,24.432048884416886,93.2662084528189,0,background
3588,manipur,24.556610334339233,94.4244415150308,0,background
3589,manipur,24.534058688946228,94.4057611336925,0,background
3590,manipur,25.082025109363535,93.69867544861327,0,background
3591,manipur,24.10843964755794,93.75636536802674,0,background
3592,manipur,24.69021074495637,93.79838810050386,0,background
3593,manipur,24.880736399226514,93.83033448333227,0,background
3594,manipur,25.188334956247818,93.87861598451114,0,background
3595,manipur,25.196507297058282,94.19896131962761,0,background
3596,manipur,24.73851427243806,94.49918982595534,0,background
3597,manipur,25.23866282528678,94.38730537523465,0,background
3598,manipur,24.751043423828865,93.83280737772003,0,background
3599,manipur,24.611646057759735,93.82255206549407,0,background
3600,manipur,24.127119044870792,93.64442979801635,0,background
3601,manipur,24.13052284997766,93.79070365398731,0,background
3602,manipur,24.039585264011198,94.20436318238895,0,background
3603,manipur,25.122603698813418,94.2601580068296,0,background
3604,manipur,24.453645272747714,93.80692634071774,0,background
3605,manipur,24.527473406168752,94.26806336049535,0,background
3606,manipur,25.038724788898147,93.77938233634342,0,background
3607,manipur,24.119599193842227,93.80686546559042,0,background
3608,manipur,25.04953607008145,93.64860111929372,0,background
3609,manipur,24.335982762623875,93.45106738011131,0,background
3610,manipur,24.77188922897664,93.9568604450337,0,background
3611,manipur,24.60680396626204,94.23976827723845,0,background
3612,manipur,25.19348521444776,93.50553037812558,0,background
3613,manipur,25.246417045435358,93.95331389030606,0,background
3614,manipur,24.74757112495332,94.47801398666728,0,background
3615,manipur,24.61810006726293,94.45295473226675,0,background
3616,manipur,25.13717837633038,93.85119990481854,0,background
3617,manipur,25.152878491364383,94.03168688775882,0,background
3618,manipur,24.450694242459917,93.67180313482015,0,background
3619,manipur,25.066042234933978,93.76117335381701,0,background
3620,manipur,24.57323422434426,93.98505071614095,0,background
3621,manipur,25.286662728388322,94.45513519417037,0,background
3622,manipur,25.37414162023922,93.92437059740963,0,background
3623,manipur,24.45271779909478,93.50502599290243,0,background
3624,manipur,25.355832750560616,93.69537958071528,0,background
3625,manipur,24.56709816519528,94.23148342786534,0,background
3626,manipur,25.358277584996202,93.98746393698309,0,background
3627,manipur,24.42901990951776,93.79608128033131,0,background
3628,manipur,25.048646590356274,93.95383741241946,0,background
3629,manipur,24.376136506027894,94.35396546301406,0,background
3630,manipur,24.73200264595467,94.44942989403849,0,background
3631,manipur,24.469801811221718,93.22708330439517,0,background
3632,manipur,25.454448516111825,94.20271780702436,0,background
3633,manipur,24.540541056995192,94.34162070596368,0,background
3634,manipur,24.060697306311244,94.19884850085107,0,background
3635,manipur,24.61045942690105,93.82737671089679,0,background
3636,manipur,24.99048040139164,94.6897916742023,0,background
3637,manipur,24.42141997029066,93.47542846315443,0,background
3638,manipur,24.79510468939711,93.96647318733486,0,background
3639,manipur,25.143966841418358,94.68890497194994,0,background
3640,manipur,24.749862334916145,93.99923432222997,0,background
3641,manipur,24.98437278257593,93.94020199615952,0,background
3642,manipur,24.934316194831876,93.25103762652857,0,background
3643,manipur,24.746790341197322,93.83245750710675,0,background
3644,manipur,24.16381298685049,93.17893254607885,0,background
3645,manipur,24.43111137933313,94.3193078232238,0,background
3646,manipur,24.688980983686125,94.50519820248859,0,background
3647,manipur,24.602573222781132,94.04804625833881,0,background
3648,manipur,24.68674907757114,93.37968365617864,0,background
3649,manipur,25.247009768018277,93.749868455825,0,background
3650,manipur,24.434695875791505,94.32684621131308,0,background
3651,manipur,25.452247814096136,94.44728291869866,0,background
3652,manipur,24.4825827992014,93.97441289567605,0,background
3653,manipur,24.365631554795094,93.10269764033401,0,background
3654,manipur,25.06734068446083,93.73354267528767,0,background
3655,manipur,25.062290065398244,94.71403341161263,0,background
3656,manipur,24.574017165686477,94.28263083596123,0,background
3657,manipur,24.478841416636993,93.68526113162132,0,background
3658,manipur,24.197428304876382,93.73042632310464,0,background
3659,manipur,25.003177177532454,94.68319981112263,0,background
3660,manipur,24.636924389048755,94.02363845755977,0,background
3661,manipur,24.42231237660375,94.31762694373674,0,background
3662,manipur,25.508552964194728,93.82286609523182,0,background
3663,manipur,24.429109915804897,93.5060057197365,0,background
3664,manipur,24.81900199105836,94.45362368685639,0,background
3665,manipur,25.06601417078529,93.96481810170128,0,background
3666,manipur,24.63378068381549,93.83061963023219,0,background
3667,manipur,25.08132028451629,94.00883859676513,0,background
3668,manipur,25.324187004402024,93.87939915060807,0,background
3669,manipur,25.124694363469686,94.16144826674973,0,background
3670,manipur,24.296629731833253,93.40320394902878,0,background
3671,manipur,25.392051934546373,93.82767195781065,0,background
3672,manipur,24.3277440923946,93.43860975507413,0,background
3673,manipur,25.378719097511066,94.00024271834944,0,background
3674,manipur,25.0040533856861,93.8394374296819,0,background
3675,manipur,25.15801934738811,93.52306400660588,0,background
3676,manipur,24.587144363244175,93.90306117643843,0,background
3677,manipur,24.793362243259665,93.83988982317972,0,background
3678,manipur,24.64521625981538,93.79965699549527,0,background
3679,manipur,25.350677271510335,93.75842514396231,0,background
3680,manipur,25.339538097936806,93.94589026950493,0,background
3681,manipur,24.723090521685926,94.43008200808985,0,background
3682,manipur,24.853364537207245,93.29146223161437,0,background
3683,manipur,24.50288612170457,94.36553240745127,0,background
3684,manipur,24.492128514684108,93.88565829933441,0,background
3685,manipur,24.6089771617733,93.51312545590646,0,background
3686,manipur,24.966739206113946,94.29081890845183,0,background
3687,manipur,24.4532855119781,93.74471770910856,0,background
3688,manipur,24.837612748777968,94.00872188244078,0,background
3689,manipur,24.49663577202238,93.28959265609787,0,background
3690,manipur,23.868329721789504,94.10993542573284,0,background
3691,manipur,25.057353903040053,94.70586920776908,0,background
3692,manipur,25.431085277934752,94.33307161970501,0,background
3693,manipur,25.02688190584573,93.94572993277338,0,background
3694,manipur,24.31013999996726,93.4793313869779,0,background
3695,manipur,24.06586134304282,94.23018340934077,0,background
3696,manipur,24.394706580271105,93.38813228390872,0,background
3697,manipur,23.925926550923162,94.14826616445667,0,background
3698,manipur,24.402321446864242,93.39331431081436,0,background
3699,manipur,25.063621653848365,93.92631098591804,0,background
3700,manipur,24.180988051910653,93.83691367762542,0,background
3701,manipur,25.3182110979602,93.71732442285422,0,background
3702,manipur,24.996064092948778,94.56156578956973,0,background
3703,manipur,25.29348335767555,93.89857445029756,0,background
3704,manipur,23.934389540676158,94.15873903790236,0,background
3705,manipur,24.08236708148753,94.23010226963927,0,background
3706,manipur,25.32282927632281,94.58774927424854,0,background
3707,manipur,24.41179503470131,94.01596634631954,0,background
3708,meghalaya,25.630779312577616,90.64928507745802,0,background
3709,meghalaya,25.811430828612405,91.57719930566876,0,background
3710,meghalaya,25.347211679507716,92.19711033274972,0,background
3711,meghalaya,25.51520625565931,89.93538488671062,0,background
3712,meghalaya,25.801912583311704,90.8180128204382,0,background
3713,meghalaya,25.560743721790853,89.92990074040017,0,background
3714,meghalaya,25.3866058793807,89.99536764219452,0,background
3715,meghalaya,25.804526214344587,91.70622075998821,0,background
3716,meghalaya,25.687437579233872,90.26557429459172,0,background
3717,meghalaya,25.578986035354234,90.64872643810376,0,background
3718,meghalaya,25.89820268355314,90.2236236265349,0,background
3719,meghalaya,25.69866737583557,90.57322080166637,0,background
3720,meghalaya,25.792562165565247,90.5566098582273,0,background
3721,meghalaya,25.703136478118978,91.28714446891333,0,background
3722,meghalaya,25.492383849731734,90.03926104072764,0,background
3723,meghalaya,25.210295233458506,90.88041826635549,0,background
3724,meghalaya,25.815172118229615,90.1957324093805,0,background
3725,meghalaya,25.29803115007217,90.37561923738112,0,background
3726,meghalaya,25.350819293759724,90.35174677034277,0,background
3727,meghalaya,25.64324224644569,90.94578566865604,0,background
3728,meghalaya,25.87532653716445,90.80902656999608,0,background
3729,meghalaya,25.744680382432016,90.41107333434857,0,background
3730,meghalaya,25.501081348981643,90.16745253739414,0,background
3731,meghalaya,25.3816591768623,91.15898304824653,0,background
3732,meghalaya,25.250396540807927,90.83815451167372,0,background
3733,meghalaya,25.618276668997424,90.86990038586053,0,background
3734,meghalaya,25.797338226833908,90.48587698658567,0,background
3735,meghalaya,25.31075532491348,89.98200959322742,0,background
3736,meghalaya,25.456226960880084,89.93323126802512,0,background
3737,meghalaya,25.2687276401911,92.27409614353377,0,background
3738,meghalaya,25.753919221536414,91.78566711621383,0,background
3739,meghalaya,25.410425116306453,90.38609436867081,0,background
3740,meghalaya,25.315515402772697,90.20078644754638,0,background
3741,meghalaya,25.609731686755076,90.44801083618985,0,background
3742,meghalaya,26.022061369337578,91.78163589035687,0,background
3743,meghalaya,25.2068186750911,92.61603481723378,0,background
3744,meghalaya,25.651582837362835,92.37921277215837,0,background
3745,meghalaya,25.352756550051232,91.15302809199333,0,background
3746,meghalaya,25.62135954643466,91.36749179307374,0,background
3747,meghalaya,25.799674172146133,90.05087080546696,0,background
3748,meghalaya,25.386960225594837,89.93090739098885,0,background
3749,meghalaya,25.199394328034234,90.89204684831144,0,background
3750,meghalaya,25.368632591780663,90.60131318137975,0,background
3751,meghalaya,25.374923665368613,90.55593120145947,0,background
3752,meghalaya,25.93484561834141,90.31526231694261,0,background
3753,meghalaya,25.44261301508525,90.56510260959334,0,background
3754,meghalaya,25.809016658259125,90.02113724304587,0,background
3755,meghalaya,25.754467109919233,90.96790561277658,0,background
3756,meghalaya,25.424936991172284,90.44117438459841,0,background
3757,meghalaya,25.188275898031424,92.59518964036629,0,background
3758,meghalaya,25.66620273834718,91.72679498699857,0,background
3759,meghalaya,25.2354772602352,90.35070563135984,0,background
3760,meghalaya,25.713500546071437,90.52644419428681,0,background
3761,meghalaya,25.304628857129575,92.4548435338427,0,background
3762,meghalaya,25.254252194756763,92.74522660990371,0,background
3763,meghalaya,25.660122711984695,90.61161684557162,0,background
3764,meghalaya,25.19589354098631,92.54792133764391,0,background
3765,meghalaya,25.434191302064992,90.92625354829319,0,background
3766,meghalaya,25.399548024656703,89.96470254407136,0,background
3767,meghalaya,25.75521424032675,91.47266640689143,0,background
3768,meghalaya,25.290759634100976,89.87846472198315,0,background
3769,meghalaya,25.688049415856963,90.75908108777635,0,background
3770,meghalaya,25.46154442013284,90.09085443879712,0,background
3771,meghalaya,25.419430154397922,90.02006956604448,0,background
3772,meghalaya,25.474347779429912,89.91699320904814,0,background
3773,meghalaya,25.870315867478475,90.36612923397433,0,background
3774,meghalaya,25.209184683012534,90.47709940520218,0,background
3775,meghalaya,25.768990548342362,90.0052316338193,0,background
3776,meghalaya,25.61870867972256,90.57830195411367,0,background
3777,meghalaya,25.80810608372699,91.39425459325034,0,background
3778,meghalaya,25.902250214213122,90.1955012387909,0,background
3779,meghalaya,25.62520375729265,92.33703610200506,0,background
3780,meghalaya,25.350757855549997,91.28944474279999,0,background
3781,meghalaya,25.309931118575474,90.18065434214228,0,background
3782,meghalaya,25.488187497554534,90.40675379549498,0,background
3783,meghalaya,25.798928936415113,90.503007524743,0,background
3784,meghalaya,25.22799771920498,92.51423372816105,0,background
3785,meghalaya,25.606793642798014,91.98870995970732,0,background
3786,meghalaya,25.606884087912146,90.90316236400368,0,background
3787,meghalaya,25.630840939307227,92.28497205406116,0,background
3788,meghalaya,25.238760021636164,92.53613041838341,0,background
3789,meghalaya,25.426866823205753,92.473574969141,0,background
3790,meghalaya,25.443813733172988,89.91410824402617,0,background
3791,meghalaya,25.816770123929867,90.08575767790636,0,background
3792,meghalaya,25.353863036982215,92.33399978567223,0,background
3793,meghalaya,25.6539911465198,90.56828949253214,0,background
3794,meghalaya,25.685871995371336,91.43788436867737,0,background
3795,meghalaya,25.224379048100413,90.29617903408503,0,background
3796,meghalaya,25.681865434779862,90.8568504171208,0,background
3797,meghalaya,25.706706076640845,91.538616626584,0,background
3798,meghalaya,25.76512278047989,90.6225213171283,0,background
3799,meghalaya,25.714766257309954,90.13983743122265,0,background
3800,meghalaya,25.494276243859243,90.14620700174811,0,background
3801,meghalaya,25.569010374792587,92.37921309505454,0,background
3802,meghalaya,25.292649037620105,90.50864493626787,0,background
3803,meghalaya,25.439990846554124,92.42948429355873,0,background
3804,meghalaya,25.567773523277033,90.67565512186772,0,background
3805,meghalaya,25.676586656423034,90.76996947912374,0,background
3806,meghalaya,25.218126085902213,92.31373584943587,0,background
3807,meghalaya,25.807753487422254,90.07627933449209,0,background
3808,meghalaya,25.18846452550231,90.68905504238266,0,background
3809,meghalaya,25.2330797935314,91.5074094334627,0,background
3810,meghalaya,25.34351815070889,90.00465026697944,0,background
3811,meghalaya,25.488055966463822,89.8744389420864,0,background
3812,meghalaya,25.826667299655316,90.26523699811798,0,background
3813,meghalaya,25.67544946793633,91.81219743867966,0,background
3814,meghalaya,25.823236898581122,90.66147845604239,0,background
3815,meghalaya,25.696439173236627,91.35918099363701,0,background
3816,meghalaya,25.43467053940259,92.36501781492979,0,background
3817,meghalaya,25.847842738467705,90.55111443779057,0,background
3818,meghalaya,25.687339607952307,91.27967770791177,0,background
3819,meghalaya,25.73812054448166,92.39786578756802,0,background
3820,meghalaya,25.793701493489102,91.75067394594518,0,background
3821,meghalaya,25.814146952086112,90.94058141706779,0,background
3822,meghalaya,25.292417476374958,90.6282123670491,0,background
3823,meghalaya,25.95700974978279,90.40308374378633,0,background
3824,meghalaya,25.86620982845236,90.27520507755239,0,background
3825,meghalaya,25.48016017139346,90.142249939842,0,background
3826,meghalaya,25.635433873667445,92.33054919287746,0,background
3827,meghalaya,25.276798836929007,90.83680093426078,0,background
3828,meghalaya,25.727967646359424,90.23912954527819,0,background
3829,meghalaya,25.139881764662555,92.51123645807412,0,background
3830,meghalaya,25.761103020790518,90.68010482452736,0,background
3831,meghalaya,25.811671216427765,90.80698619069287,0,background
3832,meghalaya,25.552766148001492,90.43637079675345,0,background
3833,meghalaya,25.603918406212244,90.42247116934875,0,background
3834,meghalaya,25.28013077557576,90.7156607589465,0,background
3835,meghalaya,25.278195282242383,90.02521162585603,0,background
3836,meghalaya,25.40100655063882,90.227866165101,0,background
3837,meghalaya,26.001209827609046,92.2088917320369,0,background
3838,meghalaya,25.816822859212223,90.24943336360204,0,background
3839,meghalaya,25.90829856744851,90.58509288960038,0,background
3840,meghalaya,25.228218518399178,90.16884689510168,0,background
3841,meghalaya,25.88864978484815,90.57891893874408,0,background
3842,meghalaya,25.229551732913443,91.51511907972268,0,background
3843,meghalaya,25.758374541621663,91.80104799447531,0,background
3844,meghalaya,25.78253535501641,91.9805590615859,0,background
3845,meghalaya,25.705556218073404,90.03018444474827,0,background
3846,meghalaya,25.307740180402146,90.15000349518338,0,background
3847,meghalaya,25.557384658504517,91.05406973902022,0,background
3848,meghalaya,25.892146371553043,92.0916541273659,0,background
3849,meghalaya,25.2749004847348,90.13064382402204,0,background
3850,meghalaya,25.44633852297253,90.23405657114013,0,background
3851,meghalaya,25.639094295121918,90.88015778065156,0,background
3852,meghalaya,25.807333234600478,91.75479177825596,0,background
3853,meghalaya,25.75732336890073,90.6938268430667,0,background
3854,meghalaya,25.844808605973817,90.32383691016263,0,background
3855,meghalaya,25.598194971036918,90.4489260190354,0,background
3856,meghalaya,25.364021106694295,90.25671885959018,0,background
3857,meghalaya,25.306978669801193,90.67175366636157,0,background
3858,meghalaya,25.816204952066997,90.3768283807664,0,background
3859,meghalaya,25.638155651180597,90.94358273492432,0,background
3860,meghalaya,25.7246237481173,90.57633150954739,0,background
3861,meghalaya,25.154324534550717,92.55995351480829,0,background
3862,meghalaya,25.312620865064765,89.88414668154158,0,background
3863,meghalaya,25.23686124281421,91.3156363533889,0,background
3864,meghalaya,25.793857366034935,90.81960373657778,0,background
3865,meghalaya,25.601409606602566,91.56046393395073,0,background
3866,meghalaya,25.871268333525702,90.92632479086315,0,background
3867,meghalaya,25.88181662592727,90.28977112103162,0,background
3868,meghalaya,25.33971392133543,90.49031297853976,0,background
3869,meghalaya,25.615100027386994,90.5601737599842,0,background
3870,meghalaya,25.73394266751706,90.09957616531699,0,background
3871,meghalaya,25.825711057033743,90.48487203397514,0,background
3872,meghalaya,25.815514810421156,90.8160788641678,0,background
3873,meghalaya,25.37695151653527,92.1996182186338,0,background
3874,meghalaya,25.152033011852442,92.56895122172496,0,background
3875,meghalaya,25.267891918109378,90.70579083174106,0,background
3876,meghalaya,25.41759058656617,90.95728507056543,0,background
3877,meghalaya,25.467921400955188,92.55334007923858,0,background
3878,meghalaya,25.398305967355412,91.10541493633481,0,background
3879,meghalaya,25.19429749973024,92.61297063807044,0,background
3880,meghalaya,25.709344204739597,90.88046518885145,0,background
3881,meghalaya,25.351235013593325,91.1344802965516,0,background
3882,meghalaya,25.72532946670787,89.93715425326019,0,background
3883,meghalaya,25.861220182712934,90.65154099512115,0,background
3884,meghalaya,25.74760554962259,90.26245763549437,0,background
3885,meghalaya,25.512389070883504,90.95738233003844,0,background
3886,meghalaya,25.686324305800913,92.31525730144382,0,background
3887,meghalaya,25.850619684579843,90.31515453060172,0,background
3888,meghalaya,25.47668967553388,92.32766327858866,0,background
3889,meghalaya,25.930564484563362,90.92018920762138,0,background
3890,meghalaya,25.316486508113645,92.2814669561123,0,background
3891,meghalaya,25.411315503013434,90.95934506678822,0,background
3892,meghalaya,25.743255535225515,90.87035323980685,0,background
3893,meghalaya,25.439406742304154,90.28656193288707,0,background
3894,meghalaya,25.325870851217157,89.84692475347428,0,background
3895,meghalaya,25.21888600815509,90.86470352695689,0,background
3896,meghalaya,25.37042976520568,91.33604882783376,0,background
3897,meghalaya,25.789163121545865,90.85095946329578,0,background
3898,meghalaya,25.294681162908358,90.71678345697572,0,background
3899,meghalaya,25.66338418579512,90.01866162250164,0,background
3900,meghalaya,25.75924859016528,90.25852306922849,0,background
3901,meghalaya,25.501070250791443,90.75682904245365,0,background
3902,meghalaya,25.471181904803803,90.39938829977288,0,background
3903,meghalaya,25.885751330914,90.48987172889768,0,background
3904,meghalaya,25.4513207479298,91.00635149032111,0,background
3905,meghalaya,25.726362441135702,91.00060297200903,0,background
3906,meghalaya,25.63448271407594,91.70380409424678,0,background
3907,meghalaya,25.60811822255678,91.10012605448593,0,background
3908,meghalaya,25.185859109264406,90.8348855193429,0,background
3909,meghalaya,25.318804623027706,92.24688428553138,0,background
3910,meghalaya,25.773170793449655,90.01373357695113,0,background
3911,meghalaya,25.321261336488295,90.34401014979773,0,background
3912,meghalaya,25.314593239895313,90.28156930563085,0,background
3913,meghalaya,25.8220753401956,91.81522385600829,0,background
3914,meghalaya,25.917709721410713,90.42016286782982,0,background
3915,meghalaya,25.744548343827116,90.9903034076378,0,background
3916,meghalaya,25.293257314396254,90.58486383130827,0,background
3917,meghalaya,25.855626831304786,90.79341379287949,0,background
3918,meghalaya,25.651645186924434,90.67528835139257,0,background
3919,meghalaya,25.5727573998455,92.15452828203333,0,background
3920,meghalaya,25.23700415027866,92.56819580244316,0,background
3921,meghalaya,25.33821523437314,91.12524650907639,0,background
3922,meghalaya,25.320470811005645,92.1887949899143,0,background
3923,meghalaya,25.378936494566585,89.8367718680044,0,background
3924,meghalaya,25.449573079298514,91.25254865667067,0,background
3925,meghalaya,25.52289616035342,90.48391681785112,0,background
3926,meghalaya,25.887394214307477,90.12564946452369,0,background
3927,meghalaya,25.27884533477489,90.86822368804549,0,background
3928,meghalaya,25.902356162858794,90.11768899283707,0,background
3929,meghalaya,25.342601710946393,92.2707159505441,0,background
3930,meghalaya,25.485976379655263,90.96344379233565,0,background
3931,meghalaya,25.843010905997755,90.5347074829102,0,background
3932,meghalaya,25.708142257862747,91.27500954994382,0,background
3933,meghalaya,25.53063843916495,89.90700344095733,0,background
3934,meghalaya,25.23243477405073,92.44670413759715,0,background
3935,meghalaya,25.792487876386414,90.6573186918948,0,background
3936,meghalaya,25.636815920116426,91.71711544825706,0,background
3937,meghalaya,25.27749511521319,90.12109494940015,0,background
3938,meghalaya,25.80791195801568,90.80721972055626,0,background
3939,meghalaya,25.197929032868792,90.80136362668624,0,background
3940,meghalaya,25.544774159604597,90.92136182911362,0,background
3941,meghalaya,25.235592928340708,92.57624996005444,0,background
3942,meghalaya,25.745404573323164,91.80302254240597,0,background
3943,meghalaya,25.657601244264352,90.9169173714666,0,background
3944,meghalaya,25.39802221862372,90.2294446972314,0,background
3945,meghalaya,25.824539886324413,90.60908054162844,0,background
3946,meghalaya,25.5869640626135,90.50995205144609,0,background
3947,meghalaya,25.290127762876285,92.25399639937247,0,background
3948,meghalaya,25.360518385376135,89.85748066835873,0,background
3949,meghalaya,25.704052289850672,90.65777514405032,0,background
3950,meghalaya,25.24662130475841,90.72077368480012,0,background
3951,meghalaya,25.3547338369574,90.89363593687955,0,background
3952,meghalaya,25.38353177968606,92.32198843416356,0,background
3953,meghalaya,25.41184965309307,92.50955602776942,0,background
3954,meghalaya,25.333155240925514,91.1325137961957,0,background
3955,meghalaya,25.741715941065586,90.2042919856975,0,background
3956,meghalaya,25.57208561671471,91.09510645292048,0,background
3957,meghalaya,25.326233592024657,90.7696096572909,0,background
3958,meghalaya,25.526209762997063,90.47583851638849,0,background
3959,meghalaya,25.77429175700604,90.50105162942823,0,background
3960,meghalaya,25.37475073916068,89.81877179862202,0,background
3961,meghalaya,25.797035520728496,90.94226077601658,0,background
3962,meghalaya,25.323004792115334,90.88917563954284,0,background
3963,meghalaya,25.980613727809356,90.37776260166068,0,background
3964,meghalaya,25.411439827863727,90.1975286896936,0,background
3965,meghalaya,25.75968210780822,90.68063977380703,0,background
3966,meghalaya,25.568879343501735,90.58219001389458,0,background
3967,meghalaya,25.274111135891413,92.58685027224449,0,background
3968,meghalaya,25.8343873436647,89.98642697214943,0,background
3969,meghalaya,25.84149350058609,91.62166172033164,0,background
3970,meghalaya,25.75922570973058,90.31324464352889,0,background
3971,meghalaya,25.557019600207383,90.25576085808756,0,background
3972,meghalaya,25.679122434753282,91.4646511797844,0,background
3973,meghalaya,25.64308618534028,90.89354158051619,0,background
3974,meghalaya,25.23961613425139,92.59006968460996,0,background
3975,meghalaya,25.8610760729086,90.46048780652744,0,background
3976,meghalaya,25.676453973658468,92.24830053419478,0,background
3977,meghalaya,25.749901951394694,90.59287864866089,0,background
3978,meghalaya,25.378918101634792,90.17253730249774,0,background
3979,meghalaya,25.973151615921303,90.42981201916866,0,background
3980,meghalaya,25.18818116103229,90.45437631973935,0,background
3981,meghalaya,25.338748809717604,92.18341586861972,0,background
3982,meghalaya,25.936830990020017,90.49709189031353,0,background
3983,meghalaya,25.83807605070277,90.13153611393608,0,background
3984,meghalaya,25.0808423197631,92.27654171906636,0,background
3985,meghalaya,25.31816061174706,90.23057712624706,0,background
3986,meghalaya,25.70079503991033,92.43513187208556,0,background
3987,meghalaya,25.952356108096858,90.24724757673575,0,background
3988,meghalaya,25.74622589796919,91.48453670116629,0,background
3989,meghalaya,25.32374521558422,90.6633640820076,0,background
3990,meghalaya,25.545940322024315,90.87825882275568,0,background
3991,meghalaya,25.71546068859441,90.77521994780682,0,background
3992,meghalaya,25.81634331210524,91.95913593126951,0,background
3993,meghalaya,25.583705147490274,90.4736312221392,0,background
3994,meghalaya,25.223899905226617,90.56568499657642,0,background
3995,meghalaya,25.37969476892111,90.54665905936896,0,background
3996,meghalaya,25.68594948308464,90.74222716990725,0,background
3997,meghalaya,25.254977640663316,92.74220673148784,0,background
3998,meghalaya,25.41787348056459,90.10864108259253,0,background
3999,meghalaya,25.813891149305736,90.30592349344181,0,background
4000,meghalaya,25.289806473150133,90.78580740956862,0,background
4001,meghalaya,25.764402944120413,90.22912082268493,0,background
4002,meghalaya,25.69557826194369,91.301807732945,0,background
4003,meghalaya,25.655175295956827,90.5276391897651,0,background
4004,meghalaya,25.938862191677526,90.21352933404614,0,background
4005,meghalaya,25.50146662435375,91.00316121207312,0,background
4006,meghalaya,25.38842187736208,91.34241110393661,0,background
4007,meghalaya,25.773847445916694,90.01643673219087,0,background
4008,meghalaya,25.75780437742878,90.63346153777906,0,background
4009,meghalaya,25.34996045470123,92.17565714337515,0,background
4010,meghalaya,25.713114102072307,90.45026767585956,0,background
4011,meghalaya,25.12547798635566,92.49589654407363,0,background
4012,meghalaya,25.599578738040748,90.12015490237195,0,background
4013,meghalaya,25.232718580784255,90.31765561342604,0,background
4014,meghalaya,25.975536095638777,92.1300123309231,0,background
4015,meghalaya,25.427879293997197,91.00172483969588,0,background
4016,meghalaya,25.446806213425763,92.46969802437971,0,background
4017,meghalaya,25.72952663350736,91.49094415935706,0,background
4018,meghalaya,25.456389733179307,92.57440516477368,0,background
4019,meghalaya,25.680467556260282,90.02967682683011,0,background
4020,meghalaya,25.898697059802608,90.84941728946697,0,background
4021,meghalaya,25.19271643167427,90.93974021028924,0,background
4022,meghalaya,25.31431127177059,92.75484182134696,0,background
4023,meghalaya,25.457652917446726,91.92998417097976,0,background
4024,meghalaya,25.256930558064298,90.83122155129355,0,background
4025,meghalaya,25.820819700149737,90.79610152934681,0,background
4026,meghalaya,25.357860588875628,90.33963999245799,0,background
4027,meghalaya,25.927877575765855,91.76911437131866,0,background
4028,meghalaya,25.52161349402461,90.89048288919996,0,background
4029,meghalaya,25.85489749400904,91.78702782427939,0,background
4030,meghalaya,25.37373704055494,92.70762960352933,0,background
4031,meghalaya,25.82793770146652,90.60607276559061,0,background
4032,meghalaya,25.246551749681945,90.97658371831106,0,background
4033,meghalaya,25.3479740232444,90.51837210923271,0,background
4034,meghalaya,25.803499304446145,91.55036187526181,0,background
4035,meghalaya,25.803865909272442,92.09552188498786,0,background
4036,meghalaya,25.71154082857561,91.39000442652141,0,background
4037,meghalaya,25.44021793449227,89.84108068417711,0,background
4038,meghalaya,25.59281273940861,90.96836787930232,0,background
4039,meghalaya,25.590307146554856,90.1133466486705,0,background
4040,meghalaya,25.924433098279238,90.60367205708239,0,background
4041,meghalaya,25.481460387081405,90.34221839239454,0,background
4042,meghalaya,25.918802399680636,90.32628916993738,0,background
4043,meghalaya,25.32827615457897,90.26237959279469,0,background
4044,meghalaya,25.25013316586798,92.72122895755474,0,background
4045,meghalaya,25.296167636413966,90.76406437822835,0,background
4046,meghalaya,25.330949050820834,90.58743537743828,0,background
4047,meghalaya,25.425793201045053,90.55500950357971,0,background
4048,meghalaya,25.688539088173098,90.31709551771783,0,background
4049,meghalaya,25.23185205545026,90.36374804877005,0,background
4050,meghalaya,25.2666828921953,92.5511056944152,0,background
4051,meghalaya,25.533472460300562,90.44819061486264,0,background
4052,meghalaya,25.252535481888007,90.38084256516431,0,background
4053,meghalaya,25.660770632846933,91.33936866458318,0,background
4054,meghalaya,25.42719863861399,90.3492665731859,0,background
4055,meghalaya,25.784247966126568,91.78845057776202,0,background
4056,meghalaya,25.291040171301493,90.42965763385989,0,background
4057,meghalaya,25.7333064266967,91.37871882827677,0,background
4058,meghalaya,25.642443589583277,89.99735374869432,0,background
4059,meghalaya,25.606103708297788,90.49669337295332,0,background
4060,meghalaya,25.598169479184392,91.54030766885862,0,background
4061,meghalaya,25.8897941607977,90.58120649008266,0,background
4062,meghalaya,25.36702208936376,90.34167665177986,0,background
4063,meghalaya,25.832234441065925,90.94085612888536,0,background
4064,meghalaya,25.27506127143061,92.44877231448152,0,background
4065,meghalaya,25.711222327813424,91.3780484225898,0,background
4066,meghalaya,25.258930357195013,92.75034365756903,0,background
4067,meghalaya,25.434607572257097,90.49500015693039,0,background
4068,meghalaya,25.38780027502563,90.4995941678257,0,background
4069,meghalaya,25.762905088125656,90.54571511691958,0,background
4070,meghalaya,25.504309334333918,90.13371076818483,0,background
4071,meghalaya,25.845073783227498,90.53616777203935,0,background
4072,meghalaya,25.802250148657677,90.6285395332596,0,background
4073,meghalaya,25.846117441660706,91.78229982906689,0,background
4074,meghalaya,25.754813699240053,90.9707039835848,0,background
4075,meghalaya,25.362587194148528,91.29970375622165,0,background
4076,meghalaya,25.555767708176845,92.60375802004516,0,background
4077,meghalaya,25.860907219246613,90.45877848158251,0,background
4078,meghalaya,25.544891706059815,89.89311939049772,0,background
4079,meghalaya,25.107383234731934,92.53463549249625,0,background
4080,meghalaya,25.27279169231518,90.41612885688126,0,background
4081,meghalaya,25.304814109150314,89.97155396511333,0,background
4082,meghalaya,25.370308241148848,91.35979396092434,0,background
4083,meghalaya,25.942963978184142,90.60880486865707,0,background
4084,meghalaya,25.30037163785432,90.04602810653792,0,background
4085,meghalaya,25.798359422307968,90.02008594177288,0,background
4086,meghalaya,25.618678359527603,91.99454959028924,0,background
4087,meghalaya,25.290296920400827,90.11691850185755,0,background
4088,meghalaya,25.821441978675665,90.53271110749509,0,background
4089,meghalaya,25.714921295501735,91.33645467208784,0,background
4090,meghalaya,25.378223244726403,90.3769319444254,0,background
4091,meghalaya,25.585299891081068,90.52561430108477,0,background
4092,meghalaya,25.31525619970457,90.5731430802889,0,background
4093,meghalaya,25.789459047623552,91.60163868406623,0,background
4094,meghalaya,25.18274258247285,90.36128483781272,0,background
4095,meghalaya,25.211673442392073,92.53672836090388,0,background
4096,meghalaya,25.683159555474827,90.51155734314504,0,background
4097,meghalaya,25.28623283419714,91.99036541805518,0,background
4098,meghalaya,25.795038447244117,90.72673677326604,0,background
4099,meghalaya,25.63340804991154,90.08497469837879,0,background
4100,meghalaya,25.289281417194935,90.60776808739669,0,background
4101,meghalaya,25.67454131443318,90.67057032126826,0,background
4102,meghalaya,25.492550031081944,90.46702634758803,0,background
4103,meghalaya,25.330246462388263,90.68560071332143,0,background
4104,meghalaya,25.240882479642277,92.62205631982307,0,background
4105,meghalaya,25.334335967699555,90.78203893952514,0,background
4106,meghalaya,25.881333403404753,90.6845791278574,0,background
4107,meghalaya,25.94132250025797,90.83555769985823,0,background
4108,meghalaya,25.71688237128745,90.02664105124634,0,background
4109,meghalaya,25.23590679953391,92.57375775626045,0,background
4110,meghalaya,25.420515941890056,92.46867325187435,0,background
4111,meghalaya,25.49824787638971,90.61204124673519,0,background
4112,meghalaya,25.505617098645008,91.02784374132499,0,background
4113,meghalaya,25.598668779834316,90.72033777947252,0,background
4114,meghalaya,25.19197083308595,90.98397840784395,0,background
4115,meghalaya,25.26693257362152,90.58200820553387,0,background
4116,meghalaya,25.965369933002883,90.15125741592755,0,background
4117,meghalaya,25.512127766732878,91.0575156230871,0,background
4118,meghalaya,25.62087942705518,90.64560220507298,0,background
4119,meghalaya,25.467202458169158,89.97085648014043,0,background
4120,meghalaya,25.390931307082923,90.39600109587639,0,background
4121,meghalaya,25.835074585924065,90.078360356113,0,background
4122,meghalaya,25.458614975584627,90.59128482719902,0,background
4123,meghalaya,25.6050885257422,91.08685305692372,0,background
4124,meghalaya,25.854530398389002,90.51654227300959,0,background
4125,meghalaya,25.832821878810336,90.75901319006165,0,background
4126,meghalaya,25.44090154855891,91.9092047797887,0,background
4127,meghalaya,25.262123680669276,92.61228429070601,0,background
4128,meghalaya,25.896460043350796,90.59157948500938,0,background
4129,meghalaya,25.218666503680456,90.78999216217157,0,background
4130,meghalaya,25.564849286176713,92.50250388141683,0,background
4131,meghalaya,25.771960738780006,91.9381486846039,0,background
4132,meghalaya,25.674680992387707,91.78040648242634,0,background
4133,meghalaya,25.45016553734398,90.3346287958035,0,background
4134,meghalaya,25.411593373690156,89.99400934697297,0,background
4135,meghalaya,25.425817169204194,92.50182061397292,0,background
4136,meghalaya,25.284063805715554,90.761901312383,0,background
4137,meghalaya,25.449170093936345,90.66190209083425,0,background
4138,meghalaya,25.853958834959993,91.70726187519179,0,background
4139,meghalaya,25.370170390758805,91.18056852117229,0,background
4140,meghalaya,25.706672596513542,91.35557259467092,0,background
4141,meghalaya,25.681869018286225,90.24258903967639,0,background
4142,meghalaya,25.359117592832643,92.1852274302152,0,background
4143,meghalaya,25.44268169855609,90.93044720446632,0,background
4144,meghalaya,25.706092919603226,90.68609460448776,0,background
4145,meghalaya,25.413741458939224,90.30687602670001,0,background
4146,meghalaya,25.852514812507916,90.34856701991076,0,background
4147,meghalaya,25.347195091530164,90.24125772022984,0,background
4148,meghalaya,25.457710653684067,91.64736269519445,0,background
4149,meghalaya,25.45533955106438,90.40708674063359,0,background
4150,meghalaya,25.67364778576175,90.55238437161847,0,background
4151,meghalaya,25.467341885968693,90.47601589058189,0,background
4152,meghalaya,25.367920114722637,90.94280517752738,0,background
4153,meghalaya,25.73306966368104,92.35287214050521,0,background
4154,meghalaya,25.541888081391196,90.16331856180817,0,background
4155,meghalaya,25.54226253337509,90.11023728718001,0,background
4156,meghalaya,25.76201280563122,90.19841635782174,0,background
4157,meghalaya,25.785891260527364,91.92838325965059,0,background
4158,meghalaya,25.866824856953805,90.15733775067687,0,background
4159,meghalaya,25.88402169427451,90.79467765058688,0,background
4160,meghalaya,25.72031960811896,90.04319969871047,0,background
4161,meghalaya,25.455613204667713,90.37599229012314,0,background
4162,meghalaya,25.376260948279054,90.33337027557849,0,background
4163,meghalaya,25.373484667941653,90.56296166502884,0,background
4164,meghalaya,25.98749061570223,92.18073227929663,0,background
4165,meghalaya,25.70794528418021,90.50590335563393,0,background
4166,meghalaya,26.013289522011796,92.21381922821922,0,background
4167,meghalaya,25.62056182793026,90.55102678880168,0,background
4168,meghalaya,25.7352294302003,90.26845370248087,0,background
4169,meghalaya,25.84919075570224,90.6076835688028,0,background
4170,meghalaya,25.883547615450524,90.76085870531222,0,background
4171,meghalaya,25.33489407177502,90.02183733454322,0,background
4172,meghalaya,25.730435090312316,89.91896629058849,0,background
4173,meghalaya,25.52979501818227,90.41811653106949,0,background
4174,meghalaya,25.883490785768707,90.8505198025551,0,background
4175,meghalaya,25.34789831115502,91.29812441641688,0,background
4176,meghalaya,25.54229191422348,90.7402756398073,0,background
4177,meghalaya,25.563112924163022,90.92633704315442,0,background
4178,meghalaya,25.415243742839376,90.9821732946179,0,background
4179,meghalaya,25.4391004519286,90.30443913202733,0,background
4180,meghalaya,25.711106395171527,91.39114224098935,0,background
4181,meghalaya,25.235893522414866,92.31576282532976,0,background
4182,meghalaya,25.533999294205014,91.0796197599297,0,background
4183,meghalaya,25.136563217115043,92.50537724719221,0,background
4184,meghalaya,25.36388148367084,90.16627635412817,0,background
4185,meghalaya,25.347930572536978,90.21749596420909,0,background
4186,meghalaya,25.51033975934375,89.9057870380051,0,background
4187,meghalaya,25.420865005845105,92.5533827483813,0,background
4188,meghalaya,25.930993292859252,92.08933217444587,0,background
4189,meghalaya,25.321356842672504,90.46940553535858,0,background
4190,meghalaya,25.199090173112992,90.26440282190427,0,background
4191,meghalaya,25.375561380140294,92.21543695684615,0,background
4192,meghalaya,25.774110213666553,90.64173894126792,0,background
4193,meghalaya,25.638084564272216,92.29012000882166,0,background
4194,meghalaya,25.281427692337402,90.01755902836219,0,background
4195,meghalaya,25.635084366712846,90.46874458566667,0,background
4196,meghalaya,25.753980555189383,91.48861410934582,0,background
4197,meghalaya,25.812211105296356,92.00015556677302,0,background
4198,meghalaya,25.61327910631741,91.43678625992641,0,background
4199,meghalaya,25.67408537562372,91.3889295674209,0,background
4200,meghalaya,25.91507269157698,90.5793140153311,0,background
4201,meghalaya,25.499132774719435,92.3015877567531,0,background
4202,meghalaya,25.94420895487524,90.48757780108741,0,background
4203,meghalaya,25.790416175936624,90.38888008068821,0,background
4204,meghalaya,25.694132917061513,89.97254924005634,0,background
4205,meghalaya,25.44374791870233,90.98125690458946,0,background
4206,meghalaya,25.40445043299449,89.9750484658037,0,background
4207,meghalaya,25.58205467469774,90.71899991455959,0,background
4208,meghalaya,25.858249108686156,91.55215506434303,0,background
4209,meghalaya,25.214077811372213,92.28481094562567,0,background
4210,meghalaya,25.672532059278993,90.59005198191863,0,background
4211,meghalaya,25.463889596972905,90.11074338116516,0,background
4212,meghalaya,25.824700424816022,90.88360702217425,0,background
4213,meghalaya,25.339485084372946,90.11945166638161,0,background
4214,meghalaya,25.8452581281111,91.39959308613992,0,background
4215,meghalaya,25.747865602583555,91.07412151632577,0,background
4216,meghalaya,25.732497439031654,90.39805251150251,0,background
4217,meghalaya,25.192084222422025,90.80739918667517,0,background
4218,meghalaya,25.256775771974937,92.26298521164819,0,background
4219,meghalaya,25.192472950384136,90.3269062717464,0,background
4220,meghalaya,25.784443943668382,90.7920437892633,0,background
4221,meghalaya,25.84735500074403,90.41563663505583,0,background
4222,meghalaya,25.658815441672864,91.79600987603733,0,background
4223,meghalaya,25.59190600686251,91.43749323840836,0,background
4224,meghalaya,25.968776046384605,90.42460612740474,0,background
4225,meghalaya,25.655550391322425,90.05000473133695,0,background
4226,meghalaya,25.694093027671542,91.4271368967268,0,background
4227,meghalaya,25.813582423747462,91.75350805179843,0,background
4228,meghalaya,25.30083646029717,90.1419116314974,0,background
4229,meghalaya,25.706837914940873,90.1089831806576,0,background
4230,meghalaya,25.731583427815586,90.60319951090528,0,background
4231,meghalaya,25.8122241844894,90.83995936844545,0,background
4232,meghalaya,25.33907809270906,90.6076087018715,0,background
4233,meghalaya,25.854489940710685,90.34619782785006,0,background
4234,meghalaya,25.321922236667437,90.7849766213503,0,background
4235,meghalaya,25.462599461428887,91.00784071519789,0,background
4236,meghalaya,25.26173696699068,90.51953535348886,0,background
4237,meghalaya,25.41045330318794,92.55448656942882,0,background
4238,meghalaya,25.677870563610526,92.3639615971366,0,background
4239,meghalaya,25.431576315531945,90.32061429105964,0,background
4240,meghalaya,25.260281572969316,90.34086936217966,0,background
4241,meghalaya,25.662365075593936,91.37125593254598,0,background
4242,meghalaya,25.622879412959627,92.3958565356475,0,background
4243,meghalaya,25.371750875422535,92.69611931024437,0,background
4244,meghalaya,25.350718205272045,90.14921241758478,0,background
4245,meghalaya,25.787923340053556,91.9785179320878,0,background
4246,meghalaya,25.861070597631006,91.6474036693674,0,background
4247,meghalaya,25.29618400737218,90.77728110875641,0,background
4248,meghalaya,25.298890254191704,90.77557648216788,0,background
4249,meghalaya,25.541517546375122,89.90431314367598,0,background
4250,meghalaya,25.607307998351356,90.86282065083527,0,background
4251,meghalaya,25.649250814908488,90.04708070204185,0,background
4252,meghalaya,25.747462360766665,90.39336855380196,0,background
4253,meghalaya,25.22867521360252,90.12070324601642,0,background
4254,meghalaya,25.81066243061627,91.99204337887947,0,background
4255,meghalaya,25.270312492757785,90.76908257706451,0,background
4256,meghalaya,25.528605473990485,91.04573973164177,0,background
4257,meghalaya,25.828929798835006,91.5887163860511,0,background
4258,meghalaya,25.365125959971266,90.92789673663678,0,background
4259,meghalaya,25.765322931339508,90.19512973666927,0,background
4260,meghalaya,25.405643210969846,91.92638468403257,0,background
4261,meghalaya,25.218010713209402,90.68991422054299,0,background
4262,meghalaya,25.57155556495887,90.46067733559288,0,background
4263,meghalaya,25.6386005337598,90.85071035279374,0,background
4264,meghalaya,25.689571922823706,90.10063967345202,0,background
4265,meghalaya,25.414595358066517,92.49726177442479,0,background
4266,meghalaya,25.394976569630703,90.62346925003462,0,background
4267,meghalaya,25.928820901381027,90.75346223856899,0,background
4268,meghalaya,25.823477960201945,90.00214557810119,0,background
4269,meghalaya,25.25053195344987,91.03743798751037,0,background
4270,meghalaya,25.291585117784656,90.53522748392236,0,background
4271,meghalaya,25.601968306294534,91.08303253810722,0,background
4272,meghalaya,25.27971332529768,90.8778787912127,0,background
4273,meghalaya,25.24121020816234,92.65234088462648,0,background
4274,meghalaya,25.469361977549102,90.13064951353775,0,background
4275,meghalaya,25.664287112625384,90.74480430057918,0,background
4276,meghalaya,25.852832728182285,90.85146206388637,0,background
4277,meghalaya,25.83355364414569,90.60678707680918,0,background
4278,meghalaya,25.782330448495372,90.88864205985705,0,background
4279,meghalaya,25.244817740091978,90.34929925755065,0,background
4280,meghalaya,25.35631124501121,92.3432034561622,0,background
4281,meghalaya,25.446568735412043,92.43262169772373,0,background
4282,meghalaya,25.75301856764216,90.24863021570916,0,background
4283,meghalaya,25.662138484618367,90.58472912279889,0,background
4284,meghalaya,25.457752536289995,90.33542906013517,0,background
4285,meghalaya,25.22913775885435,90.35908058071215,0,background
4286,meghalaya,25.870986709077545,91.73360737703301,0,background
4287,meghalaya,25.39691280543806,90.35100925298974,0,background
4288,meghalaya,25.733608581709742,90.46164918979265,0,background
4289,meghalaya,25.666645482131504,90.49784732658631,0,background
4290,meghalaya,25.749462406871118,90.57202807578065,0,background
4291,meghalaya,25.74135484428944,92.3739393684705,0,background
4292,meghalaya,25.56186695211717,91.11182976430283,0,background
4293,meghalaya,25.78170618832116,90.23442609833982,0,background
4294,meghalaya,25.458893815047453,89.9861378866383,0,background
4295,meghalaya,25.98318497259098,92.01352129476656,0,background
4296,meghalaya,25.545371264649848,92.61246378866319,0,background
4297,meghalaya,25.427098363412956,90.19505086392029,0,background
4298,meghalaya,25.43365804288921,90.32017336240938,0,background
4299,meghalaya,25.85260614379128,90.8520484813916,0,background
4300,meghalaya,25.412606960951795,89.96989567047311,0,background
4301,meghalaya,25.56377019271903,91.05253969235243,0,background
4302,meghalaya,25.37156515690132,92.31577678953097,0,background
4303,meghalaya,25.708505018424088,90.51653521888133,0,background
4304,meghalaya,25.618099832460114,90.6383373321825,0,background
4305,meghalaya,25.11790240183953,92.48164198081858,0,background
4306,meghalaya,25.74606146942573,90.278290560232,0,background
4307,meghalaya,25.739617811488582,90.19064667905107,0,background
4308,meghalaya,25.901692752424033,90.45517609285177,0,background
4309,meghalaya,25.237199209448065,90.53802925525237,0,background
4310,meghalaya,25.320305043887494,92.27591616622855,0,background
4311,meghalaya,25.654783601230537,92.20658349078886,0,background
4312,meghalaya,25.36827892875986,91.30222686412945,0,background
4313,meghalaya,25.900170943969684,91.65568091420863,0,background
4314,meghalaya,25.732561652412873,89.93287592443285,0,background
4315,meghalaya,25.449075492849246,90.47356041187923,0,background
4316,meghalaya,25.25890354369799,90.53697841244143,0,background
4317,meghalaya,25.32559142400422,90.37546115862405,0,background
4318,meghalaya,25.664562920421883,90.01760265731565,0,background
4319,meghalaya,25.684290953310015,90.91553784244428,0,background
4320,meghalaya,25.339460150348263,90.39659374093979,0,background
4321,meghalaya,25.369147853253352,90.55147898676445,0,background
4322,meghalaya,25.765658989429276,90.35659474692854,0,background
4323,meghalaya,25.92530286406106,90.56265279172649,0,background
4324,meghalaya,25.67959141251331,91.74441737127346,0,background
4325,meghalaya,25.951865575031036,92.14901625631342,0,background
4326,meghalaya,25.587495831968734,91.5798361296096,0,background
4327,meghalaya,25.436607770199988,90.07522890292584,0,background
4328,meghalaya,25.37283785703554,90.22564362004815,0,background
4329,meghalaya,25.331603285182624,90.176796033964,0,background
4330,meghalaya,25.806550651246337,91.39298745460995,0,background
4331,meghalaya,25.761010158279873,90.40139404007336,0,background
4332,meghalaya,25.20049795282447,92.73007468544527,0,background
4333,meghalaya,25.222383180715127,90.4776612580405,0,background
4334,meghalaya,25.46418428596172,90.09636240153843,0,background
4335,meghalaya,25.639179816196364,91.71400412520948,0,background
4336,meghalaya,25.492969045295922,90.43655822917454,0,background
4337,meghalaya,25.613472710018108,91.70886269784197,0,background
4338,meghalaya,25.320921626384425,89.93828049604681,0,background
4339,meghalaya,25.286253371171032,90.91562575456794,0,background
4340,meghalaya,25.257856994953062,90.99759316559282,0,background
4341,meghalaya,25.699851345914073,92.26639723263797,0,background
4342,meghalaya,25.583027031692446,92.39520981736949,0,background
4343,meghalaya,25.230400864413674,92.75689573940716,0,background
4344,meghalaya,25.70434578877917,90.63158276453905,0,background
4345,meghalaya,25.790960005638205,90.21646080096313,0,background
4346,meghalaya,25.225169131561522,90.55397578957003,0,background
4347,meghalaya,25.776069394618116,91.39985821191127,0,background
4348,meghalaya,25.788112116429122,90.14103440418933,0,background
4349,meghalaya,25.37637254771906,90.521707953535,0,background
4350,meghalaya,25.230907825352627,90.4061051791654,0,background
4351,meghalaya,25.370660404023997,90.93505978661699,0,background
4352,meghalaya,25.362439027916025,90.39186822336667,0,background
4353,meghalaya,25.273030087308133,90.8008318763019,0,background
4354,meghalaya,25.62606113598564,90.66017850411406,0,background
4355,meghalaya,25.40956694350104,90.61873339299251,0,background
4356,meghalaya,25.824823315187643,89.94913884335217,0,background
4357,meghalaya,25.340122562072942,90.47287859931477,0,background
4358,meghalaya,25.44488328423863,91.20880760950166,0,background
4359,meghalaya,25.79594473954732,90.86901103236688,0,background
4360,meghalaya,25.854917774626198,90.08878254929513,0,background
4361,meghalaya,25.985120067281713,92.12773411675508,0,background
4362,meghalaya,25.493407809713553,92.3223429265998,0,background
4363,meghalaya,25.66039954692767,90.56330097115396,0,background
4364,meghalaya,25.55016526456903,90.96192084478143,0,background
4365,meghalaya,25.83431036074923,91.56355608749556,0,background
4366,meghalaya,25.346330586632025,90.00949741405378,0,background
4367,meghalaya,25.78525692401917,91.44423306476696,0,background
4368,meghalaya,25.321734842075514,91.13751811737279,0,background
4369,meghalaya,25.672394049041422,91.39996080084816,0,background
4370,meghalaya,25.35547203920359,92.21264004698689,0,background
4371,meghalaya,25.179753224376036,90.47993638154486,0,background
4372,meghalaya,25.444764639375016,89.9124417079773,0,background
4373,meghalaya,25.26916825170454,92.61337740318237,0,background
4374,meghalaya,25.73680880091776,90.12403875111356,0,background
4375,meghalaya,25.166083844424726,90.72597454369517,0,background
4376,meghalaya,25.185131658975525,90.83118308919387,0,background
4377,meghalaya,25.833620067663286,91.94884273091924,0,background
4378,meghalaya,25.540476178246905,90.10820286597848,0,background
4379,meghalaya,25.2016923680898,90.52820337355315,0,background
4380,meghalaya,25.895353847401605,90.8550732285927,0,background
4381,meghalaya,25.226556733634578,90.49053119980647,0,background
4382,meghalaya,25.78878054397386,91.70800697803853,0,background
4383,meghalaya,25.88982607802842,90.47839349210138,0,background
4384,meghalaya,25.201974899775717,92.31578123619022,0,background
4385,meghalaya,25.815081734787523,90.87849213207498,0,background
4386,meghalaya,25.851508893123015,90.77492584834062,0,background
4387,meghalaya,25.522155817310345,90.75343799396953,0,background
4388,meghalaya,25.642021399839916,90.69502243533424,0,background
4389,meghalaya,25.332563566901882,90.40926195443029,0,background
4390,meghalaya,25.871416164254995,90.29246270284823,0,background
4391,meghalaya,25.19711892199041,92.56322809590033,0,background
4392,meghalaya,25.47576375856372,91.94548169546924,0,background
4393,meghalaya,25.27089030384199,90.50716730790765,0,background
4394,meghalaya,25.71894051365159,91.42695022075819,0,background
4395,meghalaya,25.353867500453205,90.14567494485576,0,background
4396,meghalaya,25.291470573288755,90.01959479605388,0,background
4397,meghalaya,25.148931458407834,92.59605776602514,0,background
4398,meghalaya,25.339472708783628,89.90841847030018,0,background
4399,meghalaya,25.232610902605114,90.35658204827003,0,background
4400,meghalaya,25.842104874086132,90.3171234924391,0,background
4401,meghalaya,25.374130904914765,91.17258090810877,0,background
4402,meghalaya,25.20315876618111,91.32366690233833,0,background
4403,meghalaya,25.37908804292273,92.12850154660363,0,background
4404,meghalaya,25.68542643328299,90.90800579574875,0,background
4405,meghalaya,25.742518113007673,90.25889157946312,0,background
4406,meghalaya,25.91301120931674,90.73342559164585,0,background
4407,meghalaya,25.3908992519323,92.65561331540519,0,background
4408,meghalaya,25.721065880286226,91.79832706326812,0,background
4409,meghalaya,25.817232795791003,91.40051844666567,0,background
4410,meghalaya,25.634427271124085,91.74436823611325,0,background
4411,meghalaya,25.332913738516478,89.8781096637015,0,background
4412,meghalaya,25.32682937681439,90.46818069535327,0,background
4413,meghalaya,25.329236231762234,92.76313635739605,0,background
4414,meghalaya,25.78828212972579,91.44572276229432,0,background
4415,meghalaya,25.859712887836793,91.95158994311423,0,background
4416,meghalaya,25.581640023083754,90.2367091836135,0,background
4417,meghalaya,25.464180738110873,90.39804354616174,0,background
4418,meghalaya,25.72756654492318,90.35741379144434,0,background
4419,meghalaya,25.751979045632375,90.92383620239853,0,background
4420,meghalaya,25.811886735813733,91.56804185960507,0,background
4421,meghalaya,25.65601893392163,91.26334700519011,0,background
4422,meghalaya,25.099528492363397,92.43277434920911,0,background
4423,meghalaya,25.426089637691543,90.21369092548811,0,background
4424,meghalaya,25.75641431549206,90.03656299448754,0,background
4425,meghalaya,25.698822719076365,92.06501008550221,0,background
4426,meghalaya,25.216034520117322,90.2778854877835,0,background
4427,meghalaya,25.956998877762274,90.1582528458708,0,background
4428,meghalaya,25.57926900798006,91.55474774374439,0,background
4429,meghalaya,25.70741573074297,90.0728021479946,0,background
4430,meghalaya,25.34622286809968,90.19732744127818,0,background
4431,meghalaya,25.482575498232,90.36328319748125,0,background
4432,meghalaya,25.668571132229257,90.58115456507744,0,background
4433,meghalaya,25.579742651736456,90.9596541933845,0,background
4434,meghalaya,25.538679927782905,90.60667453965249,0,background
4435,meghalaya,25.25682717653972,90.7600545650313,0,background
4436,meghalaya,25.745962018727784,89.97606336767363,0,background
4437,meghalaya,25.711372074383466,90.41930275153389,0,background
4438,meghalaya,25.306768817176675,90.68686505392674,0,background
4439,meghalaya,25.67661197814637,91.50723264608511,0,background
4440,meghalaya,25.18065014988094,90.80707927065134,0,background
4441,meghalaya,25.656993719702843,90.88114662573648,0,background
4442,meghalaya,25.775235765612248,90.19477926238261,0,background
4443,meghalaya,25.79118901802135,91.55641223923365,0,background
4444,meghalaya,25.215638465929143,90.49841592624753,0,background
4445,meghalaya,25.961883401729416,92.14208150631711,0,background
4446,meghalaya,25.824527333953135,90.91731884571149,0,background
4447,meghalaya,25.376152583130967,89.916758739864,0,background
4448,meghalaya,26.031285874456557,91.77491958217823,0,background
4449,meghalaya,25.893784752583375,90.09847783477449,0,background
4450,meghalaya,25.90278362364955,90.35700434544823,0,background
4451,meghalaya,25.902576552057248,90.43762034396124,0,background
4452,meghalaya,25.678806749295987,90.46378542924126,0,background
4453,meghalaya,25.501149365540726,91.0114364722564,0,background
4454,meghalaya,25.36921391736322,90.25448312953934,0,background
4455,meghalaya,25.82211536749125,90.7195861209919,0,background
4456,meghalaya,25.69909145591953,90.416644289973,0,background
4457,meghalaya,25.711920743666028,92.22609937392879,0,background
4458,meghalaya,25.26011477647859,90.90393481543877,0,background
4459,meghalaya,25.63069637154334,90.24577535108347,0,background
4460,meghalaya,25.597007050482006,91.397879702308,0,background
4461,meghalaya,25.867755610149683,90.47821558678935,0,background
4462,meghalaya,25.63764396163868,90.69006920586138,0,background
4463,meghalaya,25.89347051874864,91.49424323751387,0,background
4464,meghalaya,25.86218962822461,90.023638381166,0,background
4465,meghalaya,25.632612848433723,90.95010316336628,0,background
4466,meghalaya,25.469030629059525,92.42884779291263,0,background
4467,meghalaya,25.127623621551038,92.46023774410628,0,background
4468,meghalaya,25.84742781483888,90.74633172667586,0,background
4469,meghalaya,25.564952899174344,90.50561052618534,0,background
4470,meghalaya,25.169842047798856,90.930546493699,0,background
4471,meghalaya,25.86890126140221,91.64921783958093,0,background
4472,meghalaya,25.302462833046246,90.75479177402863,0,background
4473,meghalaya,25.64762444065471,90.47808539130284,0,background
4474,meghalaya,25.382629235906975,90.5001113456682,0,background
4475,meghalaya,25.474273187810084,90.01649535945714,0,background
4476,meghalaya,25.355872568496032,90.39085592147298,0,background
4477,meghalaya,25.29609660388376,90.79643680790755,0,background
4478,meghalaya,25.254275407975243,91.2749092327951,0,background
4479,meghalaya,25.706719806288376,90.24056115077538,0,background
4480,meghalaya,25.396661352254746,90.40098895807479,0,background
4481,meghalaya,25.867141530848627,91.01137651933632,0,background
4482,meghalaya,25.975415622286587,91.61720321251964,0,background
4483,meghalaya,25.282946233728797,92.4672604053821,0,background
4484,meghalaya,25.25103459997234,90.34751049667862,0,background
4485,meghalaya,25.84559827070635,90.33295114288,0,background
4486,meghalaya,25.585223660234927,91.4208152499862,0,background
4487,meghalaya,25.407196102829495,90.27417392039585,0,background
4488,meghalaya,25.796801446869345,91.41088389224316,0,background
4489,meghalaya,25.81281536799482,91.74167336071568,0,background
4490,meghalaya,25.828207091691933,90.10560155532096,0,background
4491,meghalaya,25.43587770236797,90.41088957266325,0,background
4492,meghalaya,25.603344809738918,92.38640302609164,0,background
4493,meghalaya,25.302994698223653,90.88250102712523,0,background
4494,meghalaya,25.74651005202785,91.46322823386573,0,background
4495,meghalaya,25.599315663624196,91.09996154367684,0,background
4496,meghalaya,25.477762638820735,90.59270083227885,0,background
4497,meghalaya,25.585006135992632,92.3726313857109,0,background
4498,meghalaya,25.550016877212965,90.74054850721653,0,background
4499,meghalaya,25.22790688029634,90.4389248557462,0,background
4500,meghalaya,25.86358298072915,90.77020062372375,0,background
4501,meghalaya,25.690039080269496,90.09579835401209,0,background
4502,meghalaya,25.394765295433704,90.4926201859885,0,background
4503,meghalaya,25.500106616666862,92.36206359349384,0,background
4504,meghalaya,25.946774786597853,91.77586403430564,0,background
4505,meghalaya,25.5359437193469,90.43679734195884,0,background
4506,meghalaya,25.502666559587333,90.89241559892929,0,background
4507,meghalaya,25.34026623929113,90.20503405456549,0,background
4508,meghalaya,25.315677256280285,91.16249553052288,0,background
4509,meghalaya,25.63745759914959,90.57571984815064,0,background
4510,meghalaya,25.468844167632692,90.96084372692202,0,background
4511,meghalaya,25.831648704481207,90.34790280173277,0,background
4512,meghalaya,25.194975036770508,92.57221535847438,0,background
4513,meghalaya,25.74153424254007,90.3817501142402,0,background
4514,meghalaya,25.503157511262057,90.54023662675291,0,background
4515,meghalaya,25.93700090536089,90.2876452720386,0,background
4516,meghalaya,25.46229050540457,92.38743199726068,0,background
4517,meghalaya,25.35755848236998,90.2036842758432,0,background
4518,meghalaya,25.866561549235097,90.53170203018269,0,background
4519,meghalaya,25.22472155158115,91.32379422760228,0,background
4520,meghalaya,25.67189186454947,91.72196420310883,0,background
4521,meghalaya,25.65263838445811,90.6778424329528,0,background
4522,meghalaya,25.666150874086014,90.99549602569775,0,background
4523,meghalaya,25.283229094925822,90.83910375007244,0,background
4524,meghalaya,25.279259246463102,90.03612718452028,0,background
4525,meghalaya,25.67662809627074,91.22952480689244,0,background
4526,meghalaya,25.676091718882223,90.01923509702132,0,background
4527,meghalaya,25.45496346576569,91.44923679101178,0,background
4528,meghalaya,25.917708930386425,91.82103055731393,0,background
4529,meghalaya,25.918728181567122,90.8965106197384,0,background
4530,meghalaya,25.361552076811126,90.0037154362229,0,background
4531,meghalaya,25.341740055853833,90.57877963331194,0,background
4532,meghalaya,25.41131241212854,89.9144118459328,0,background
4533,meghalaya,25.32238112413932,91.12438447834282,0,background
4534,meghalaya,25.52103394351905,90.57876119355728,0,background
4535,meghalaya,25.231601630640654,90.73245337747547,0,background
4536,meghalaya,25.771825210595356,90.58060305251628,0,background
4537,meghalaya,25.839122192300078,90.23186701193472,0,background
4538,meghalaya,25.70698536291212,90.53294947856676,0,background
4539,meghalaya,26.033556274419123,92.10592923243726,0,background
4540,meghalaya,25.190411380390902,92.5774771934131,0,background
4541,meghalaya,25.288912828012553,90.81917627343844,0,background
4542,meghalaya,25.372816602026735,92.2159463383809,0,background
4543,meghalaya,25.88999681487316,91.65361016921236,0,background
4544,meghalaya,25.249169368390426,90.47551130846277,0,background
4545,meghalaya,25.448808862078103,90.28391283184867,0,background
4546,meghalaya,25.21371760536394,90.77409352471237,0,background
4547,meghalaya,25.396098423222718,92.37103597131224,0,background
4548,meghalaya,25.503118831278712,90.54375678788523,0,background
4549,meghalaya,25.18618621397142,90.51551837135516,0,background
4550,meghalaya,25.623673145369494,92.12263172029708,0,background
4551,meghalaya,25.61167964718689,91.68126677118117,0,background
4552,meghalaya,25.288068260158244,90.15340888528213,0,background
4553,meghalaya,25.82979475957508,90.86748757267817,0,background
4554,meghalaya,25.814394188566098,91.51148020510243,0,background
4555,meghalaya,25.77912886420069,90.10623117715025,0,background
4556,meghalaya,25.997561844603435,92.16337763847626,0,background
4557,meghalaya,25.416911770017997,92.46826261974125,0,background
4558,meghalaya,25.560774529859184,90.41241188188641,0,background
4559,meghalaya,25.376958431729594,91.1369494245381,0,background
4560,meghalaya,25.680193482931696,90.8548956762452,0,background
4561,meghalaya,25.90186310287715,90.96795267945186,0,background
4562,meghalaya,25.76260032975146,90.14543840014127,0,background
4563,meghalaya,25.395235934384285,90.54180246564748,0,background
4564,meghalaya,25.35817753539289,90.1130517233298,0,background
4565,meghalaya,25.262945451829044,90.7326418096566,0,background
4566,meghalaya,25.87208467211664,91.92237162022666,0,background
4567,meghalaya,25.53512241718511,90.15311639388436,0,background
4568,meghalaya,25.689292345882606,91.73543639032059,0,background
4569,meghalaya,25.32892366416471,90.76831408938386,0,background
4570,meghalaya,25.895146848492946,90.89936652790468,0,background
4571,meghalaya,25.75687491508228,91.72762262422951,0,background
4572,meghalaya,25.8321920649405,90.08630135670018,0,background
4573,meghalaya,25.18886875495222,90.79372699958272,0,background
4574,meghalaya,25.324483260787762,90.67274698208509,0,background
4575,meghalaya,25.951815710608535,90.3218716486656,0,background
4576,meghalaya,25.915977873958813,90.40500916394514,0,background
4577,meghalaya,25.918797576521413,91.51129669631517,0,background
4578,meghalaya,25.253812032778885,92.29700783304524,0,background
4579,meghalaya,25.73575892163277,90.35100471277414,0,background
4580,meghalaya,25.61287989715857,92.3495575623887,0,background
4581,meghalaya,25.275725563380103,90.41582404465275,0,background
4582,meghalaya,25.814953409769444,91.58412939310574,0,background
4583,meghalaya,25.821208411028696,90.66329432794578,0,background
4584,meghalaya,25.272592491757802,90.60454250820955,0,background
4585,meghalaya,25.772970940013508,90.31533508890381,0,background
4586,meghalaya,25.250172272665083,92.4847839755032,0,background
4587,meghalaya,25.857939663891106,90.66074629621845,0,background
4588,meghalaya,25.317765403286067,89.87963647998707,0,background
4589,meghalaya,25.841470739952022,90.8484419194401,0,background
4590,meghalaya,25.51321137064858,90.10560905815693,0,background
4591,meghalaya,25.70434537276437,90.12905358149413,0,background
4592,meghalaya,25.88528883000167,91.0236066444164,0,background
4593,meghalaya,25.92586918527813,90.32142438223343,0,background
4594,meghalaya,25.341246576843208,89.97809304548933,0,background
4595,meghalaya,25.988542899429337,92.11742635410599,0,background
4596,meghalaya,25.86056639822167,90.32527073504441,0,background
4597,meghalaya,25.556476391035552,90.73960662574413,0,background
4598,meghalaya,26.016261182308718,91.62518745890222,0,background
4599,meghalaya,25.338471620164512,90.36796711484577,0,background
4600,meghalaya,25.663293340597054,92.44125986671186,0,background
4601,meghalaya,25.805912658265278,90.6132503320362,0,background
4602,meghalaya,25.394719775850266,91.18480362766167,0,background
4603,meghalaya,25.72237541312536,89.999754679025,0,background
4604,meghalaya,26.010331508887045,90.37383094428634,0,background
4605,meghalaya,25.74582886814631,90.88074074377161,0,background
4606,meghalaya,25.34636133244616,90.55753014730433,0,background
4607,meghalaya,25.461009934902506,90.01962527484798,0,background
4608,meghalaya,25.78656387989349,90.08409349270453,0,background
4609,meghalaya,25.48105430140544,90.33104916748529,0,background
4610,meghalaya,25.543668677603357,91.07337492520844,0,background
4611,meghalaya,25.41012040620031,91.19638104845647,0,background
4612,meghalaya,25.821336422504373,90.23944848364216,0,background
4613,meghalaya,25.91119884275483,90.09762580825527,0,background
4614,meghalaya,25.33999966891886,90.10748269290868,0,background
4615,meghalaya,25.872939671440943,90.05196153157092,0,background
4616,meghalaya,25.360837619667947,90.772921082331,0,background
4617,meghalaya,25.235987836496705,92.67323418582866,0,background
4618,meghalaya,25.73652976486572,92.3987867773189,0,background
4619,meghalaya,25.32758741348839,91.1268075662856,0,background
4620,meghalaya,25.762868042677216,89.98950717365321,0,background
4621,meghalaya,25.96914542542117,92.11664503658646,0,background
4622,meghalaya,25.546670876490207,92.61953470222096,0,background
4623,meghalaya,25.480401933900186,91.97086662453295,0,background
4624,meghalaya,25.686099686205083,90.25416851918955,0,background
4625,meghalaya,25.40728881483835,89.9302150662902,0,background
4626,meghalaya,25.871153944515413,90.6914853296788,0,background
4627,meghalaya,25.42946909118248,90.92607117175648,0,background
4628,meghalaya,25.89803249638656,90.30593359839476,0,background
4629,meghalaya,25.440924327869492,90.47775952619742,0,background
4630,meghalaya,25.314145508375685,90.00629186231235,0,background
4631,meghalaya,25.963861416032035,91.79177480389801,0,background
4632,meghalaya,25.180775019538146,92.32497568183007,0,background
4633,meghalaya,25.364490176878068,91.10554504802724,0,background
4634,meghalaya,25.36290155038465,89.99741616747941,0,background
4635,meghalaya,25.257824190873126,90.10942674821614,0,background
4636,meghalaya,25.286245754704012,92.75703815196825,0,background
4637,meghalaya,25.18617952716371,92.62921372152563,0,background
4638,meghalaya,25.199461338008643,90.93898632832017,0,background
4639,meghalaya,25.79415726998428,90.88381366520724,0,background
4640,meghalaya,25.293787541201308,90.33935992298187,0,background
4641,meghalaya,25.24611693713014,90.78121951901326,0,background
4642,meghalaya,25.305056982658034,90.23996765138399,0,background
4643,meghalaya,25.82140697186959,90.71256687215825,0,background
4644,meghalaya,25.768694403316434,91.41126435093967,0,background
4645,meghalaya,25.639357555602345,90.57164110572369,0,background
4646,meghalaya,25.366668586169585,92.17600275144221,0,background
4647,meghalaya,25.460090365374974,89.97899732995266,0,background
4648,meghalaya,25.3490458041836,92.32071284448044,0,background
4649,meghalaya,25.874451998115244,90.05554267846303,0,background
4650,meghalaya,25.82483694068842,91.81903167964235,0,background
4651,meghalaya,25.66059370233189,90.88643956842358,0,background
4652,meghalaya,25.74530949128746,90.78058192947384,0,background
4653,meghalaya,25.349828311348745,89.85524914504187,0,background
4654,meghalaya,25.798365251492545,90.75671886375224,0,background
4655,meghalaya,25.741821179704576,91.42115074201917,0,background
4656,meghalaya,25.152025651812387,92.46341473148861,0,background
4657,meghalaya,25.768637322664272,91.14838624363482,0,background
4658,meghalaya,25.855535354879674,91.79009176421836,0,background
4659,meghalaya,25.605960685491493,91.56718599898551,0,background
4660,meghalaya,25.855444324641493,91.96736930088956,0,background
4661,meghalaya,25.620372664860582,91.67094353727276,0,background
4662,meghalaya,25.740815309472108,91.45389533195075,0,background
4663,meghalaya,25.484129153442474,91.96082545877086,0,background
4664,meghalaya,25.74894006570057,91.42433256101798,0,background
4665,meghalaya,25.649023007582752,91.72645465348624,0,background
4666,meghalaya,25.83511258804383,90.26375304392386,0,background
4667,meghalaya,25.920694237591245,90.27380981022998,0,background
4668,meghalaya,25.42543331826432,92.4813783097651,0,background
4669,meghalaya,25.25908768630213,90.95905892514685,0,background
4670,meghalaya,25.34268138640683,91.11828406250498,0,background
4671,meghalaya,25.593797624166726,91.08233154016659,0,background
4672,meghalaya,25.384772591569376,92.12886548689629,0,background
4673,meghalaya,25.75455482398045,90.87757303414261,0,background
4674,meghalaya,25.75210042029972,90.97128594977958,0,background
4675,meghalaya,25.346652751938702,92.23008756079903,0,background
4676,meghalaya,25.549212600136563,90.62664029739628,0,background
4677,meghalaya,25.61649572016246,90.09558366872822,0,background
4678,meghalaya,25.85217067651748,90.86301868155748,0,background
4679,meghalaya,25.23553606053819,91.52773588475976,0,background
4680,meghalaya,25.865722982561536,91.94371950613984,0,background
4681,meghalaya,25.760158025348815,90.28220636043771,0,background
4682,meghalaya,25.08705581302062,92.27974655835067,0,background
4683,meghalaya,25.40930561412929,91.26871651131985,0,background
4684,meghalaya,25.94079134780988,90.22231100958541,0,background
4685,meghalaya,25.548050165060804,90.13207757168001,0,background
4686,meghalaya,25.771633091661027,91.51639839845237,0,background
4687,meghalaya,25.852791254398266,91.56480815316196,0,background
4688,meghalaya,25.340474722863032,91.83708210001811,0,background
4689,meghalaya,25.445249828794797,90.56090332666886,0,background
4690,meghalaya,25.78880353056477,90.5353506265768,0,background
4691,meghalaya,25.773159519305903,91.79479970228155,0,background
4692,meghalaya,25.70468558931348,90.5472148329263,0,background
4693,meghalaya,25.82364178589456,90.22605256036223,0,background
4694,meghalaya,25.17006074689651,90.5298574646142,0,background
4695,meghalaya,25.856764288437905,90.06692992265936,0,background
4696,meghalaya,25.664423437269217,90.0445458689925,0,background
4697,meghalaya,25.763084322836146,91.83384148593775,0,background
4698,meghalaya,25.883399765472955,90.94905252283236,0,background
4699,meghalaya,25.295164614855,91.12933470387827,0,background
4700,meghalaya,25.838112605562785,90.07589008066418,0,background
4701,meghalaya,25.0911068599792,92.27730951448274,0,background
4702,meghalaya,25.327431394843035,91.28437690245386,0,background
4703,meghalaya,25.845526432955882,90.18587225692109,0,background
4704,meghalaya,25.36871723350765,92.11016918678732,0,background
4705,meghalaya,25.788526870358563,90.15187843070474,0,background
4706,meghalaya,25.389680160501378,92.32839851159923,0,background
4707,meghalaya,25.422432082126374,90.99520739891234,0,background
4708,meghalaya,25.833566805821018,90.37926729832006,0,background
4709,meghalaya,25.691632713399688,91.36655869999076,0,background
4710,meghalaya,25.872266719439278,91.65158904515141,0,background
4711,meghalaya,25.390606910748183,89.99389738531562,0,background
4712,meghalaya,25.848925947853967,90.91656185776074,0,background
4713,meghalaya,25.303825529361546,92.62599638110453,0,background
4714,meghalaya,25.88067272959295,90.4776409260644,0,background
4715,meghalaya,25.752310986115226,90.74509579453098,0,background
4716,meghalaya,25.411446776939442,92.46571854953564,0,background
4717,meghalaya,25.370768713336986,90.24945158591159,0,background
4718,meghalaya,25.471539671180956,90.35783493199882,0,background
4719,meghalaya,25.899508088441646,92.10223413367332,0,background
4720,meghalaya,25.388336926281774,90.93257613120419,0,background
4721,meghalaya,25.828264964687765,90.1939628397971,0,background
4722,meghalaya,25.286956921541808,90.78494006977327,0,background
4723,meghalaya,25.552667288666278,90.07145177505512,0,background
4724,meghalaya,25.853598022728658,90.52670290777377,0,background
4725,meghalaya,25.362048744667593,90.43023837681318,0,background
4726,meghalaya,25.897479318873362,90.36684156728585,0,background
4727,meghalaya,25.92043865831515,90.48435991126385,0,background
4728,meghalaya,25.660665620617632,89.97155291462283,0,background
4729,meghalaya,25.93702384799696,90.48674265341668,0,background
4730,meghalaya,25.79373361633022,91.42649093859983,0,background
4731,meghalaya,25.65537180144246,91.54096412457876,0,background
4732,meghalaya,25.919217612310998,90.30021721923909,0,background
4733,meghalaya,25.670468171750535,90.44827133345727,0,background
4734,meghalaya,25.371240183635006,92.20458469132411,0,background
4735,meghalaya,25.416281223035302,90.5867539215859,0,background
4736,meghalaya,25.707819817292883,89.9378628761452,0,background
4737,meghalaya,25.30511495597286,92.2736767438354,0,background
4738,meghalaya,25.64965073317,90.51339546597872,0,background
4739,meghalaya,25.859510828824998,90.94497321404369,0,background
4740,meghalaya,25.892238071579044,90.7483276900543,0,background
4741,meghalaya,25.67731405081525,91.7224901071698,0,background
4742,meghalaya,25.4246542539538,90.36826898913526,0,background
4743,meghalaya,25.84245303193523,91.41847264950955,0,background
4744,meghalaya,25.78189457267399,91.30733397974629,0,background
4745,meghalaya,25.738137724346956,91.72802471268965,0,background
4746,meghalaya,25.886891018049212,91.97069808175887,0,background
4747,meghalaya,25.68561556776067,90.4631154926068,0,background
4748,meghalaya,25.222047717385532,92.48327257585343,0,background
4749,meghalaya,25.495000303218944,90.0887596912932,0,background
4750,meghalaya,25.266650023966132,90.03233522444309,0,background
4751,meghalaya,25.879516323543513,90.9112150580411,0,background
4752,meghalaya,25.421169528451447,90.97771333566077,0,background
4753,meghalaya,25.14749845813227,92.55189703225855,0,background
4754,meghalaya,25.700220105265288,91.32567516553789,0,background
4755,meghalaya,25.252245853303176,92.55562646909681,0,background
4756,meghalaya,25.344305320556856,90.48978675480159,0,background
4757,meghalaya,25.49208304376747,90.97003381717299,0,background
4758,meghalaya,25.849379136009777,90.30484670296778,0,background
4759,mizoram,23.045082284391917,92.4709220245956,0,background
4760,mizoram,24.018013477107814,92.51239798483594,0,background
4761,mizoram,23.986709314559725,92.8570790399129,0,background
4762,mizoram,23.145922177129034,92.45288244684045,0,background
4763,mizoram,23.31368680644488,92.46853627478019,0,background
4764,mizoram,23.85138891518025,92.99171393034486,0,background
4765,mizoram,23.977545159011438,92.41273248904959,0,background
4766,mizoram,23.17975621184675,92.39019099498614,0,background
4767,mizoram,23.300219287404392,92.43736831895067,0,background
4768,mizoram,22.557081718140772,93.03564661856907,0,background
4769,mizoram,23.770655107534097,92.44768076832322,0,background
4770,mizoram,22.95142292155001,93.13531502723657,0,background
4771,mizoram,24.20690781844544,92.86700975845129,0,background
4772,mizoram,22.942337763209142,92.37383785890908,0,background
4773,mizoram,23.73254868830328,92.39386628486994,0,background
4774,mizoram,23.988411593732913,92.58382197506388,0,background
4775,mizoram,24.078451126431744,92.73573694905961,0,background
4776,mizoram,23.632871421092776,92.31453949845273,0,background
4777,mizoram,22.592337141033447,93.134579783145,0,background
4778,mizoram,23.500802439444364,92.3935955014181,0,background
4779,mizoram,23.15844872789457,92.43516328421873,0,background
4780,mizoram,23.08710584432846,92.4609263041884,0,background
4781,mizoram,23.667069568292796,92.29500180000595,0,background
4782,mizoram,22.23207248779161,92.87145292956566,0,background
4783,mizoram,21.97865563015814,92.90288972943041,0,background
4784,mizoram,24.25861585024123,92.85937782141802,0,background
4785,mizoram,24.088158974242837,92.70547846130421,0,background
4786,mizoram,23.39748512785456,92.40077557383658,0,background
4787,mizoram,24.087902364289913,92.99287607992652,0,background
4788,mizoram,23.568951391671895,92.38277902666977,0,background
4789,mizoram,23.000124405209952,92.43549081329127,0,background
4790,mizoram,23.32024711034692,92.92948691819063,0,background
4791,mizoram,23.789985717201255,92.88954013054028,0,background
4792,mizoram,24.0587772785153,92.72145551410024,0,background
4793,mizoram,22.31361226447115,93.18094013089963,0,background
4794,mizoram,23.799659927842967,93.26767094075348,0,background
4795,mizoram,22.58972856706849,92.71959633148613,0,background
4796,mizoram,22.119760491677273,93.05103908537964,0,background
4797,mizoram,23.308527270497628,92.4455941921399,0,background
4798,mizoram,23.906466343272964,93.38843673641664,0,background
4799,mizoram,22.679615395755352,93.08620617692456,0,background
4800,mizoram,22.934219468585752,92.98816674361922,0,background
4801,mizoram,23.061994853781904,92.43960365819044,0,background
4802,mizoram,22.236622039747548,92.7846451125982,0,background
4803,mizoram,22.09788237260094,92.9733056459146,0,background
4804,mizoram,22.603325820635593,92.76808907426908,0,background
4805,mizoram,23.403502896606177,92.52422626496714,0,background
4806,mizoram,22.91152606068007,92.63148668554521,0,background
4807,mizoram,22.133328523393093,92.9454650688714,0,background
4808,mizoram,23.413783341145912,92.4797626387353,0,background
4809,mizoram,22.891834466993235,93.11043774226007,0,background
4810,mizoram,22.081091878551227,92.97789492081102,0,background
4811,mizoram,23.977804392918312,92.62782781223562,0,background
4812,mizoram,23.295066253525167,92.51730638437871,0,background
4813,mizoram,22.9065091729312,93.00330174407567,0,background
4814,mizoram,22.92826254548307,93.1178470882538,0,background
4815,mizoram,23.535824618471512,92.51041671214396,0,background
4816,mizoram,23.49770224072506,92.50267695327935,0,background
4817,mizoram,22.599583453745854,92.7707934485094,0,background
4818,mizoram,22.00924419533853,92.9144409404187,0,background
4819,mizoram,23.983067625322594,92.52678848656096,0,background
4820,mizoram,23.337428866144112,92.37516184111395,0,background
4821,mizoram,23.301026909215306,92.39224650970513,0,background
4822,mizoram,23.747521206726596,92.30737018159165,0,background
4823,mizoram,23.400412306336108,92.58955685615902,0,background
4824,mizoram,23.996085680339316,92.4331969055161,0,background
4825,mizoram,23.395233243376,92.36880234976854,0,background
4826,mizoram,22.98769804868632,92.42632218310725,0,background
4827,mizoram,23.35219232660927,92.4439475589077,0,background
4828,mizoram,24.036766345062038,92.55461396491148,0,background
4829,mizoram,24.01461972980263,92.46364928601069,0,background
4830,mizoram,23.763893591446557,92.29439570194894,0,background
4831,mizoram,22.66156513837248,93.04852762806944,0,background
4832,mizoram,23.470250653237,92.52914221671904,0,background
4833,mizoram,22.63566356420355,92.75612459572402,0,background
4834,mizoram,23.53266153992302,92.34748420951075,0,background
4835,mizoram,22.903002511831403,92.99703267260541,0,background
4836,mizoram,23.729704332151503,93.26101435619744,0,background
4837,mizoram,23.323893398978406,92.60028488667284,0,background
4838,mizoram,22.795540271411475,92.7226316667108,0,background
4839,mizoram,22.678949719590044,93.04875150915143,0,background
4840,mizoram,23.40199538860373,92.60281740136224,0,background
4841,mizoram,22.71930489418719,93.0390706691081,0,background
4842,mizoram,23.56797747040775,92.38035108913603,0,background
4843,mizoram,22.73736951036022,92.90787057563098,0,background
4844,mizoram,23.464374504680535,92.46116572116884,0,background
4845,mizoram,24.23617714864872,92.56758839309099,0,background
4846,mizoram,23.291699574788748,92.92901024899501,0,background
4847,mizoram,23.214051695539332,92.41307099020247,0,background
4848,mizoram,22.652862630554473,93.06919160650277,0,background
4849,mizoram,23.18809626353942,92.40516883314531,0,background
4850,mizoram,23.501541643539795,92.43724210896441,0,background
4851,mizoram,24.24455071896036,92.75373581988391,0,background
4852,mizoram,22.650740067640886,92.77121310291962,0,background
4853,mizoram,23.09189356551255,92.48797675279229,0,background
4854,mizoram,22.734847869070965,92.9002406076611,0,background
4855,mizoram,22.629120335350038,93.07212221489884,0,background
4856,mizoram,23.99581203410452,92.39266905135766,0,background
4857,mizoram,23.29827347880898,92.91991712839464,0,background
4858,mizoram,22.05321199112385,92.93353153083739,0,background
4859,mizoram,22.242322533093493,92.75950500224148,0,background
4860,mizoram,22.616429548978534,93.07206572778689,0,background
4861,mizoram,23.399714299800873,92.47104758880208,0,background
4862,mizoram,23.34556114923768,92.51466008867834,0,background
4863,mizoram,23.418927868068135,92.96655505765955,0,background
4864,mizoram,22.288946004074504,92.91830636076338,0,background
4865,mizoram,22.975419092588144,92.57448148677008,0,background
4866,mizoram,23.32631762273134,92.95494447051404,0,background
4867,mizoram,23.38921196741778,92.50052000366254,0,background
4868,mizoram,22.98289182735253,93.13122312267464,0,background
4869,mizoram,22.525877665841023,93.10669788390052,0,background
4870,mizoram,24.01021620835986,92.52902032763514,0,background
4871,mizoram,24.027177764460607,92.5536086793272,0,background
4872,mizoram,22.46375091258624,92.82711379537467,0,background
4873,mizoram,24.01247792345455,92.61765672419438,0,background
4874,mizoram,23.68254624600477,92.3025639621787,0,background
4875,mizoram,22.219358144962282,92.84547747651638,0,background
4876,mizoram,23.262506574528203,92.43859395970648,0,background
4877,mizoram,23.30613083451521,93.00487650750392,0,background
4878,mizoram,23.60432855007041,92.43354871999925,0,background
4879,mizoram,23.29262135793767,92.51719861587661,0,background
4880,mizoram,22.624675803855645,92.75639157839149,0,background
4881,mizoram,24.124736055604146,92.61268442666054,0,background
4882,mizoram,22.940862561394425,93.09884718329272,0,background
4883,mizoram,22.00112531122564,92.97576348219833,0,background
4884,mizoram,23.409735492271928,92.44158429759605,0,background
4885,mizoram,22.904846083714336,92.63397911698112,0,background
4886,mizoram,22.60857666140608,93.08946299700122,0,background
4887,mizoram,24.103149692496242,92.7454231489025,0,background
4888,mizoram,23.296928396986615,92.42615832876419,0,background
4889,mizoram,23.512347858916524,92.36693178077468,0,background
4890,mizoram,23.215473493954125,92.39388329554052,0,background
4891,mizoram,22.582197358866978,92.73298123921663,0,background
4892,mizoram,22.963309342796027,92.55496454052619,0,background
4893,mizoram,22.02608483566867,92.6151148186902,0,background
4894,mizoram,22.28861188147209,92.95121328644254,0,background
4895,mizoram,22.255161825189845,92.88216337452319,0,background
4896,mizoram,23.051283157463768,92.42132526119333,0,background
4897,mizoram,23.47724606115054,92.34821788033078,0,background
4898,mizoram,22.922945443855447,92.60140738379863,0,background
4899,mizoram,23.77592972035573,92.30168127418185,0,background
4900,mizoram,23.133777685374106,92.40028455274708,0,background
4901,mizoram,23.603105720281356,92.32141590111422,0,background
4902,mizoram,23.222091570287628,93.37475104432148,0,background
4903,mizoram,23.515455308170885,92.32525547088204,0,background
4904,mizoram,22.81721689651809,92.46496881553641,0,background
4905,mizoram,23.71343558452435,92.3905536607021,0,background
4906,mizoram,23.00909108539225,92.53124024364072,0,background
4907,mizoram,23.394513849605268,92.49998732511021,0,background
4908,mizoram,23.631209033481984,92.29031720752032,0,background
4909,mizoram,23.07945430761218,92.6079960596212,0,background
4910,mizoram,22.207812292441513,92.87925613108331,0,background
4911,mizoram,22.01850172055175,92.62413954205007,0,background
4912,mizoram,23.57139539696656,92.52297631296582,0,background
4913,mizoram,23.47460872347042,92.3946376449808,0,background
4914,mizoram,22.125453775328563,93.04823379002167,0,background
4915,mizoram,22.931573452572675,92.62848713563059,0,background
4916,mizoram,23.77649324357189,92.45894569959356,0,background
4917,mizoram,22.950980108076713,92.39514039579568,0,background
4918,mizoram,23.50053175709029,92.50401150186747,0,background
4919,mizoram,22.721732508647335,93.04393180997523,0,background
4920,mizoram,22.67319767883126,93.03101326788766,0,background
4921,mizoram,23.85542063802506,92.41423573369161,0,background
4922,mizoram,22.30667283758212,92.90582612469113,0,background
4923,mizoram,23.403973867276186,92.47222938476695,0,background
4924,mizoram,23.35435487897219,92.50389264739027,0,background
4925,mizoram,23.408891090083458,92.44076080474986,0,background
4926,mizoram,24.115253070578625,92.62111736858594,0,background
4927,mizoram,24.081736067715013,92.72660716333901,0,background
4928,mizoram,24.387619684298993,92.98659444823642,0,background
4929,mizoram,22.294946463025692,92.83900144980811,0,background
4930,mizoram,23.607121596693936,92.52997311658658,0,background
4931,mizoram,23.909097636201462,92.54880475601112,0,background
4932,mizoram,22.077470530004256,92.95787786041011,0,background
4933,mizoram,23.535463761247897,92.3578530844741,0,background
4934,mizoram,23.359352236666556,92.46477093753565,0,background
4935,mizoram,22.28132249520414,92.82484028772976,0,background
4936,mizoram,22.92175159160814,92.40322844790927,0,background
4937,mizoram,23.552665483468406,92.52900483413632,0,background
4938,mizoram,23.097805953132198,92.42087599960206,0,background
4939,mizoram,22.87653156090557,93.00635089370898,0,background
4940,mizoram,23.372527898510384,92.54715658950293,0,background
4941,mizoram,22.226709614142695,92.86535451149861,0,background
4942,mizoram,23.551719028962605,92.93266702834211,0,background
4943,mizoram,22.938860812981474,92.61379488207935,0,background
4944,mizoram,23.008815419403454,92.49553604321427,0,background
4945,mizoram,21.99959865041878,92.9885825536441,0,background
4946,mizoram,22.888316198398947,93.08419009466546,0,background
4947,mizoram,22.67659062268806,93.06439459046095,0,background
4948,mizoram,23.192841478339528,93.37361961665997,0,background
4949,mizoram,23.507374589306416,92.32645140426355,0,background
4950,mizoram,22.9608176436411,92.62907231890483,0,background
4951,mizoram,23.025652081302205,92.46679616254406,0,background
4952,mizoram,24.281162602499947,92.7535727243125,0,background
4953,mizoram,23.41522245323019,92.46559872813954,0,background
4954,mizoram,23.51608209042174,92.5104332122344,0,background
4955,mizoram,22.663678371656996,93.0961252320615,0,background
4956,mizoram,22.62090830113408,93.06593926864706,0,background
4957,mizoram,23.468992761850338,93.13898397874968,0,background
4958,mizoram,21.985458027741103,92.90886596938262,0,background
4959,mizoram,22.790410880930768,92.55350034738628,0,background
4960,mizoram,23.35925027760213,92.38834772032725,0,background
4961,mizoram,22.421845476698483,92.79590630703093,0,background
4962,mizoram,22.713190860315148,93.03560894935639,0,background
4963,mizoram,24.398789502726057,93.00696690318544,0,background
4964,mizoram,23.093185627495966,92.43718115967161,0,background
4965,mizoram,23.265558686605974,92.42166439473296,0,background
4966,mizoram,22.62337057014036,93.05230059179328,0,background
4967,mizoram,22.87524299469359,93.06246803329354,0,background
4968,mizoram,23.32432210383053,92.95924031775137,0,background
4969,mizoram,23.76276636723434,92.40123313510392,0,background
4970,mizoram,23.141725581737944,92.42440744168098,0,background
4971,mizoram,22.764662342712032,92.92974955499515,0,background
4972,mizoram,22.99486360794037,92.42348794050267,0,background
4973,mizoram,22.924268504567188,92.65439333807412,0,background
4974,mizoram,23.434158987170463,92.50602101973833,0,background
4975,mizoram,22.875076953202388,93.05015738138032,0,background
4976,mizoram,23.083310055275778,92.94949088628185,0,background
4977,mizoram,22.764410787115278,92.75845981529714,0,background
4978,mizoram,23.01083177174052,92.58130192743012,0,background
4979,mizoram,22.593662556741254,93.06109818188267,0,background
4980,mizoram,22.75714439795322,92.57051800655769,0,background
4981,mizoram,23.651075401343732,92.38082813331835,0,background
4982,mizoram,23.306741944855574,92.50294679724932,0,background
4983,mizoram,22.436385669784684,92.79946786762741,0,background
4984,mizoram,22.995638498072747,92.38951005360593,0,background
4985,mizoram,23.546469686379723,92.50945979803905,0,background
4986,mizoram,23.12436654592298,92.95841475354231,0,background
4987,mizoram,23.938187775324977,92.5718414248714,0,background
4988,mizoram,23.62579631647219,92.32836236660569,0,background
4989,mizoram,23.94510618494687,92.56999654783688,0,background
4990,mizoram,22.2933394470837,92.8436687582809,0,background
4991,mizoram,23.183607379551887,92.8397492984758,0,background
4992,mizoram,23.10310140352456,92.45412555536744,0,background
4993,mizoram,22.233718572842506,92.73198027181893,0,background
4994,mizoram,23.153231108877424,92.38124892283001,0,background
4995,mizoram,22.92532246092129,93.12707480426187,0,background
4996,mizoram,23.552281941327763,92.922396893599,0,background
4997,mizoram,23.374140525898447,92.57452864986965,0,background
4998,mizoram,22.930357563054436,93.03076467005049,0,background
4999,mizoram,23.3704871201623,92.41768067985241,0,background
5000,mizoram,23.999303608412333,92.49885148599533,0,background
5001,mizoram,23.36216213722106,92.38775657413804,0,background
5002,mizoram,23.59568979447178,93.40853850622157,0,background
5003,mizoram,23.600334553496836,92.30269906761245,0,background
5004,mizoram,23.87145936354978,92.54759707449554,0,background
5005,mizoram,23.01196029104652,92.55033382417074,0,background
5006,mizoram,23.732755832867987,93.2819541193401,0,background
5007,mizoram,23.546359254457407,92.3184319107735,0,background
5008,mizoram,23.773416855921575,93.21423021505342,0,background
5009,mizoram,22.245088092842327,92.81167203576621,0,background
5010,mizoram,23.37978416972019,92.9777500119324,0,background
5011,mizoram,23.842392562099974,92.44149612431787,0,background
5012,mizoram,23.179378817708738,92.38280375268953,0,background
5013,mizoram,23.896657002519557,92.57381748601455,0,background
5014,mizoram,22.987176664594813,92.62772428430856,0,background
5015,mizoram,23.96260390447699,92.58113918381967,0,background
5016,mizoram,22.735623562839194,92.94507985537372,0,background
5017,mizoram,23.574989758751116,92.33437058443994,0,background
5018,mizoram,22.55746098294256,93.09826879412765,0,background
5019,mizoram,22.783293420626396,92.47400647414001,0,background
5020,mizoram,22.400177892487967,93.17488627374193,0,background
5021,mizoram,23.405081917189584,92.50171337319232,0,background
5022,mizoram,23.396371153284882,92.98836744704553,0,background
5023,mizoram,23.04194657203984,92.62780515854621,0,background
5024,mizoram,22.516443929733146,93.06783942345976,0,background
5025,mizoram,23.082246513836857,92.44912711188772,0,background
5026,mizoram,23.310608181484362,92.5877892342263,0,background
5027,mizoram,23.17513829643245,92.41053528899987,0,background
5028,mizoram,23.063025487160417,92.41054836584615,0,background
5029,mizoram,23.303431569538155,92.5902561842374,0,background
5030,mizoram,23.146110573549333,92.42940220729871,0,background
5031,mizoram,22.647475749024913,92.97183499399677,0,background
5032,mizoram,22.50669860133456,92.57969496581508,0,background
5033,mizoram,23.018196932051588,92.46278759015748,0,background
5034,mizoram,23.48291229898473,92.4492630473855,0,background
5035,mizoram,22.825550153053204,92.51764814631642,0,background
5036,mizoram,22.142438554936362,92.92167121519103,0,background
5037,mizoram,23.940228375887493,92.60591152796925,0,background
5038,mizoram,23.66072285268316,92.30111029774335,0,background
5039,mizoram,22.26216298467881,92.85647253664045,0,background
5040,mizoram,22.618157832238545,93.10469361435597,0,background
5041,mizoram,22.75086809245432,92.90802669906739,0,background
5042,mizoram,23.20154232842858,92.37053049533385,0,background
5043,mizoram,22.559979758694368,93.04342650423254,0,background
5044,mizoram,22.232984009620576,92.77906112011674,0,background
5045,mizoram,23.101429822259018,92.94997922938579,0,background
5046,mizoram,24.09526096288274,92.63609965513662,0,background
5047,mizoram,23.286039440827423,92.9855099767754,0,background
5048,mizoram,21.99858231966455,92.62316556149763,0,background
5049,mizoram,22.01110202581365,92.5983876837728,0,background
5050,mizoram,23.903706870925596,92.58822217868095,0,background
5051,mizoram,23.20686172504313,92.38980707967079,0,background
5052,mizoram,23.42214248455504,92.96569721228795,0,background
5053,mizoram,24.22243218551411,92.89804304324322,0,background
5054,mizoram,23.591070357101625,93.40703887598306,0,background
5055,mizoram,22.012803488106858,93.00135576746989,0,background
5056,mizoram,23.735939453887635,93.2413264947851,0,background
5057,mizoram,22.07276943113601,92.98741148240224,0,background
5058,mizoram,23.635587370680174,93.40313543036895,0,background
5059,mizoram,23.56273709816708,92.93331963295189,0,background
5060,mizoram,23.311730575991724,92.98925500073213,0,background
5061,mizoram,23.65724242425216,92.43186527507898,0,background
5062,mizoram,22.58186308386519,92.73292561799254,0,background
5063,mizoram,23.785861524779047,93.33998248664408,0,background
5064,mizoram,23.99384373606229,92.33103159230542,0,background
5065,mizoram,23.039885657032954,92.47474400689237,0,background
5066,mizoram,23.71575963900683,92.43428619349024,0,background
5067,mizoram,22.585162355560904,93.07631499611104,0,background
5068,mizoram,23.79814848745855,93.25274427388979,0,background
5069,mizoram,23.07222488101906,92.43890340384013,0,background
5070,mizoram,22.691901864332106,93.0628496671728,0,background
5071,mizoram,22.99881835230309,92.59446672622902,0,background
5072,mizoram,23.1010318418382,92.96160451136826,0,background
5073,mizoram,24.155972200738944,92.84977818179858,0,background
5074,mizoram,22.751105052099067,92.58023759076345,0,background
5075,mizoram,22.29270765254663,92.81272632517494,0,background
5076,mizoram,23.66243113181824,92.29239005933881,0,background
5077,mizoram,24.13887712826883,92.84818561763512,0,background
5078,mizoram,23.468292816435365,92.45692840480656,0,background
5079,mizoram,22.595957929135565,92.74225069911861,0,background
5080,mizoram,24.401092743747515,92.98191270629748,0,background
5081,mizoram,23.08051771782436,92.4946386563292,0,background
5082,mizoram,23.37687643640079,92.36745153499899,0,background
5083,mizoram,23.802091153403328,92.44477198814431,0,background
5084,mizoram,22.718532542967996,92.75649958202742,0,background
5085,mizoram,23.330379764561624,92.37143237158071,0,background
5086,mizoram,23.93601501993213,92.53798828588894,0,background
5087,mizoram,23.664724237967643,92.43751698006889,0,background
5088,mizoram,22.908971563625176,92.6446803401947,0,background
5089,mizoram,23.13151821806542,92.36151523843053,0,background
5090,mizoram,23.494033632378947,92.32755681948514,0,background
5091,mizoram,24.21279175815517,92.89704423181597,0,background
5092,mizoram,23.09296705317725,92.44907962516326,0,background
5093,mizoram,23.052503420556015,92.60074548612917,0,background
5094,mizoram,23.12088377299026,92.38573161947907,0,background
5095,mizoram,23.84527752601474,92.46060913075036,0,background
5096,mizoram,23.040717044519955,92.5289011550407,0,background
5097,mizoram,22.055268241083173,92.9836903526852,0,background
5098,mizoram,22.62064017910467,93.08473446698574,0,background
5099,mizoram,23.630376528419628,92.35219423539807,0,background
5100,mizoram,23.45452122987963,92.40467446288837,0,background
5101,mizoram,23.479079113958463,92.44145448552464,0,background
5102,mizoram,23.074738351575185,92.39799956352671,0,background
5103,mizoram,23.554147994438157,92.36821607160826,0,background
5104,mizoram,22.925133871524,92.60513763290287,0,background
5105,mizoram,23.97336361345577,92.45452279660199,0,background
5106,mizoram,23.21897033089683,93.37935053496204,0,background
5107,mizoram,23.42006047476586,92.55062564023996,0,background
5108,mizoram,23.09739930175029,92.38149530050704,0,background
5109,mizoram,23.74281943865327,93.22533792465754,0,background
5110,mizoram,23.217201291954286,92.8438653509644,0,background
5111,mizoram,23.42757845620838,92.45135270673956,0,background
5112,mizoram,23.070854524622547,92.49128852065421,0,background
5113,mizoram,22.92195590639562,92.98994508228611,0,background
5114,mizoram,22.731226569171078,93.09047477761183,0,background
5115,mizoram,22.60058388825429,92.80942703493346,0,background
5116,mizoram,23.74912588853112,92.30444528005512,0,background
5117,mizoram,23.02171337272549,92.39685155888752,0,background
5118,mizoram,24.217256507011843,92.89811214891014,0,background
5119,mizoram,23.95152749327855,92.55436357103696,0,background
5120,mizoram,22.111255020981325,92.57874624948589,0,background
5121,mizoram,23.341687973669934,92.3795126470492,0,background
5122,mizoram,24.02585740469609,92.84567402745854,0,background
5123,mizoram,24.107001867079454,92.69991035730838,0,background
5124,mizoram,23.033874134589762,92.4389260865357,0,background
5125,mizoram,24.01174319254337,92.50661875284173,0,background
5126,mizoram,23.320569225011017,92.3828764127694,0,background
5127,mizoram,23.164834472076492,92.37604531811196,0,background
5128,mizoram,22.935736377208134,93.08656090468908,0,background
5129,mizoram,23.496334160396344,92.38153287709872,0,background
5130,mizoram,23.44214712020003,92.47553423039052,0,background
5131,mizoram,23.30305153226368,92.93850769999179,0,background
5132,mizoram,23.094545524699733,92.48939190802002,0,background
5133,mizoram,23.580266929247625,92.40910605867852,0,background
5134,mizoram,22.90374910353685,93.00748792780783,0,background
5135,mizoram,23.14849337761614,92.4365269656333,0,background
5136,mizoram,24.158413467031284,92.87982136004435,0,background
5137,mizoram,23.641944927255686,92.30504154444355,0,background
5138,mizoram,22.656490571487115,92.77679518704934,0,background
5139,mizoram,22.358714982372547,93.17314142430843,0,background
5140,mizoram,23.094788402988573,92.9609317350438,0,background
5141,mizoram,22.907538819094178,93.11030650678678,0,background
5142,mizoram,22.41050696481608,92.8053236819448,0,background
5143,mizoram,23.79345458239417,92.43532808852761,0,background
5144,mizoram,23.990500389934585,92.55952111064204,0,background
5145,mizoram,23.534104593146857,92.40083555906433,0,background
5146,mizoram,23.493656844554607,92.42988399891993,0,background
5147,mizoram,22.93290816744531,93.14236749669519,0,background
5148,mizoram,22.04443530178778,92.89664845945433,0,background
5149,mizoram,23.14464989657422,92.36061332520654,0,background
5150,mizoram,23.60875544336344,93.25840984700594,0,background
5151,mizoram,23.753279573042754,92.40796210248809,0,background
5152,mizoram,23.400348750931233,92.52455389450486,0,background
5153,mizoram,23.46714796945225,92.53254846948707,0,background
5154,mizoram,24.093053046716662,92.9611176466587,0,background
5155,mizoram,22.058083415422374,92.90201484848832,0,background
5156,mizoram,23.794084388504984,93.2510883162903,0,background
5157,mizoram,22.057460240000427,92.91243739586209,0,background
5158,mizoram,23.486143682725338,92.39417480156723,0,background
5159,mizoram,23.635210837937205,92.32888005607435,0,background
5160,mizoram,23.366928232144556,92.3797187182803,0,background
5161,mizoram,23.790865600713868,93.24644199568317,0,background
5162,mizoram,22.94383382525893,93.08462890404192,0,background
5163,mizoram,22.586848746724346,92.59431683560062,0,background
5164,mizoram,23.73566957244704,93.31493079178092,0,background
5165,mizoram,23.356234183533218,92.49779561703184,0,background
5166,mizoram,23.65785915953955,92.43917841384946,0,background
5167,mizoram,22.852675897923646,93.08245518093068,0,background
5168,mizoram,23.63732896476037,92.32601462353051,0,background
5169,mizoram,23.322942204521457,92.9630109313018,0,background
5170,mizoram,22.896722661137417,92.63698069997959,0,background
5171,mizoram,22.96999349116493,92.55264432716835,0,background
5172,mizoram,23.540349244246276,92.3721320981515,0,background
5173,mizoram,24.08460136576305,92.72133328659015,0,background
5174,mizoram,24.170700635406774,92.73903664245876,0,background
5175,mizoram,23.975061750824118,92.60134864378195,0,background
5176,mizoram,23.430080152293936,92.38019291765497,0,background
5177,mizoram,22.080614377265327,92.91475438525462,0,background
5178,mizoram,23.21098919649374,92.40080615794373,0,background
5179,mizoram,22.446888744235796,92.79089591506052,0,background
5180,mizoram,23.416500943937333,92.54722444014298,0,background
5181,mizoram,23.03607916187347,92.43753013256772,0,background
5182,mizoram,22.91781628054717,93.10565994649244,0,background
5183,mizoram,23.6079681261631,93.39791583440322,0,background
5184,mizoram,23.608996677390458,92.30743986573175,0,background
5185,mizoram,23.38832085479765,92.56176180423064,0,background
5186,mizoram,23.222779120838666,92.40575958382476,0,background
5187,mizoram,22.855539919424217,93.11101454067064,0,background
5188,mizoram,22.636386110940457,93.04815712672513,0,background
5189,mizoram,23.800383655576756,93.25686888466466,0,background
5190,mizoram,23.76503305564862,93.2293889547282,0,background
5191,mizoram,22.87146335366934,93.00239427738178,0,background
5192,mizoram,23.462049798223195,92.37117274275464,0,background
5193,mizoram,23.19371615632007,92.85028017412311,0,background
5194,mizoram,22.69425531854571,93.03814134627632,0,background
5195,mizoram,23.9025357902484,92.55749244868976,0,background
5196,mizoram,22.61507525448027,92.7781175649126,0,background
5197,mizoram,22.268948571583604,92.99001884669403,0,background
5198,mizoram,24.048374431237583,92.7190882074745,0,background
5199,mizoram,22.728477310823727,92.914608783517,0,background
5200,mizoram,22.792488002728575,93.08529617299025,0,background
5201,mizoram,23.592718668912926,92.35600021285596,0,background
5202,mizoram,22.62118330296674,93.092517295841,0,background
5203,mizoram,23.483461889822813,92.35269641923887,0,background
5204,mizoram,22.627454028809794,93.08458916552844,0,background
5205,mizoram,23.30004923722968,92.45787540362147,0,background
5206,mizoram,23.71562189480503,92.41424206635764,0,background
5207,mizoram,23.148767509939564,92.442478945677,0,background
5208,mizoram,22.894331406150894,93.01991030122221,0,background
5209,mizoram,22.078698985119615,92.9202232603622,0,background
5210,mizoram,24.28447322131086,92.76349813426849,0,background
5211,mizoram,22.741525225044022,92.93800315053828,0,background
5212,mizoram,22.627662928819383,93.09237992788162,0,background
5213,mizoram,22.044728583446837,92.87833103143932,0,background
5214,mizoram,22.620693976669802,92.78580354751895,0,background
5215,mizoram,24.20878117889116,92.8788554054024,0,background
5216,mizoram,23.333794292031655,92.39765864317661,0,background
5217,mizoram,23.451195825248,92.45430463632042,0,background
5218,mizoram,23.547369570893895,92.3743177918192,0,background
5219,mizoram,23.78481214779018,92.41620443257463,0,background
5220,mizoram,23.80131600801043,93.24859512170376,0,background
5221,mizoram,23.416697689427952,92.47001763491046,0,background
5222,mizoram,23.883136563952686,92.58230222857281,0,background
5223,mizoram,23.447775703740884,92.40784710087479,0,background
5224,mizoram,23.97884260457271,92.51335887523373,0,background
5225,mizoram,22.260022060453124,92.8933606570527,0,background
5226,mizoram,23.03616869547086,92.61749328453926,0,background
5227,mizoram,23.46738979542229,92.38284682414121,0,background
5228,mizoram,23.978232119737324,92.46290854237714,0,background
5229,mizoram,23.03658935372011,92.41346226831114,0,background
5230,mizoram,22.051130844816168,92.89434845333837,0,background
5231,mizoram,23.588501014997462,92.39001206265901,0,background
5232,mizoram,23.322186327964285,93.1741763662354,0,background
5233,mizoram,23.08708715538873,92.39937039704208,0,background
5234,mizoram,22.735012322815603,92.90033108418545,0,background
5235,mizoram,22.885114320133102,93.06730511437252,0,background
5236,mizoram,22.76656563006514,92.56992470287689,0,background
5237,mizoram,23.74795322806451,92.41651181302038,0,background
5238,mizoram,23.889863716114593,92.5446432563801,0,background
5239,mizoram,22.598154622212437,93.12021099919235,0,background
5240,mizoram,22.259588688824483,93.14074145617262,0,background
5241,mizoram,23.416183758037473,92.37243840311304,0,background
5242,mizoram,22.998591992295452,92.44824446544948,0,background
5243,mizoram,23.475338177073052,92.45660722257358,0,background
5244,mizoram,23.394957905579677,92.46412227718845,0,background
5245,mizoram,23.182954729524486,92.3854484929666,0,background
5246,mizoram,22.576513736087158,92.79632409945869,0,background
5247,mizoram,23.752414137468897,93.27601721242858,0,background
5248,mizoram,23.772656777120723,92.29626479391682,0,background
5249,mizoram,23.12794399990464,92.43219592745285,0,background
5250,mizoram,22.886768446072768,93.08821324128455,0,background
5251,mizoram,22.632853216259864,93.06751942731475,0,background
5252,mizoram,24.199502158511415,92.73856047227363,0,background
5253,mizoram,22.51566674617426,93.07889073444112,0,background
5254,mizoram,22.726156718777354,93.07663268915712,0,background
5255,mizoram,22.820508751878588,92.45705918052415,0,background
5256,mizoram,23.44128603988268,92.94941788670677,0,background
5257,mizoram,24.013463938788984,92.44725398891292,0,background
5258,mizoram,22.655725570080804,92.78390082096516,0,background
5259,mizoram,22.01343625827981,92.89746968545235,0,background
5260,mizoram,22.244339406901272,92.88393772868339,0,background
5261,mizoram,22.67532730988292,92.94975246769711,0,background
5262,mizoram,23.413088709190774,92.44947976478981,0,background
5263,mizoram,22.988679913205257,92.61314792986589,0,background
5264,mizoram,23.499998514809338,92.43145919539465,0,background
5265,mizoram,22.906317087574582,93.05691762940832,0,background
5266,mizoram,23.28517400054959,92.94864478516924,0,background
5267,mizoram,22.569275739335033,93.0998293590562,0,background
5268,mizoram,22.83355815431159,93.10659862549093,0,background
5269,mizoram,22.752284462842493,92.93234845273378,0,background
5270,mizoram,22.551858654386486,93.10046132978512,0,background
5271,mizoram,23.883362586206687,92.57368778397145,0,background
5272,mizoram,23.697590563191486,92.44196488584114,0,background
5273,mizoram,23.816489503375372,92.42195684324204,0,background
5274,mizoram,23.367989587987797,92.9976242658565,0,background
5275,mizoram,22.934314524254575,92.64292362117807,0,background
5276,mizoram,22.317418325463947,92.90180688145199,0,background
5277,mizoram,22.93384775775641,92.60368404417989,0,background
5278,mizoram,24.02351189208087,92.46432416016499,0,background
5279,mizoram,22.682308971182763,93.08614708788622,0,background
5280,mizoram,22.24970112532646,92.85318213935108,0,background
5281,mizoram,22.929478142151005,93.03920954134655,0,background
5282,mizoram,23.10082330596878,92.37620552824589,0,background
5283,mizoram,23.438544667336693,92.54542893906638,0,background
5284,mizoram,22.22024524911444,92.88520641008994,0,background
5285,mizoram,24.162945787323896,92.86636781597888,0,background
5286,mizoram,23.98668759250275,92.62549963609544,0,background
5287,mizoram,23.958319964444915,92.32656908927359,0,background
5288,mizoram,23.20005876823592,92.39127393255036,0,background
5289,mizoram,23.988197992117808,92.47466187730286,0,background
5290,mizoram,23.173326935548026,92.43829148513483,0,background
5291,mizoram,23.380829312625654,92.985162329371,0,background
5292,mizoram,23.61756872432608,92.52179639528852,0,background
5293,mizoram,22.259125628515278,92.89377440525705,0,background
5294,mizoram,23.103444976634837,92.40817553302819,0,background
5295,mizoram,22.219803817430567,92.72940575696973,0,background
5296,mizoram,22.58842469314086,92.81391104726386,0,background
5297,mizoram,22.09633377494449,92.69043439516913,0,background
5298,mizoram,24.195109198470124,92.88312774355694,0,background
5299,mizoram,23.626477825819265,92.47963155346912,0,background
5300,mizoram,24.002225655725233,92.60446494573908,0,background
5301,mizoram,22.65799328165629,92.75678691167073,0,background
5302,mizoram,24.058736748388085,92.46544725607667,0,background
5303,mizoram,23.10728505226435,92.40948176769976,0,background
5304,mizoram,23.825100667391457,92.42611214253104,0,background
5305,mizoram,22.291598014493708,92.88190810837919,0,background
5306,mizoram,23.318220262182614,92.51215001074162,0,background
5307,mizoram,24.048366474370713,92.45440831637855,0,background
5308,mizoram,23.062091609170672,92.51595526103968,0,background
5309,mizoram,23.320421221361222,93.18680111611752,0,background
5310,mizoram,22.44621623505916,92.82385847707788,0,background
5311,mizoram,23.328848274666704,92.41907411883051,0,background
5312,mizoram,22.57873228038196,92.80539961720433,0,background
5313,mizoram,22.61000683077551,93.08936665014558,0,background
5314,mizoram,23.227579422090365,92.44031135117072,0,background
5315,mizoram,23.994037785520433,92.57163348174886,0,background
5316,mizoram,22.557745974711054,93.06650441421212,0,background
5317,mizoram,23.389955171887856,92.4823723382374,0,background
5318,mizoram,23.03539449688218,92.45207517297,0,background
5319,mizoram,22.915821099539187,93.09531298526937,0,background
5320,mizoram,24.030211580671427,92.45063090623086,0,background
5321,mizoram,23.391847438043303,92.45385443085827,0,background
5322,mizoram,22.982648027559506,92.4523177502686,0,background
5323,mizoram,23.958346400863803,92.43181728917902,0,background
5324,mizoram,23.646378461052457,92.43065171948432,0,background
5325,mizoram,23.374897116875648,92.36703901188578,0,background
5326,mizoram,23.61175193209437,92.34038543495538,0,background
5327,mizoram,22.22610919153093,92.8798812739918,0,background
5328,mizoram,22.964180260178082,92.6109276441033,0,background
5329,mizoram,22.764951297769212,92.73681520272193,0,background
5330,mizoram,22.271427063746636,93.18068696767905,0,background
5331,mizoram,22.830987410659144,93.10619904043246,0,background
5332,mizoram,24.38435714965783,92.98069496343176,0,background
5333,mizoram,22.83911421018868,92.53090873138068,0,background
5334,mizoram,24.198181622433346,92.87451165301196,0,background
5335,mizoram,23.00548588531733,92.42556171800445,0,background
5336,mizoram,23.408566995926698,92.43712702650437,0,background
5337,mizoram,23.56255782560743,92.3487276207523,0,background
5338,mizoram,23.890118523446706,92.79556018979432,0,background
5339,mizoram,23.956999895076255,92.59399529030239,0,background
5340,mizoram,23.763649784332525,92.28758667328947,0,background
5341,mizoram,23.599323422420124,92.32946561406604,0,background
5342,mizoram,23.5920965078959,92.40940518677323,0,background
5343,mizoram,23.969362159020108,92.43529878350414,0,background
5344,mizoram,23.508669228521235,92.4713091777121,0,background
5345,mizoram,23.76130717884154,93.2061892754154,0,background
5346,mizoram,23.55498025697756,92.93845613662515,0,background
5347,mizoram,23.472277645696302,92.50523360646761,0,background
5348,mizoram,23.33923536616181,92.584047543958,0,background
5349,mizoram,23.468087529914495,92.96051218793487,0,background
5350,mizoram,22.062918964810695,92.91319169046757,0,background
5351,mizoram,23.745607381163985,93.23721985391342,0,background
5352,mizoram,23.777733953993064,92.29655320921876,0,background
5353,mizoram,23.392604068451725,92.37303497647456,0,background
5354,mizoram,23.111876062920903,92.4002935025701,0,background
5355,mizoram,23.32991357139222,92.94095034734406,0,background
5356,mizoram,23.32622609016038,92.96915569718675,0,background
5357,mizoram,22.032525131543423,92.60095852193962,0,background
5358,mizoram,23.67602262010371,92.40378193734638,0,background
5359,mizoram,23.98686351181863,92.41458622819016,0,background
5360,mizoram,23.72534288058796,93.23570665992095,0,background
5361,mizoram,23.08389061739422,92.50148892317694,0,background
5362,mizoram,22.278676561552647,92.80173846856947,0,background
5363,mizoram,22.581221950048473,93.10386103801149,0,background
5364,mizoram,23.50278331858598,92.33720057657143,0,background
5365,mizoram,23.639875793450408,92.46541066330276,0,background
5366,mizoram,22.98196458077756,92.61801693693796,0,background
5367,mizoram,22.904619628319853,93.0064500326257,0,background
5368,mizoram,23.412634010447327,92.43233421744858,0,background
5369,mizoram,23.249357740191883,92.42442932800621,0,background
5370,mizoram,23.436293171956137,92.55841307670032,0,background
5371,mizoram,22.644754796509673,92.98299292173883,0,background
5372,mizoram,23.918027023746216,92.5724213516736,0,background
5373,mizoram,23.473226470261427,92.46448922885192,0,background
5374,mizoram,23.28512488799246,93.0026858806779,0,background
5375,mizoram,23.49791441659279,92.37470161525052,0,background
5376,mizoram,24.27449263700777,92.8635259050823,0,background
5377,mizoram,23.564011359493154,92.34701584389697,0,background
5378,mizoram,23.48573011604003,92.40094451697354,0,background
5379,mizoram,22.99392163699602,92.40833873443617,0,background
5380,mizoram,23.80528474755631,93.25744037568681,0,background
5381,mizoram,23.47127315042544,92.3599534239662,0,background
5382,mizoram,23.93154044196421,92.53900090197438,0,background
5383,mizoram,24.192777634596556,92.75131268529171,0,background
5384,mizoram,22.766203892425185,93.0938371466597,0,background
5385,mizoram,23.024490163885538,92.43782139800318,0,background
5386,mizoram,23.33341593908444,92.46554571217379,0,background
5387,mizoram,22.988127679260323,92.38501923049884,0,background
5388,mizoram,23.06674956880936,92.42085296217225,0,background
5389,mizoram,23.088087228969954,92.50998375715365,0,background
5390,mizoram,23.396444141550006,92.38083993826224,0,background
5391,mizoram,23.83805606322667,92.43767941489894,0,background
5392,mizoram,23.748729871102118,92.32397668590683,0,background
5393,mizoram,23.65851517506659,92.44915842510238,0,background
5394,mizoram,23.978489496844173,92.49377857858256,0,background
5395,mizoram,23.049053198629974,92.48995291587636,0,background
5396,mizoram,23.98424729965228,92.60740749474606,0,background
5397,mizoram,23.513918813641656,92.42489246523114,0,background
5398,mizoram,23.642258867506985,92.41089607931595,0,background
5399,mizoram,23.414346452695177,92.52283412422209,0,background
5400,mizoram,23.04748316063312,92.51892864893415,0,background
5401,mizoram,23.682865338874283,92.39932983498778,0,background
5402,mizoram,22.98183371541391,92.54672653242258,0,background
5403,mizoram,23.372979173937576,92.38347908867497,0,background
5404,mizoram,23.673873532406375,92.4079219995546,0,background
5405,mizoram,22.62023990175977,92.78108222070071,0,background
5406,mizoram,22.558785243705454,93.0698908497671,0,background
5407,mizoram,22.21181941772668,92.88379095959793,0,background
5408,mizoram,23.63221029605256,92.52737402341315,0,background
5409,mizoram,23.226072644431746,92.43165563192187,0,background
5410,mizoram,23.440438946916103,92.51063358492262,0,background
5411,mizoram,24.006973909977503,92.61628579285995,0,background
5412,mizoram,24.04718714274676,92.84743688178621,0,background
5413,mizoram,23.06353180288951,92.96158432754845,0,background
5414,mizoram,23.102697026008144,92.40360873807532,0,background
5415,mizoram,23.740613139189133,92.46200878819722,0,background
5416,mizoram,23.960352829934823,92.57089068806476,0,background
5417,mizoram,22.56740471641391,93.10208028915368,0,background
5418,mizoram,23.0397841089863,92.39272270433769,0,background
5419,mizoram,24.164490298317578,92.86776614690463,0,background
5420,mizoram,24.064516157107285,92.46238483864836,0,background
5421,mizoram,23.74122981474923,92.32547442428688,0,background
5422,mizoram,22.68052866231152,92.76162187518423,0,background
5423,mizoram,24.084065104760047,92.98295841076555,0,background
5424,mizoram,24.153775862148134,92.88419167407015,0,background
5425,mizoram,23.048814617676822,92.62762991070649,0,background
5426,mizoram,22.927767715592548,93.13700624341348,0,background
5427,mizoram,23.562990543950843,92.40304154463624,0,background
5428,mizoram,22.889106847099043,92.99819968804928,0,background
5429,mizoram,23.073207530148157,92.45244344178842,0,background
5430,mizoram,23.47105678013491,92.49708455816314,0,background
5431,mizoram,23.606064090272955,92.53290298501261,0,background
5432,mizoram,23.47061272364905,92.46171599509204,0,background
5433,mizoram,23.369935815376103,92.51032157580255,0,background
5434,mizoram,22.271189934159256,93.16747347130418,0,background
5435,mizoram,22.985352763776195,92.55698725689037,0,background
5436,mizoram,23.9022152037393,92.54724711378073,0,background
5437,mizoram,23.527419359978555,92.37032915561025,0,background
5438,mizoram,22.900261115908368,93.09928162641772,0,background
5439,mizoram,23.647118726718894,92.45105699984487,0,background
5440,mizoram,22.787946237768207,93.07859054656538,0,background
5441,mizoram,23.295333558209403,92.40904548493013,0,background
5442,mizoram,23.548364852336444,92.35577953573694,0,background
5443,mizoram,22.623043871736552,93.12156625051188,0,background
5444,mizoram,23.32432291842943,93.20588874922238,0,background
5445,mizoram,23.39191218237246,93.00133579866845,0,background
5446,mizoram,23.337746974649484,92.48452174734449,0,background
5447,mizoram,22.20113028281468,92.83910610217906,0,background
5448,mizoram,23.614868900073972,92.41702962290505,0,background
5449,mizoram,22.976994775720353,92.44989328965032,0,background
5450,mizoram,24.238081348325444,92.54958086078518,0,background
5451,mizoram,23.35735437470349,92.42838765818833,0,background
5452,mizoram,22.54766525146354,93.05201942902846,0,background
5453,mizoram,23.49724262387448,92.37919790970959,0,background
5454,mizoram,22.725566474350764,93.0408833929143,0,background
5455,mizoram,23.97736149702429,92.41846008531532,0,background
5456,mizoram,23.33019223708525,92.48392668420433,0,background
5457,mizoram,23.34931618973428,92.99454698285457,0,background
5458,mizoram,22.94394066792998,92.5969333237392,0,background
5459,mizoram,22.629434656842385,92.75944705236883,0,background
5460,mizoram,23.390055239694853,92.99005961240682,0,background
5461,mizoram,23.725970043727195,93.27923793442754,0,background
5462,mizoram,22.77238628509551,92.91169042124339,0,background
5463,mizoram,23.294402417286573,93.00994959048411,0,background
5464,mizoram,23.977608954172347,92.6226781228352,0,background
5465,mizoram,24.149430529942336,92.86501592838262,0,background
5466,mizoram,23.487830944894988,92.45864209525423,0,background
5467,mizoram,23.35546497117509,92.46461005579732,0,background
5468,mizoram,22.078219736091754,92.94417947100385,0,background
5469,mizoram,23.969746205240064,92.51571577347525,0,background
5470,mizoram,22.23008473626086,92.85876383404184,0,background
5471,mizoram,23.50992861987593,92.47560640813185,0,background
5472,mizoram,23.801529348785444,92.42537646503372,0,background
5473,mizoram,23.777402652627018,92.31619540218348,0,background
5474,mizoram,23.13248300518618,92.46476664371696,0,background
5475,mizoram,23.43697929243797,92.39997599047534,0,background
5476,mizoram,23.46512851920798,92.44548378723302,0,background
5477,mizoram,23.7599346636242,92.4308610202917,0,background
5478,mizoram,22.25703152278578,92.73360162834005,0,background
5479,mizoram,22.980224595680195,93.11631318567092,0,background
5480,mizoram,22.92790991525455,92.6338498356529,0,background
5481,mizoram,22.2891430448704,92.86186297373868,0,background
5482,mizoram,23.032817111296,92.43158661350601,0,background
5483,mizoram,24.05276767952801,92.71719281343528,0,background
5484,mizoram,22.820954852494484,92.51525862393086,0,background
5485,mizoram,22.997692299630632,92.49824849980253,0,background
5486,mizoram,23.885280612342424,92.78238933321164,0,background
5487,mizoram,22.696300114890928,92.94205585960691,0,background
5488,mizoram,23.338551693103692,92.4559423530878,0,background
5489,mizoram,23.21493861429444,92.44578486085038,0,background
5490,mizoram,23.074150713494415,92.39657467027227,0,background
5491,mizoram,23.61323103808779,92.5117314581454,0,background
5492,mizoram,23.041210796724787,92.45962299485214,0,background
5493,mizoram,22.08775811343979,92.58490543906883,0,background
5494,mizoram,22.55576706610803,93.06292255146748,0,background
5495,mizoram,22.756176455597917,92.89400463014938,0,background
5496,mizoram,22.298361971506957,92.88767342803891,0,background
5497,mizoram,23.4118234245924,92.50350655901701,0,background
5498,mizoram,21.953658792864406,92.91016981873345,0,background
5499,mizoram,23.626171481309743,92.50886877537027,0,background
5500,mizoram,23.713632373921648,93.25590813252619,0,background
5501,mizoram,23.99762753438168,92.41002460207625,0,background
5502,mizoram,22.26241459725295,93.20072394568336,0,background
5503,mizoram,23.988203594557792,92.621951696938,0,background
5504,mizoram,24.0212555794084,92.54729967234822,0,background
5505,mizoram,22.7187538268464,93.07380028168848,0,background
5506,mizoram,23.469847363310876,92.46812306671245,0,background
5507,mizoram,22.007207855339715,92.61581980927552,0,background
5508,mizoram,22.724539885102285,93.06867624377371,0,background
5509,mizoram,23.911624575877934,92.56017892225688,0,background
5510,mizoram,23.434190643467872,92.42833630000008,0,background
5511,mizoram,22.57471995890037,92.77796818477535,0,background
5512,mizoram,23.367991517010303,92.99476278743772,0,background
5513,mizoram,23.239827880972513,93.04564595334625,0,background
5514,mizoram,22.87261936335353,93.00458289584756,0,background
5515,mizoram,23.907343174860607,92.59997735632291,0,background
5516,mizoram,23.0017309084214,92.4755986856973,0,background
5517,mizoram,23.787074087165855,92.8937697781082,0,background
5518,mizoram,24.233724179087936,92.88376658379957,0,background
5519,mizoram,22.89653834122664,93.04884162373561,0,background
5520,mizoram,22.452804219404605,93.14264303710074,0,background
5521,mizoram,22.248090159404253,92.76922512046878,0,background
5522,mizoram,23.00940780909432,92.48225501324045,0,background
5523,mizoram,22.057607065563605,92.97042618530199,0,background
5524,mizoram,23.341033486819832,92.48360617512898,0,background
5525,mizoram,23.362525206241333,92.41258984991997,0,background
5526,mizoram,22.75481878490592,92.94276036538945,0,background
5527,mizoram,23.590094500685794,92.33495401512204,0,background
5528,mizoram,24.039947790773116,92.97890823320796,0,background
5529,mizoram,23.32548801318619,92.37519702008174,0,background
5530,mizoram,24.028262142409694,92.46705447316435,0,background
5531,mizoram,23.610572386745652,93.25162648955023,0,background
5532,mizoram,22.67475951230282,92.7842402187609,0,background
5533,mizoram,23.687820677845234,93.3989545872923,0,background
5534,mizoram,22.618358596118405,92.76826126343074,0,background
5535,mizoram,22.534367957857025,93.06402247004323,0,background
5536,mizoram,22.89406720609213,92.64671793449277,0,background
5537,mizoram,23.226646612290725,92.36184321603369,0,background
5538,mizoram,23.690298533768644,93.24620466224187,0,background
5539,mizoram,22.945073207507157,93.12503023173424,0,background
5540,mizoram,23.576642303015028,92.32202887243774,0,background
5541,mizoram,22.932565248165975,93.12956619405182,0,background
5542,mizoram,24.193132849724392,92.89725413110939,0,background
5543,mizoram,23.490561693974154,92.51459791693725,0,background
5544,mizoram,22.051603895913374,92.90082758510478,0,background
5545,mizoram,23.652185912946205,92.44430756321003,0,background
5546,mizoram,24.066433451257225,92.71347781983098,0,background
5547,mizoram,22.0566066415952,92.95651983366268,0,background
5548,mizoram,22.738740395165728,92.9244566520424,0,background
5549,mizoram,23.661255109195803,92.44331289234952,0,background
5550,mizoram,22.648732709152725,92.79054131415886,0,background
5551,mizoram,22.642127629694023,93.00011381612634,0,background
5552,mizoram,22.590169490019417,93.09792097493663,0,background
5553,mizoram,23.42696312663223,92.53870744634234,0,background
5554,mizoram,22.844173672248587,93.11297449463646,0,background
5555,mizoram,23.567246418387796,92.37956429798882,0,background
5556,mizoram,22.91987583477405,92.59038476437291,0,background
5557,mizoram,22.763881675776673,93.08194415597126,0,background
5558,mizoram,22.582615297558043,92.7735626599073,0,background
5559,mizoram,23.789180976078278,92.44440861342225,0,background
5560,mizoram,22.70202554668121,92.92425067771069,0,background
5561,mizoram,23.82540850702742,92.4306542439467,0,background
5562,mizoram,23.369804025112614,92.42763288394454,0,background
5563,mizoram,23.45274844992047,92.5377426544563,0,background
5564,mizoram,22.162992874333902,92.92508913096722,0,background
5565,mizoram,23.48371493834465,92.39438853222507,0,background
5566,mizoram,22.163249654966556,92.92993784740496,0,background
5567,mizoram,22.981168735648904,92.87657758247977,0,background
5568,mizoram,23.06891213795829,92.41139692670761,0,background
5569,mizoram,22.728984251018527,93.0283067731681,0,background
5570,mizoram,23.579975790863365,92.33765234433722,0,background
5571,mizoram,22.43108033417828,92.79820646687068,0,background
5572,mizoram,24.00091249926804,92.53539063263003,0,background
5573,mizoram,23.414511117614634,92.50867593684508,0,background
5574,mizoram,22.78593696912342,92.5715188539491,0,background
5575,mizoram,22.980532667371108,92.56655188965877,0,background
5576,mizoram,23.90729536702363,92.56653110406724,0,background
5577,mizoram,23.796131826156795,93.26114191230064,0,background
5578,mizoram,23.787362585222546,93.21997922707058,0,background
5579,mizoram,23.79460465210772,93.26227504814165,0,background
5580,mizoram,23.981854347567186,92.63158054023673,0,background
5581,mizoram,22.916027468694406,93.10097343862583,0,background
5582,mizoram,23.329283265398534,92.44733550242049,0,background
5583,mizoram,23.704897055094207,93.26166227712993,0,background
5584,mizoram,23.38062421275162,92.56715347648333,0,background
5585,mizoram,22.229976146471113,92.87107486372629,0,background
5586,mizoram,22.199486105711152,92.84188457675293,0,background
5587,mizoram,22.657009147961997,93.04161213621805,0,background
5588,mizoram,23.981217964403466,92.47715081033076,0,background
5589,mizoram,23.99038864794652,92.84394616292114,0,background
5590,mizoram,22.99194052612854,93.1003079159319,0,background
5591,mizoram,23.656078101663983,92.29590105368777,0,background
5592,mizoram,23.51333474042059,92.39130285654873,0,background
5593,mizoram,22.577220324726238,92.5830408495915,0,background
5594,mizoram,23.789973396722015,92.31303000596839,0,background
5595,mizoram,24.010698286615884,92.55246965776101,0,background
5596,mizoram,23.62533617365154,92.29486379330741,0,background
5597,mizoram,22.236420656673445,92.84225209296407,0,background
5598,mizoram,23.705301534496467,92.40736716757034,0,background
5599,mizoram,22.21740266138317,92.87921183950424,0,background
5600,mizoram,23.487775208248987,92.40008224785872,0,background
5601,mizoram,23.990174610819487,92.63348461127286,0,background
5602,mizoram,23.815889782492487,93.26028626126808,0,background
5603,mizoram,23.13971267936115,92.40689957534782,0,background
5604,mizoram,22.727073671005098,92.75852952473579,0,background
5605,mizoram,23.91978687452197,92.56253558845769,0,background
5606,mizoram,23.735767909403087,93.23180313066246,0,background
5607,mizoram,23.049488985746706,92.59698939447851,0,background
5608,mizoram,21.99461931871185,93.00167165386269,0,background
5609,mizoram,23.461785818090263,92.45064680685294,0,background
5610,mizoram,22.932369640496518,92.59578906143291,0,background
5611,mizoram,22.991634938300788,92.45948382775322,0,background
5612,mizoram,24.23657150201245,92.74692875594666,0,background
5613,mizoram,24.220265174371487,92.89821595429623,0,background
5614,mizoram,23.421982482115574,92.54920799638136,0,background
5615,mizoram,23.395595192959973,92.9955702425515,0,background
5616,mizoram,22.045887330218953,92.61608515423792,0,background
5617,mizoram,23.758440525661054,92.28181755061757,0,background
5618,mizoram,23.430028382040792,92.49396625670818,0,background
5619,mizoram,23.673652652718076,92.38976361060197,0,background
5620,mizoram,24.041933655552292,92.46190312388197,0,background
5621,mizoram,23.43373278366944,92.42135543767215,0,background
5622,mizoram,23.751418436415854,92.42459749612244,0,background
5623,mizoram,23.5139366218648,92.5017115347046,0,background
5624,mizoram,23.550642331251066,93.03079513293409,0,background
5625,mizoram,23.758943574844093,93.31399868800246,0,background
5626,mizoram,23.17917579349585,92.38777496402032,0,background
5627,mizoram,22.98190818667845,92.40378729400207,0,background
5628,mizoram,22.78463301704783,92.49378296180268,0,background
5629,mizoram,23.318490789155003,92.46124187368758,0,background
5630,mizoram,23.711871990551863,92.39136836710387,0,background
5631,mizoram,24.18177947802058,92.75706116213703,0,background
5632,mizoram,22.624821305065044,93.05276648747763,0,background
5633,mizoram,23.007045931760132,92.43325541646816,0,background
5634,mizoram,23.20322081645273,92.3878553273925,0,background
5635,mizoram,23.0598505755209,92.95959077204141,0,background
5636,mizoram,22.264185139930067,92.73382549282987,0,background
5637,mizoram,23.67277759311446,92.3056215772109,0,background
5638,mizoram,22.75131088786892,93.05913058772934,0,background
5639,mizoram,22.65621309713841,93.09459617241626,0,background
5640,mizoram,23.67863767974444,92.41059691477716,0,background
5641,mizoram,23.486928834305903,92.45510929208623,0,background
5642,mizoram,22.01578223876079,92.62840018698004,0,background
5643,mizoram,22.826900021978386,92.55821222431825,0,background
5644,mizoram,22.28303374112402,92.97003717981485,0,background
5645,mizoram,22.61152072274519,92.79081153765395,0,background
5646,mizoram,23.487788994426214,92.44978712105923,0,background
5647,mizoram,22.918075075390437,93.05582375368232,0,background
5648,mizoram,22.610057495565467,93.13155571327326,0,background
5649,mizoram,22.584716781491995,92.81281264329421,0,background
5650,mizoram,23.038949511630065,92.41887560768112,0,background
5651,mizoram,23.347324354774234,92.57920264848416,0,background
5652,mizoram,23.21803162390471,93.37885718616975,0,background
5653,mizoram,23.032174615554354,92.45964163573169,0,background
5654,mizoram,23.633101422029874,92.5102836552092,0,background
5655,mizoram,23.589520873034523,92.92838221278143,0,background
5656,mizoram,23.4101693096669,92.49704361603851,0,background
5657,mizoram,22.926618923555203,92.41949710628913,0,background
5658,mizoram,24.237876366723818,92.88154957699513,0,background
5659,mizoram,23.775896728389917,93.26209884446409,0,background
5660,mizoram,22.639242029325615,93.05284780346989,0,background
5661,mizoram,22.31671278208606,92.90178602231417,0,background
5662,mizoram,22.761521843012396,92.93955359944017,0,background
5663,mizoram,23.538703522657926,92.38722493618789,0,background
5664,mizoram,23.079127511645567,92.49475136695625,0,background
5665,mizoram,23.33751593740764,92.59515671388453,0,background
5666,mizoram,22.948431451541975,93.11432050846871,0,background
5667,mizoram,22.308984652007343,92.96727863789927,0,background
5668,mizoram,23.647224260312203,93.23202820327234,0,background
5669,mizoram,23.711152184580936,92.42928581225947,0,background
5670,mizoram,23.587307281237408,93.42142020264689,0,background
5671,mizoram,23.20477063177469,92.84017319374914,0,background
5672,mizoram,22.979517381394608,93.08621170331989,0,background
5673,mizoram,22.804603327557444,93.08869669798952,0,background
5674,mizoram,22.96303665478103,92.37500028968373,0,background
5675,mizoram,22.81058657263228,93.0948573595471,0,background
5676,mizoram,22.80724274688325,92.47289815441319,0,background
5677,mizoram,24.025845293757616,92.43054106785041,0,background
5678,mizoram,23.084231998778137,92.44683065184073,0,background
5679,mizoram,23.602227359417036,93.41722348707073,0,background
5680,mizoram,23.013017574203804,92.87302523701132,0,background
5681,mizoram,23.447715475815997,92.38080829911192,0,background
5682,mizoram,22.793057496688913,93.08672708390341,0,background
5683,mizoram,23.29782900973036,92.57700751733518,0,background
5684,mizoram,23.770544546820634,92.40159871120146,0,background
5685,mizoram,23.525160960153332,92.32244525288858,0,background
5686,mizoram,22.42210382261912,92.80845721877378,0,background
5687,mizoram,23.80453223829382,92.41454865586739,0,background
5688,mizoram,22.59625044080732,93.01757372956403,0,background
5689,mizoram,23.851531910149156,92.44502134482845,0,background
5690,mizoram,22.376173891385452,93.17328508931394,0,background
5691,mizoram,23.59075109178565,92.52130781054223,0,background
5692,mizoram,24.00304227678166,92.55196915863168,0,background
5693,mizoram,23.603591808689227,92.30870941401567,0,background
5694,mizoram,22.978885468164997,93.09545917430523,0,background
5695,mizoram,22.991269945220573,92.55282194388973,0,background
5696,mizoram,23.79710839528555,92.42711315243488,0,background
5697,mizoram,24.207945444180517,92.87294116652191,0,background
5698,mizoram,22.04643503133682,92.88396558073947,0,background
5699,mizoram,23.931142777798275,92.56890294501157,0,background
5700,mizoram,22.795076533030596,92.56882548106562,0,background
5701,mizoram,22.648762102212125,93.07319749843327,0,background
5702,mizoram,23.32442396648381,92.99414082075033,0,background
5703,mizoram,22.654252274195212,92.80133861158889,0,background
5704,mizoram,22.9692924889363,92.57911752871219,0,background
5705,mizoram,22.140027250001246,92.92679118839472,0,background
5706,mizoram,23.408788509233343,92.45088722774045,0,background
5707,mizoram,23.981859590232013,92.44084873625728,0,background
5708,mizoram,23.124089730088766,92.41077460698679,0,background
5709,mizoram,24.09215314291266,92.99138131274003,0,background
5710,mizoram,23.149645655155656,92.40295992196639,0,background
5711,mizoram,22.69761982077698,93.0821264791657,0,background
5712,mizoram,23.426590774048115,92.39034988969298,0,background
5713,mizoram,23.718189615884178,92.41043365820639,0,background
5714,mizoram,24.00918553757832,92.61176290732634,0,background
5715,mizoram,23.54394672469604,92.42768353855897,0,background
5716,mizoram,23.332738082920734,92.4851774973539,0,background
5717,mizoram,22.9943365623161,93.09634543207467,0,background
5718,mizoram,23.298440068235838,92.41984411011202,0,background
5719,mizoram,23.530327555640994,92.39000515959422,0,background
5720,mizoram,22.584283894816036,92.59313502084133,0,background
5721,mizoram,22.897365779636033,92.99060342313075,0,background
5722,mizoram,23.628699832162226,92.37805490205864,0,background
5723,mizoram,23.487491585819225,92.33047538807736,0,background
5724,mizoram,22.006540995600716,92.60598674092833,0,background
5725,mizoram,24.058960196962328,92.84873654740609,0,background
5726,mizoram,22.632052219200286,93.11417319152456,0,background
5727,mizoram,23.669915617786952,92.41992414275256,0,background
5728,mizoram,22.592857926689376,92.81757653028413,0,background
5729,mizoram,22.76360871040888,93.09397364292289,0,background
5730,mizoram,23.39924774413927,92.43775913062652,0,background
5731,mizoram,22.73642897558735,93.08410778673182,0,background
5732,mizoram,23.030412737106587,92.5863544600581,0,background
5733,mizoram,23.66315072377138,93.42455334158797,0,background
5734,mizoram,22.623341092272593,92.76477065307374,0,background
5735,mizoram,22.885604568819783,93.0356179423372,0,background
5736,mizoram,23.98898053580638,92.41744811760448,0,background
5737,mizoram,22.762556245453585,93.08125802250076,0,background
5738,mizoram,23.09751046406082,92.94817457058593,0,background
5739,mizoram,24.139988173069348,92.86461384070897,0,background
5740,mizoram,23.632605568882234,92.41667215197309,0,background
5741,mizoram,24.04822815216347,92.46766079974213,0,background
5742,mizoram,22.773700356074364,92.91974677683855,0,background
5743,mizoram,22.884876466047157,93.00282589443891,0,background
5744,mizoram,22.74378234196573,92.94082734360383,0,background
5745,mizoram,22.616275215170035,93.0921497520229,0,background
5746,mizoram,23.56654960811834,92.34586190327717,0,background
5747,mizoram,22.6091737852133,93.0755075666646,0,background
5748,mizoram,22.45475089616714,92.8051236391741,0,background
5749,mizoram,22.192096235749066,92.85223234541694,0,background
5750,mizoram,23.480435576990153,92.36424878812645,0,background
5751,mizoram,23.210403826010122,92.37271288615906,0,background
5752,mizoram,22.90335165139618,92.6616632229309,0,background
5753,mizoram,22.74577563873726,92.77416568432116,0,background
5754,mizoram,22.971944206306176,92.4368373474221,0,background
5755,mizoram,22.41983567327234,92.7902362419534,0,background
5756,mizoram,22.784530732644818,93.09312771767938,0,background
5757,mizoram,22.629876270744088,92.7980149575836,0,background
5758,mizoram,22.9801273778881,93.08509066786772,0,background
5759,mizoram,23.089154661562358,92.94531666425475,0,background
5760,mizoram,23.339968306452782,92.38270604135455,0,background
5761,mizoram,23.313676322097898,92.57500971197345,0,background
5762,mizoram,24.282412536214977,92.76101190025308,0,background
5763,mizoram,23.224267116435655,92.43129520236985,0,background
5764,mizoram,23.227894292868818,92.3790030773829,0,background
5765,mizoram,24.00069608391029,92.54480829500665,0,background
5766,mizoram,23.138088641625608,92.45289766227573,0,background
5767,mizoram,23.3239590285896,92.93475863979953,0,background
5768,mizoram,22.81325901205631,92.49299856320336,0,background
5769,mizoram,22.816534161815632,92.55182342681553,0,background
5770,mizoram,22.699092394145488,93.03792809650996,0,background
5771,mizoram,23.067740662427944,92.46044225344193,0,background
5772,mizoram,24.07962812564005,92.7323978831827,0,background
5773,mizoram,23.35405402654312,92.50815889492198,0,background
5774,mizoram,24.20967013529203,92.89421258142828,0,background
5775,mizoram,23.461602812294327,92.3498098103727,0,background
5776,mizoram,22.300737700742776,92.81934771080945,0,background
5777,mizoram,22.57332397033315,93.01434049941871,0,background
5778,mizoram,24.22198043315531,92.86634852918714,0,background
5779,mizoram,23.162038292143833,92.39302984382995,0,background
5780,mizoram,23.94303817543033,92.60410208249685,0,background
5781,mizoram,22.440189541535766,93.15788537599094,0,background
5782,mizoram,22.971712190549876,92.4418703940056,0,background
5783,mizoram,23.971125620151692,92.58066361122174,0,background
5784,mizoram,22.907123143021828,92.61158958102041,0,background
5785,mizoram,23.804530922431432,93.22225650439864,0,background
5786,mizoram,22.567656879239525,93.04571912377818,0,background
5787,mizoram,22.962350226380025,92.63726571904172,0,background
5788,mizoram,22.863536419862772,93.10645280245143,0,background
5789,mizoram,23.58145551274881,92.93310474636665,0,background
5790,mizoram,23.564793730874857,92.52357945025462,0,background
5791,mizoram,23.567384634700975,92.53468939633424,0,background
5792,mizoram,23.580966669364418,92.35908333221104,0,background
5793,mizoram,23.8632445136837,92.54269135865103,0,background
5794,mizoram,23.01715495018353,92.46502298825311,0,background
5795,mizoram,23.896911321672544,92.54085861434345,0,background
5796,mizoram,22.704224407388,92.76633628567619,0,background
5797,mizoram,24.096445457456845,92.74236715556648,0,background
5798,mizoram,23.94473536925505,92.56489259501903,0,background
5799,mizoram,23.48235415937973,93.13856235462602,0,background
5800,mizoram,23.74170073064122,93.28407646151592,0,background
5801,mizoram,23.62213424273689,92.30646697378816,0,background
5802,mizoram,23.735800907622895,93.30364764411677,0,background
5803,mizoram,23.81359944803931,92.43453228756856,0,background
5804,mizoram,22.96177839799757,93.11814458014116,0,background
5805,mizoram,23.32024942537802,92.44340245035949,0,background
5806,mizoram,22.598755645023136,92.80427509669376,0,background
5807,mizoram,22.969220297677833,92.56826926494777,0,background
5808,mizoram,24.22223335264864,92.89008222388229,0,background
5809,mizoram,23.035972448018782,92.47241592174939,0,background
5810,mizoram,24.182499485178692,92.84893122005245,0,background
5811,mizoram,22.76035241250734,92.91154145600822,0,background
5812,mizoram,23.612411395324134,92.53637817466173,0,background
5813,mizoram,22.587941264740373,93.04425597692698,0,background
5814,mizoram,23.38623997247387,92.5918342007291,0,background
5815,mizoram,23.010134747704697,92.47371646613058,0,background
5816,mizoram,22.622873666910447,92.80991334743592,0,background
5817,mizoram,22.599405931095543,93.0272332961364,0,background
5818,mizoram,23.981023786205995,92.486166342932,0,background
5819,mizoram,23.74977949977224,92.3035670029918,0,background
5820,mizoram,23.093870454290435,92.47961343534438,0,background
5821,mizoram,22.64464067350734,93.10722933615209,0,background
5822,mizoram,24.128517977578205,92.85070274731723,0,background
5823,mizoram,23.062840588819675,92.61171156797853,0,background
5824,mizoram,23.562932376435572,92.42341438156821,0,background
5825,mizoram,24.044634067935892,92.97125794267582,0,background
5826,mizoram,23.33785390544032,92.51191813288617,0,background
5827,mizoram,22.230066662762898,92.85858139123961,0,background
5828,mizoram,22.987113544323783,92.46631950042656,0,background
5829,mizoram,23.75626605438442,92.90338125287698,0,background
5830,mizoram,23.51950735206702,92.35941961631723,0,background
5831,mizoram,22.693628445166578,93.05030702897163,0,background
5832,mizoram,23.43717301658083,92.4230502067842,0,background
5833,mizoram,23.031884305996922,92.43095935447639,0,background
5834,mizoram,22.144857784150098,92.92612948923868,0,background
5835,mizoram,23.30736143382383,93.01635565867306,0,background
5836,mizoram,22.42998114209978,93.16948178207276,0,background
5837,mizoram,22.07835740001175,92.99069926500789,0,background
5838,mizoram,23.963477017603097,92.56158818600714,0,background
5839,mizoram,22.878819298502194,93.09474354157337,0,background
5840,mizoram,22.743753981410293,92.95302644790247,0,background
5841,mizoram,24.0973428891138,92.69455969876137,0,background
5842,mizoram,22.645112458636248,93.00033940227773,0,background
5843,mizoram,23.9354641718096,92.56282447355922,0,background
5844,mizoram,23.299071524710183,92.45623228132476,0,background
5845,mizoram,23.323473489771043,92.9645801482595,0,background
5846,mizoram,24.0065037722264,92.58924840204203,0,background
5847,mizoram,22.31925349285989,92.82838351599047,0,background
5848,mizoram,23.102064454942077,92.36072591250577,0,background
5849,mizoram,23.133677924504404,92.40588036554995,0,background
5850,mizoram,22.061654047231187,92.59913751768424,0,background
5851,mizoram,22.299860322288605,92.96500688209612,0,background
5852,mizoram,24.236353528615094,92.8707097741147,0,background
5853,mizoram,23.994315358314935,92.33217273083187,0,background
5854,mizoram,23.286968412058137,93.00053484366579,0,background
5855,mizoram,24.17857994068205,92.86413106039527,0,background
5856,mizoram,23.058167932107803,92.623383519462,0,background
5857,mizoram,23.412134208361262,92.48138923385858,0,background
5858,mizoram,22.951170993149784,92.39712754602502,0,background
5859,mizoram,22.53032977376127,93.10122680303334,0,background
5860,mizoram,22.59423537556841,93.08423623612205,0,background
5861,mizoram,23.370878606593713,92.57368131017103,0,background
5862,mizoram,23.724342554803197,93.2870830799852,0,background
5863,mizoram,22.443295261616772,92.81105484515493,0,background
5864,mizoram,23.041681788522165,92.41932025716135,0,background
5865,mizoram,22.941038285517628,92.60322270531758,0,background
5866,mizoram,23.217205108215634,92.85477451231695,0,background
5867,mizoram,23.342804388488958,92.4001110354519,0,background
5868,mizoram,22.613244757714142,93.10967853333557,0,background
5869,mizoram,23.002575196740544,92.39732862380318,0,background
5870,mizoram,22.552335048006604,93.05747703804761,0,background
5871,mizoram,23.74046095388759,92.42945809495055,0,background
5872,mizoram,23.62005513417005,92.34290663244464,0,background
5873,mizoram,23.985164701601324,92.58103259870461,0,background
5874,mizoram,23.589890994406336,92.92927730132462,0,background
5875,mizoram,23.116485810250232,92.46211515661477,0,background
5876,mizoram,23.962752737557356,92.31539485940446,0,background
5877,mizoram,22.97927644298628,92.52601735875623,0,background
5878,mizoram,22.98326898279109,92.40762925092369,0,background
5879,mizoram,22.7289024280385,92.93826245237688,0,background
5880,mizoram,23.47347294323919,93.12885102664538,0,background
5881,mizoram,23.301953757412488,92.50476148045868,0,background
5882,mizoram,24.24943764834469,92.74031765229664,0,background
5883,mizoram,22.771573733187502,92.48201575952399,0,background
5884,mizoram,23.42918112234729,92.50115386057439,0,background
5885,mizoram,23.468070257634125,92.33971292531754,0,background
5886,mizoram,22.30444341650904,92.9680169631027,0,background
5887,mizoram,22.313777275976076,93.18407127056749,0,background
5888,mizoram,23.751396159432073,93.3159963371486,0,background
5889,mizoram,22.998133117327807,92.54846748018774,0,background
5890,mizoram,22.059537634257637,92.97709817653161,0,background
5891,mizoram,23.721896843350653,93.32153800027777,0,background
5892,mizoram,24.140345743460827,92.87535490842257,0,background
5893,mizoram,23.13293754363345,92.38830982510393,0,background
5894,mizoram,22.666000647644786,93.06061392093385,0,background
5895,mizoram,23.678029779922294,92.40717268479436,0,background
5896,mizoram,23.3275773829772,92.52485046447481,0,background
5897,mizoram,23.68840515224051,93.41976778384603,0,background
5898,mizoram,22.909651331706325,92.6087050068854,0,background
5899,mizoram,22.318728414919228,92.83390366185608,0,background
5900,mizoram,23.206360495562897,92.38526330765914,0,background
5901,mizoram,22.022814137704593,92.90945644644398,0,background
5902,mizoram,22.731812877502644,93.07095542745866,0,background
5903,mizoram,22.897636503574308,93.08942481673309,0,background
5904,mizoram,23.103371244889015,92.42574036561896,0,background
5905,mizoram,22.65354407409022,93.06495141124371,0,background
5906,mizoram,23.281478643995296,93.00144348811092,0,background
5907,mizoram,23.76458664305452,93.28778637815721,0,background
5908,mizoram,23.009851267249765,92.4840312835905,0,background
5909,mizoram,23.58208346284667,92.37474819778475,0,background
5910,mizoram,22.239171321884275,92.86463746640744,0,background
5911,mizoram,23.99903792911801,92.56053640512764,0,background
5912,mizoram,22.237871683799867,92.80256753514637,0,background
5913,mizoram,23.46985280014307,92.36245476790715,0,background
5914,mizoram,22.032549256676564,92.60352588546841,0,background
5915,mizoram,23.433862732996367,92.39726766360474,0,background
5916,mizoram,23.305057013999193,92.53024018252728,0,background
5917,mizoram,23.627937566905803,92.36862878277545,0,background
5918,mizoram,23.03161810860615,92.52014886819313,0,background
5919,mizoram,22.670693936363676,93.06890988385925,0,background
5920,mizoram,23.403072594530336,92.3639122960326,0,background
5921,mizoram,22.926030563173644,92.6091610524444,0,background
5922,mizoram,23.024431427460172,92.54940067139607,0,background
5923,mizoram,23.610653469884216,92.43974007569307,0,background
5924,mizoram,22.8003324818466,92.53341017092224,0,background
5925,mizoram,22.875377891836273,93.01838734997686,0,background
5926,mizoram,23.35058353960336,92.57922409407284,0,background
5927,mizoram,23.622953797629567,92.53148633056708,0,background
5928,mizoram,23.71220138800911,92.42424502806162,0,background
5929,mizoram,22.41171453400135,92.81417011452662,0,background
5930,mizoram,22.774532501792073,92.74492661886029,0,background
5931,mizoram,22.965682212420745,92.55201546975749,0,background
5932,mizoram,23.315842847577294,92.97319909177673,0,background
5933,mizoram,23.921646427435366,92.53886754175245,0,background
5934,mizoram,22.984097462918243,92.61553973500735,0,background
5935,mizoram,22.771458751032117,92.55584005293153,0,background
5936,mizoram,23.745276610147798,92.44514559021947,0,background
5937,mizoram,22.01856676868842,92.89404712620407,0,background
5938,mizoram,22.754760148202763,92.88720345008979,0,background
5939,mizoram,23.526618626365572,92.32314540047861,0,background
5940,mizoram,23.32439142036585,92.43597517817868,0,background
5941,mizoram,23.51572997508302,92.48379167300592,0,background
5942,mizoram,23.063853539498847,92.59534897507544,0,background
5943,mizoram,24.10187624743626,92.56070510784035,0,background
5944,mizoram,23.011859596440093,92.56207422952659,0,background
5945,mizoram,23.770127073359845,93.25108583239384,0,background
5946,mizoram,22.415388472476565,92.79912347486297,0,background
5947,mizoram,23.855769006745593,92.44178739023036,0,background
5948,mizoram,23.64446029787171,92.44839155901701,0,background
5949,mizoram,23.440378333772124,92.50962895297052,0,background
5950,mizoram,22.123692690952684,92.91956739353137,0,background
5951,mizoram,22.973207285138525,92.6237928561223,0,background
5952,mizoram,22.73910001599688,93.0391268489444,0,background
5953,mizoram,23.642234922252275,92.53048778026972,0,background
5954,mizoram,22.877805980623595,93.00008003264091,0,background
5955,mizoram,23.454137301171492,92.46891329626632,0,background
5956,mizoram,22.243464565974442,92.88950892539039,0,background
5957,mizoram,23.569278345260784,92.33831652996673,0,background
5958,mizoram,22.976840687416495,92.60785353416574,0,background
5959,mizoram,22.82921082257686,92.53338505381862,0,background
5960,mizoram,22.949777885556852,92.5842517711845,0,background
5961,mizoram,23.305784191287483,92.93448082488905,0,background
5962,mizoram,22.976551160758667,92.63593228014675,0,background
5963,mizoram,23.367571510605206,92.37200919391718,0,background
5964,mizoram,23.7633096749115,92.46351376397013,0,background
5965,mizoram,23.960004920286778,92.56060394315193,0,background
5966,mizoram,22.66241870059088,92.77545405729713,0,background
5967,mizoram,22.710336268851716,93.08181767996412,0,background
5968,mizoram,22.917301328118196,93.03670119711354,0,background
5969,mizoram,23.06141715130482,92.62067891070484,0,background
5970,mizoram,23.9851597181501,92.51701967548584,0,background
5971,mizoram,23.773887441244824,92.44815137664153,0,background
5972,mizoram,23.727775148036038,92.2939658069521,0,background
5973,mizoram,23.432572177907524,92.35607673718638,0,background
5974,mizoram,23.207408823591877,92.37905975099025,0,background
5975,mizoram,23.75132620203685,92.40724721225982,0,background
5976,mizoram,23.425134183128222,92.48259393149516,0,background
5977,mizoram,23.388868102084754,92.4402599316506,0,background
5978,mizoram,23.70698307243592,92.4480908456544,0,background
5979,mizoram,23.943191192565404,92.59786653090801,0,background
5980,mizoram,23.066184927407647,92.95504275149653,0,background
5981,mizoram,22.360539378569438,93.17269099624714,0,background
5982,mizoram,23.019828143003377,92.5222829767338,0,background
5983,mizoram,22.61688425301375,93.11399777752919,0,background
5984,mizoram,23.0897999697003,92.44394564834116,0,background
5985,mizoram,23.990751117569413,92.53385715978823,0,background
5986,mizoram,23.577862544079593,92.37503602857036,0,background
5987,mizoram,22.072398458523303,92.9757328704488,0,background
5988,mizoram,22.930752770344164,92.38840497481468,0,background
5989,mizoram,23.045313655294926,92.59533698334346,0,background
5990,mizoram,22.992195935147844,92.38616561138926,0,background
5991,mizoram,23.32161093799902,92.53660360604022,0,background
5992,mizoram,23.20139982748283,92.38410080873209,0,background
5993,mizoram,23.28140146710337,92.58656338982533,0,background
5994,mizoram,24.036836253110902,92.97800390687826,0,background
5995,mizoram,23.344993314017323,92.47191156491053,0,background
5996,mizoram,22.97211045168449,93.11218343465747,0,background
5997,mizoram,22.798272829086695,92.55685588826613,0,background
5998,mizoram,22.300206833329078,92.85504790623585,0,background
5999,mizoram,23.924175686587304,92.58117250951483,0,background
6000,mizoram,23.085793769495993,92.50796962963226,0,background
6001,mizoram,23.76196770940241,92.45220243701473,0,background
6002,mizoram,24.39183411378104,92.97589045584355,0,background
6003,mizoram,24.086436555642422,92.99227843594781,0,background
6004,mizoram,23.03169866308901,92.58740696238279,0,background
6005,mizoram,23.810357642595246,93.24141345510253,0,background
6006,mizoram,22.774755123173414,93.07842930132512,0,background
6007,mizoram,23.181287166668586,92.36475563951332,0,background
6008,mizoram,22.656426698946497,93.05500650296646,0,background
6009,mizoram,23.63174141644846,92.40158317973342,0,background
6010,mizoram,23.114119102218385,92.44099323117334,0,background
6011,mizoram,23.461509027079508,92.54448975825885,0,background
6012,mizoram,24.25085695386047,92.86623697943543,0,background
6013,mizoram,22.070698990094094,92.97525843916996,0,background
6014,mizoram,23.310717844418782,92.52234339610824,0,background
6015,mizoram,23.6151159306552,92.42052035555076,0,background
6016,mizoram,24.22379035075227,92.866276340545,0,background
6017,mizoram,22.942525539128923,93.11622435430768,0,background
6018,mizoram,23.96746033417057,92.4450174340376,0,background
6019,mizoram,24.389574356085202,92.99859579697345,0,background
6020,mizoram,22.272331246744585,92.8054267303039,0,background
6021,mizoram,24.014447270239874,92.57351276751628,0,background
6022,mizoram,22.763374424763683,92.90705660097653,0,background
6023,mizoram,23.623074997267583,92.29608823349542,0,background
6024,mizoram,23.401385413270425,92.55999838857548,0,background
6025,mizoram,24.182052737745984,92.74082507228573,0,background
6026,mizoram,22.304727320341346,92.90777068707428,0,background
6027,mizoram,23.760607691590533,93.30607354636852,0,background
6028,mizoram,23.07554922759762,92.62609442760656,0,background
6029,mizoram,23.908380746906094,92.59576503675746,0,background
6030,mizoram,22.532164439794055,93.09856540891725,0,background
6031,mizoram,22.991402273939528,92.55912891841479,0,background
6032,mizoram,23.46065433564455,92.38472576667259,0,background
6033,mizoram,23.432687664364853,92.51391020579567,0,background
6034,mizoram,24.001678505428824,92.5897431763482,0,background
6035,mizoram,22.9839529103833,92.63281026500286,0,background
6036,mizoram,23.609570308779926,92.342759888545,0,background
6037,mizoram,22.689704880990842,92.77047451942842,0,background
6038,mizoram,23.54507332985807,92.94185013195964,0,background
6039,mizoram,23.6058695852708,92.50800182085028,0,background
6040,mizoram,23.458037877099386,92.46084159309883,0,background
6041,mizoram,23.486590405288077,92.52963449015246,0,background
6042,mizoram,23.95608641404024,92.53972793478518,0,background
6043,mizoram,22.65544454247905,93.0188589280812,0,background
6044,mizoram,22.25862651163959,92.85412797763541,0,background
6045,mizoram,23.7541475699023,92.42088005320271,0,background
6046,mizoram,23.718777873240576,92.4424424688914,0,background
6047,mizoram,22.96754195187697,92.6277197605952,0,background
6048,mizoram,22.284345207818884,93.1824188164811,0,background
6049,mizoram,22.535016032022295,93.11168238765495,0,background
6050,mizoram,23.732657042015123,92.29453650853449,0,background
6051,mizoram,23.408574331890257,92.47913044254234,0,background
6052,mizoram,23.106060444955187,92.49171770922771,0,background
6053,mizoram,22.038580479196852,92.93894941274655,0,background
6054,mizoram,22.957577337852445,92.39936436510858,0,background
6055,mizoram,23.648654639092744,92.39586826543413,0,background
6056,mizoram,23.33602131001723,92.91387218219842,0,background
6057,mizoram,23.658426198173732,92.41399263546197,0,background
6058,mizoram,22.77405221974041,92.56753074129686,0,background
6059,mizoram,24.093406204552313,93.01389150593995,0,background
6060,mizoram,23.601145516501983,92.414661722161,0,background
6061,mizoram,23.44026804896389,92.54891885923828,0,background
6062,mizoram,22.023380385626268,92.61564938723157,0,background
6063,mizoram,22.766739615671057,93.07190288077844,0,background
6064,mizoram,24.078120584390945,93.00637902697149,0,background
6065,mizoram,23.777197243807844,92.2821743312362,0,background
6066,mizoram,23.348584067208716,92.59147035345444,0,background
6067,mizoram,23.664050701028355,93.39386825424796,0,background
6068,mizoram,22.965889989980255,92.60583281251787,0,background
6069,mizoram,22.213666313417875,92.84862710615644,0,background
6070,mizoram,23.98647554146819,92.41928591934284,0,background
6071,mizoram,22.6139948493133,93.06939588956052,0,background
6072,mizoram,23.082000162937277,92.42945238378992,0,background
6073,mizoram,22.666681479679543,92.77844250000653,0,background
6074,mizoram,22.88078572992077,93.11245788439214,0,background
6075,mizoram,24.01550115611943,92.46584394479936,0,background
6076,mizoram,23.31994895681387,92.9799093056171,0,background
6077,mizoram,23.198641637693928,92.39192806103031,0,background
6078,mizoram,23.015764745635167,92.47350508738316,0,background
6079,mizoram,23.400356362835396,92.98727659235692,0,background
6080,mizoram,24.01570931965276,92.49061475823505,0,background
6081,mizoram,23.58342525830585,92.51641466593946,0,background
6082,mizoram,24.2376787487064,92.747648164559,0,background
6083,mizoram,22.990342531665625,92.5438727048735,0,background
6084,mizoram,22.62408513021334,93.09036294835634,0,background
6085,mizoram,22.00576185530736,92.99468406641111,0,background
6086,mizoram,24.236636892345917,92.75654452045717,0,background
6087,mizoram,23.112315105765088,92.44382680703512,0,background
6088,mizoram,22.78915612498856,92.49596533964593,0,background
6089,mizoram,23.92559944318749,92.5849864561024,0,background
6090,mizoram,23.019783483932475,92.52400179543058,0,background
6091,mizoram,22.635970777046378,92.76931565809492,0,background
6092,mizoram,23.302287290048394,93.01388341922934,0,background
6093,mizoram,23.26838586848054,92.59162411768664,0,background
6094,mizoram,22.301524532818753,92.82277999548053,0,background
6095,mizoram,23.328410355512567,93.17565209202313,0,background
6096,mizoram,23.918896448975634,92.58959206922242,0,background
6097,mizoram,23.46471582811593,92.47694319684804,0,background
6098,mizoram,22.733196070320165,93.05853446962978,0,background
6099,mizoram,22.447010442135017,93.1610323741709,0,background
6100,mizoram,23.123364336041966,92.41654130048363,0,background
6101,mizoram,23.917773982325066,92.6036988223199,0,background
6102,mizoram,23.033709132948673,92.4343215184457,0,background
6103,mizoram,23.658226264837594,92.30947023831057,0,background
6104,mizoram,24.23571156534226,92.86339525079329,0,background
6105,mizoram,23.37026021130057,92.978850469537,0,background
6106,mizoram,23.28764428489372,92.38626209033175,0,background
6107,mizoram,22.684677570333985,92.770686621106,0,background
6108,mizoram,23.639934080750045,92.52455066020079,0,background
6109,mizoram,23.423995214767906,92.4747086272127,0,background
6110,mizoram,23.377865120353523,92.51804479686442,0,background
6111,mizoram,22.12477683747601,92.93013739210252,0,background
6112,mizoram,23.563213448234983,92.9354127868967,0,background
6113,mizoram,22.046912150006683,92.91422127354245,0,background
6114,mizoram,23.47618303260888,92.3357112864482,0,background
6115,mizoram,22.502204364930282,92.58375340202318,0,background
6116,mizoram,23.994236359235764,92.34504292868786,0,background
6117,mizoram,22.040106535570516,92.98966806251451,0,background
6118,mizoram,22.619470408370535,93.10646290200664,0,background
6119,mizoram,23.148594390665483,92.39545756564326,0,background
6120,mizoram,22.58151559691756,93.05414600448557,0,background
6121,mizoram,23.21022444078652,92.35726273369414,0,background
6122,mizoram,22.789001616854044,92.92597533027619,0,background
6123,mizoram,23.517691634443175,92.31791228476071,0,background
6124,mizoram,23.3706201329244,92.42230955243838,0,background
6125,mizoram,23.866932777612558,92.7882208785915,0,background
6126,mizoram,23.500505615487697,92.35086976169914,0,background
6127,mizoram,23.805646897249407,92.45819972345876,0,background
6128,mizoram,22.72190589564857,93.04735113529657,0,background
6129,mizoram,22.7420915307101,92.88986397098203,0,background
6130,mizoram,23.63110614970602,92.28358744227106,0,background
6131,mizoram,23.4439621901945,92.5126232470397,0,background
6132,mizoram,23.736251595453297,92.38644351078905,0,background
6133,mizoram,22.226890872604844,92.88198905718508,0,background
6134,mizoram,23.237372964715952,92.43020376314831,0,background
6135,mizoram,24.056584155567762,92.44632199272199,0,background
6136,mizoram,23.811844070961453,92.44517006391045,0,background
6137,mizoram,23.97275446201814,92.56479276146928,0,background
6138,mizoram,23.381353681250978,92.97584739157469,0,background
6139,mizoram,23.603074281008034,92.40953087752544,0,background
6140,mizoram,23.722507274237934,92.40972675705547,0,background
6141,mizoram,22.63824608262624,92.79255704717967,0,background
6142,mizoram,23.28118983290875,93.00302619531976,0,background
6143,mizoram,22.99353651273414,92.41362167918257,0,background
6144,mizoram,23.509351267136715,92.43931315500828,0,background
6145,mizoram,23.733014428431403,92.46511000811205,0,background
6146,mizoram,21.976957506055943,92.60999869511565,0,background
6147,mizoram,21.994102591675393,92.98285586409048,0,background
6148,mizoram,23.78780190213684,93.27158927636847,0,background
6149,mizoram,23.44515781474243,92.46434338436728,0,background
6150,mizoram,23.115699447320402,92.49166292777396,0,background
6151,mizoram,22.978801346689384,92.51847592496972,0,background
6152,mizoram,22.80062070047074,92.5678236209341,0,background
6153,mizoram,23.482008298335384,92.4426219018325,0,background
6154,mizoram,22.21781875964742,92.73727763159789,0,background
6155,mizoram,22.359893141608314,93.18134380898914,0,background
6156,mizoram,22.07640006087307,93.00205712551643,0,background
6157,mizoram,23.348480005582847,92.57806796795556,0,background
6158,mizoram,24.02167914507074,92.45383938087625,0,background
6159,mizoram,23.424458211114086,92.96496282147962,0,background
6160,mizoram,22.083116591907757,92.6079418399356,0,background
6161,mizoram,21.992063770722815,92.98859648872568,0,background
6162,mizoram,24.106788168446922,92.63016977235385,0,background
6163,mizoram,22.949650395726962,92.59777779380114,0,background
6164,mizoram,23.184112376375477,92.40194952891092,0,background
6165,mizoram,23.900854171754283,92.59469203389496,0,background
6166,mizoram,22.961284024732606,93.08697518879995,0,background
6167,mizoram,23.012829601677126,92.59505236498332,0,background
6168,mizoram,23.019089156885254,92.41438354315224,0,background
6169,mizoram,23.85956683518237,92.78774340627544,0,background
6170,mizoram,24.20744064077754,92.85709156259249,0,background
6171,mizoram,22.256184507828298,92.85566052275018,0,background
6172,mizoram,22.815181796822237,92.50896494335157,0,background
6173,mizoram,22.57358917341513,92.75213394527347,0,background
6174,mizoram,23.355153770800033,92.99183840122821,0,background
6175,mizoram,23.503785704379528,92.52978667033086,0,background
6176,mizoram,23.289340020432544,92.58679921278194,0,background
6177,mizoram,22.938071389478534,92.4003324903939,0,background
6178,mizoram,23.443896536044782,92.49112372589244,0,background
6179,mizoram,24.019787207597485,92.51358332393164,0,background
6180,mizoram,23.613986682647404,92.43443425606439,0,background
6181,mizoram,24.223233271660888,92.75521465566136,0,background
6182,mizoram,23.227869575896786,92.41127939895753,0,background
6183,mizoram,23.078630425355808,92.94865053982153,0,background
6184,mizoram,24.248766232678484,92.85774005942014,0,background
6185,mizoram,22.798815853070444,92.5372250314805,0,background
6186,mizoram,22.244221445677073,92.77170496864068,0,background
6187,mizoram,23.48727332252443,92.3356130644649,0,background
6188,mizoram,24.001070189983793,92.40790551608214,0,background
6189,mizoram,21.96386705322039,92.90138317422021,0,background
6190,mizoram,22.149204665498218,92.93869551566799,0,background
6191,mizoram,23.3693401570674,92.40128957030413,0,background
6192,mizoram,23.313592272490094,92.92166262500386,0,background
6193,mizoram,22.293234316516564,92.8283100135455,0,background
6194,mizoram,23.45330995061871,92.34143383568362,0,background
6195,mizoram,23.325310402071366,92.99649455183447,0,background
6196,mizoram,22.896335192428086,92.99773692624721,0,background
6197,mizoram,24.013934064863292,92.84112501633449,0,background
6198,mizoram,22.898577838175918,93.00215478574192,0,background
6199,mizoram,24.106394403249315,92.9983388659673,0,background
6200,mizoram,23.0037406626348,92.51386932391512,0,background
6201,mizoram,22.640472107329177,93.0652971190011,0,background
6202,mizoram,23.381096054565955,92.52682265401155,0,background
6203,mizoram,23.015064667863253,92.58943347005506,0,background
6204,mizoram,23.35744208101147,92.52357204402679,0,background
6205,mizoram,23.381344507028732,92.51706557564464,0,background
6206,mizoram,22.08787875376661,92.97213518636802,0,background
6207,mizoram,23.16790940539897,92.41438843373794,0,background
6208,mizoram,23.629773075741586,92.476348493284,0,background
6209,mizoram,23.569751913824316,92.32912870056325,0,background
6210,mizoram,22.236610022690545,92.7823029034377,0,background
6211,mizoram,22.00973789457225,92.9128116293294,0,background
6212,mizoram,23.407503457635986,92.39601510123563,0,background
6213,mizoram,23.345565914548057,92.4567748385615,0,background
6214,mizoram,23.303877160337464,92.47032862036554,0,background
6215,mizoram,22.95000102457644,92.57192654606946,0,background
6216,mizoram,23.77205669900803,93.2063384939107,0,background
6217,mizoram,22.92791921904802,93.01876352252619,0,background
6218,mizoram,24.028727707252507,92.83905402851914,0,background
6219,mizoram,23.67954283545891,93.42608791964946,0,background
6220,mizoram,23.043178691046347,92.41352945556126,0,background
6221,mizoram,24.020611840353883,92.53199543061109,0,background
6222,mizoram,22.747755343776387,92.90105828015443,0,background
6223,mizoram,24.022815291293323,92.43080645097464,0,background
6224,mizoram,24.116149251141845,92.64076587517103,0,background
6225,mizoram,22.037232670936437,92.91350564375354,0,background
6226,mizoram,22.095129700948736,92.92728138272453,0,background
6227,mizoram,23.76894083277809,92.43955564613772,0,background
6228,mizoram,22.04499111384075,92.92560452869296,0,background
6229,mizoram,22.713877850047982,92.77458064822231,0,background
6230,mizoram,24.08985649858065,92.99111144940628,0,background
6231,mizoram,23.509557119585697,92.3686015443532,0,background
6232,mizoram,23.568720676650912,92.92156335228135,0,background
6233,mizoram,22.148365431498885,92.93770370154103,0,background
6234,mizoram,22.788900615252707,92.54455563618953,0,background
6235,mizoram,23.0092847685231,92.45637819667911,0,background
6236,mizoram,23.459474494881626,92.35624626420045,0,background
6237,mizoram,23.206961817275648,92.37468875115528,0,background
6238,mizoram,23.390811096204878,92.45603596597132,0,background
6239,mizoram,23.370677295804846,92.37861397171221,0,background
6240,mizoram,23.30101303918718,92.56912140004697,0,background
6241,mizoram,23.600632908206393,93.2659833964695,0,background
6242,mizoram,23.229627851665878,92.41620942853785,0,background
6243,mizoram,23.57639145717937,92.94345237981612,0,background
6244,mizoram,24.106688018036476,92.74855909276387,0,background
6245,mizoram,22.103038601821492,93.0473828971879,0,background
6246,mizoram,23.293626004568956,92.96353689011524,0,background
6247,mizoram,23.53556564893773,92.43542599777292,0,background
6248,mizoram,24.030175220681343,92.52665493535523,0,background
6249,mizoram,23.31607600995411,92.42720522880103,0,background
6250,mizoram,23.58320059492313,92.41604683612604,0,background
6251,mizoram,22.76679061401962,92.7390251896139,0,background
6252,mizoram,23.421548908557956,92.5016895349073,0,background
6253,mizoram,23.314569850404688,92.92725001866144,0,background
6254,mizoram,23.66864245062282,92.53014470212078,0,background
6255,mizoram,22.788628225611774,93.08206403109752,0,background
6256,mizoram,23.327533261430098,92.52338411634774,0,background
6257,mizoram,23.33048673620586,92.91493201868134,0,background
6258,mizoram,23.08757246119783,92.4599717998235,0,background
6259,mizoram,23.114933788121817,92.95347751237861,0,background
6260,mizoram,23.550623628084868,92.94049520558526,0,background
6261,mizoram,23.674531226038987,92.44074801711322,0,background
6262,mizoram,23.02536011873678,92.59356483727888,0,background
6263,mizoram,23.723662560561234,92.28393355679626,0,background
6264,mizoram,22.28511134989904,92.83138962397236,0,background
6265,mizoram,22.58920453645573,92.78015990669219,0,background
6266,mizoram,23.98761855957123,92.5271248775894,0,background
6267,mizoram,23.013474426040272,92.56935604688564,0,background
6268,mizoram,23.340640955373996,92.57100576488908,0,background
6269,mizoram,22.625281783203217,93.05434782938488,0,background
6270,mizoram,23.008100428907657,92.58434564163645,0,background
6271,mizoram,23.36877343694724,92.39540264929155,0,background
6272,mizoram,22.980162041846814,92.59713605470215,0,background
6273,mizoram,23.420140245750673,92.51079264239559,0,background
6274,mizoram,22.617859451465314,93.06393713254566,0,background
6275,mizoram,23.432830410125167,92.46850196327883,0,background
6276,mizoram,23.153529262777276,92.38505910344465,0,background
6277,mizoram,22.75975714007843,92.89505806302665,0,background
6278,mizoram,23.616229689795784,92.31901038195552,0,background
6279,mizoram,22.771300172157687,92.48631515996354,0,background
6280,mizoram,24.245443888922782,92.86838127819392,0,background
6281,mizoram,23.33791115733662,92.5948119767369,0,background
6282,mizoram,23.51945989089904,92.39377940603593,0,background
6283,mizoram,23.76242941594659,93.21828011408566,0,background
6284,mizoram,22.104438427533406,92.95712646229673,0,background
6285,mizoram,23.173708762879354,92.85732142877067,0,background
6286,mizoram,23.556507077688842,92.52530105122638,0,background
6287,mizoram,22.594753562515496,92.76781775425034,0,background
6288,mizoram,23.117713598976756,92.95888748644698,0,background
6289,mizoram,22.89110132970813,92.60766065046745,0,background
6290,mizoram,23.429609887409825,92.43446580248715,0,background
6291,mizoram,23.260970068010185,92.40633786203205,0,background
6292,mizoram,22.75069353754222,92.58171357722505,0,background
6293,mizoram,22.979396690499293,92.46292955605892,0,background
6294,mizoram,24.3988859750715,93.01546498593316,0,background
6295,mizoram,23.733017309621438,92.28945418916696,0,background
6296,mizoram,23.952243888218998,92.60244893464126,0,background
6297,mizoram,22.609885230041655,92.81234914461868,0,background
6298,mizoram,23.618201419167264,92.34772386630807,0,background
6299,mizoram,23.46869255155027,92.46914227582947,0,background
6300,mizoram,23.510522461011117,92.48696450791937,0,background
6301,mizoram,23.906923375649953,92.57012265856588,0,background
6302,mizoram,23.40208298997462,92.49283771955953,0,background
6303,mizoram,23.82543916440128,92.4398089353503,0,background
6304,mizoram,23.108834121431332,92.4473377868369,0,background
6305,mizoram,24.004407451193543,92.50912347635067,0,background
6306,mizoram,23.329397442329185,92.59122195642853,0,background
6307,mizoram,24.070364534063756,92.71083787752441,0,background
6308,mizoram,24.010910143898702,92.44453888607742,0,background
6309,mizoram,22.7754360647613,92.77177748884445,0,background
6310,mizoram,23.267805192250044,92.41157439132722,0,background
6311,mizoram,23.59841079163109,92.52850751869953,0,background
6312,mizoram,22.739121801778044,92.90293959554432,0,background
6313,mizoram,23.340810676274163,92.98405048809764,0,background
6314,mizoram,24.145409867712786,92.86425440226098,0,background
6315,mizoram,22.74776085699925,92.92391412245159,0,background
6316,mizoram,22.95217375307911,92.39444596002498,0,background
6317,mizoram,22.74512815353115,92.9101145979332,0,background
6318,mizoram,23.07139874743167,92.4350172575597,0,background
6319,mizoram,23.00583331129309,92.57172067711976,0,background
6320,mizoram,23.71831254577776,93.31926339198704,0,background
6321,mizoram,24.166683272673982,92.88336813370717,0,background
6322,mizoram,24.003525205677654,92.5958111561727,0,background
6323,mizoram,22.22891862616017,92.79811665598712,0,background
6324,mizoram,23.633093556867472,92.3328451927447,0,background
6325,mizoram,22.61195427428207,92.77366909068903,0,background
6326,mizoram,23.44728951764128,92.4513035795803,0,background
6327,mizoram,23.677517787510755,93.4024134901963,0,background
6328,mizoram,22.03762257414953,92.87211697271982,0,background
6329,mizoram,23.40712361373059,92.40758805046052,0,background
6330,mizoram,22.16580434750117,92.92858247886412,0,background
6331,mizoram,23.585246751062723,92.31739584346367,0,background
6332,mizoram,23.104334261396332,92.41510497128958,0,background
6333,mizoram,22.064158032101734,92.93375341157999,0,background
6334,mizoram,24.145367059565274,92.87385926096171,0,background
6335,mizoram,22.117134329755608,92.95043325799655,0,background
6336,mizoram,22.366849240212446,93.16677441875302,0,background
6337,mizoram,22.69941713673669,92.7685983200821,0,background
6338,mizoram,23.10738593396909,93.10578014454401,0,background
6339,mizoram,23.608648020473858,92.31256451206409,0,background
6340,mizoram,23.043521658422595,92.45103275473357,0,background
6341,mizoram,22.661526907042592,93.03067918778491,0,background
6342,mizoram,23.27955612792523,92.41398031976337,0,background
6343,mizoram,23.729083495189176,92.39999638099859,0,background
6344,mizoram,23.983761552175253,92.83996240131336,0,background
6345,mizoram,22.913259104074132,92.99176719760283,0,background
6346,mizoram,23.619750339301188,92.43219810742579,0,background
6347,mizoram,24.21941234246282,92.89107900017449,0,background
6348,mizoram,22.91498303438001,93.08519734402974,0,background
6349,mizoram,23.194004218583242,92.42137340754,0,background
6350,mizoram,23.54456086254333,92.94476791805414,0,background
6351,mizoram,22.753327819281143,93.04518502409917,0,background
6352,mizoram,22.930435830646758,92.6196608720131,0,background
6353,mizoram,23.56587274983785,92.92167007102469,0,background
6354,mizoram,22.719597005785413,92.77197011351087,0,background
6355,mizoram,23.80856036137713,92.30134777204705,0,background
6356,mizoram,22.042134682661338,92.94725493884464,0,background
6357,mizoram,22.585308627243286,92.73092109000062,0,background
6358,mizoram,22.658870793357774,92.7848854087324,0,background
6359,mizoram,23.66192011061794,92.29796201866705,0,background
6360,mizoram,23.67361930200344,93.41267635563551,0,background
6361,mizoram,22.676105319384114,92.76111678129803,0,background
6362,mizoram,23.316474931125143,92.53070169089759,0,background
6363,mizoram,22.61199812812048,93.05500900296056,0,background
6364,mizoram,24.08760795019111,93.00032595744828,0,background
6365,mizoram,23.33846995842921,92.4035161941202,0,background
6366,mizoram,24.22045557286394,92.8617828758076,0,background
6367,mizoram,23.73184887060466,93.26179537384586,0,background
6368,mizoram,22.615347087418016,92.77935564094182,0,background
6369,mizoram,23.026050074578208,92.38361990803614,0,background
6370,mizoram,22.617492614190812,93.10275963553656,0,background
6371,mizoram,24.15167102322152,92.85228254502366,0,background
6372,mizoram,23.47814688992317,92.3856242034949,0,background
6373,mizoram,22.952829645009682,93.13843641424316,0,background
6374,mizoram,22.589030952484308,92.72873162665067,0,background
6375,mizoram,22.931731263544684,92.6406135123639,0,background
6376,mizoram,22.641519460150207,93.04395835141688,0,background
6377,mizoram,23.546095613812085,92.41087116440895,0,background
6378,mizoram,23.888000453413422,92.58327174157907,0,background
6379,mizoram,22.845650905056853,93.10975654111516,0,background
6380,mizoram,23.094896051818207,92.95467521606531,0,background
6381,mizoram,22.307699195717987,92.97025742368957,0,background
6382,mizoram,23.604678161028072,92.35360541031835,0,background
6383,mizoram,24.017640216005013,92.48160177428363,0,background
6384,mizoram,23.850369448488177,92.4237203150804,0,background
6385,mizoram,22.58766802212583,92.72811527115194,0,background
6386,mizoram,24.387177033596608,93.0044806810209,0,background
6387,mizoram,22.991806865005294,92.5816797675261,0,background
6388,mizoram,22.653644304050776,92.7938106329694,0,background
6389,mizoram,22.532348025538592,93.06538411087814,0,background
6390,mizoram,22.921946676466032,93.03640205841289,0,background
6391,mizoram,22.28839002411305,92.91270835154447,0,background
6392,mizoram,22.59510737069421,92.81135870207102,0,background
6393,mizoram,23.746460160282098,92.44781364274438,0,background
6394,mizoram,23.029351390204326,92.40954223440457,0,background
6395,mizoram,22.91806975476441,92.62298357300935,0,background
6396,mizoram,23.605631468230175,93.26417892021516,0,background
6397,mizoram,23.619697853033134,92.51740402141206,0,background
6398,mizoram,22.7806176260299,93.08093588922978,0,background
6399,mizoram,24.096787870641958,92.99176510362344,0,background
6400,mizoram,24.226941078789146,92.75311165552158,0,background
6401,mizoram,23.747449185850424,92.47826877946136,0,background
6402,mizoram,23.466117421389168,92.5198615358746,0,background
6403,mizoram,22.90529227672079,92.60455158465943,0,background
6404,mizoram,23.831404981947887,92.42180619012818,0,background
6405,mizoram,23.64899788710463,92.45789631034333,0,background
6406,mizoram,23.641263374938035,92.30672307866459,0,background
6407,mizoram,24.027007436666818,92.43312843365236,0,background
6408,mizoram,23.517149515790674,92.50672789484076,0,background
6409,mizoram,24.20188306431184,92.75394670658211,0,background
6410,mizoram,22.581136905073475,92.80264569109568,0,background
6411,mizoram,22.890874621705894,93.0578114499411,0,background
6412,mizoram,23.672611318321323,92.30998311480185,0,background
6413,mizoram,23.192954258527557,92.38509701725293,0,background
6414,mizoram,22.72759495494079,93.06771082080678,0,background
6415,mizoram,23.531629792191964,92.42672178811706,0,background
6416,mizoram,22.596424273496265,92.81233579905103,0,background
6417,mizoram,23.69195326321816,93.4243799086158,0,background
6418,mizoram,24.129580069259433,92.74834735974622,0,background
6419,mizoram,23.496856886990713,92.45554835907836,0,background
6420,mizoram,24.011415117081942,92.42966846932337,0,background
6421,mizoram,23.63086234881074,92.43914196088902,0,background
6422,mizoram,23.46630756933916,92.52540501283134,0,background
6423,mizoram,22.766997847248437,92.57182590931397,0,background
6424,mizoram,22.313181886866367,92.96445246033976,0,background
6425,mizoram,22.907409250008122,93.0886509965132,0,background
6426,mizoram,24.100543780274315,92.73540415937183,0,background
6427,mizoram,22.99432764558501,93.09907793593776,0,background
6428,mizoram,23.994652732497393,92.52839997892059,0,background
6429,mizoram,24.180251006969247,92.74340993816902,0,background
6430,mizoram,23.77596669211531,93.31328186240437,0,background
6431,mizoram,22.94444182825557,93.10674658610633,0,background
6432,mizoram,23.995349760738293,92.55305792683627,0,background
6433,mizoram,22.29746713916852,92.91735526518389,0,background
6434,mizoram,23.597956525988728,92.35284561231076,0,background
6435,mizoram,22.923784173474484,93.05224217229286,0,background
6436,mizoram,23.61606709721946,92.52498020850204,0,background
6437,mizoram,23.336163753723046,92.58685585005071,0,background
6438,mizoram,23.610395086812044,92.34225948653557,0,background
6439,mizoram,23.038056486512172,92.48134976761992,0,background
6440,mizoram,22.640905831842396,92.80548083692558,0,background
6441,mizoram,22.577086462596114,92.74499442450826,0,background
6442,mizoram,22.629689761666615,93.03734387008532,0,background
6443,mizoram,23.331524353104644,92.53682580225272,0,background
6444,mizoram,23.062732436876733,92.50105167309026,0,background
6445,mizoram,23.811388161224524,92.40697887206953,0,background
6446,mizoram,23.32817812329334,92.9873650011533,0,background
6447,mizoram,23.983936658645593,92.63605954928688,0,background
6448,mizoram,24.03979058968834,92.97684975252122,0,background
6449,mizoram,23.72922999921717,92.44057841426658,0,background
6450,mizoram,22.125888668051665,92.68598219993814,0,background
6451,mizoram,22.588675496784333,93.12662560808513,0,background
6452,mizoram,22.026231559499852,92.89897887293051,0,background
6453,mizoram,24.025593396993262,92.52131658636803,0,background
6454,mizoram,23.384927643830803,92.39784307124997,0,background
6455,mizoram,23.554355883953228,92.3788659252821,0,background
6456,mizoram,23.05734690501916,92.51001492413255,0,background
6457,mizoram,22.73579930704305,92.91141627471394,0,background
6458,mizoram,24.032350671793015,92.4646092767603,0,background
6459,mizoram,22.673219604708454,92.93841237851024,0,background
6460,mizoram,22.71002800082491,92.92859536014055,0,background
6461,mizoram,23.536281907023287,92.94400703694885,0,background
6462,mizoram,23.060745438903446,92.45896195220055,0,background
6463,mizoram,22.617748448179007,93.01450275144163,0,background
6464,mizoram,22.9719973373752,92.56236652899814,0,background
6465,mizoram,22.82582820908213,93.09881201021568,0,background
6466,mizoram,23.996784773320037,92.4826876730147,0,background
6467,mizoram,22.8810643368708,92.60192291634657,0,background
6468,mizoram,22.758399360949564,93.03022270739004,0,background
6469,mizoram,22.044592997579066,92.9244946056898,0,background
6470,mizoram,22.050348578415058,92.93693839509153,0,background
6471,mizoram,23.31051075370651,92.93884375173835,0,background
6472,mizoram,23.019436716687387,92.5315031871555,0,background
6473,mizoram,24.118202481800896,92.72376658723987,0,background
6474,mizoram,22.997081329517968,93.08867252390962,0,background
6475,mizoram,22.93307988989591,92.64917847365884,0,background
6476,mizoram,22.298416871017114,92.81574833858089,0,background
6477,mizoram,23.564188175857566,93.02757202619625,0,background
6478,mizoram,22.223444090280022,92.8760271495042,0,background
6479,mizoram,23.024059462859515,92.41804993845884,0,background
6480,mizoram,22.098262735349063,92.96908080034235,0,background
6481,mizoram,23.637364615700246,93.39169766907838,0,background
6482,mizoram,23.703568913014323,93.12842153426917,0,background
6483,mizoram,22.316997271687512,92.91557710234461,0,background
6484,mizoram,24.25804209669551,92.86758159306923,0,background
6485,mizoram,22.920779833627353,93.01985557660879,0,background
6486,mizoram,23.279066614021545,92.58874408835598,0,background
6487,mizoram,22.986855060465903,92.51702166303664,0,background
6488,mizoram,24.009655776171606,92.52883294758867,0,background
6489,mizoram,22.80913604440769,92.50066675726924,0,background
6490,mizoram,23.37519197863659,92.52817402849446,0,background
6491,mizoram,23.356086316028424,92.49624590572445,0,background
6492,mizoram,24.036637243466558,92.43102577713745,0,background
6493,mizoram,22.28575077066172,92.83549236452313,0,background
6494,mizoram,23.372394013013917,92.5876073503853,0,background
6495,mizoram,23.758160140784494,93.20882371122542,0,background
6496,mizoram,23.885199180656194,92.55813096868116,0,background
6497,mizoram,23.51714625790191,92.43423699867708,0,background
6498,mizoram,23.340747625123143,93.18221109729004,0,background
6499,mizoram,22.275670339643508,92.87311861132336,0,background
6500,mizoram,22.747555749986923,92.7862224675996,0,background
6501,mizoram,23.356915449935652,92.47989526755214,0,background
6502,mizoram,23.762375697299547,92.28191234905685,0,background
6503,mizoram,23.442928299336568,92.50404175868506,0,background
6504,mizoram,23.055436987151293,92.45466838853278,0,background
6505,mizoram,23.934484236439346,92.59405175677335,0,background
6506,mizoram,24.28065828224466,92.74581994368927,0,background
6507,mizoram,23.56668650267369,93.02525212225468,0,background
6508,mizoram,23.018083470323838,92.41836189713993,0,background
6509,mizoram,23.512814682995092,92.33306057924078,0,background
6510,mizoram,22.69750239342165,93.08531595570324,0,background
6511,mizoram,23.11170240114287,92.46964517153454,0,background
6512,mizoram,23.2993759071173,92.40062207034742,0,background
6513,mizoram,23.73540541638194,92.31231147131852,0,background
6514,mizoram,23.422369084280568,92.62665839507294,0,background
6515,mizoram,22.2970015112491,92.85495405464964,0,background
6516,mizoram,22.073442325840663,92.98643896221232,0,background
6517,mizoram,23.614073226113405,92.49805187567804,0,background
6518,mizoram,23.57895632126587,93.01104376815164,0,background
6519,mizoram,24.014649393793427,92.52522106230391,0,background
6520,mizoram,23.515812871122606,92.41708426962552,0,background
6521,mizoram,22.31795715995227,92.96630840987535,0,background
6522,mizoram,22.069378662736334,92.9354402828048,0,background
6523,mizoram,23.758746923745775,93.22481962109073,0,background
6524,mizoram,24.02440333344618,92.4461508709011,0,background
6525,mizoram,23.11603992850908,92.37353121423284,0,background
6526,mizoram,23.105290424774527,92.94536645809801,0,background
6527,mizoram,22.145282000614905,92.73865674066178,0,background
6528,mizoram,22.64343877313908,93.08435320486609,0,background
6529,mizoram,23.43148775694058,92.51509829441586,0,background
6530,mizoram,22.96478043433543,92.58778422531852,0,background
6531,mizoram,23.08019486867142,92.50707818950788,0,background
6532,mizoram,23.115441021266733,92.43501536371959,0,background
6533,mizoram,23.749401083419173,92.41202652924615,0,background
6534,mizoram,21.988538663380222,92.62415313652203,0,background
6535,mizoram,23.729428421818675,93.29333203340721,0,background
6536,mizoram,23.323363318605963,92.42190538066433,0,background
6537,mizoram,23.629505804888513,92.49786551902747,0,background
6538,mizoram,23.468644880883,92.36986126063393,0,background
6539,mizoram,23.000985840340586,92.53499522049236,0,background
6540,mizoram,22.944338729698266,93.14172942023066,0,background
6541,mizoram,23.2895793631044,92.51439702006152,0,background
6542,mizoram,22.877460181671967,93.00898988348426,0,background
6543,mizoram,22.669183806374658,93.08439530576825,0,background
6544,mizoram,22.573939607315815,93.10275510856698,0,background
6545,mizoram,22.537976478917326,93.07113502303204,0,background
6546,mizoram,24.427081451551825,92.72847460182975,0,background
6547,mizoram,23.027257890925796,92.49317490863315,0,background
6548,mizoram,22.700944035259205,93.03654461662104,0,background
6549,mizoram,22.70233252847385,93.07162225911054,0,background
6550,mizoram,23.724243442950495,92.44535549611979,0,background
6551,mizoram,24.160527507449782,92.85206167998768,0,background
6552,mizoram,23.371100245538898,92.47484726538904,0,background
6553,mizoram,23.722771442070904,93.27866826945021,0,background
6554,mizoram,22.067012025846118,92.59594486066668,0,background
6555,mizoram,22.73523355637418,93.0665260247196,0,background
6556,mizoram,23.878652740422428,92.55845556308567,0,background
6557,mizoram,22.463622139041934,92.81951471851808,0,background
6558,mizoram,23.455888160648247,92.47072228481954,0,background
6559,mizoram,23.117640555091814,92.4457940388441,0,background
6560,mizoram,23.355293156994268,92.89674842157936,0,background
6561,mizoram,22.980295471798897,92.38680550358995,0,background
6562,mizoram,22.69781448304589,92.93090024004462,0,background
6563,mizoram,23.3256884870222,92.53917081316165,0,background
6564,mizoram,23.702882511062143,92.2948534459593,0,background
6565,mizoram,22.985420303083824,92.56099442563857,0,background
6566,mizoram,22.176921283638393,92.72911458726361,0,background
6567,mizoram,22.755330003432547,93.02421356095154,0,background
6568,mizoram,22.869891935180217,93.08262241236655,0,background
6569,mizoram,23.540666564331097,92.51498440156773,0,background
6570,mizoram,24.192533700416035,92.7382274686889,0,background
6571,mizoram,24.01301358217498,92.42319836582901,0,background
6572,mizoram,23.02171534838976,92.51722085969894,0,background
6573,mizoram,22.702174735877563,93.09057372653564,0,background
6574,mizoram,22.309174099724963,92.84052785799473,0,background
6575,mizoram,23.291698867930595,93.01520387661405,0,background
6576,mizoram,23.947395412360006,92.61203528680575,0,background
6577,mizoram,22.6343359236324,93.02841776379458,0,background
6578,mizoram,24.069049610359794,92.9902950362377,0,background
6579,mizoram,24.385820709658617,92.9933163883581,0,background
6580,mizoram,23.202583942957894,92.37091332550898,0,background
6581,mizoram,23.478069573056832,92.95498623308966,0,background
6582,mizoram,23.177976189614856,92.39205185677797,0,background
6583,mizoram,21.992115824165165,92.9051691086919,0,background
6584,mizoram,23.676080126273227,92.4181882169202,0,background
6585,mizoram,22.226419482443347,92.82002264449127,0,background
6586,mizoram,22.990845854494538,92.4732172638199,0,background
6587,mizoram,23.615433127960596,93.25657080761206,0,background
6588,mizoram,22.689739887102313,92.78536852798199,0,background
6589,mizoram,23.600847893718512,92.39439202384064,0,background
6590,mizoram,22.10262178774286,92.57993376972487,0,background
6591,mizoram,23.71205470748166,93.24286487773352,0,background
6592,mizoram,23.59964702181103,92.50638734780422,0,background
6593,mizoram,22.26429840626203,92.98630719772338,0,background
6594,mizoram,22.238685596220016,92.81916725274802,0,background
6595,mizoram,23.31881446495577,92.59984425684321,0,background
6596,mizoram,23.417724886699975,92.36215284761127,0,background
6597,mizoram,23.297864066108207,92.45815030758968,0,background
6598,mizoram,22.04344267903433,92.93871583715452,0,background
6599,mizoram,22.90082554003915,93.12716794369818,0,background
6600,mizoram,22.131556257830347,92.9291075617238,0,background
6601,mizoram,22.62754601135228,93.0870334454148,0,background
6602,mizoram,22.909693021771766,92.99481286578282,0,background
6603,mizoram,23.27769650707244,93.01576833685802,0,background
6604,mizoram,23.375315020808742,92.49988205178782,0,background
6605,mizoram,23.345777189722533,92.49019396666286,0,background
6606,mizoram,23.449339060539213,92.34599241738422,0,background
6607,mizoram,24.10015502740635,92.74790699457267,0,background
6608,mizoram,23.606837303749018,92.35490559094256,0,background
6609,mizoram,23.659866053509433,93.39825993996632,0,background
6610,mizoram,23.441337181812166,92.38922770070222,0,background
6611,mizoram,23.647152829916646,93.40160977028039,0,background
6612,mizoram,23.55758183374756,92.35707111468297,0,background
6613,mizoram,24.060847263473274,92.72385085477192,0,background
6614,mizoram,22.755145976213544,92.88397706152516,0,background
6615,mizoram,22.201511925521164,92.72955385412796,0,background
6616,mizoram,23.53538682919419,92.94310907078223,0,background
6617,mizoram,23.517852985766815,92.44380014622304,0,background
6618,mizoram,23.749963400109987,92.30365119930055,0,background
6619,mizoram,22.615684968913158,93.04711037517276,0,background
6620,mizoram,22.046701698805656,92.61498712248071,0,background
6621,mizoram,22.953425427637182,92.79208748541978,0,background
6622,mizoram,23.56219790517292,92.32827724691148,0,background
6623,mizoram,24.016492091123595,92.42543300502795,0,background
6624,mizoram,24.258862161473456,92.75072684594939,0,background
6625,mizoram,22.67915533541036,93.08951625335777,0,background
6626,mizoram,23.763829895954565,93.2677488340738,0,background
6627,mizoram,23.32374379865939,92.57322482537666,0,background
6628,mizoram,22.123603161189237,93.04840877780076,0,background
6629,mizoram,23.010367767717284,92.60052374489395,0,background
6630,mizoram,23.375496491337863,92.57643463721892,0,background
6631,mizoram,23.326534289046126,92.57014065188336,0,background
6632,mizoram,23.769752167739025,92.2935787305615,0,background
6633,mizoram,23.38034882173516,92.58559840503233,0,background
6634,mizoram,24.01048429267422,92.52345697227595,0,background
6635,mizoram,23.032431331322606,92.58350588685379,0,background
6636,mizoram,23.98748808403044,92.40524880668545,0,background
6637,mizoram,24.108876080019265,92.71545079491568,0,background
6638,mizoram,23.394482307226966,92.40387993104311,0,background
6639,mizoram,23.2976174561232,92.59336010574667,0,background
6640,mizoram,23.789227127835243,92.43271255736029,0,background
6641,mizoram,21.98691472428381,92.62262981152634,0,background
6642,mizoram,23.72745525889339,93.13800236235855,0,background
6643,mizoram,23.599483092697344,92.51997015080188,0,background
6644,mizoram,23.597156476205736,92.51495221535845,0,background
6645,mizoram,23.137450134472644,92.38393172850014,0,background
6646,mizoram,24.093225293503366,92.7264993955115,0,background
6647,mizoram,22.824112200136458,92.55643844317687,0,background
6648,mizoram,23.785098982024167,93.24147613438362,0,background
6649,mizoram,23.358786186177337,92.57715987583889,0,background
6650,mizoram,23.539838276137434,92.52946150568867,0,background
6651,mizoram,22.980384800217912,92.62391066529803,0,background
6652,mizoram,23.57089673965688,92.33785986900074,0,background
6653,mizoram,22.637426652941492,93.02875244207813,0,background
6654,mizoram,22.034353079724948,92.88715365631309,0,background
6655,mizoram,23.13129141053209,92.39857410350473,0,background
6656,mizoram,22.902837530971187,93.0221103319287,0,background
6657,mizoram,23.41905215660777,92.3523903235889,0,background
6658,mizoram,22.72055968380986,93.07372181797575,0,background
6659,mizoram,23.71012053469921,93.2545332301901,0,background
6660,mizoram,22.975469490485054,92.61275181869436,0,background
6661,mizoram,23.002663363816893,92.4392088760974,0,background
6662,mizoram,23.464903176809727,92.50015591558625,0,background
6663,mizoram,23.780990656710465,92.41126677528634,0,background
6664,mizoram,22.993240957267442,92.5704719463628,0,background
6665,mizoram,22.790511365736545,92.92701501241255,0,background
6666,mizoram,23.30349849253091,92.94384122961856,0,background
6667,mizoram,23.698714404544514,92.41988934957894,0,background
6668,mizoram,23.387836145098504,92.49146320140632,0,background
6669,mizoram,22.540175058122298,93.10426808325359,0,background
6670,mizoram,22.807495388655294,92.48193438870125,0,background
6671,mizoram,23.19313474841385,92.3603345373571,0,background
6672,mizoram,22.97847073116951,92.58622636424361,0,background
6673,mizoram,23.221416171263183,92.39981444625185,0,background
6674,mizoram,22.04763629563409,92.89738640470972,0,background
6675,mizoram,22.97304441882799,93.09167539489319,0,background
6676,mizoram,23.094936639564068,92.37094745679754,0,background
6677,mizoram,22.775468771293905,92.48286170699903,0,background
6678,mizoram,24.03402931458214,92.55487311362025,0,background
6679,mizoram,22.918287873185985,93.02430257929399,0,background
6680,mizoram,22.27899366257128,92.8125756026132,0,background
6681,mizoram,22.07904953989109,92.95471448182909,0,background
6682,mizoram,23.749546156018095,92.4598123148444,0,background
6683,mizoram,23.722676615799834,92.40854836474053,0,background
6684,mizoram,22.811874049662485,92.48845727669557,0,background
6685,mizoram,22.919470890907824,93.0574393190481,0,background
6686,mizoram,24.129051362274353,92.87237458192334,0,background
6687,mizoram,23.909088126518803,92.59108250593759,0,background
6688,mizoram,23.779409188211535,92.4048957497436,0,background
6689,mizoram,22.302086467876144,92.84810132143808,0,background
6690,mizoram,23.35725155513931,92.9909371913021,0,background
6691,mizoram,22.50663796490773,92.58330570873426,0,background
6692,mizoram,22.293461407698555,92.92772061431911,0,background
6693,mizoram,23.534283923943043,92.3727094812279,0,background
6694,mizoram,22.2867445269841,92.88274610160569,0,background
6695,mizoram,22.152529220080254,92.72818346890388,0,background
6696,mizoram,23.77128318010835,92.46401373011894,0,background
6697,mizoram,22.95442841549218,92.4088967942372,0,background
6698,mizoram,23.341717344960287,92.55972392288277,0,background
6699,mizoram,23.564556159585113,92.34435741230503,0,background
6700,mizoram,23.734169044448183,92.39064184558794,0,background
6701,mizoram,22.149960029956535,92.93377693360526,0,background
6702,mizoram,22.942833810781828,92.64424950120939,0,background
6703,mizoram,23.922145335170306,92.54674631167437,0,background
6704,mizoram,24.01663225565381,92.54322599818232,0,background
6705,mizoram,22.740898460939423,92.89267839647596,0,background
6706,mizoram,22.604295422379227,93.04775953217157,0,background
6707,mizoram,23.933438806193646,92.5665398678336,0,background
6708,mizoram,22.690037016039813,92.77619008882407,0,background
6709,mizoram,22.744065268936744,92.93104911330497,0,background
6710,mizoram,23.965558217234882,92.564994249291,0,background
6711,mizoram,22.61380771811291,93.0905073099648,0,background
6712,mizoram,22.662713047500052,93.09106577452661,0,background
6713,mizoram,22.69038147608824,92.78393783572977,0,background
6714,mizoram,22.36761049786506,93.18228568583797,0,background
6715,mizoram,22.955226305970555,93.10931519415716,0,background
6716,mizoram,22.7250986100825,92.91703614664262,0,background
6717,mizoram,22.65412835020944,92.95767532762376,0,background
6718,mizoram,22.98103433810371,93.11003382375691,0,background
6719,mizoram,23.209442268195332,92.37785236965166,0,background
6720,mizoram,22.704752865194173,92.92934170126466,0,background
6721,mizoram,22.606022747867634,93.08595463233405,0,background
6722,mizoram,23.794537417021772,92.4247672895492,0,background
6723,mizoram,22.82760532364991,92.52737428905257,0,background
6724,mizoram,22.1471081462975,92.73650956638508,0,background
6725,mizoram,22.106348555477872,92.58884039268979,0,background
6726,mizoram,23.95904169052097,92.52468861668066,0,background
6727,mizoram,23.301559331091575,92.39916433735355,0,background
6728,mizoram,23.35518930740401,92.3984163309218,0,background
6729,mizoram,24.18118277117282,92.84785156093244,0,background
6730,mizoram,22.13431495871456,92.95030663225239,0,background
6731,mizoram,22.62814917079361,93.10399474115175,0,background
6732,mizoram,23.558731462401532,92.94199767369247,0,background
6733,mizoram,23.916246043458326,93.39213298133005,0,background
6734,mizoram,23.703827749779197,92.29895369660709,0,background
6735,mizoram,24.068237216001197,92.72647716826694,0,background
6736,mizoram,23.38072526647625,92.52785713266032,0,background
6737,mizoram,21.983249394350267,92.60825722180745,0,background
6738,mizoram,22.57645645443282,93.08504006109605,0,background
6739,mizoram,23.602370697213036,92.42660916686432,0,background
6740,mizoram,23.16501743120487,92.40604612787126,0,background
6741,mizoram,23.419216357614722,92.45697574254433,0,background
6742,mizoram,23.469044587807296,92.42656748815136,0,background
6743,mizoram,23.107051589318928,92.46681466365624,0,background
6744,mizoram,22.66326611727103,92.79387161081976,0,background
6745,mizoram,23.08503462100218,92.44972893533115,0,background
6746,mizoram,23.752322413305695,92.47577349397449,0,background
6747,mizoram,22.235044092643626,92.79654181340189,0,background
6748,mizoram,23.641315113066902,92.45775678698391,0,background
6749,mizoram,22.66800268084994,93.0666305825751,0,background
6750,mizoram,23.296661820586415,92.58427618760525,0,background
6751,mizoram,23.952042592417115,92.60966018427973,0,background
6752,mizoram,22.607928768887497,93.03279797566563,0,background
6753,mizoram,22.978448587721967,92.63529592204807,0,background
6754,mizoram,23.512083142861613,92.45798821592437,0,background
6755,mizoram,23.85192178807753,92.41685291557536,0,background
6756,mizoram,22.257215546373573,92.86485679065306,0,background
6757,mizoram,23.074783455513767,92.60335847305248,0,background
6758,mizoram,23.309917566294097,92.98240247236815,0,background
6759,mizoram,23.56113048528692,92.36855479135049,0,background
6760,mizoram,24.15960344226893,92.87361733832354,0,background
6761,mizoram,23.023183426104634,92.52788005850125,0,background
6762,mizoram,22.713617629805576,92.93194177241952,0,background
6763,mizoram,23.755947938708754,93.30286380375192,0,background
6764,mizoram,22.931211964688295,93.07669551143157,0,background
6765,mizoram,23.489367988399128,92.5453519104259,0,background
6766,mizoram,23.770906673284113,92.29110470384474,0,background
6767,mizoram,22.97022389039945,93.08265058223276,0,background
6768,mizoram,22.775820161628342,92.4791486650673,0,background
6769,mizoram,22.24563386088068,92.75027410929002,0,background
6770,mizoram,23.58914707408129,92.41015424889892,0,background
6771,mizoram,22.555513512169927,93.05586962702726,0,background
6772,mizoram,22.29315137605735,92.90247908146478,0,background
6773,mizoram,23.11838586702429,92.39124207649247,0,background
6774,mizoram,23.289705669879602,92.4442150096895,0,background
6775,mizoram,23.32959392888212,92.95210266521289,0,background
6776,mizoram,23.62031262345781,92.43347048631203,0,background
6777,mizoram,23.98106671467985,92.55501515567879,0,background
6778,mizoram,22.677567583034087,93.08777806669137,0,background
6779,mizoram,23.343315684778826,92.40305240533479,0,background
6780,mizoram,22.99108286995199,93.10251093587792,0,background
6781,mizoram,24.205438953844542,92.8853937629192,0,background
6782,mizoram,23.595150760252686,92.4044251237178,0,background
6783,mizoram,22.816543852346584,92.55753089702425,0,background
6784,mizoram,23.194951148838964,92.36881382953936,0,background
6785,mizoram,22.419629906936095,92.82101791380838,0,background
6786,mizoram,23.334339191049065,92.91297440520361,0,background
6787,mizoram,22.997530425624195,92.46100162351341,0,background
6788,mizoram,23.31232528804348,92.50154449523308,0,background
6789,mizoram,23.43867067057223,92.36850889207894,0,background
6790,mizoram,22.895414210715757,93.12645386247473,0,background
6791,mizoram,22.616229318541727,93.09116100437471,0,background
6792,mizoram,24.06187292393098,92.96932544285883,0,background
6793,mizoram,23.322169975574905,92.46391148999642,0,background
6794,mizoram,23.34378609053499,92.50108034484515,0,background
6795,mizoram,23.384689653646742,92.36571945813986,0,background
6796,mizoram,23.08666474158972,92.49409142814629,0,background
6797,mizoram,22.634909318011964,93.08115819787861,0,background
6798,mizoram,22.910137159531775,92.99227274470016,0,background
6799,mizoram,22.450866418299658,92.81738617570434,0,background
6800,mizoram,23.10123583364657,92.4718829496856,0,background
6801,mizoram,23.005635497193666,92.60326104228314,0,background
6802,mizoram,22.88997325679925,92.62112343886854,0,background
6803,mizoram,22.897705864995864,93.05227868063989,0,background
6804,mizoram,23.47510315402289,92.51096180659667,0,background
6805,mizoram,22.965758019247808,92.41221993744483,0,background
6806,mizoram,23.355351634656298,92.39001153321335,0,background
6807,mizoram,24.053778503702492,92.85149048073418,0,background
6808,mizoram,24.108535373118247,92.62181134350057,0,background
6809,mizoram,23.033985079515013,92.60270600542258,0,background
6810,mizoram,22.644800421853926,93.03517432647769,0,background
6811,mizoram,23.611773757011353,92.49694335160049,0,background
6812,mizoram,22.755615360132534,93.05225091894958,0,background
6813,mizoram,22.769712632574535,93.07224062673218,0,background
6814,mizoram,22.06834998378468,92.92611471827436,0,background
6815,mizoram,22.569663723148473,93.02212279140028,0,background
6816,mizoram,22.962419444276428,92.63178383376336,0,background
6817,mizoram,23.03840655851747,92.6010351002154,0,background
6818,mizoram,24.19574308389009,92.75741980792982,0,background
6819,mizoram,22.22313657252987,92.88337416325328,0,background
6820,mizoram,22.59379733455114,93.10725950223217,0,background
6821,mizoram,23.331009051646795,92.91298259264522,0,background
6822,mizoram,23.06878386737526,92.45258800241112,0,background
6823,mizoram,24.39900280740977,92.99154376591414,0,background
6824,mizoram,23.39726865141824,92.48258996050633,0,background
6825,mizoram,22.076824750826017,92.92514771927836,0,background
6826,mizoram,23.735412748352264,92.42292273765231,0,background
6827,mizoram,23.199344460668424,92.40430910775304,0,background
6828,mizoram,23.751476772349555,93.31463447047574,0,background
6829,mizoram,23.7547195050958,93.32695967951518,0,background
6830,mizoram,23.3979997894372,92.43246247041576,0,background
6831,mizoram,23.336132574858553,92.91369915530096,0,background
6832,mizoram,23.759389220018477,92.9097945198939,0,background
6833,mizoram,23.051451866365454,92.51966816894476,0,background
6834,mizoram,23.096160657742477,92.4650026179409,0,background
6835,mizoram,23.32209964952872,92.9664730100938,0,background
6836,mizoram,24.193067399990383,92.86667969886135,0,background
6837,mizoram,23.744648490746062,93.23633244867413,0,background
6838,mizoram,22.302613690899527,92.951064880507,0,background
6839,mizoram,23.91204968732539,92.59112294305181,0,background
6840,mizoram,23.331993472643436,92.48263743733067,0,background
6841,mizoram,23.232220824426822,92.37447713182449,0,background
6842,mizoram,23.529333166670128,92.38645233373705,0,background
6843,mizoram,22.590305773845724,92.72855472194618,0,background
6844,mizoram,23.46748984204948,92.54697280386156,0,background
6845,mizoram,22.60763530761671,92.8044450665127,0,background
6846,mizoram,22.18980918838106,92.8395755133996,0,background
6847,mizoram,22.920531923354076,93.14151411218447,0,background
6848,mizoram,23.399363689034075,92.52858431295935,0,background
6849,mizoram,22.648609378042654,92.96935889044012,0,background
6850,mizoram,24.007840907246784,92.55607106800667,0,background
6851,mizoram,22.56455210147273,93.05064580044358,0,background
6852,mizoram,22.025303842543646,92.89974988423462,0,background
6853,mizoram,24.177019981714803,92.85504180734186,0,background
6854,mizoram,22.761106261753728,92.90890788787607,0,background
6855,mizoram,22.620305237942116,93.05911602307035,0,background
6856,mizoram,23.395971167103543,92.97668920812784,0,background
6857,mizoram,23.331195977934858,92.50945364255428,0,background
6858,mizoram,22.718559661512728,93.08976664946992,0,background
6859,mizoram,23.743303987317116,93.32546668861256,0,background
6860,mizoram,23.531173379408763,92.35363823554083,0,background
6861,mizoram,23.571649569192584,92.94896783344052,0,background
6862,mizoram,23.621928172050232,92.31388565417478,0,background
6863,mizoram,23.501015446301928,92.43086917623316,0,background
6864,mizoram,22.8976677733636,93.08561961521755,0,background
6865,mizoram,23.88714391211705,92.58197465027887,0,background
6866,mizoram,24.138265656826288,92.7527743173435,0,background
6867,mizoram,23.213088013392078,92.38704003222075,0,background
6868,mizoram,23.52547206798958,92.36283150550335,0,background
6869,mizoram,23.130107915770886,92.43555785773546,0,background
6870,mizoram,22.891246998178836,93.12840957095221,0,background
6871,mizoram,22.05233566705131,92.90479084690816,0,background
6872,mizoram,23.386935652866075,92.59697593557081,0,background
6873,mizoram,23.918393539952334,92.54765023062397,0,background
6874,mizoram,24.214129892036308,92.90092993854749,0,background
6875,mizoram,22.251574362956617,92.74354406688157,0,background
6876,mizoram,22.212807478153714,92.8376544772486,0,background
6877,mizoram,22.61750214806267,92.78064649359786,0,background
6878,mizoram,24.228028761073325,92.8710799292592,0,background
6879,mizoram,22.18844998127387,92.84522624541854,0,background
6880,mizoram,23.100989762340593,92.47451994325463,0,background
6881,mizoram,23.301626288694127,92.58504890888351,0,background
6882,mizoram,23.68080246595576,92.41534566443725,0,background
6883,mizoram,22.376842645871125,93.17608153099111,0,background
6884,mizoram,23.29011223597771,92.96575124143223,0,background
6885,mizoram,22.131344313173607,92.57476805737595,0,background
6886,mizoram,23.1028035726511,92.43123515802993,0,background
6887,mizoram,22.54514364267458,93.06023861477775,0,background
6888,mizoram,23.00659254725257,92.52392450595627,0,background
6889,mizoram,23.49915157814502,92.38952462348654,0,background
6890,mizoram,22.43096532129302,92.81501116988545,0,background
6891,mizoram,23.745259355410493,92.40825283399005,0,background
6892,mizoram,22.232466541473226,92.79411720134794,0,background
6893,mizoram,23.027514638715672,92.57504097101406,0,background
6894,mizoram,24.19034373681106,92.75305859892197,0,background
6895,mizoram,23.30659434454198,92.97137024957512,0,background
6896,mizoram,22.77490156760243,93.09483127268916,0,background
6897,mizoram,24.223339913488388,92.75423483707272,0,background
6898,mizoram,22.239664257774404,92.86361799349979,0,background
6899,mizoram,23.08360722627185,92.5056240334057,0,background
6900,mizoram,22.726068250134233,93.04626565439946,0,background
6901,mizoram,23.49127101626552,92.34649679286429,0,background
6902,mizoram,23.299708073361817,92.40070417714259,0,background
6903,mizoram,22.60916239145048,93.1090399227412,0,background
6904,mizoram,23.7599024894891,92.42773428623568,0,background
6905,mizoram,23.338076959802468,92.39351334064135,0,background
6906,mizoram,23.31342196720326,92.5854622822519,0,background
6907,mizoram,22.67662784846094,92.94825058017034,0,background
6908,mizoram,23.73493712235009,92.39186787124261,0,background
6909,mizoram,23.828746535939075,92.42738458017382,0,background
6910,mizoram,22.30904995885608,92.9200387649705,0,background
6911,mizoram,21.99873380395345,92.63636782794545,0,background
6912,mizoram,22.958237068518812,93.12321501503627,0,background
6913,mizoram,24.038201983893764,92.4552978116799,0,background
6914,mizoram,23.31640191733852,92.96646137167752,0,background
6915,mizoram,23.98893032230187,92.53127629044414,0,background
6916,mizoram,23.778863233539084,92.45488300203499,0,background
6917,mizoram,23.361591968760884,92.89704419656046,0,background
6918,mizoram,22.012659014140073,92.9263062399831,0,background
6919,mizoram,22.002509315573366,92.61014274822955,0,background
6920,mizoram,22.63747837409711,92.7715769619637,0,background
6921,mizoram,22.648877579149993,92.97851694303553,0,background
6922,mizoram,23.339435219337993,92.40074839849842,0,background
6923,mizoram,23.354545269996535,92.97351862843927,0,background
6924,mizoram,22.969243152941885,92.88115513497749,0,background
6925,mizoram,23.028882330873863,92.46780937497215,0,background
6926,mizoram,23.73938087561393,92.29085461369391,0,background
6927,mizoram,23.0704265758041,92.9608920638242,0,background
6928,mizoram,23.009038811495998,92.59689692353734,0,background
6929,mizoram,23.58041251003619,92.38532008910171,0,background
6930,mizoram,22.978344596084792,92.55229118095022,0,background
6931,mizoram,22.59109085569358,92.79724361000204,0,background
6932,mizoram,22.07651174779832,92.97787244541837,0,background
6933,mizoram,23.441675201530398,92.45709402299684,0,background
6934,mizoram,24.007228333530485,92.4710863893911,0,background
6935,mizoram,22.997303853425223,92.54054438124572,0,background
6936,mizoram,23.3412281337107,92.543055331592,0,background
6937,mizoram,23.742117373419035,93.33226861703235,0,background
6938,mizoram,22.262658799183516,93.1671904456326,0,background
6939,mizoram,24.22231464717228,92.89200754063495,0,background
6940,mizoram,23.09695061805661,92.94542165767251,0,background
6941,mizoram,24.046143969881733,92.99216987716585,0,background
6942,mizoram,23.757533618781462,93.27834019888238,0,background
6943,mizoram,22.996902162081785,92.39826481879585,0,background
6944,mizoram,22.438311900067305,93.16727855895697,0,background
6945,mizoram,24.10403673685907,92.74142662566123,0,background
6946,mizoram,23.790287337564205,92.89259288867613,0,background
6947,mizoram,23.110420795543654,92.4261998344077,0,background
6948,mizoram,22.541651948128898,93.07647976015213,0,background
6949,mizoram,24.007734816176985,92.47635796052718,0,background
6950,mizoram,22.146856603680924,92.92231793585339,0,background
6951,mizoram,22.312019427839953,92.91427778570831,0,background
6952,mizoram,23.3999274614642,92.37730145989883,0,background
6953,mizoram,23.65585926678882,92.43513260656637,0,background
6954,mizoram,23.153670438653045,92.39663006068514,0,background
6955,mizoram,23.709215497549625,92.44224878854254,0,background
6956,mizoram,22.596838963468127,92.77586720115426,0,background
6957,mizoram,23.36125708987318,92.52311574683732,0,background
6958,mizoram,23.165631242959453,92.38358242282479,0,background
6959,mizoram,23.55363634691782,92.3710577865615,0,background
6960,mizoram,23.297078713318516,92.45109273964628,0,background
6961,mizoram,23.478811344461462,92.44683046606524,0,background
6962,mizoram,23.283416688525975,92.39128114173403,0,background
6963,mizoram,22.644610958182724,92.98496784440805,0,background
6964,mizoram,23.752992010863988,93.24790401637142,0,background
6965,mizoram,22.262001421388465,92.84950147862428,0,background
6966,mizoram,24.196376731679145,92.85373655093298,0,background
6967,mizoram,23.741228192236868,92.47473697997647,0,background
6968,mizoram,23.981464254543205,92.57185493827518,0,background
6969,mizoram,22.92157601688514,92.65784013335247,0,background
6970,mizoram,23.439490431662886,92.44729559112865,0,background
6971,mizoram,22.31446643838804,92.92143573706161,0,background
6972,mizoram,22.93888260517583,93.0684826454285,0,background
6973,mizoram,23.47149216419081,92.45800456063515,0,background
6974,mizoram,23.73889402817835,93.28065647696015,0,background
6975,mizoram,24.003648511584895,92.40631995656203,0,background
6976,mizoram,23.599718928862803,92.3256765532376,0,background
6977,mizoram,23.322110593106625,92.44160909758727,0,background
6978,mizoram,22.078710826917597,92.91384756270978,0,background
6979,mizoram,22.962018025159548,92.62267084823888,0,background
6980,mizoram,22.63897976244144,93.08356503520903,0,background
6981,mizoram,23.360580564724945,92.99188213514581,0,background
6982,mizoram,22.59624390225931,92.81047627041939,0,background
6983,mizoram,23.39266131276779,92.51073537115371,0,background
6984,mizoram,22.764459697258683,92.77934562056882,0,background
6985,mizoram,22.23951256513071,92.82512126512691,0,background
6986,mizoram,23.357611300874314,92.50699511703556,0,background
6987,mizoram,22.411752488620007,92.80291726064105,0,background
6988,mizoram,22.191717286224197,92.83794410442671,0,background
6989,mizoram,22.856084964895174,93.10774381111453,0,background
6990,mizoram,22.217434680769394,92.89016016134231,0,background
6991,mizoram,23.457342723236184,92.55150190142686,0,background
6992,mizoram,23.44083825492741,92.39965112568663,0,background
6993,mizoram,22.252308580750014,92.76176449899059,0,background
6994,mizoram,24.123809425170602,92.59332870362888,0,background
6995,mizoram,23.96995616181566,92.57654843957111,0,background
6996,mizoram,21.97618196581882,92.89871709294793,0,background
6997,mizoram,23.46199201698114,92.41444412543179,0,background
6998,mizoram,24.01001346073322,92.55442618128728,0,background
6999,mizoram,23.95448583678235,92.83175829918028,0,background
7000,mizoram,22.99726371000201,92.52701411516192,0,background
7001,mizoram,22.526213144020215,93.0808483180423,0,background
7002,mizoram,23.314315902895068,92.40229271553417,0,background
7003,mizoram,24.201678211225705,92.88065035061102,0,background
7004,mizoram,23.684371121328105,92.41545400893582,0,background
7005,mizoram,23.378020696092257,92.99465398455034,0,background
7006,mizoram,22.91630977017096,92.62876191632971,0,background
7007,mizoram,23.992544591431038,92.40025569615723,0,background
7008,mizoram,23.353994859664578,92.40042007929056,0,background
7009,mizoram,23.370732415439324,92.53189502921916,0,background
7010,mizoram,22.04616610444995,92.87817274336832,0,background
7011,mizoram,22.578318693603702,93.01464529213307,0,background
7012,mizoram,23.040595584408432,92.49942785845207,0,background
7013,mizoram,22.992299514969215,92.60434348511238,0,background
7014,mizoram,23.044656595646707,92.39165700076396,0,background
7015,mizoram,23.420346619317876,92.49705643970961,0,background
7016,mizoram,22.889821427140745,93.09414988476696,0,background
7017,mizoram,23.37581653132167,92.47113517990813,0,background
7018,mizoram,23.019472543776423,92.49910962402555,0,background
7019,mizoram,23.0510563978493,92.62578323666571,0,background
7020,mizoram,23.27781347782029,92.58861388871438,0,background
7021,mizoram,23.78399621093189,92.43349713500301,0,background
7022,mizoram,23.28008325844355,92.95310508463126,0,background
7023,mizoram,22.102421437160714,92.68894269880616,0,background
7024,mizoram,22.304973641955772,92.93265420834666,0,background
7025,mizoram,22.27521717656523,92.90330981352523,0,background
7026,mizoram,22.687700876193176,92.92944384981635,0,background
7027,mizoram,22.753211699304348,92.75239875457693,0,background
7028,mizoram,24.27259573612046,92.86405724788833,0,background
7029,mizoram,23.331656046710957,92.4417772739072,0,background
7030,mizoram,22.915360694145818,93.015589020576,0,background
7031,mizoram,23.690911514019252,92.41123283799641,0,background
7032,mizoram,24.034630792882858,92.44236198549355,0,background
7033,mizoram,23.40239234050633,92.35746281712983,0,background
7034,mizoram,23.00664536773509,92.5164655412644,0,background
7035,mizoram,23.951340232257188,92.31388978533508,0,background
7036,mizoram,23.447412581053616,92.36240630599436,0,background
7037,mizoram,23.38734741688661,92.52688825771898,0,background
7038,mizoram,22.293435453708785,92.98004817721761,0,background
7039,mizoram,22.975895239639055,92.38490729028739,0,background
7040,mizoram,23.494338039562447,92.45753290543217,0,background
7041,mizoram,23.332497830251853,93.18243029997353,0,background
7042,mizoram,22.597968267213684,93.10445123454848,0,background
7043,mizoram,24.000818366946678,92.57781000432203,0,background
7044,mizoram,22.456312187021307,92.81795321037308,0,background
7045,mizoram,22.95681590740813,92.58415250773635,0,background
7046,mizoram,24.393551756059274,93.00226726377647,0,background
7047,mizoram,23.345904178790377,92.40549294574139,0,background
7048,mizoram,23.93647238298842,92.57760381283707,0,background
7049,mizoram,23.726681645622445,92.4423035419068,0,background
7050,mizoram,22.772733035443455,92.91328683533008,0,background
7051,mizoram,24.186990537804228,92.86446647886866,0,background
7052,mizoram,22.938561374304648,93.14285218121064,0,background
7053,mizoram,23.213561683398378,92.85994009829369,0,background
7054,mizoram,23.72686484436104,93.23117760589139,0,background
7055,mizoram,23.10438752596859,92.43124851152601,0,background
7056,mizoram,23.424437541342535,92.35322044916228,0,background
7057,mizoram,23.293758473719592,92.99612923572893,0,background
7058,mizoram,23.581521109979313,92.36491199793848,0,background
7059,mizoram,23.078501586169892,92.43986154880302,0,background
7060,mizoram,22.689060789492398,92.79331449500377,0,background
7061,mizoram,22.271953050195734,93.16260216970983,0,background
7062,mizoram,23.589500582823938,92.38736404474757,0,background
7063,mizoram,24.094377519713913,92.99257021225384,0,background
7064,mizoram,23.2393515677069,92.43543468635791,0,background
7065,mizoram,24.071294921573713,92.97653203024662,0,background
7066,mizoram,23.49350390648891,92.37121154633908,0,background
7067,mizoram,22.65662624088263,93.0624333509256,0,background
7068,mizoram,22.989424253970277,92.52673951952015,0,background
7069,mizoram,23.63017391558935,92.39311737382626,0,background
7070,mizoram,23.44645657225007,92.49904599523899,0,background
7071,mizoram,22.786236583150266,92.5702520454417,0,background
7072,mizoram,23.388893318894308,92.68269442498689,0,background
7073,mizoram,23.514895420527793,92.3651142729511,0,background
7074,mizoram,23.31267257710658,92.57963011490098,0,background
7075,mizoram,22.54477312507074,93.09271864108189,0,background
7076,mizoram,23.29606582587906,92.42161588226622,0,background
7077,mizoram,22.241107406318868,92.76196283003037,0,background
7078,mizoram,23.659109251077762,92.52757388396392,0,background
7079,mizoram,23.968228513607507,92.40942376885893,0,background
7080,mizoram,23.59283408016649,92.5146708275534,0,background
7081,mizoram,22.168271835112115,92.92039078292777,0,background
7082,mizoram,23.445045328738814,92.51174917753542,0,background
7083,mizoram,23.279405425402967,92.97360160318068,0,background
7084,mizoram,23.414344080432574,92.46972507055422,0,background
7085,mizoram,23.291783855170852,92.94365200686904,0,background
7086,mizoram,22.55217884497963,92.76598934582367,0,background
7087,mizoram,23.963861946181943,92.32638754540513,0,background
7088,mizoram,22.272850125443526,92.86845583866636,0,background
7089,mizoram,23.924455268533727,92.60415657869001,0,background
7090,mizoram,22.28755941833641,92.86921018107509,0,background
7091,mizoram,22.512296586666398,93.06788600912245,0,background
7092,mizoram,22.369530368311537,93.17481003276302,0,background
7093,mizoram,23.123450160688098,92.41652328189406,0,background
7094,mizoram,23.301655264657402,92.40566641200306,0,background
7095,mizoram,23.602223437344428,92.53570849676038,0,background
7096,mizoram,23.62213279791202,92.3380944016231,0,background
7097,mizoram,23.451715339683265,92.35766065004768,0,background
7098,mizoram,23.09351079750274,92.43655598095924,0,background
7099,mizoram,22.985829306454367,92.4211964005646,0,background
7100,mizoram,22.03958454660911,92.8797384391166,0,background
7101,mizoram,23.55318120341582,92.33176006888567,0,background
7102,mizoram,22.638166820638876,93.09771428632232,0,background
7103,mizoram,23.50396726975634,92.32684419019894,0,background
7104,mizoram,22.883093374491704,93.12676666342426,0,background
7105,mizoram,23.472081659463434,93.12588171198634,0,background
7106,mizoram,22.60796069744026,93.02884371115589,0,background
7107,mizoram,22.713654385651655,92.92862365817558,0,background
7108,mizoram,23.593322738560886,92.34466083681545,0,background
7109,mizoram,23.991564678767027,92.59043083213419,0,background
7110,mizoram,23.18835908331233,92.85281524207154,0,background
7111,mizoram,23.486273134545026,92.42756213754777,0,background
7112,mizoram,23.458314399455155,92.40070926028818,0,background
7113,mizoram,22.91936105976497,93.09420422539989,0,background
7114,mizoram,22.758756082329057,92.58164582903906,0,background
7115,mizoram,22.142630872674477,92.73254866943016,0,background
7116,mizoram,24.205891693892966,92.87127419527835,0,background
7117,mizoram,21.979255237540666,92.60884361190664,0,background
7118,mizoram,23.331703601307836,92.97547886798543,0,background
7119,mizoram,23.89946665389963,92.56352392228376,0,background
7120,mizoram,23.336370150058936,92.55400578089547,0,background
7121,mizoram,23.960988131982397,92.43232827610201,0,background
7122,mizoram,22.902771970695987,92.61015736628451,0,background
7123,mizoram,22.816279214441966,93.0980864124573,0,background
7124,mizoram,22.01622527851567,92.93854537201904,0,background
7125,mizoram,22.368219085287784,93.17466034096351,0,background
7126,mizoram,22.91248752045805,93.09442204671119,0,background
7127,mizoram,23.423315945464775,92.39147216103446,0,background
7128,mizoram,24.20193868349108,92.73823162563646,0,background
7129,mizoram,23.661032852158293,93.41208107790135,0,background
7130,mizoram,23.91477542888867,92.60778024239747,0,background
7131,mizoram,22.573537282967322,93.03504996628615,0,background
7132,mizoram,22.004561066721703,93.00242867471823,0,background
7133,mizoram,22.926132059427324,93.07615242153669,0,background
7134,mizoram,22.413917427558324,93.18093602918348,0,background
7135,mizoram,23.7834743798941,92.45438795196512,0,background
7136,mizoram,23.571490598394952,92.37417089022912,0,background
7137,mizoram,22.894278625963494,93.03319103093081,0,background
7138,mizoram,22.97188632804735,92.53323123663782,0,background
7139,mizoram,22.682892740203634,93.07923081155681,0,background
7140,mizoram,23.709246606843944,93.13597615345212,0,background
7141,mizoram,23.313191440939494,92.42783680739068,0,background
7142,mizoram,22.198793526852864,92.85105825754252,0,background
7143,mizoram,23.901851635802707,92.5514445771695,0,background
7144,mizoram,24.11303138271092,92.73737716843202,0,background
7145,mizoram,23.538286439119723,92.40551761722517,0,background
7146,mizoram,22.727074361659074,92.92878580399463,0,background
7147,mizoram,22.41555669182859,92.8126969003699,0,background
7148,mizoram,22.777693320043607,92.88879185434136,0,background
7149,mizoram,22.978820803054145,92.4526474326076,0,background
7150,mizoram,23.597350192189886,92.37368477494807,0,background
7151,mizoram,23.716081204176113,93.25757440680228,0,background
7152,mizoram,22.281139138810875,92.98236819393809,0,background
7153,mizoram,22.608626657986708,92.79254852509561,0,background
7154,mizoram,23.712598874393798,92.4521592574716,0,background
7155,mizoram,22.74970131856104,93.02793666316997,0,background
7156,mizoram,23.752418243876903,92.39983453484437,0,background
7157,mizoram,23.36687282540836,92.45103427413065,0,background
7158,mizoram,23.344031437782572,92.99778670847768,0,background
7159,mizoram,22.56773668943242,92.74318431558757,0,background
7160,mizoram,23.631817638875244,92.53629363781991,0,background
7161,mizoram,22.909892820507345,92.59962057204012,0,background
7162,mizoram,23.831007318769757,92.42388451031108,0,background
7163,mizoram,23.051472656390477,92.4514910810182,0,background
7164,mizoram,23.770035375316958,92.4636664471672,0,background
7165,mizoram,23.37460415417548,92.49232655830733,0,background
7166,mizoram,23.051834711503236,92.62538770059227,0,background
7167,mizoram,23.04911133239731,92.5113841335165,0,background
7168,mizoram,23.13516042935048,92.45950749594955,0,background
7169,mizoram,22.035631635004183,92.96220897436888,0,background
7170,mizoram,22.542999527478646,93.07029940919571,0,background
7171,mizoram,22.300174087917885,92.96384698815281,0,background
7172,mizoram,22.15851167694356,92.93890497900843,0,background
7173,mizoram,22.225767312124475,92.83407395477292,0,background
7174,mizoram,23.079884552392944,92.63240522761755,0,background
7175,mizoram,22.60966925713369,92.78214123282365,0,background
7176,mizoram,23.5410467864044,92.38472472528616,0,background
7177,mizoram,23.36428957184883,92.49246957765719,0,background
7178,mizoram,22.713453043720417,93.06191001370776,0,background
7179,mizoram,23.570685601362,92.41753915267805,0,background
7180,mizoram,23.683510166502206,93.40725317474349,0,background
7181,mizoram,23.481497878410806,92.35910506424685,0,background
7182,mizoram,24.000042315652376,92.56947461778606,0,background
7183,mizoram,23.721691976671345,93.23798299229811,0,background
7184,mizoram,24.17869584594455,92.73710220145468,0,background
7185,mizoram,22.421264923186563,92.81117861013243,0,background
7186,mizoram,23.3114705380929,93.00426157800713,0,background
7187,mizoram,23.00387730684683,92.52705513455092,0,background
7188,mizoram,23.410442522019604,92.49569126856078,0,background
7189,mizoram,22.98461214907092,93.07924003800204,0,background
7190,mizoram,22.940761437427273,92.64398596755073,0,background
7191,mizoram,22.960122544444886,92.41262904395816,0,background
7192,mizoram,22.064372766834165,92.99236377031194,0,background
7193,mizoram,24.153341687494546,92.73971938854396,0,background
7194,mizoram,23.315956588255766,92.59396216425756,0,background
7195,mizoram,23.463286626695005,92.50396001934172,0,background
7196,mizoram,24.26546361141135,92.74324728732563,0,background
7197,mizoram,22.226362470817907,92.73136670523563,0,background
7198,mizoram,23.04140626219012,92.6024237227358,0,background
7199,mizoram,23.467123950119852,92.46885970243888,0,background
7200,mizoram,23.535609058485242,92.32659904317237,0,background
7201,mizoram,22.010064399803838,92.60133909828185,0,background
7202,mizoram,23.673331041067748,93.41285680101709,0,background
7203,mizoram,23.36635401322176,92.45927231152925,0,background
7204,mizoram,23.621876953601536,93.41264624272036,0,background
7205,mizoram,23.390771224936902,92.55925138288679,0,background
7206,mizoram,24.003038006518263,92.4520654719079,0,background
7207,mizoram,23.027558383262345,92.53673358966438,0,background
7208,mizoram,22.04158765286655,92.93717758656047,0,background
7209,mizoram,22.818988612499076,92.5545868524562,0,background
7210,mizoram,22.913228011835162,92.6059327054581,0,background
7211,mizoram,23.794631776521168,93.24838888603153,0,background
7212,mizoram,24.095228575919364,92.55958159253473,0,background
7213,mizoram,22.595316726587864,93.05765239374503,0,background
7214,mizoram,23.076108796238948,92.94483006214752,0,background
7215,mizoram,23.651222740636168,92.41476086296849,0,background
7216,mizoram,22.947194645627068,92.41508718726402,0,background
7217,mizoram,23.28188336419644,92.43097482115651,0,background
7218,mizoram,23.090930937395402,92.43535383897391,0,background
7219,mizoram,23.214757230765912,92.44710992138414,0,background
7220,mizoram,22.980799977959556,92.4517571842389,0,background
7221,mizoram,24.03794324777478,92.53706809665182,0,background
7222,mizoram,24.276794000992687,92.7447181307747,0,background
7223,mizoram,23.340705904790493,92.49632993062237,0,background
7224,mizoram,23.996665347688186,92.83645811674866,0,background
7225,mizoram,22.584020225074784,92.76115395194361,0,background
7226,mizoram,23.6952384628738,92.41307836423972,0,background
7227,mizoram,23.373185406282683,92.98078617492702,0,background
7228,mizoram,23.388551687927396,93.0053521452795,0,background
7229,mizoram,23.091519697781532,92.49346103116741,0,background
7230,mizoram,22.917442247672206,93.00071681879615,0,background
7231,mizoram,23.791129441328433,93.23944764917292,0,background
7232,mizoram,23.360020338048553,92.89606860395594,0,background
7233,mizoram,22.835373185915333,93.08648166992263,0,background
7234,mizoram,23.557413645226077,92.39505132588813,0,background
7235,mizoram,22.271561337011477,92.86118230067245,0,background
7236,mizoram,22.30903804958168,92.97290174074595,0,background
7237,mizoram,23.16065343802772,92.42250412473783,0,background
7238,mizoram,23.156266155775533,92.39222883143833,0,background
7239,mizoram,23.249789786699566,92.42363295429705,0,background
7240,mizoram,23.41968918506692,92.48882325657148,0,background
7241,mizoram,22.611747840569272,93.05444874699026,0,background
7242,mizoram,22.61416755459433,92.77822039241059,0,background
7243,mizoram,23.276870638761732,92.40659395292889,0,background
7244,mizoram,24.127322477544546,92.74686361610577,0,background
7245,mizoram,23.544818114541712,92.35930535985705,0,background
7246,mizoram,23.501707213699408,92.37690401086378,0,background
7247,mizoram,23.177407726269077,92.41821768140137,0,background
7248,mizoram,23.16120895975437,92.42414791149561,0,background
7249,mizoram,22.26747614230553,92.85912032007113,0,background
7250,mizoram,22.950533308336333,92.38807217730128,0,background
7251,mizoram,22.147887682555425,92.92694666265417,0,background
7252,mizoram,23.610289366407994,92.52502238755217,0,background
7253,mizoram,23.098831404941237,92.45888426556127,0,background
7254,mizoram,24.123365252634006,92.87156386508983,0,background
7255,mizoram,23.60338319629001,93.25484730518416,0,background
7256,mizoram,22.8969475052125,92.65458277838553,0,background
7257,mizoram,23.293570129265287,92.50688007974819,0,background
7258,mizoram,23.75889356466056,92.43155607620201,0,background
7259,mizoram,23.624998780490774,93.40997764497885,0,background
7260,mizoram,23.54745188617486,92.93601533819059,0,background
7261,mizoram,22.271613922366274,92.80981664107745,0,background
7262,mizoram,23.60180530602297,92.3030773094184,0,background
7263,mizoram,23.998608852851753,92.34094859702822,0,background
7264,mizoram,22.83575553654606,93.0869329862414,0,background
7265,mizoram,22.914476849422233,92.9983656334387,0,background
7266,mizoram,23.36764777393329,92.5089886252961,0,background
7267,mizoram,22.867624091532115,93.09102837184969,0,background
7268,mizoram,23.385964454293173,92.43380647334321,0,background
7269,mizoram,23.12555414607003,92.47761536075363,0,background
7270,mizoram,22.572705275547897,93.09571166776541,0,background
7271,mizoram,23.413168722634737,92.5431515116902,0,background
7272,mizoram,22.97710766593541,92.53725713082457,0,background
7273,mizoram,22.989498974986166,92.62234640704179,0,background
7274,mizoram,22.760159773182412,92.92181726740277,0,background
7275,mizoram,23.78632922453661,93.24889874464955,0,background
7276,mizoram,23.186114777374808,92.38146896667648,0,background
7277,mizoram,22.036493984334523,92.88791305978964,0,background
7278,mizoram,23.4593534611027,92.38482106892701,0,background
7279,mizoram,22.773672568837092,92.77621231554626,0,background
7280,mizoram,23.93725415030077,92.53536263770582,0,background
7281,mizoram,23.722986455262703,93.13519846278145,0,background
7282,mizoram,22.947103474906342,92.63442918176023,0,background
7283,mizoram,23.319864664710476,92.40545037447303,0,background
7284,mizoram,23.376207105492433,92.58491804187824,0,background
7285,mizoram,22.051718548351044,92.97008628588698,0,background
7286,mizoram,22.2854392915535,92.8372910435897,0,background
7287,mizoram,23.73353286101945,93.23939062800441,0,background
7288,mizoram,23.9769023277494,92.33137539808853,0,background
7289,mizoram,23.294665735913163,92.57913952476483,0,background
7290,mizoram,23.05305673316294,92.60909115709124,0,background
7291,mizoram,23.61325111073641,93.4145441244153,0,background
7292,mizoram,24.00770680840384,92.60639877049013,0,background
7293,mizoram,23.431483685196564,92.37980149262874,0,background
7294,mizoram,24.087646471219497,92.98540741064971,0,background
7295,mizoram,23.511884792872774,92.49269412856297,0,background
7296,mizoram,24.158090389565917,92.86956533347649,0,background
7297,mizoram,23.43605005098482,92.37618165467768,0,background
7298,mizoram,23.956644040059267,92.5872833772051,0,background
7299,mizoram,24.112737743688367,92.64133937844765,0,background
7300,mizoram,24.0407996025658,92.72237100610185,0,background
7301,mizoram,22.738686808427005,92.95372381850343,0,background
7302,mizoram,23.454016291430495,92.51346677873755,0,background
7303,mizoram,23.13623266230935,92.46013256865052,0,background
7304,mizoram,22.120030517212356,92.94369808311099,0,background
7305,mizoram,23.016755950316348,92.48497415559565,0,background
7306,mizoram,24.06728150326325,92.7178527609763,0,background
7307,mizoram,22.978576210656488,92.62376719749692,0,background
7308,mizoram,23.612784552613366,92.38246769878472,0,background
7309,mizoram,23.018127895181653,92.52587687933224,0,background
7310,mizoram,24.0965402320857,92.98197823046203,0,background
7311,mizoram,22.2930329680044,92.81859603965523,0,background
7312,mizoram,23.84053580729652,92.41714314379469,0,background
7313,mizoram,22.561230232043485,93.08135483597783,0,background
7314,mizoram,23.838021077369934,92.430251852706,0,background
7315,mizoram,23.06053627189763,92.4861853382749,0,background
7316,mizoram,22.7947249973357,92.51364356938385,0,background
7317,mizoram,23.6540425123653,92.39607704855993,0,background
7318,mizoram,23.18942869790644,92.40347269770729,0,background
7319,mizoram,22.251520303894637,92.88241031923398,0,background
7320,mizoram,22.099776297738153,92.93246291568279,0,background
7321,mizoram,23.686009007421905,93.24774581137794,0,background
7322,mizoram,22.766178797608628,93.09851056139244,0,background
7323,mizoram,23.7469947186012,93.28284023949575,0,background
7324,mizoram,22.79476029904344,93.08232176634336,0,background
7325,mizoram,22.78876919580784,92.72877790563491,0,background
7326,mizoram,22.072026911650852,92.96224468983762,0,background
7327,mizoram,22.995145230373666,92.39599184215409,0,background
7328,mizoram,22.665487520912574,93.08105109134229,0,background
7329,mizoram,23.316487859398634,93.18109481938957,0,background
7330,mizoram,23.451232142949276,92.41991605358565,0,background
7331,mizoram,22.9398178783958,92.61631873673711,0,background
7332,mizoram,24.116968799679437,92.56661926974634,0,background
7333,mizoram,22.64800614470052,93.09673144703758,0,background
7334,mizoram,23.745268070380362,92.92252287159882,0,background
7335,mizoram,22.664318023629143,93.0517865765279,0,background
7336,mizoram,22.270009387306505,92.87654927849134,0,background
7337,mizoram,23.74281009450988,93.2937023284178,0,background
7338,mizoram,23.31622010338612,92.4031475084076,0,background
7339,mizoram,23.762772124655612,93.2781094697333,0,background
7340,mizoram,23.537816190046552,92.42104666223847,0,background
7341,mizoram,22.283931209207854,92.93831211290518,0,background
7342,mizoram,23.380720806166725,92.57067729282369,0,background
7343,mizoram,23.606136437369777,93.42249015333181,0,background
7344,mizoram,22.79526635902828,92.48055893312184,0,background
7345,mizoram,22.037392054139616,92.93909402226062,0,background
7346,mizoram,22.98215742884497,92.51374794007535,0,background
7347,mizoram,23.189869104644,92.84421576514708,0,background
7348,mizoram,23.35157628117963,92.43363221044821,0,background
7349,mizoram,22.953131885187307,92.42879704421958,0,background
7350,mizoram,23.10067063945613,92.43002498121551,0,background
7351,mizoram,22.065899868502306,92.92509336523102,0,background
7352,mizoram,22.254948634711436,92.84331256915064,0,background
7353,mizoram,23.57996270458285,92.38877644809482,0,background
7354,mizoram,22.168099277668066,92.840244609088,0,background
7355,mizoram,23.116419842496597,92.97604295913524,0,background
7356,mizoram,23.990498841218955,92.63191840744278,0,background
7357,mizoram,24.089946271628467,92.99851743179656,0,background
7358,mizoram,22.732265345941897,93.07892693057624,0,background
7359,mizoram,22.570353062709938,93.07924079800388,0,background
7360,mizoram,22.222632078680526,92.80348541593655,0,background
7361,mizoram,23.406058997976935,92.45969110626582,0,background
7362,mizoram,22.32276246903442,92.95983460366996,0,background
7363,mizoram,23.518151388431,92.34722968268653,0,background
7364,mizoram,24.103141376494268,92.71608477634298,0,background
7365,mizoram,23.6539482039504,93.39140454152984,0,background
7366,mizoram,22.067689697973606,92.98469134465347,0,background
7367,mizoram,22.756873647461383,92.92390435937457,0,background
7368,mizoram,22.523710461138805,93.11045659427278,0,background
7369,mizoram,23.93842443672063,92.59863887264162,0,background
7370,mizoram,23.104161943507805,92.41172673027017,0,background
7371,mizoram,24.037895724054955,92.45142825660008,0,background
7372,mizoram,23.222450183249013,92.38255979275954,0,background
7373,mizoram,22.75447217850747,93.06967060468581,0,background
7374,mizoram,23.739768054140956,92.91938143234394,0,background
7375,mizoram,23.042578319285436,92.59860876888126,0,background
7376,mizoram,22.911399006722956,93.06449283121401,0,background
7377,mizoram,22.889943110068167,93.0967794078597,0,background
7378,mizoram,24.004905254561383,92.42512769135095,0,background
7379,mizoram,23.025337549053766,92.52562742300195,0,background
7380,mizoram,22.64115005225071,92.98474282239596,0,background
7381,mizoram,23.380193245223953,92.99371541024206,0,background
7382,mizoram,24.186904697920863,92.85399407420707,0,background
7383,mizoram,22.92942689705023,93.06738315239947,0,background
7384,mizoram,22.743573555969427,92.90013903046935,0,background
7385,mizoram,23.344667249336556,92.95869279049342,0,background
7386,mizoram,22.984581660917975,92.60348572694768,0,background
7387,mizoram,23.514202693074512,92.45151891561589,0,background
7388,mizoram,24.094800721447005,92.7256624911107,0,background
7389,mizoram,23.340959775265148,92.55152267753392,0,background
7390,mizoram,23.050144980702655,92.44570895111019,0,background
7391,mizoram,23.459055064657132,92.33178979573329,0,background
7392,mizoram,24.39856941157166,93.01460607453643,0,background
7393,mizoram,22.434263048451374,92.79258295682912,0,background
7394,mizoram,23.635959864419107,92.35287983782148,0,background
7395,mizoram,23.374504649045633,92.47776741431508,0,background
7396,mizoram,23.984516237580333,92.50672629722433,0,background
7397,mizoram,22.90271601625086,92.6634328468483,0,background
7398,mizoram,22.945330580071342,93.13878912863133,0,background
7399,mizoram,23.199199125667665,92.38002411029323,0,background
7400,mizoram,24.09657917900662,92.85558209522678,0,background
7401,mizoram,22.993117193124107,92.62767191016862,0,background
7402,mizoram,23.428884022431532,92.48423530220616,0,background
7403,mizoram,22.286091349950095,92.88145871491062,0,background
7404,mizoram,22.218658277017028,92.83885792743658,0,background
7405,mizoram,23.744663459871905,93.25798404768767,0,background
7406,mizoram,23.308851919137794,92.42844488190715,0,background
7407,mizoram,22.972658143951115,92.63857766094041,0,background
7408,mizoram,23.302933750278882,92.44082437739281,0,background
7409,mizoram,23.038399767811494,92.62184130729818,0,background
7410,mizoram,24.041602591909182,92.5521056666465,0,background
7411,mizoram,22.587599002871155,93.1373874494265,0,background
7412,mizoram,22.71800741364157,92.77879487029736,0,background
7413,mizoram,22.088287243641503,92.60259320077527,0,background
7414,mizoram,23.162019535120052,92.38502936430228,0,background
7415,mizoram,22.559504940580666,93.09898460501744,0,background
7416,mizoram,24.033817677483356,92.46954676741078,0,background
7417,mizoram,22.241453433478185,92.88021946006093,0,background
7418,mizoram,23.15221184638448,92.41056164176352,0,background
7419,mizoram,22.8043934984233,92.52115327917072,0,background
7420,mizoram,22.579477450014753,92.60324998456221,0,background
7421,mizoram,22.247197847781266,92.82035505714498,0,background
7422,mizoram,23.3960026760975,92.98381393350405,0,background
7423,mizoram,23.976489727407895,92.57654716170836,0,background
7424,mizoram,22.062584996798602,92.96175157138919,0,background
7425,mizoram,23.69010487676387,92.4447787304633,0,background
7426,mizoram,23.624262132184906,92.34594927662194,0,background
7427,mizoram,22.59517460730628,92.58442387865327,0,background
7428,mizoram,24.01220248444647,92.46178709956914,0,background
7429,mizoram,23.623996869410984,92.51005100241206,0,background
7430,mizoram,22.87474281865046,93.01708912916995,0,background
7431,mizoram,23.991311779361165,92.52563714861273,0,background
7432,mizoram,23.585962052414743,92.53856978466081,0,background
7433,mizoram,22.054622731808387,92.92486614132301,0,background
7434,mizoram,22.9537567275476,92.38012053673378,0,background
7435,mizoram,23.73107052897834,93.23905550390887,0,background
7436,mizoram,23.40755642380087,92.36087161857164,0,background
7437,mizoram,23.335668314011837,92.44978506969831,0,background
7438,mizoram,23.7427241413998,93.32434815808536,0,background
7439,mizoram,22.92710629529847,92.98922337769318,0,background
7440,mizoram,22.58273212058488,93.09291290282688,0,background
7441,mizoram,22.70825504910672,92.94326980976138,0,background
7442,mizoram,23.905474587500173,92.96774460072027,0,background
7443,mizoram,23.916844682027314,92.55195661452005,0,background
7444,mizoram,22.932673939362306,92.41609986550864,0,background
7445,mizoram,23.55222554182351,92.41987480796752,0,background
7446,mizoram,22.45789410710253,92.78969612079004,0,background
7447,mizoram,23.98105212710757,92.43885479566751,0,background
7448,mizoram,23.325986245869498,92.45883072987766,0,background
7449,mizoram,23.020419488604958,92.38731797989843,0,background
7450,mizoram,23.694475616182622,93.25075617498398,0,background
7451,mizoram,22.076584510289095,93.00222855907884,0,background
7452,mizoram,23.29842157521026,92.49994159492452,0,background
7453,mizoram,23.744251785879193,93.24756510017023,0,background
7454,mizoram,23.428543142665486,92.55583670829458,0,background
7455,mizoram,22.277374203121617,92.90131587334994,0,background
7456,mizoram,23.356347663726954,92.45180660020111,0,background
7457,mizoram,22.571351950610936,93.08933508789364,0,background
7458,mizoram,23.34060362950836,92.42108493472016,0,background
7459,mizoram,24.068763363497037,92.84576002396007,0,background
7460,mizoram,23.897173299039267,92.58297897524214,0,background
7461,mizoram,23.0229264799205,92.60646220386282,0,background
7462,mizoram,22.226432147376915,92.87881731525384,0,background
7463,mizoram,23.306680277510516,92.54695990380515,0,background
7464,mizoram,22.271002471892984,92.87546159205182,0,background
7465,mizoram,23.388409376230413,92.36351710348075,0,background
7466,mizoram,24.429876058930827,92.72386708603679,0,background
7467,mizoram,22.77385484888239,92.55536916136137,0,background
7468,mizoram,23.016171577910402,92.87172490213159,0,background
7469,mizoram,22.614241332835086,92.82279788150494,0,background
7470,mizoram,24.374690244506116,92.97707533117801,0,background
7471,mizoram,23.369867042391842,92.4232330263814,0,background
7472,mizoram,22.629948923901136,93.1002052099889,0,background
7473,mizoram,23.732628303049278,93.31184513325591,0,background
7474,mizoram,23.355575209294216,92.53659576013715,0,background
7475,mizoram,21.979794837384695,92.90154031619971,0,background
7476,mizoram,23.107534628607812,92.38352027317141,0,background
7477,mizoram,22.99553570288449,92.87074186614745,0,background
7478,mizoram,22.016862377554435,92.93384217361961,0,background
7479,mizoram,22.11011195875325,93.03968367135775,0,background
7480,mizoram,22.753203970466842,93.0282499240641,0,background
7481,mizoram,22.97052650603438,92.53297291554235,0,background
7482,mizoram,23.74141190931485,92.45517994393168,0,background
7483,mizoram,23.501751041923644,92.32165806719605,0,background
7484,mizoram,23.73989745991405,92.3167935069127,0,background
7485,mizoram,23.44054793153619,92.54445526203163,0,background
7486,mizoram,24.09837693872328,92.69673836704615,0,background
7487,mizoram,22.122068469923835,92.937941220556,0,background
7488,mizoram,23.112595187818012,92.45863808973883,0,background
7489,mizoram,22.097624209459163,92.94046141219413,0,background
7490,mizoram,23.698302234164956,92.41628412848384,0,background
7491,mizoram,21.994740933437615,92.90019914441935,0,background
7492,mizoram,22.299210801366467,92.83025852695042,0,background
7493,mizoram,22.674423698106583,93.07480474594809,0,background
7494,mizoram,22.005258091409218,92.89709334407883,0,background
7495,mizoram,22.726662037553634,92.9083773784231,0,background
7496,mizoram,23.165380607239953,92.40196029608829,0,background
7497,mizoram,23.13121594869034,92.36644155388068,0,background
7498,mizoram,23.568626092144434,92.94372916723589,0,background
7499,mizoram,23.61429639335678,93.4129077220882,0,background
7500,mizoram,23.766603574308895,92.43725152547628,0,background
7501,mizoram,24.090092619913847,92.73742066041913,0,background
7502,mizoram,23.962782712743394,92.55583459004191,0,background
7503,mizoram,23.741947360967515,93.2607430596839,0,background
7504,mizoram,23.311300721312662,93.00930015190333,0,background
7505,mizoram,22.961784732902125,92.6186729625687,0,background
7506,mizoram,23.967586219667982,92.53224295007352,0,background
7507,mizoram,23.057397279699533,92.51392787539447,0,background
7508,mizoram,22.99710139890124,92.50421677662833,0,background
7509,mizoram,21.9938067617686,92.61651856216244,0,background
7510,mizoram,23.618791461328396,93.24643291542566,0,background
7511,mizoram,23.88434144725082,92.60240261910207,0,background
7512,mizoram,23.50179837195195,92.50749770387614,0,background
7513,mizoram,22.63046233153355,93.01365326568408,0,background
7514,mizoram,23.325325002384847,92.98883136912164,0,background
7515,mizoram,23.342980785894756,92.43239321425139,0,background
7516,mizoram,22.55322133589128,93.07922439397022,0,background
7517,mizoram,22.018030931337876,92.98266403233475,0,background
7518,mizoram,23.98627058524775,92.5458052161954,0,background
7519,mizoram,23.30227543210055,92.9662985336822,0,background
7520,mizoram,23.34715298865794,92.90428059542843,0,background
7521,mizoram,24.371445959573943,92.97858381209778,0,background
7522,mizoram,23.359757732569136,92.43704298755354,0,background
7523,mizoram,23.39945825502946,92.42579386894025,0,background
7524,mizoram,23.886493537877698,92.59860084329385,0,background
7525,mizoram,22.28852886877708,92.84314536915596,0,background
7526,mizoram,22.62347900905836,93.04930601262524,0,background
7527,mizoram,22.97274087743424,92.6003700024314,0,background
7528,mizoram,22.894646221224633,93.11070200779066,0,background
7529,mizoram,23.337045815057817,92.39510944333867,0,background
7530,mizoram,22.01848193732961,92.8827020959829,0,background
7531,mizoram,23.97557944383238,92.44393975534452,0,background
7532,mizoram,23.264738737837835,92.40091149890671,0,background
7533,mizoram,23.33110125574234,92.43266475310975,0,background
7534,mizoram,24.007597290075957,92.56401302582545,0,background
7535,mizoram,23.751153441368682,93.31072800461666,0,background
7536,mizoram,23.79990057432803,92.42115625873318,0,background
7537,mizoram,23.653389409599537,92.39771869602198,0,background
7538,mizoram,23.301405351544943,92.95298999152133,0,background
7539,mizoram,22.57725755678457,93.06781535086633,0,background
7540,mizoram,23.113509517275133,92.96031031537436,0,background
7541,mizoram,23.088686827524704,92.44608288879428,0,background
7542,mizoram,24.114067087090767,92.61554630733511,0,background
7543,mizoram,23.45868113148845,92.34999017851213,0,background
7544,mizoram,22.272025371094852,93.16005243756352,0,background
7545,mizoram,23.42914189001942,92.48065391593462,0,background
7546,mizoram,24.08433718308756,92.72321758248339,0,background
7547,mizoram,23.015937409431718,92.39978533595792,0,background
7548,mizoram,21.98927282916327,92.62898410767454,0,background
7549,mizoram,23.7954777924771,92.41719385280372,0,background
7550,mizoram,23.23612182978344,92.34696157038167,0,background
7551,mizoram,23.319353277741186,92.43046436234559,0,background
7552,mizoram,23.500027770924945,92.45722428157055,0,background
7553,mizoram,22.256157345958023,92.77793936129412,0,background
7554,mizoram,23.417128025124054,92.51730476437184,0,background
7555,mizoram,23.944865662682638,92.58891772004827,0,background
7556,mizoram,22.64397440373263,93.06413633439536,0,background
7557,mizoram,23.100636748890018,92.44862561913007,0,background
7558,mizoram,23.57236027525246,92.52014397794808,0,background
7559,mizoram,22.879933376660336,93.10596021800755,0,background
7560,mizoram,23.447359592162563,92.9570697999177,0,background
7561,mizoram,22.994889222078058,92.52269303062053,0,background
7562,mizoram,24.093188571975823,92.63448534055185,0,background
7563,mizoram,23.750141310979764,92.31503073294697,0,background
7564,mizoram,23.949355316423002,92.31358737441599,0,background
7565,mizoram,23.23694762044636,92.41668535730417,0,background
7566,mizoram,22.92353011066685,92.40919069656006,0,background
7567,mizoram,23.131452043329492,92.36736412849855,0,background
7568,mizoram,22.814132233276577,92.4879175320311,0,background
7569,mizoram,23.612445752869856,92.33468415758865,0,background
7570,mizoram,23.133523425747427,92.41611408533022,0,background
7571,mizoram,23.804557391738083,93.25581645594534,0,background
7572,mizoram,22.98901769512403,92.45562106313392,0,background
7573,mizoram,24.131907663180062,92.84860747432053,0,background
7574,mizoram,23.509564186475863,92.42231168272673,0,background
7575,mizoram,23.521091332022852,92.42750451155482,0,background
7576,mizoram,22.603732134697715,93.0147631653094,0,background
7577,mizoram,23.423626180616047,92.41710777750215,0,background
7578,mizoram,24.264976590905032,92.74252376847652,0,background
7579,mizoram,22.978181731273693,92.43937704126661,0,background
7580,mizoram,23.442358570238337,92.95201610825295,0,background
7581,mizoram,23.003513696166713,92.39962991615724,0,background
7582,mizoram,24.110186633307112,92.64207760010561,0,background
7583,mizoram,23.98599461897471,92.4667006780432,0,background
7584,mizoram,23.329989651589276,92.56781970026206,0,background
7585,mizoram,24.103422412051074,92.63286096682964,0,background
7586,mizoram,22.84595081710491,93.08485000202054,0,background
7587,mizoram,23.93474650086758,92.57821204232718,0,background
7588,mizoram,23.080915984507456,92.44918154962916,0,background
7589,mizoram,23.33977893204121,92.47089363824811,0,background
7590,mizoram,23.497185277009553,92.33520213444064,0,background
7591,mizoram,22.23718453606606,92.86052607254949,0,background
7592,mizoram,23.5167404759527,92.50647736165155,0,background
7593,mizoram,23.20867394015947,93.37099604485083,0,background
7594,mizoram,23.374187487672238,92.46996164965554,0,background
7595,mizoram,22.98633377006228,92.60748152368512,0,background
7596,mizoram,22.668609190609335,93.03979027737185,0,background
7597,mizoram,22.61718531477536,93.08758880949756,0,background
7598,mizoram,23.1393855678616,92.42177415949769,0,background
7599,mizoram,22.80119110173148,92.72382708656566,0,background
7600,mizoram,23.161001830534484,92.36717708857816,0,background
7601,mizoram,23.709002526420456,92.29119764291445,0,background
7602,mizoram,23.973677674832214,92.6138324023978,0,background
7603,mizoram,22.44610783391486,92.82829788689772,0,background
7604,mizoram,22.405018519243413,93.18321491302284,0,background
7605,mizoram,23.012697383188886,92.47462956774214,0,background
7606,mizoram,23.207053165655577,92.40794188084458,0,background
7607,mizoram,24.107555535803442,92.97443672039172,0,background
7608,mizoram,23.70930636729831,93.25530256293568,0,background
7609,mizoram,23.5228404505271,92.33578564958943,0,background
7610,mizoram,23.471287411194655,93.1272494554053,0,background
7611,mizoram,23.1137612930333,92.4601178379738,0,background
7612,mizoram,24.195417963243923,92.8736681288793,0,background
7613,mizoram,24.221835104782148,92.75829400433294,0,background
7614,mizoram,22.721607838410186,92.75326957774482,0,background
7615,mizoram,22.96796986143657,93.13418724300979,0,background
7616,mizoram,22.7805772865642,93.09364516892929,0,background
7617,mizoram,22.782468324105192,92.55243339588921,0,background
7618,mizoram,22.900130275732835,93.03560564057966,0,background
7619,mizoram,22.089389387452112,92.95479493286722,0,background
7620,mizoram,22.94518673243965,92.41104692346008,0,background
7621,mizoram,22.64787751491789,93.07321940524098,0,background
7622,mizoram,23.707688108966785,92.30479915753672,0,background
7623,mizoram,22.872676149525407,93.06316711980288,0,background
7624,mizoram,23.33762852258164,92.38001092111347,0,background
7625,mizoram,23.586483117070784,92.39346381453215,0,background
7626,mizoram,23.275588215448096,92.98618028359732,0,background
7627,mizoram,22.77898330129762,92.48812348131311,0,background
7628,mizoram,22.31176138081957,92.91814383797573,0,background
7629,mizoram,22.888223130761943,93.10922770047746,0,background
7630,mizoram,23.27073303457064,92.42842324665746,0,background
7631,mizoram,23.776831103818132,93.292456409994,0,background
7632,mizoram,23.38570762834464,92.98270229493947,0,background
7633,mizoram,24.275523927636577,92.86453836317014,0,background
7634,mizoram,23.074192701942643,92.49850539907922,0,background
7635,mizoram,23.350945537384934,92.48447001934613,0,background
7636,mizoram,24.07620145968404,92.84817208934669,0,background
7637,mizoram,23.459129996022778,92.49656621735667,0,background
7638,mizoram,23.020074716656723,92.55244639158576,0,background
7639,mizoram,23.507299342263167,92.41659477273777,0,background
7640,mizoram,22.274482105802424,92.83624340784768,0,background
7641,mizoram,24.112103894338677,92.70849562769118,0,background
7642,mizoram,22.925079899828006,93.02822957186369,0,background
7643,mizoram,23.9985159058614,92.34959824680172,0,background
7644,mizoram,22.718918638263805,92.7799715782061,0,background
7645,mizoram,23.183476140928512,92.84820943582885,0,background
7646,mizoram,23.75387305835767,93.2454345159212,0,background
7647,mizoram,23.62394136849607,92.47779584610963,0,background
7648,mizoram,23.472025843759646,92.36261880270129,0,background
7649,mizoram,22.953546083984214,93.12719328636013,0,background
7650,mizoram,24.012062547433942,92.42776687508186,0,background
7651,mizoram,22.629098424650728,92.80056274630593,0,background
7652,mizoram,22.92449902908993,92.60671698135148,0,background
7653,mizoram,22.91219056091222,92.59617153183581,0,background
7654,mizoram,22.278899694760806,93.19593232559008,0,background
7655,mizoram,23.304403181627514,92.460898288843,0,background
7656,mizoram,23.133499518207362,92.40504987906897,0,background
7657,mizoram,23.78039715715964,93.29093272604737,0,background
7658,mizoram,23.416224737481336,92.39500590889497,0,background
7659,mizoram,23.060751851846124,92.62326187438347,0,background
7660,mizoram,22.29143717497107,92.83019191486832,0,background
7661,mizoram,22.22202332540288,92.88107944274847,0,background
7662,mizoram,23.38089890141609,92.53161130538646,0,background
7663,mizoram,22.824411907312438,93.1007562931278,0,background
7664,mizoram,23.075808872320298,92.39447341913386,0,background
7665,mizoram,22.815389729629437,92.52206621616462,0,background
7666,mizoram,22.57384344404055,93.05606797432141,0,background
7667,mizoram,22.08254775360003,92.93276454474888,0,background
7668,mizoram,22.75168389456459,92.76222478690207,0,background
7669,mizoram,23.973946438075153,92.58900960730372,0,background
7670,mizoram,22.64789952176466,93.07857419152452,0,background
7671,mizoram,22.931521979000095,93.02340897267693,0,background
7672,mizoram,23.675696569809023,93.40372897858911,0,background
7673,mizoram,23.280072461779888,92.43777918748921,0,background
7674,mizoram,23.64184490438365,93.23785358229135,0,background
7675,mizoram,23.6584792453034,92.5324246464105,0,background
7676,mizoram,23.008413127782408,92.61372103074433,0,background
7677,mizoram,23.634705481704025,93.41752472605536,0,background
7678,mizoram,22.58655670462137,92.7267574215351,0,background
7679,mizoram,23.522278689703743,92.3671739719965,0,background
7680,mizoram,22.695114021145354,92.77154511821253,0,background
7681,mizoram,24.18234459570406,92.85685499909731,0,background
7682,mizoram,23.775053593886238,93.21631213510581,0,background
7683,mizoram,23.332906088415605,92.93941544582906,0,background
7684,mizoram,23.29821584438378,92.44431649862707,0,background
7685,mizoram,23.483267117095245,92.40787279076247,0,background
7686,mizoram,23.68392428036215,92.44223316347635,0,background
7687,mizoram,23.43176250564499,92.35041561822801,0,background
7688,mizoram,22.763464779933123,92.47886975984615,0,background
7689,mizoram,23.585745089339163,92.36835498392058,0,background
7690,mizoram,23.33969860682902,92.57955236041033,0,background
7691,mizoram,22.921758282435405,92.989139615742,0,background
7692,mizoram,22.734179008603014,93.03958543823619,0,background
7693,mizoram,23.617081642116418,92.37956498928025,0,background
7694,mizoram,22.951242726554874,93.12103070173907,0,background
7695,mizoram,23.746079093827277,92.4043952094804,0,background
7696,mizoram,23.388322846023822,92.55079945268196,0,background
7697,mizoram,23.796367997240182,92.4158124538033,0,background
7698,mizoram,23.73016616214223,93.23692394468318,0,background
7699,mizoram,23.61478541228348,92.4031330399384,0,background
7700,mizoram,22.82987197293473,92.53200337091869,0,background
7701,mizoram,22.165983412085698,92.73094469111717,0,background
7702,mizoram,22.761671940144367,92.9123927753111,0,background
7703,mizoram,24.118003532802437,92.7323334933788,0,background
7704,mizoram,23.414847783890256,92.43614314348301,0,background
7705,mizoram,23.01016687680042,92.54845508005967,0,background
7706,mizoram,22.70030400706614,93.08308309747221,0,background
7707,mizoram,23.992713578374108,92.47279620532929,0,background
7708,mizoram,23.641192057586903,92.39237084332474,0,background
7709,mizoram,23.694139022669965,92.39488187477308,0,background
7710,mizoram,23.36808005769172,92.48617386531902,0,background
7711,mizoram,24.250296010618708,92.73949109461873,0,background
7712,mizoram,23.981991053686574,92.85784655262418,0,background
7713,mizoram,23.150821776565014,92.42635285321425,0,background
7714,mizoram,23.456877216216643,92.40169918610675,0,background
7715,mizoram,23.423511705812654,92.44919890855112,0,background
7716,mizoram,22.599572742218303,92.79040501994271,0,background
7717,mizoram,23.70097598320991,92.30972858328086,0,background
7718,mizoram,23.901312138240044,92.56661894397743,0,background
7719,mizoram,22.740460836439254,92.9124227661955,0,background
7720,mizoram,23.545088816690853,92.94302246044708,0,background
7721,mizoram,23.040909754960673,92.39229493731416,0,background
7722,mizoram,22.076991533627055,92.91500119196441,0,background
7723,mizoram,22.27802345447869,92.97119902731028,0,background
7724,mizoram,22.91549207547678,93.06726101399174,0,background
7725,mizoram,23.03683325382787,92.51320738318563,0,background
7726,mizoram,22.609665853140474,93.03749965369698,0,background
7727,mizoram,23.322009852193222,92.42740855171864,0,background
7728,mizoram,24.016452004005032,92.42558596228112,0,background
7729,mizoram,23.36820365704243,92.37322560250098,0,background
7730,mizoram,23.54170435524726,92.35857456254065,0,background
7731,mizoram,23.939187923866456,92.60035967966252,0,background
7732,mizoram,23.361868478202744,92.57042901881697,0,background
7733,mizoram,23.270238839683905,92.4040141073914,0,background
7734,mizoram,22.810715211788352,92.55084765105228,0,background
7735,mizoram,22.600674571848554,92.78343241476561,0,background
7736,mizoram,22.257624464360838,92.82020344694767,0,background
7737,mizoram,23.382651284191727,92.56862401122054,0,background
7738,mizoram,23.394668050003972,92.37781557391007,0,background
7739,mizoram,22.093620738877753,92.92794660669716,0,background
7740,mizoram,22.901341051437903,93.11625689478781,0,background
7741,mizoram,22.322623761881943,92.82699941282607,0,background
7742,mizoram,22.952615775989027,92.42226263022212,0,background
7743,mizoram,23.322031873546266,92.96765181256197,0,background
7744,mizoram,22.630678457604272,92.80576677482789,0,background
7745,mizoram,23.14046167439989,92.45922796053028,0,background
7746,mizoram,22.5831488324634,92.79671183521008,0,background
7747,mizoram,23.373794937663053,92.44430718906445,0,background
7748,mizoram,22.997745772980316,92.43977560985752,0,background
7749,mizoram,22.95460251739211,93.09680208105884,0,background
7750,mizoram,23.494515551134203,92.37069662196765,0,background
7751,mizoram,22.07838727184037,92.60400707002725,0,background
7752,mizoram,23.594341129444548,93.25826971170733,0,background
7753,mizoram,24.092947071735363,93.0046142249018,0,background
7754,mizoram,22.024950266690542,92.93274897141987,0,background
7755,mizoram,22.984864533250136,93.11039036636986,0,background
7756,mizoram,22.966360225558844,92.54270789093198,0,background
7757,mizoram,22.093660105756374,92.95968061365075,0,background
7758,mizoram,23.01034773990531,92.54235637593199,0,background
7759,mizoram,22.90965999036244,92.64685036000974,0,background
7760,mizoram,22.589699319203522,93.13842654027212,0,background
7761,mizoram,22.584149912469613,93.08631622863852,0,background
7762,mizoram,23.929912367262467,92.54618830386377,0,background
7763,mizoram,23.75512533682437,92.4086714966221,0,background
7764,mizoram,23.002379947159476,92.39204006667647,0,background
7765,mizoram,23.107474229849977,92.47909531170622,0,background
7766,mizoram,23.604447641723777,92.54031095702972,0,background
7767,mizoram,23.09974787593494,92.40328238961429,0,background
7768,mizoram,23.685360978292053,93.40306683506287,0,background
7769,mizoram,23.796568571380966,93.25252390155568,0,background
7770,mizoram,22.903820042800714,93.01050865265485,0,background
7771,mizoram,23.892730962301997,92.54960003498935,0,background
7772,mizoram,23.569319839625663,92.38756040837795,0,background
7773,mizoram,23.387126569764,92.53945847449774,0,background
7774,mizoram,24.11890931279497,92.87263988738758,0,background
7775,mizoram,22.262769718293033,92.87481388110768,0,background
7776,mizoram,22.989022079888212,92.4283435476191,0,background
7777,mizoram,24.04794412731544,92.71844684082645,0,background
7778,mizoram,24.220169455565163,92.87513014832794,0,background
7779,mizoram,23.11138795874486,92.4869772377412,0,background
7780,mizoram,23.36897516526895,92.41478595346182,0,background
7781,mizoram,23.04033008377379,92.45595437655012,0,background
7782,mizoram,22.726805859108893,92.93245689585417,0,background
7783,mizoram,23.919112668731863,93.39195936177326,0,background
7784,mizoram,24.070035099189987,92.71186937448992,0,background
7785,mizoram,23.317439001914437,92.52014676484632,0,background
7786,mizoram,22.894200070563965,92.63706318456393,0,background
7787,mizoram,22.88709541830794,93.10533715683633,0,background
7788,mizoram,23.527353514521025,92.43619693847383,0,background
7789,mizoram,23.369375454661917,92.46979710500734,0,background
7790,mizoram,22.311427216438055,92.93845267664042,0,background
7791,mizoram,24.0254515481417,92.4695070074675,0,background
7792,mizoram,23.474089597049225,92.35451643524115,0,background
7793,mizoram,22.233209551961266,92.79841129540145,0,background
7794,mizoram,23.795263645919224,92.30074952716518,0,background
7795,mizoram,22.817067724311585,93.077987973742,0,background
7796,mizoram,22.756233738430673,93.07449589343746,0,background
7797,mizoram,22.59565831774383,92.71692887264034,0,background
7798,mizoram,22.308071633055604,92.81278250937544,0,background
7799,mizoram,23.350556115251102,92.38803517073065,0,background
7800,mizoram,22.87023268959098,93.09109061663266,0,background
7801,mizoram,22.587597449934332,92.58584801242463,0,background
7802,mizoram,22.565467731694415,93.08283645737224,0,background
7803,mizoram,24.19865987086103,92.87342653609163,0,background
7804,mizoram,22.583901349418177,92.73361821269452,0,background
7805,mizoram,24.05347553051014,92.98034482063426,0,background
7806,mizoram,23.364705712592848,92.5331079489253,0,background
7807,mizoram,22.51558375024057,93.06933760957342,0,background
7808,mizoram,22.751870041535007,92.7788455579346,0,background
7809,mizoram,22.96313179187544,92.63371683891555,0,background
7810,mizoram,22.91442955455672,93.02334823453127,0,background
7811,mizoram,23.331391126403513,92.43967872303737,0,background
7812,mizoram,22.46543259082068,92.82584026852702,0,background
7813,mizoram,23.336999851630683,93.1785632127212,0,background
7814,mizoram,23.2531712681839,92.41348602822663,0,background
7815,mizoram,23.068234875884084,92.47889010695319,0,background
7816,mizoram,23.04502324901197,92.50885088979582,0,background
7817,mizoram,22.194026382608254,92.84516127476518,0,background
7818,mizoram,23.77271928700901,92.45367810535645,0,background
7819,mizoram,22.702212988130032,92.78907318119198,0,background
7820,mizoram,22.532136507100223,93.08417817179397,0,background
7821,mizoram,23.549611818324596,92.34135854316564,0,background
7822,mizoram,23.616832227679854,92.43061405204352,0,background
7823,mizoram,23.08277244042157,92.47420316501842,0,background
7824,mizoram,23.471439261334275,92.40597114325638,0,background
7825,mizoram,22.042388496022248,92.9327595864233,0,background
7826,mizoram,22.251981316006216,93.16282549766994,0,background
7827,mizoram,23.46466643703351,92.4513825008921,0,background
7828,mizoram,23.32233741440593,92.38820122619524,0,background
7829,mizoram,22.6719548132249,92.94169327749528,0,background
7830,mizoram,22.954082680697088,93.07444158863308,0,background
7831,mizoram,23.10653836746935,92.42036419428885,0,background
7832,mizoram,23.79980152568751,92.4253218547037,0,background
7833,mizoram,23.44697191158906,92.41371709903582,0,background
7834,mizoram,22.67098038716058,93.08653838114527,0,background
7835,mizoram,22.578357102431156,92.73601776951148,0,background
7836,mizoram,23.38700097839873,92.37132654561067,0,background
7837,mizoram,23.484989564909796,93.14340956884529,0,background
7838,mizoram,23.062522219212575,92.9603069146138,0,background
7839,mizoram,23.317176928732117,92.39237612137458,0,background
7840,mizoram,22.07070707513953,92.60923720038629,0,background
7841,mizoram,23.12397841099073,92.42356429113764,0,background
7842,mizoram,23.46145665798183,92.35590316031102,0,background
7843,mizoram,23.355040473163104,92.5666856360954,0,background
7844,mizoram,22.890371303419077,93.0555504464182,0,background
7845,mizoram,22.261278898362097,92.83724569485945,0,background
7846,mizoram,22.66335300590966,93.05716002542977,0,background
7847,mizoram,22.056859064804602,92.60819699815585,0,background
7848,mizoram,24.24632724550277,92.87259256776224,0,background
7849,mizoram,24.2392870879976,92.87351779864451,0,background
7850,mizoram,23.351319103422068,92.4314473439897,0,background
7851,mizoram,22.624237997634605,93.03337140358968,0,background
7852,mizoram,23.57332981130493,92.42529434985234,0,background
7853,mizoram,22.765559331322926,92.89428004179412,0,background
7854,mizoram,23.194274615470754,92.42631351363103,0,background
7855,mizoram,24.04556219998515,92.5518498464892,0,background
7856,mizoram,23.709442846637156,92.31122303555568,0,background
7857,mizoram,23.13337928762262,92.44023905423788,0,background
7858,mizoram,23.573515967483253,92.41711144825486,0,background
7859,mizoram,22.61208026151145,93.12012846214412,0,background
7860,mizoram,23.39143895702797,92.66912445246422,0,background
7861,mizoram,22.298288869078803,92.84811742329767,0,background
7862,mizoram,23.30821744473813,92.46651387468742,0,background
7863,mizoram,22.67014216087473,92.94615212052075,0,background
7864,mizoram,23.579029449255053,92.33999380387904,0,background
7865,mizoram,22.914289690578986,92.6336523137678,0,background
7866,mizoram,22.95639109197455,92.60947076142564,0,background
7867,mizoram,22.314438601646273,93.19145862291175,0,background
7868,mizoram,23.706063761565538,93.12856136243657,0,background
7869,mizoram,23.329530160420795,92.46127818812249,0,background
7870,mizoram,22.604653871333745,92.79403340416705,0,background
7871,mizoram,23.46635582423039,92.40729932895535,0,background
7872,mizoram,22.1541354307641,92.93264831941757,0,background
7873,mizoram,22.670240939419244,92.78218878036785,0,background
7874,mizoram,23.31719895121629,92.96943181675736,0,background
7875,mizoram,22.149018194955584,92.94393793268549,0,background
7876,mizoram,23.813075520716716,92.44625663614703,0,background
7877,mizoram,23.14779534822901,92.36135539699067,0,background
7878,mizoram,23.04902488297406,92.39976447629614,0,background
7879,mizoram,22.262806455701632,92.84379875421769,0,background
7880,mizoram,23.74214644277294,92.29254366922113,0,background
7881,mizoram,24.00929909364268,92.44907412337153,0,background
7882,mizoram,23.32920751410483,92.99864092235947,0,background
7883,mizoram,22.754474822303163,92.76479358659508,0,background
7884,mizoram,22.061026400376456,92.98660365561882,0,background
7885,mizoram,22.91594431612667,93.01385746956771,0,background
7886,mizoram,23.657872015477462,93.24378968542857,0,background
7887,mizoram,22.084369318659913,92.9767942341814,0,background
7888,mizoram,23.41724422937074,92.41113251280515,0,background
7889,mizoram,23.31595616213576,92.97382214513576,0,background
7890,mizoram,23.7223844551621,93.26565117709892,0,background
7891,mizoram,22.03517361093568,92.9891163602405,0,background
7892,mizoram,22.629874773638804,93.0363482988225,0,background
7893,mizoram,23.500058505390584,92.34493410879169,0,background
7894,mizoram,23.893807637793483,92.96971328314925,0,background
7895,mizoram,24.17524808794907,92.74866637095414,0,background
7896,mizoram,23.291827778365747,92.51309656820877,0,background
7897,mizoram,23.105866840156473,92.37491650092424,0,background
7898,mizoram,23.001560377416812,92.48382614617536,0,background
7899,mizoram,23.013740327477763,92.5701346644386,0,background
7900,mizoram,23.325057584590343,93.19701914887906,0,background
7901,mizoram,23.432698973419733,92.95870091468358,0,background
7902,mizoram,23.780767822102018,92.44265002456773,0,background
7903,mizoram,23.108151704608037,92.9693697002794,0,background
7904,mizoram,24.034459271315832,92.53719528093959,0,background
7905,mizoram,22.023221192871166,92.87320681378321,0,background
7906,mizoram,23.595433643150287,92.92580067904089,0,background
7907,mizoram,22.913916119489162,93.01945158716775,0,background
7908,mizoram,23.99059868518597,92.55809598016316,0,background
7909,mizoram,22.30760290870842,92.95793662972072,0,background
7910,mizoram,23.36724378758059,92.42820520999412,0,background
7911,mizoram,23.404764853820392,92.37803117492494,0,background
7912,mizoram,23.29330859101681,92.42502392456103,0,background
7913,mizoram,22.975444673080283,92.60737603583269,0,background
7914,mizoram,23.888887728961016,92.59176270797278,0,background
7915,mizoram,24.0040646349064,92.41322567475494,0,background
7916,mizoram,23.53579015508995,92.42636039523619,0,background
7917,mizoram,22.572089141172206,92.76524590423682,0,background
7918,mizoram,23.32100851417961,92.59652179827984,0,background
7919,mizoram,22.08176228747338,92.60979208803147,0,background
7920,mizoram,23.48000861914508,92.50479141643657,0,background
7921,mizoram,23.434565643681147,92.33821735974206,0,background
7922,mizoram,22.96909047109976,93.12082183082187,0,background
7923,mizoram,23.136572685334254,92.37949760002016,0,background
7924,mizoram,22.21964309812336,92.85435170908538,0,background
7925,mizoram,22.914368630891975,93.0203656557451,0,background
7926,mizoram,23.62557275998035,92.38103656642608,0,background
7927,mizoram,23.491825319200586,92.43579836485931,0,background
7928,mizoram,22.311868637746656,92.97490544035949,0,background
7929,mizoram,22.65934244203872,92.94608414383467,0,background
7930,mizoram,22.00384706997794,92.62678754090267,0,background
7931,mizoram,23.62031621231281,92.34839357767702,0,background
7932,mizoram,23.33359788094915,92.97422578477419,0,background
7933,mizoram,23.571265890016363,92.36951322652723,0,background
7934,mizoram,24.248800111975047,92.5698188111228,0,background
7935,mizoram,23.62500553878307,92.52569596415385,0,background
7936,mizoram,23.39579237602011,92.53976782600085,0,background
7937,mizoram,23.288897275213092,92.42840137588209,0,background
7938,mizoram,23.380901418836675,92.53929172854988,0,background
7939,mizoram,23.430332615537395,92.49963643389196,0,background
7940,mizoram,23.079012637959913,92.50684867343854,0,background
7941,mizoram,23.70671515607059,93.12990025033415,0,background
7942,mizoram,22.100254465542292,92.92689695501942,0,background
7943,mizoram,23.053757902795123,92.42080511594811,0,background
7944,mizoram,23.31377986569105,92.39922088552757,0,background
7945,mizoram,23.417738445810148,92.42565971405159,0,background
7946,mizoram,23.032745850836175,92.45789917918493,0,background
7947,mizoram,22.010337289361175,92.90905035439377,0,background
7948,mizoram,23.396336732164958,92.42262718790695,0,background
7949,mizoram,23.30831089729261,92.50889348467473,0,background
7950,mizoram,22.700736990362905,92.77260409331116,0,background
7951,mizoram,22.569085399955412,92.74928568442914,0,background
7952,mizoram,23.3983346953662,92.40974065474221,0,background
7953,mizoram,22.774740201176893,93.09153103306015,0,background
7954,mizoram,22.25346219179561,92.86838909154251,0,background
7955,mizoram,22.958542063098346,92.3792271771525,0,background
7956,mizoram,23.819916947645176,92.42053420946978,0,background
7957,mizoram,23.443723711713233,92.36712728296934,0,background
7958,mizoram,23.589620668873074,92.92319185222235,0,background
7959,mizoram,23.74543992017827,92.41782234729071,0,background
7960,mizoram,24.166955547653423,92.86010143466788,0,background
7961,mizoram,21.99091316698992,92.61744316238908,0,background
7962,mizoram,22.752620639867057,93.02834404646931,0,background
7963,mizoram,22.252425595989127,92.84562128591888,0,background
7964,mizoram,23.4717059610924,92.488596597634,0,background
7965,mizoram,23.099475310410295,92.5017258704581,0,background
7966,mizoram,23.555085310771084,92.94061972587235,0,background
7967,mizoram,23.758955587046103,92.4505017099015,0,background
7968,mizoram,23.183463111304448,92.36142947826767,0,background
7969,mizoram,22.255385962905272,92.82001903778965,0,background
7970,mizoram,22.966867438451796,92.59076958796004,0,background
7971,mizoram,23.556286186997337,92.3413463662805,0,background
7972,mizoram,23.226495478827854,92.436394086561,0,background
7973,mizoram,23.788233397399342,92.43904127079537,0,background
7974,mizoram,22.5185625403329,93.06140693365288,0,background
7975,mizoram,23.492079886225632,92.4984553298331,0,background
7976,mizoram,22.941760052225572,93.0814892818624,0,background
7977,mizoram,22.079969054729148,92.96060029613147,0,background
7978,mizoram,23.547693223995417,92.52029733203761,0,background
7979,mizoram,23.42765695679701,92.44003446738606,0,background
7980,mizoram,23.66678462695109,93.40132115495678,0,background
7981,mizoram,23.097914850022473,92.94537085790367,0,background
7982,mizoram,22.643934873807282,92.98289623705098,0,background
7983,mizoram,22.23975544963532,92.888543601681,0,background
7984,mizoram,23.05646327264595,92.47065057268495,0,background
7985,mizoram,23.042631989398537,92.48946136829305,0,background
7986,mizoram,22.963088949974644,92.64550088515881,0,background
7987,mizoram,23.22014866536328,92.39168286567573,0,background
7988,mizoram,22.90994636380624,93.11283127281692,0,background
7989,mizoram,23.682563566827355,92.42024485682494,0,background
7990,mizoram,22.010060370944732,92.91778580831318,0,background
7991,mizoram,23.430111466973663,92.39342405825718,0,background
7992,mizoram,22.789852173945317,92.55493895181323,0,background
7993,mizoram,23.01856422603746,92.43666530573351,0,background
7994,mizoram,22.012312030828028,92.61330070080318,0,background
7995,mizoram,22.73680796148247,92.89790553821322,0,background
7996,mizoram,24.17238780610219,92.8632171172445,0,background
7997,mizoram,22.87786392634121,92.59848961386582,0,background
7998,mizoram,22.03826703437943,92.5959661664735,0,background
7999,mizoram,24.215122626653162,92.7530507910283,0,background
8000,mizoram,22.63133762780079,93.00105085911198,0,background
8001,mizoram,23.78272845241859,92.40328120550899,0,background
8002,mizoram,23.217824705740462,92.35912408758794,0,background
8003,mizoram,23.328426052281003,92.49145547469979,0,background
8004,mizoram,22.595838518644868,93.05926215617943,0,background
8005,mizoram,23.024373594354,92.62565714925732,0,background
8006,mizoram,23.09752505042722,92.42361643712867,0,background
8007,mizoram,23.367637065469058,92.37270482868651,0,background
8008,mizoram,23.455123520078182,92.51956164246677,0,background
8009,mizoram,22.5421457224166,93.10622854610216,0,background
8010,mizoram,23.656503458031867,93.4221610680683,0,background
8011,mizoram,23.30782683131325,93.0140924477671,0,background
8012,mizoram,24.11643278355435,92.64677052661277,0,background
8013,mizoram,23.890338552903984,92.78713968992658,0,background
8014,mizoram,23.900955150801803,92.56031259823924,0,background
8015,mizoram,22.247705598092516,92.88746984047488,0,background
8016,mizoram,22.026516706635952,92.96118760473561,0,background
8017,mizoram,23.54759959901262,92.50926482849458,0,background
8018,mizoram,23.016244221609476,92.4129203586368,0,background
8019,mizoram,23.499364680912283,92.46090794995926,0,background
8020,mizoram,23.313853488713587,92.39079764682658,0,background
8021,mizoram,23.757929688017484,92.46999371501627,0,background
8022,mizoram,22.639239518704123,92.99225958950102,0,background
8023,mizoram,23.99110707865495,92.32736610852915,0,background
8024,mizoram,23.019996312237158,92.57838236679154,0,background
8025,mizoram,23.37249975871777,92.39920647265716,0,background
8026,mizoram,22.586247167015035,92.75835968360168,0,background
8027,mizoram,24.230090631471327,92.55500800578581,0,background
8028,mizoram,23.288871829284197,92.40594895141338,0,background
8029,mizoram,23.450442244085085,92.4678190937055,0,background
8030,mizoram,22.880190649011965,92.61774848138315,0,background
8031,mizoram,22.882583191446635,92.61390015252239,0,background
8032,mizoram,22.926682402744415,93.14505076617091,0,background
8033,mizoram,22.651918833924256,93.02181203758475,0,background
8034,mizoram,22.568489536971814,93.04433616867784,0,background
8035,mizoram,22.565647529231292,93.0173566039597,0,background
8036,mizoram,23.613264900885376,92.31630846023758,0,background
8037,mizoram,22.75687681331411,92.58086368035278,0,background
8038,mizoram,23.457429790986144,92.39212245617999,0,background
8039,mizoram,23.043610389113844,92.62390862431715,0,background
8040,mizoram,23.00698137421369,92.42870012637866,0,background
8041,mizoram,23.395386301378803,92.66431613567559,0,background
8042,mizoram,23.358840910930617,92.49184834687927,0,background
8043,mizoram,22.91698890269377,93.12799497301668,0,background
8044,mizoram,23.161321886425622,92.40009227694307,0,background
8045,mizoram,23.478635802782453,92.52335102493086,0,background
8046,mizoram,24.24432236325544,92.8625822386558,0,background
8047,mizoram,22.01876974227272,92.93347153824296,0,background
8048,mizoram,23.918245826418943,92.57938963680104,0,background
8049,mizoram,23.788652776601936,92.30818349752009,0,background
8050,mizoram,23.001392484037858,92.39337922190975,0,background
8051,mizoram,23.5132001590816,92.35023386553812,0,background
8052,mizoram,22.968435841253545,92.41242848198983,0,background
8053,mizoram,22.62741141747486,93.05083708761497,0,background
8054,mizoram,23.431174433055702,92.5128205617255,0,background
8055,mizoram,23.75904385428139,92.43101332299186,0,background
8056,mizoram,22.127451154954777,92.57372245913149,0,background
8057,mizoram,23.0296835181975,92.52606503244189,0,background
8058,mizoram,23.38873538243943,92.51272462074216,0,background
8059,mizoram,24.002025292424346,92.48652941633719,0,background
8060,mizoram,22.204744572214008,92.82944565588645,0,background
8061,mizoram,22.102313436605815,92.57966977509032,0,background
8062,mizoram,23.764296226282063,93.31819003723626,0,background
8063,mizoram,22.44453940048665,92.79249964180542,0,background
8064,mizoram,24.376574317117477,92.97584011246121,0,background
8065,mizoram,22.37481920682781,93.17733295454623,0,background
8066,mizoram,22.61767354959641,93.11086213653695,0,background
8067,mizoram,24.1644688826947,92.74754180057488,0,background
8068,mizoram,22.759172405346167,92.92692305024873,0,background
8069,mizoram,24.118795987591614,92.74507645751007,0,background
8070,mizoram,23.05147504764704,92.51232676402692,0,background
8071,mizoram,23.88920054380707,92.54234483592774,0,background
8072,mizoram,23.349090105755614,92.53749110240437,0,background
8073,mizoram,23.286248665565513,92.406644865908,0,background
8074,mizoram,22.622168359759872,93.12584164082922,0,background
8075,mizoram,22.693613597468424,92.77688061749981,0,background
8076,mizoram,23.338180986329053,92.5353344645298,0,background
8077,mizoram,23.073011597080384,92.62760021729689,0,background
8078,mizoram,23.399423720412777,92.54343883263614,0,background
8079,mizoram,23.624641446442954,92.35184252560555,0,background
8080,mizoram,23.50400154376113,92.47953133543275,0,background
8081,mizoram,23.646043512931556,92.37615529342047,0,background
8082,mizoram,23.708584526670947,92.42763440359606,0,background
8083,mizoram,23.30945469699602,92.45305666663656,0,background
8084,mizoram,24.0113604869974,92.50652785865763,0,background
8085,mizoram,23.34249970298676,92.41559533830254,0,background
8086,mizoram,24.211338669485617,92.86242920387069,0,background
8087,mizoram,23.649473374523083,92.43013430535714,0,background
8088,mizoram,24.10289573295583,92.96886315609076,0,background
8089,mizoram,23.96781979551255,92.46857722282758,0,background
8090,mizoram,22.572164833172376,92.74289298761319,0,background
8091,mizoram,23.073960468634795,92.51282087342165,0,background
8092,mizoram,22.08751975006015,92.59221791968042,0,background
8093,mizoram,23.778749895432217,92.41774694108638,0,background
8094,mizoram,22.56764960266251,92.58446121354666,0,background
8095,mizoram,22.554753680483945,93.06080303016907,0,background
8096,mizoram,23.070211168319037,92.60206099833891,0,background
8097,mizoram,23.61650250701799,92.43195420900722,0,background
8098,mizoram,23.340986884473573,92.49308715259316,0,background
8099,mizoram,23.5123099443401,92.48971881677866,0,background
8100,mizoram,24.039627274859097,92.8483919978605,0,background
8101,mizoram,23.396539035005144,92.98452087419004,0,background
8102,mizoram,23.33845260457123,92.38231669525628,0,background
8103,mizoram,23.82973333164893,92.41598625522319,0,background
8104,mizoram,22.085317888000176,93.00420682211853,0,background
8105,mizoram,23.190529534336363,93.37263936975705,0,background
8106,mizoram,22.817791893438255,92.52687719157252,0,background
8107,mizoram,23.543480197873272,92.33707690823267,0,background
8108,mizoram,23.686507059467157,92.41260496725042,0,background
8109,mizoram,23.50237434892412,92.41932162006098,0,background
8110,mizoram,22.9079319337618,92.66399706491379,0,background
8111,mizoram,24.013310110999292,92.4495348408439,0,background
8112,mizoram,22.252279004037103,93.1497611747264,0,background
8113,mizoram,22.881837117457632,93.0210558325914,0,background
8114,mizoram,22.77513650179876,93.07047735721659,0,background
8115,mizoram,21.987552602518235,92.98635556657315,0,background
8116,mizoram,23.369565884582794,92.49498903621624,0,background
8117,mizoram,23.63329918972058,92.52935876454332,0,background
8118,mizoram,22.649703535556878,92.77057745791468,0,background
8119,mizoram,22.597185929782057,92.78094910520296,0,background
8120,mizoram,22.895203580983367,93.00229752311353,0,background
8121,mizoram,22.92783219851271,92.65896189684541,0,background
8122,mizoram,22.632674066211884,92.99767029535019,0,background
8123,mizoram,24.086149961859075,92.99229896108139,0,background
8124,mizoram,22.92974107832058,93.1228453885854,0,background
8125,mizoram,23.69235037768152,93.40269305976051,0,background
8126,mizoram,22.911251041473868,92.63930823489251,0,background
8127,mizoram,22.87369784896249,93.0683739383494,0,background
8128,mizoram,23.280268015330684,93.00769472677833,0,background
8129,mizoram,23.65491419889733,92.28915902637587,0,background
8130,mizoram,24.285726339739913,92.76833562051364,0,background
8131,mizoram,24.116885728231622,92.87390289959224,0,background
8132,mizoram,22.88333527692086,92.64469610342063,0,background
8133,mizoram,22.214334780409615,92.81511713394957,0,background
8134,mizoram,23.421097735492353,92.49416759179957,0,background
8135,mizoram,22.68460577793109,93.05139049361864,0,background
8136,mizoram,23.614846559863192,92.49843590755606,0,background
8137,mizoram,22.02955294889929,92.94059109873632,0,background
8138,mizoram,24.025022570765024,92.52052438026399,0,background
8139,mizoram,22.773270406704732,93.08241316341548,0,background
8140,mizoram,23.35615984609064,92.58778797080795,0,background
8141,mizoram,23.420417709019087,92.52437767891644,0,background
8142,mizoram,23.218374063167435,92.36403865088249,0,background
8143,mizoram,23.609846767587754,93.25193203216432,0,background
8144,mizoram,23.61046235335682,92.50549655883897,0,background
8145,mizoram,23.506701565867665,92.38670887532265,0,background
8146,mizoram,22.979200666593492,92.6249818093571,0,background
8147,mizoram,22.58100061557092,93.07868495884614,0,background
8148,mizoram,23.552922834736368,92.94757685155469,0,background
8149,mizoram,23.336180853247942,92.39224074568008,0,background
8150,mizoram,23.50422814702832,92.4795035229124,0,background
8151,mizoram,22.620293569339847,92.74490765903477,0,background
8152,mizoram,23.286038204615032,92.95090819210535,0,background
8153,mizoram,22.952668750918438,93.13260581284113,0,background
8154,mizoram,23.87585502123389,92.56462136982535,0,background
8155,mizoram,22.108254069408666,92.92356799001614,0,background
8156,mizoram,23.774922387450157,93.21165271990361,0,background
8157,mizoram,22.75289839333789,93.06300352973452,0,background
8158,mizoram,23.77282152764755,92.30718367355125,0,background
8159,mizoram,23.492889054854192,92.50555474240616,0,background
8160,mizoram,23.181570306213935,92.41610207016737,0,background
8161,mizoram,23.1741576369383,92.85307891420524,0,background
8162,mizoram,23.055665967408,92.41584031398602,0,background
8163,mizoram,22.28586982339841,92.86924817438452,0,background
8164,mizoram,23.013993883921923,92.54596902480147,0,background
8165,mizoram,23.639590302444226,92.38480561560618,0,background
8166,mizoram,22.883713967126837,93.12269287558158,0,background
8167,mizoram,22.904237615016157,93.06146597716744,0,background
8168,mizoram,22.043013443029597,92.89821531344379,0,background
8169,mizoram,24.200445404745413,92.75908222408678,0,background
8170,mizoram,23.01480553993481,92.46757530205295,0,background
8171,mizoram,23.645777499672608,92.51643801201777,0,background
8172,mizoram,23.5657824817005,92.38927604585372,0,background
8173,mizoram,22.57352086328388,92.76505774555052,0,background
8174,mizoram,23.622984980725278,92.50225537117107,0,background
8175,mizoram,23.137015631793,92.43291581105025,0,background
8176,mizoram,22.594888093001465,92.79701363936833,0,background
8177,mizoram,23.39788705527152,92.59086235864382,0,background
8178,mizoram,23.30876032221886,92.41141010127454,0,background
8179,mizoram,24.396798967527246,92.98405301555464,0,background
8180,mizoram,23.45713150544173,92.52726507759765,0,background
8181,mizoram,22.9588891861925,92.41232783635084,0,background
8182,mizoram,23.296192719711105,92.51035392916754,0,background
8183,mizoram,22.557222636537166,93.078329532101,0,background
8184,mizoram,23.768879815953746,92.46494790925702,0,background
8185,mizoram,22.64138697155708,93.01517269239852,0,background
8186,mizoram,23.398314490379914,92.9896074224332,0,background
8187,mizoram,22.414746336487916,92.80594661219278,0,background
8188,mizoram,23.704625974677985,92.30631532437492,0,background
8189,mizoram,23.757903358536986,93.3178237452741,0,background
8190,mizoram,22.404771964420195,93.17500799356526,0,background
8191,mizoram,22.15688773211413,92.94141508884097,0,background
8192,mizoram,23.34819042901542,92.37607840138394,0,background
8193,mizoram,23.742564468933498,92.41192429491943,0,background
8194,mizoram,22.90118258732976,93.10388724871254,0,background
8195,mizoram,23.729669684351137,92.43615455229977,0,background
8196,mizoram,23.067661880604355,92.51091002124858,0,background
8197,mizoram,22.034787524717277,92.61534548432788,0,background
8198,mizoram,22.91209621656881,93.0967809469502,0,background
8199,mizoram,23.772846234443723,93.32113346046388,0,background
8200,mizoram,22.682228731097812,92.93786136854185,0,background
8201,mizoram,23.809539640102614,93.24776140598705,0,background
8202,mizoram,23.59064764861188,92.35676656507856,0,background
8203,mizoram,22.53791668074102,93.07987685053622,0,background
8204,mizoram,22.590601290298487,93.08582126434796,0,background
8205,mizoram,24.259033642024896,92.75504272698088,0,background
8206,mizoram,22.802080089544788,93.07647598653269,0,background
8207,mizoram,23.721658587028006,93.23461642130664,0,background
8208,mizoram,24.085534397854413,92.7279020598421,0,background
8209,mizoram,23.54744496423791,92.42419769943068,0,background
8210,mizoram,23.407160438471482,92.97240986952707,0,background
8211,mizoram,23.434014829964962,92.43847813371056,0,background
8212,mizoram,22.744951479001863,92.94951824315666,0,background
8213,mizoram,22.601491813669234,92.81095770247188,0,background
8214,mizoram,22.578965734823743,93.12054807150736,0,background
8215,mizoram,21.977880715760794,92.90796686344632,0,background
8216,mizoram,23.373051561862876,92.46717289941456,0,background
8217,mizoram,23.28487236339826,93.01014614295839,0,background
8218,mizoram,22.593300501358723,92.71748082512173,0,background
8219,mizoram,22.604484764217993,93.1367978317098,0,background
8220,mizoram,23.30692083371081,92.91561441299694,0,background
8221,mizoram,23.78740200547389,93.23905613556133,0,background
8222,mizoram,23.94089004342065,92.32196754857044,0,background
8223,mizoram,22.608159959922855,92.75485326345085,0,background
8224,mizoram,23.67403230241858,92.41571954002744,0,background
8225,mizoram,23.98122638600246,92.44225374142935,0,background
8226,mizoram,22.43560117738646,93.1751749853584,0,background
8227,mizoram,23.64143491962003,92.45717018339282,0,background
8228,mizoram,22.267857264907242,93.1801986348167,0,background
8229,mizoram,23.20239257073015,92.84717213678348,0,background
8230,mizoram,23.614448998608513,92.49707702757212,0,background
8231,mizoram,21.998536605518765,93.00363084640928,0,background
8232,mizoram,24.041185184591885,92.54775862127433,0,background
8233,mizoram,23.062948932763664,92.47830808285994,0,background
8234,mizoram,23.990924640089705,92.32579140336597,0,background
8235,mizoram,23.433238682032908,92.46416580794573,0,background
8236,mizoram,22.025732862135246,92.91677833374777,0,background
8237,mizoram,23.780766225695917,92.29483416362442,0,background
8238,mizoram,23.30267325547381,92.95792173370269,0,background
8239,mizoram,22.248249146194663,92.87499974359473,0,background
8240,mizoram,24.11651304175477,92.68033443911185,0,background
8241,mizoram,23.642775093496816,93.39142941885709,0,background
8242,mizoram,23.18503688867717,92.84259059649129,0,background
8243,mizoram,23.3060469495104,92.43674092473283,0,background
8244,mizoram,22.591139994693435,92.7709789276692,0,background
8245,nagaland,25.961636713693785,94.94642585393734,0,background
8246,nagaland,25.669961021685126,94.64501422508113,0,background
8247,nagaland,25.51277253537863,93.42558627805197,0,background
8248,nagaland,26.436330726465634,94.71307880247794,0,background
8249,nagaland,25.443696165835647,93.64216628664974,0,background
8250,nagaland,26.30453553047072,95.02354980447332,0,background
8251,nagaland,25.986747110434194,94.91147928737423,0,background
8252,nagaland,26.744056008738312,94.76088977318794,0,background
8253,nagaland,25.543976567342302,93.45722986877355,0,background
8254,nagaland,25.675073065083783,94.6475406459414,0,background
8255,nagaland,26.588564585655103,94.82658222721112,0,background
8256,nagaland,25.503973558888436,94.72188631611812,0,background
8257,nagaland,26.296525924770854,94.71289680247355,0,background
8258,nagaland,25.43592464998953,93.53699944069231,0,background
8259,nagaland,26.515245390062223,95.00405698780762,0,background
8260,nagaland,26.2088919767325,94.34657836214029,0,background
8261,nagaland,26.318169552954537,95.11272436050083,0,background
8262,nagaland,26.419092270540215,94.74092470646633,0,background
8263,nagaland,25.94625111183411,94.99747699236093,0,background
8264,nagaland,25.80709020243377,95.02705960055441,0,background
8265,nagaland,25.96123094790171,94.9654411229683,0,background
8266,nagaland,25.528272702685808,93.40952194514254,0,background
8267,nagaland,25.657939242754907,93.50279658793178,0,background
8268,nagaland,25.572855904762807,93.44869893668901,0,background
8269,nagaland,26.465485297140454,94.21791726229488,0,background
8270,nagaland,26.98462347087435,95.14619933134641,0,background
8271,nagaland,26.036051317636957,94.96472814461414,0,background
8272,nagaland,25.422349244988034,93.5231180340163,0,background
8273,nagaland,26.759544568979567,94.89742984682822,0,background
8274,nagaland,25.705058224395074,94.90479878022609,0,background
8275,nagaland,26.191148061671658,94.03718271741864,0,background
8276,nagaland,25.724192651910446,93.5451253120135,0,background
8277,nagaland,26.416187610342792,94.22686628087581,0,background
8278,nagaland,26.42436490880693,94.21459659762994,0,background
8279,nagaland,26.152343129353962,94.94003297003917,0,background
8280,nagaland,25.964747265394013,95.09777227892822,0,background
8281,nagaland,25.489410312676227,93.7991974752269,0,background
8282,nagaland,26.475562112134284,94.96845295896374,0,background
8283,nagaland,25.703724889565745,94.960762055038,0,background
8284,nagaland,26.86865879621296,95.16973637667157,0,background
8285,nagaland,25.883160065427038,93.74087470352013,0,background
8286,nagaland,26.044137555915555,94.73894230549406,0,background
8287,nagaland,25.58489256434359,93.57408535873836,0,background
8288,nagaland,26.838111924742503,94.94279330699902,0,background
8289,nagaland,26.322957005504463,95.12409691297277,0,background
8290,nagaland,26.86488227964428,94.93293420212491,0,background
8291,nagaland,26.716663498140854,94.91543261126378,0,background
8292,nagaland,26.689495915335975,94.92771509231756,0,background
8293,nagaland,26.838135614894597,94.87932463367257,0,background
8294,nagaland,25.66214270606044,93.58869140642962,0,background
8295,nagaland,25.52897860741607,93.58338139692691,0,background
8296,nagaland,25.863012422700436,93.91543817596873,0,background
8297,nagaland,25.741101160474866,94.99581544716223,0,background
8298,nagaland,26.594299101891483,94.59272356277235,0,background
8299,nagaland,25.737926888493234,93.5918620274424,0,background
8300,nagaland,26.9749524754609,95.14903006300548,0,background
8301,nagaland,25.739795459113108,95.00105806605636,0,background
8302,nagaland,25.964795403817718,94.91105373654524,0,background
8303,nagaland,26.886857651913587,95.21835355949311,0,background
8304,nagaland,26.762646570432672,94.89605631820405,0,background
8305,nagaland,25.661565394490058,93.61990195725014,0,background
8306,nagaland,26.98516804240553,95.13623584909756,0,background
8307,nagaland,25.86689273299982,93.93011741147888,0,background
8308,nagaland,25.726249957991907,93.58590681292253,0,background
8309,nagaland,25.812765003063795,94.5823913523771,0,background
8310,nagaland,26.637884243705365,94.90311421865702,0,background
8311,nagaland,26.408359978675975,94.17652395447129,0,background
8312,nagaland,25.45139598642959,93.58725056719244,0,background
8313,nagaland,26.884884783589705,94.97659261600307,0,background
8314,nagaland,25.84341720124933,93.7635807390668,0,background
8315,nagaland,26.334017623248627,94.77623692300051,0,background
8316,nagaland,25.673037774343683,93.58043305197509,0,background
8317,nagaland,26.923864087140256,95.10067216716206,0,background
8318,nagaland,25.780311557665247,94.58456332939083,0,background
8319,nagaland,25.963564297900067,94.98904909976075,0,background
8320,nagaland,26.30766541073749,95.00964650391718,0,background
8321,nagaland,25.580222616965614,93.57436645301027,0,background
8322,nagaland,25.847217653706615,93.75929975835265,0,background
8323,nagaland,26.18006377646619,94.75050915411651,0,background
8324,nagaland,25.59603261368464,93.55758907456456,0,background
8325,nagaland,26.87173327241759,95.12239475368453,0,background
8326,nagaland,25.94689558668635,95.04314914274451,0,background
8327,nagaland,25.687047174270706,94.65249216437265,0,background
8328,nagaland,26.551550716816152,94.88952094645398,0,background
8329,nagaland,25.53631507959095,93.53429512034587,0,background
8330,nagaland,25.44661266844226,93.55622719125627,0,background
8331,nagaland,26.294225350016866,94.98219178750273,0,background
8332,nagaland,25.942903842169034,93.77171371001802,0,background
8333,nagaland,26.441610970980616,94.29701695518672,0,background
8334,nagaland,26.48401513776187,94.74751477064662,0,background
8335,nagaland,25.588385652489865,93.50358830142424,0,background
8336,nagaland,26.325518760513148,94.78987244501624,0,background
8337,nagaland,25.675631414121593,94.94728451505256,0,background
8338,nagaland,26.06014590660157,95.16216013136568,0,background
8339,nagaland,25.849022738135616,93.89847759595715,0,background
8340,nagaland,26.474819420047197,94.22936830869159,0,background
8341,nagaland,26.68863271463679,94.81134505260516,0,background
8342,nagaland,25.470269523928078,93.57848265850686,0,background
8343,nagaland,25.95965857282939,95.00491978826479,0,background
8344,nagaland,25.92474204956994,95.01816170476091,0,background
8345,nagaland,25.368594517874875,93.63469977619957,0,background
8346,nagaland,25.654404751037568,93.65626800329467,0,background
8347,nagaland,26.040043605820927,94.69977548921166,0,background
8348,nagaland,26.838943604990938,94.84620196764618,0,background
8349,nagaland,25.44362517523611,93.67434443846582,0,background
8350,nagaland,26.215775655524236,95.1313084052662,0,background
8351,nagaland,27.005619393032525,95.16596517079572,0,background
8352,nagaland,26.531874543380766,94.57891514264693,0,background
8353,nagaland,26.054168083873527,94.74644708552836,0,background
8354,nagaland,25.410136006193003,93.66156093764562,0,background
8355,nagaland,25.711792068893164,94.6737305034779,0,background
8356,nagaland,26.508548944864806,94.2567930837293,0,background
8357,nagaland,26.498504162376744,94.2778326941834,0,background
8358,nagaland,26.35718143390796,94.34994117768032,0,background
8359,nagaland,25.57829526965414,93.66197016049566,0,background
8360,nagaland,26.47901332981718,94.73411452639003,0,background
8361,nagaland,25.80715460496668,94.6619557104821,0,background
8362,nagaland,25.472157985411414,93.80249596047248,0,background
8363,nagaland,26.409469755045052,94.27973099722271,0,background
8364,nagaland,26.19019561109288,95.11092015165043,0,background
8365,nagaland,26.61599673289744,94.59724458923344,0,background
8366,nagaland,25.864963565946955,93.90939769457599,0,background
8367,nagaland,26.169370686741235,94.74929252439307,0,background
8368,nagaland,26.643850279556414,94.86830088530775,0,background
8369,nagaland,25.55441522102891,93.43061103419593,0,background
8370,nagaland,26.84444778081595,94.94489491619039,0,background
8371,nagaland,26.348009279646686,94.36008664959355,0,background
8372,nagaland,25.62287036254859,93.6265281891715,0,background
8373,nagaland,25.497525309714888,93.56974461448188,0,background
8374,nagaland,26.909762584452476,95.03345970053412,0,background
8375,nagaland,25.67434525988963,94.63566008565662,0,background
8376,nagaland,25.56571413009305,93.6342283970657,0,background
8377,nagaland,25.66482763697849,93.63102098924965,0,background
8378,nagaland,26.06849809889756,95.12857511965173,0,background
8379,nagaland,25.696612107889447,94.95615567814122,0,background
8380,nagaland,25.493766786257847,93.55507060313167,0,background
8381,nagaland,25.471881658178194,94.71277297623806,0,background
8382,nagaland,26.901852868354183,94.88775792281226,0,background
8383,nagaland,26.81965447013151,94.93435399551828,0,background
8384,nagaland,26.340912848271582,94.78946425013619,0,background
8385,nagaland,26.308513050234605,94.97649003035298,0,background
8386,nagaland,25.96316111088299,95.01600908989735,0,background
8387,nagaland,26.060640287499687,94.70015165878841,0,background
8388,nagaland,25.254125190233868,93.5493795998955,0,background
8389,nagaland,26.469231318784853,94.94297470684057,0,background
8390,nagaland,26.696361651629456,94.93235477375379,0,background
8391,nagaland,25.96579497681632,94.99711352975355,0,background
8392,nagaland,26.682314924537888,94.79989887555506,0,background
8393,nagaland,26.00859309374562,95.12762264842125,0,background
8394,nagaland,25.538590290048155,93.41711797989599,0,background
8395,nagaland,25.665957245144497,93.51577104019918,0,background
8396,nagaland,26.350628583936217,94.19113087930427,0,background
8397,nagaland,26.45225480893854,94.50343698119559,0,background
8398,nagaland,26.904637449160546,94.99459087168981,0,background
8399,nagaland,26.428640355695265,94.24609275420474,0,background
8400,nagaland,26.42571748868849,94.22003858654618,0,background
8401,nagaland,25.655650756709313,93.63936239095088,0,background
8402,nagaland,26.605244246373335,94.9027988330248,0,background
8403,nagaland,25.372999472213838,93.61152469392701,0,background
8404,nagaland,26.677680293609473,94.79427509084105,0,background
8405,nagaland,26.649132117864895,94.8275061543817,0,background
8406,nagaland,26.443704609759763,94.29351120867004,0,background
8407,nagaland,26.455151471402377,94.19281937889497,0,background
8408,nagaland,26.899454930505748,94.93768991949835,0,background
8409,nagaland,25.990385078324657,94.97720405259827,0,background
8410,nagaland,26.896540079384962,95.21261964053876,0,background
8411,nagaland,25.80361597096574,94.58671060390559,0,background
8412,nagaland,25.679230286839076,93.5295005635441,0,background
8413,nagaland,26.84981473650434,94.90809310302444,0,background
8414,nagaland,25.34888921705646,93.61315445545857,0,background
8415,nagaland,26.01665950499479,94.90629906699607,0,background
8416,nagaland,26.02951832618108,94.11631873344537,0,background
8417,nagaland,26.54535202204086,94.58473833144161,0,background
8418,nagaland,26.84038323567274,94.85353461370337,0,background
8419,nagaland,25.604058965312486,93.6501683614374,0,background
8420,nagaland,25.951464235398863,94.90324252678326,0,background
8421,nagaland,26.931378518921754,95.19888698054955,0,background
8422,nagaland,26.77252753929353,94.7409748171658,0,background
8423,nagaland,26.29026620297329,94.67460378828991,0,background
8424,nagaland,26.89325197561009,94.94237350192603,0,background
8425,nagaland,25.621756573408188,93.55974398887054,0,background
8426,nagaland,25.659043569798072,93.63958068768181,0,background
8427,nagaland,25.55123201325623,93.41582406869313,0,background
8428,nagaland,26.03880638210226,94.13228448994452,0,background
8429,nagaland,26.634514450463232,94.85240780885655,0,background
8430,nagaland,25.75849401844701,93.61570058693215,0,background
8431,nagaland,25.505214489538783,94.73272053694417,0,background
8432,nagaland,25.4722060686308,94.6079862383157,0,background
8433,nagaland,25.612928443439806,93.48715401987549,0,background
8434,nagaland,26.89269051819142,95.1504192889027,0,background
8435,nagaland,25.537221368977566,93.56603908362356,0,background
8436,nagaland,26.598151184394702,94.87133817641642,0,background
8437,nagaland,26.439764932975528,94.73668949658409,0,background
8438,nagaland,26.888257811434745,95.14322478229825,0,background
8439,nagaland,25.663495144311224,93.50685981413763,0,background
8440,nagaland,26.32558359564707,95.02893522964646,0,background
8441,nagaland,26.89119772329429,95.03324649513216,0,background
8442,nagaland,26.78354917746315,95.20763812509351,0,background
8443,nagaland,25.95819283254074,94.37026078877297,0,background
8444,nagaland,25.9460500048842,95.05908013401948,0,background
8445,nagaland,26.570066570481163,94.60604263022991,0,background
8446,nagaland,26.110293390882678,94.68014983339465,0,background
8447,nagaland,25.74217424701532,95.01780345889316,0,background
8448,nagaland,26.361296295928195,95.09408743301124,0,background
8449,nagaland,26.379368200885775,94.30783342842422,0,background
8450,nagaland,26.541124676997853,94.26457668030774,0,background
8451,nagaland,25.997381108019976,94.77367841193933,0,background
8452,nagaland,25.95821579671174,94.37793718950691,0,background
8453,nagaland,26.320931639965625,95.1189069105097,0,background
8454,nagaland,26.0173428519972,94.70315887997182,0,background
8455,nagaland,26.029348665666312,94.76546027057607,0,background
8456,nagaland,26.748689458843483,94.78064617148438,0,background
8457,nagaland,25.623956550522873,93.57115795962744,0,background
8458,nagaland,26.92800893834171,95.17241673725245,0,background
8459,nagaland,26.820316500395023,94.88997030806897,0,background
8460,nagaland,25.285400978046866,93.56176921963188,0,background
8461,nagaland,25.486680212867213,93.54206979624666,0,background
8462,nagaland,26.025542138645754,94.76021232657216,0,background
8463,nagaland,26.869994752889014,95.0082724027643,0,background
8464,nagaland,25.245440567634258,93.56111746954412,0,background
8465,nagaland,26.536887319917422,94.50947519248143,0,background
8466,nagaland,25.672681604497896,94.63437750395528,0,background
8467,nagaland,25.537209385114483,93.58321049355659,0,background
8468,nagaland,26.05634840440834,95.16883395142555,0,background
8469,nagaland,26.63870350539459,94.57002209376449,0,background
8470,nagaland,26.175657267051406,94.3599333861289,0,background
8471,nagaland,25.66939385817053,94.9248164597785,0,background
8472,nagaland,25.918437877197864,93.7873105934447,0,background
8473,nagaland,25.358924604786292,93.61349961657872,0,background
8474,nagaland,26.405673063280904,94.30903695530814,0,background
8475,nagaland,25.604997202852392,93.60451168847644,0,background
8476,nagaland,25.65243787213373,94.6304121215252,0,background
8477,nagaland,26.04789133938116,94.73092531080164,0,background
8478,nagaland,25.339879730824855,93.66523934340128,0,background
8479,nagaland,25.66156235069139,94.91148255360415,0,background
8480,nagaland,25.4783077836015,93.5454795861207,0,background
8481,nagaland,25.507011761145595,93.54871251452269,0,background
8482,nagaland,25.701724968099636,94.67142811838809,0,background
8483,nagaland,25.537885750615395,93.38096744318808,0,background
8484,nagaland,26.910351056197285,95.00991259376707,0,background
8485,nagaland,25.38344896304172,93.69316696381502,0,background
8486,nagaland,25.67675441706902,93.62047585836713,0,background
8487,nagaland,26.637097751722603,94.90724039838379,0,background
8488,nagaland,26.090066773829008,94.93423320896586,0,background
8489,nagaland,26.48987862519544,95.06772724920093,0,background
8490,nagaland,25.89143402712972,93.727749139452,0,background
8491,nagaland,26.187919151214974,94.0355375774672,0,background
8492,nagaland,25.642422268042658,93.76941673233314,0,background
8493,nagaland,26.761805890503112,94.76495515557694,0,background
8494,nagaland,26.521962034236072,94.61061351606746,0,background
8495,nagaland,25.414984733364825,93.66206305146389,0,background
8496,nagaland,25.45099232516791,93.77962486552298,0,background
8497,nagaland,26.082471528982353,94.8003818745778,0,background
8498,nagaland,26.854437087637386,95.14061672635572,0,background
8499,nagaland,25.9443256734664,94.89455859875449,0,background
8500,nagaland,26.66595361700044,94.90622960086263,0,background
8501,nagaland,26.39128471192899,94.31377815646646,0,background
8502,nagaland,26.924462632454777,94.94372524934113,0,background
8503,nagaland,26.653401887890386,94.88303034056787,0,background
8504,nagaland,26.124517811056233,94.6976049697322,0,background
8505,nagaland,25.534307984313198,93.38986194454172,0,background
8506,nagaland,26.248547615957246,94.30758023910452,0,background
8507,nagaland,26.59189511937136,94.83224251397958,0,background
8508,nagaland,25.989496763955987,94.99680543988406,0,background
8509,nagaland,26.466780901844473,94.22094451583433,0,background
8510,nagaland,25.428823127292567,93.61847888514482,0,background
8511,nagaland,25.42662380963402,93.5590077254512,0,background
8512,nagaland,25.958089315142676,94.97370194066075,0,background
8513,nagaland,26.107244508380596,94.9650791224304,0,background
8514,nagaland,25.71071327967246,94.93292277042688,0,background
8515,nagaland,26.86891489427529,95.14413782543046,0,background
8516,nagaland,26.382451719646824,94.31909002806246,0,background
8517,nagaland,26.40239827729531,94.24346961258007,0,background
8518,nagaland,26.354899078836088,95.06850064892812,0,background
8519,nagaland,26.128121584348058,94.69208528747424,0,background
8520,nagaland,26.850369054075635,94.85698675651822,0,background
8521,nagaland,25.80316400706238,94.65665472551554,0,background
8522,nagaland,26.420514579681722,94.18467616410915,0,background
8523,nagaland,26.538128945617217,94.88684383120393,0,background
8524,nagaland,26.76048890112661,95.18517333094287,0,background
8525,nagaland,26.006907571794596,94.77532816179452,0,background
8526,nagaland,26.756657175994484,94.77709925544201,0,background
8527,nagaland,26.117610392693607,94.96878886941764,0,background
8528,nagaland,26.80426236086122,95.14007878532408,0,background
8529,nagaland,25.490459100829202,93.80428908983572,0,background
8530,nagaland,26.06798230592331,94.90510046020653,0,background
8531,nagaland,27.008856454144933,95.17936576569731,0,background
8532,nagaland,25.51918632266269,93.42560980804562,0,background
8533,nagaland,26.27562163783786,94.66934377815404,0,background
8534,nagaland,25.958958186864855,94.89572477574185,0,background
8535,nagaland,26.89884473529038,95.04799603458174,0,background
8536,nagaland,25.538755605208227,93.58043217365962,0,background
8537,nagaland,26.853041525985343,94.88804541079269,0,background
8538,nagaland,26.972363513949215,95.1143592333178,0,background
8539,nagaland,26.023865806520565,94.94741975034562,0,background
8540,nagaland,26.096801011588013,94.82081520749745,0,background
8541,nagaland,26.489562201697865,94.26822026208089,0,background
8542,nagaland,26.87123958361013,94.92207666770048,0,background
8543,nagaland,25.97344829201024,94.37329286749127,0,background
8544,nagaland,26.025956725381526,94.10203907370729,0,background
8545,nagaland,26.86195469129831,94.97686824001883,0,background
8546,nagaland,26.807803504399192,94.83144005887253,0,background
8547,nagaland,26.490955860928082,94.60616826112525,0,background
8548,nagaland,26.916104139588374,95.14363728862388,0,background
8549,nagaland,26.798567251516793,94.79988042027986,0,background
8550,nagaland,25.570354994366138,94.00425349654255,0,background
8551,nagaland,25.72756519957097,94.98891111220176,0,background
8552,nagaland,26.330155810695242,94.33942730982993,0,background
8553,nagaland,26.539925121655017,94.58460870024636,0,background
8554,nagaland,26.10761106433662,94.91696862627444,0,background
8555,nagaland,26.442620316446213,94.23694307901688,0,background
8556,nagaland,26.362620324439497,94.22990718368823,0,background
8557,nagaland,26.044064532789832,94.724350903175,0,background
8558,nagaland,25.856744687901365,93.75544231976443,0,background
8559,nagaland,26.312122819185344,94.19453791630009,0,background
8560,nagaland,26.942691537805217,95.13788430146073,0,background
8561,nagaland,26.672186120176264,94.83580291507866,0,background
8562,nagaland,26.706950946842202,94.91171797627497,0,background
8563,nagaland,26.532077011325907,94.53199924144636,0,background
8564,nagaland,26.13106718690384,94.92119547393716,0,background
8565,nagaland,26.68731918457127,94.9228617708611,0,background
8566,nagaland,26.01837645892795,94.71070394340109,0,background
8567,nagaland,25.59700222263335,93.52922066241163,0,background
8568,nagaland,25.734752887504012,94.95498739527923,0,background
8569,nagaland,26.38536560340159,94.19238226388497,0,background
8570,nagaland,26.821824945144247,95.12916082359895,0,background
8571,nagaland,26.734470338120133,94.88229614749339,0,background
8572,nagaland,25.610602327813385,93.41210330042831,0,background
8573,nagaland,25.944515318991733,94.91649509514525,0,background
8574,nagaland,26.004689618861587,94.9476325284799,0,background
8575,nagaland,26.513040479779526,94.24167585487109,0,background
8576,nagaland,26.54099238851466,94.26355013112341,0,background
8577,nagaland,26.886172801969888,95.13680689787937,0,background
8578,nagaland,26.325033202718657,94.20528661087273,0,background
8579,nagaland,25.899741344600088,93.72480730497247,0,background
8580,nagaland,25.837576006049247,93.8624703349165,0,background
8581,nagaland,25.967344829790743,95.01502097358137,0,background
8582,nagaland,25.970199015148072,94.38201527547912,0,background
8583,nagaland,26.50435876501721,94.58864744216238,0,background
8584,nagaland,25.398815369529103,93.53603869149583,0,background
8585,nagaland,25.353984415297294,93.6700602193849,0,background
8586,nagaland,26.669220247312566,94.86696544942961,0,background
8587,nagaland,26.905667731185016,95.2184468944737,0,background
8588,nagaland,26.65719720372398,94.92143799481944,0,background
8589,nagaland,25.59729941489747,93.47113352019709,0,background
8590,nagaland,26.235654283799366,94.32953973871331,0,background
8591,nagaland,26.012030509686088,94.72564330606178,0,background
8592,nagaland,25.55433586022,94.06618570316874,0,background
8593,nagaland,25.58399227695213,93.44203392344546,0,background
8594,nagaland,25.966700044158323,94.92504067783888,0,background
8595,nagaland,26.73924628692921,94.89976565656355,0,background
8596,nagaland,25.68682333333523,93.56970464628208,0,background
8597,nagaland,26.040218590170895,94.7108875910474,0,background
8598,nagaland,26.357406532186623,94.77807959942923,0,background
8599,nagaland,25.75793242842016,93.6397027270822,0,background
8600,nagaland,26.467897776341577,94.24680598718244,0,background
8601,nagaland,26.414227201604533,94.22716233871215,0,background
8602,nagaland,25.564486506148924,93.36683672255195,0,background
8603,nagaland,26.89723739523095,94.86646310761473,0,background
8604,nagaland,25.694087014871272,94.9486754008228,0,background
8605,nagaland,26.399533596858433,94.31883343142299,0,background
8606,nagaland,26.980961422035385,95.12461923941414,0,background
8607,nagaland,25.735704809535243,93.8546659540195,0,background
8608,nagaland,25.477062319805313,94.6986102414802,0,background
8609,nagaland,26.46588459087726,94.58559988699201,0,background
8610,nagaland,26.62151529609367,94.86188688531999,0,background
8611,nagaland,26.622775419593417,94.84711870601032,0,background
8612,nagaland,26.500392096218185,94.89673938576571,0,background
8613,nagaland,25.498793574444246,94.76547972717425,0,background
8614,nagaland,26.50915764767021,94.88696711166546,0,background
8615,nagaland,27.006229289555005,95.17808720787254,0,background
8616,nagaland,25.75262404876741,95.01867352748081,0,background
8617,nagaland,26.66193548804869,94.8455184528719,0,background
8618,nagaland,26.194733006685507,95.10910082818233,0,background
8619,nagaland,25.689202712622258,93.54300472693883,0,background
8620,nagaland,25.7044131490831,94.93605864742295,0,background
8621,nagaland,26.044125634585203,95.12720980661555,0,background
8622,nagaland,25.463539668577184,93.59762048548366,0,background
8623,nagaland,26.740700522783456,94.90183979810179,0,background
8624,nagaland,26.784592396419352,94.77159566874941,0,background
8625,nagaland,25.693954943996108,94.92405135497943,0,background
8626,nagaland,26.59542804259292,94.89216684556136,0,background
8627,nagaland,25.62808716729293,93.51373129202673,0,background
8628,nagaland,26.934166123114974,95.04518869684513,0,background
8629,nagaland,25.51191380008516,93.58265131100217,0,background
8630,nagaland,26.44144419482746,94.72399261781086,0,background
8631,nagaland,26.798295725676276,95.15001627611652,0,background
8632,nagaland,25.662302405582967,93.50309005785184,0,background
8633,nagaland,25.64635719780731,94.91781726571666,0,background
8634,nagaland,25.581648024719136,93.40694797143891,0,background
8635,nagaland,26.234054550733852,94.33124519072031,0,background
8636,nagaland,25.84833909901286,93.75306999980941,0,background
8637,nagaland,25.48068812367755,93.5433182621052,0,background
8638,nagaland,25.442581579678638,93.59407818484542,0,background
8639,nagaland,26.419929149225876,94.50960107141893,0,background
8640,nagaland,26.803763470240334,94.92563850256882,0,background
8641,nagaland,26.364175781024993,94.19251014767417,0,background
8642,nagaland,25.695295497126978,94.92078875036324,0,background
8643,nagaland,25.584386281058716,93.41545573140122,0,background
8644,nagaland,25.5156717892438,93.3618112692048,0,background
8645,nagaland,25.99098216865762,95.00726469624928,0,background
8646,nagaland,26.292445327849926,94.98518712851626,0,background
8647,nagaland,25.552875147614923,93.45128279580523,0,background
8648,nagaland,25.592758762714762,93.52434722598161,0,background
8649,nagaland,25.9846643420142,94.38087095667646,0,background
8650,nagaland,26.69150182449556,94.95643535062864,0,background
8651,nagaland,25.672602108361893,93.5547355289064,0,background
8652,nagaland,26.672808093356515,94.91653820371401,0,background
8653,nagaland,25.955123174932194,94.36529867584906,0,background
8654,nagaland,25.541340248276786,93.53947479518318,0,background
8655,nagaland,26.835228762115204,94.94407264226143,0,background
8656,nagaland,25.57653564034562,93.98426761199323,0,background
8657,nagaland,25.962848825214138,93.7731136484899,0,background
8658,nagaland,26.405549047625907,94.17988079338284,0,background
8659,nagaland,25.953006604327143,94.97216502875973,0,background
8660,nagaland,26.447653585502334,94.71536217630842,0,background
8661,nagaland,26.92088749525967,94.97248360905766,0,background
8662,nagaland,25.56006202347366,93.54690299171212,0,background
8663,nagaland,25.650564371734987,94.66231323923941,0,background
8664,nagaland,25.415976729723365,93.51948114308557,0,background
8665,nagaland,26.033567445442106,94.91349679611231,0,background
8666,nagaland,25.499124603713366,94.77020761679813,0,background
8667,nagaland,25.653792863386567,93.58862633852281,0,background
8668,nagaland,26.045285640197605,95.12594949137868,0,background
8669,nagaland,25.563650295015346,93.56940508531417,0,background
8670,nagaland,25.37999898067115,93.70402153865454,0,background
8671,nagaland,26.161360651651503,94.73286996676957,0,background
8672,nagaland,25.665235945708485,94.90386819389062,0,background
8673,nagaland,26.349286488887596,94.1622051847637,0,background
8674,nagaland,25.810109111427405,94.63390194798228,0,background
8675,nagaland,26.584202295543655,94.83048003004649,0,background
8676,nagaland,26.307542615308876,94.17178002310885,0,background
8677,nagaland,26.03593744347991,94.11566873411896,0,background
8678,nagaland,26.757696027470637,94.77825671106652,0,background
8679,nagaland,25.820383472651866,94.64969499387135,0,background
8680,nagaland,26.665386013167776,94.90951550666733,0,background
8681,nagaland,26.079349043404687,94.68875495829988,0,background
8682,nagaland,26.06868939098022,94.92467985548961,0,background
8683,nagaland,25.72838303520869,93.55277877056278,0,background
8684,nagaland,26.536396825060454,94.53431804083928,0,background
8685,nagaland,25.55182558884828,93.49283846941141,0,background
8686,nagaland,26.92799329372904,94.9485081442665,0,background
8687,nagaland,26.452338669477196,94.19882076100089,0,background
8688,nagaland,25.492122695094626,94.74558038601842,0,background
8689,nagaland,25.63481086989775,93.5855539450817,0,background
8690,nagaland,26.158601486155007,94.71638064856593,0,background
8691,nagaland,26.487905728766076,95.08244984483896,0,background
8692,nagaland,25.91068439422839,93.77245099107482,0,background
8693,nagaland,25.69511259766347,93.57638460581,0,background
8694,nagaland,26.881840512744606,95.15662654321119,0,background
8695,nagaland,26.31888549670282,94.6730323875805,0,background
8696,nagaland,26.90415894195526,94.88647084005771,0,background
8697,nagaland,25.575084903309595,93.97738144263154,0,background
8698,nagaland,25.797469992789612,94.58228557116601,0,background
8699,nagaland,25.355403354980027,93.6866122942976,0,background
8700,nagaland,25.966364580904457,94.93000142257885,0,background
8701,nagaland,26.387765337829876,94.24574508316569,0,background
8702,nagaland,26.859475706967263,94.92233519926917,0,background
8703,nagaland,25.570692014555775,93.66168271243886,0,background
8704,nagaland,26.624138393162276,94.87988139184608,0,background
8705,nagaland,26.058343776083113,94.7853358760269,0,background
8706,nagaland,25.373860323819574,93.69099034224088,0,background
8707,nagaland,25.672636673754212,93.51941088460725,0,background
8708,nagaland,25.351060622754325,93.6215925112094,0,background
8709,nagaland,26.410435678310613,94.26636609200436,0,background
8710,nagaland,25.9538639063353,94.94142588138911,0,background
8711,nagaland,25.969511457626048,94.99851344877189,0,background
8712,nagaland,25.565897815879154,93.62239980643943,0,background
8713,nagaland,26.716942796979676,94.77472890437416,0,background
8714,nagaland,25.473489774677322,94.60634037009591,0,background
8715,nagaland,26.32749774309669,95.07256937901525,0,background
8716,nagaland,25.59013954083816,93.53348270635877,0,background
8717,nagaland,26.915759197272443,95.05865904974958,0,background
8718,nagaland,26.544700602419194,94.49315153062074,0,background
8719,nagaland,26.40818569459277,94.76598267259979,0,background
8720,nagaland,26.385449385653914,95.12172761592664,0,background
8721,nagaland,26.625983934977473,94.58291521339575,0,background
8722,nagaland,26.87755515020456,94.87251228164912,0,background
8723,nagaland,26.497200315332694,95.04817472699597,0,background
8724,nagaland,26.314606138222636,95.05811622544303,0,background
8725,nagaland,25.42091400406064,93.69976962444568,0,background
8726,nagaland,26.914720561109718,95.18659186126298,0,background
8727,nagaland,26.77650650331478,95.17809669030483,0,background
8728,nagaland,25.497623260676903,94.76052957561866,0,background
8729,nagaland,26.042978279624663,94.92271307742865,0,background
8730,nagaland,26.55635922648148,94.6337135336459,0,background
8731,nagaland,26.04114596953179,94.91322900476932,0,background
8732,nagaland,25.73078139169276,93.57611661707732,0,background
8733,nagaland,26.813302195950666,94.81173827868973,0,background
8734,nagaland,25.866984724236968,93.9021537086885,0,background
8735,nagaland,26.415021758977417,94.74161919661621,0,background
8736,nagaland,25.549937509461074,93.62298080645361,0,background
8737,nagaland,26.920071650879837,94.91548641835048,0,background
8738,nagaland,26.895579957860534,94.90750301645184,0,background
8739,nagaland,25.39902533906054,93.64322539517612,0,background
8740,nagaland,26.519231933623836,94.89827627116016,0,background
8741,nagaland,26.08878927080739,94.69945694501159,0,background
8742,nagaland,25.48584526334744,93.54793400393169,0,background
8743,nagaland,25.83615871624013,95.02157658944483,0,background
8744,nagaland,26.138557377680037,94.69625468030844,0,background
8745,nagaland,25.803836012044588,94.6596828932182,0,background
8746,nagaland,25.594643996113252,93.66410871020925,0,background
8747,nagaland,26.503762151938187,95.03756710759284,0,background
8748,nagaland,25.605408692037084,93.65635894056841,0,background
8749,nagaland,25.53833247792443,93.42402614324183,0,background
8750,nagaland,26.38320226388258,94.33200548541656,0,background
8751,nagaland,26.85358937788291,95.15331940694934,0,background
8752,nagaland,25.446190457771756,93.67939892881019,0,background
8753,nagaland,26.42712327079829,94.50294134304208,0,background
8754,nagaland,25.533274881718853,93.37071539979114,0,background
8755,nagaland,26.77462770025007,95.20559127002419,0,background
8756,nagaland,26.945397944153918,95.08377378666387,0,background
8757,nagaland,26.98241422424358,95.19773794490735,0,background
8758,nagaland,26.92465460683463,95.20597703898976,0,background
8759,nagaland,25.983155376328515,95.10937058089843,0,background
8760,nagaland,25.429322239367654,93.68032707480722,0,background
8761,nagaland,26.884836784666096,94.94411415535725,0,background
8762,nagaland,26.511740376294007,94.90558470304909,0,background
8763,nagaland,25.5941924187523,93.40735489163895,0,background
8764,nagaland,26.545116635884114,94.49665241181386,0,background
8765,nagaland,26.36921291562629,94.77759641477442,0,background
8766,nagaland,25.693752615427382,93.58142366832108,0,background
8767,nagaland,25.54709546103091,94.41091611296265,0,background
8768,nagaland,26.942286842040666,95.0829103406083,0,background
8769,nagaland,25.80055822924016,95.04537600155473,0,background
8770,nagaland,26.529900409338342,94.58617751735721,0,background
8771,nagaland,25.61750916646652,93.42138333849222,0,background
8772,nagaland,25.537757260418267,93.46354456787105,0,background
8773,nagaland,26.15902121078875,94.37013980134711,0,background
8774,nagaland,25.564432705407874,93.511023765975,0,background
8775,nagaland,26.399316110977985,95.09696221069707,0,background
8776,nagaland,25.613579946222288,93.44160512847456,0,background
8777,nagaland,26.817519352223883,94.94466556154912,0,background
8778,nagaland,26.617198937094876,94.91008289026185,0,background
8779,nagaland,25.645482621513885,93.50287380853631,0,background
8780,nagaland,26.331638080775317,95.07355995185202,0,background
8781,nagaland,26.600251125377135,94.85804518221045,0,background
8782,nagaland,25.729259350164888,94.95951268993392,0,background
8783,nagaland,25.62897853166012,93.74606611687209,0,background
8784,nagaland,25.873333422627994,93.7542926491047,0,background
8785,nagaland,26.63376464796904,94.84135994164704,0,background
8786,nagaland,25.575419259985875,93.54712187414412,0,background
8787,nagaland,26.59942209356571,94.59673259538582,0,background
8788,nagaland,26.865983806431313,94.8388362617555,0,background
8789,nagaland,26.76594114120785,94.78028364663382,0,background
8790,nagaland,26.05158792453428,94.7240608256617,0,background
8791,nagaland,25.97102267274103,95.10230723725292,0,background
8792,nagaland,26.368864205975783,94.32165266252365,0,background
8793,nagaland,26.22165159396266,94.35978320911798,0,background
8794,nagaland,26.79788148547366,94.90478407849862,0,background
8795,nagaland,26.815579504620427,95.13542024193136,0,background
8796,nagaland,25.722443431884727,94.97405227194892,0,background
8797,nagaland,25.39056376301027,93.66160550161142,0,background
8798,nagaland,25.421127808674623,93.59674632484484,0,background
8799,nagaland,26.665532180177053,94.84253563067689,0,background
8800,nagaland,26.424617093927715,94.76107094323,0,background
8801,nagaland,26.085421811960558,95.13742274041223,0,background
8802,nagaland,26.83111285867121,95.16035761330859,0,background
8803,nagaland,26.21307936502254,94.3390619923743,0,background
8804,nagaland,25.550054452103392,93.44519579127743,0,background
8805,nagaland,26.33923469159448,95.07645782227328,0,background
8806,nagaland,26.87633862964773,95.18543976534907,0,background
8807,nagaland,26.046243224628967,94.73898700825387,0,background
8808,nagaland,25.404696234565616,93.6178757596564,0,background
8809,nagaland,25.88636704250245,93.93428255380759,0,background
8810,nagaland,26.93688686271442,95.14910515423017,0,background
8811,nagaland,25.553731010005645,93.35081742654982,0,background
8812,nagaland,26.80534967457447,94.81658449610381,0,background
8813,nagaland,26.754027787187933,94.75625152651952,0,background
8814,nagaland,26.133830251137113,94.93311598150281,0,background
8815,nagaland,26.050045286505394,94.95278369760646,0,background
8816,nagaland,26.356661319326555,94.76583412606098,0,background
8817,nagaland,25.595101023768958,93.55096699331652,0,background
8818,nagaland,26.81317679481551,94.81595930843089,0,background
8819,nagaland,25.58619496432815,93.63099505311432,0,background
8820,nagaland,26.654773855543368,94.84612059152825,0,background
8821,nagaland,26.08333208706923,95.16381895293344,0,background
8822,nagaland,25.400281722559562,93.73623790599008,0,background
8823,nagaland,25.970667719055186,95.1055934125936,0,background
8824,nagaland,26.215241703225526,94.34206569973026,0,background
8825,nagaland,25.943059047202354,95.05182226026302,0,background
8826,nagaland,25.547612358154407,93.3529238520977,0,background
8827,nagaland,26.50775724201352,95.00334977577421,0,background
8828,nagaland,25.737543425244876,93.57319591371012,0,background
8829,nagaland,25.697015040846093,93.63105640494658,0,background
8830,nagaland,25.5100263463961,93.43701635737933,0,background
8831,nagaland,25.5941543802348,93.48269871291804,0,background
8832,nagaland,26.676071724621547,94.88274588754004,0,background
8833,nagaland,25.53084615284861,93.56834683830522,0,background
8834,nagaland,26.05488852568515,94.73216536062574,0,background
8835,nagaland,26.32682282299103,94.19687482172368,0,background
8836,nagaland,26.42484590377798,94.21013627805291,0,background
8837,nagaland,26.05556613341993,95.1681930996575,0,background
8838,nagaland,26.101229287916365,94.96634756412794,0,background
8839,nagaland,25.948321260747043,94.93476358843171,0,background
8840,nagaland,26.290835819725377,95.01253432404233,0,background
8841,nagaland,25.61776974474995,93.53330523255579,0,background
8842,nagaland,26.45649428607033,94.19101696978231,0,background
8843,nagaland,25.578294064918936,93.56358965593012,0,background
8844,nagaland,26.08215006990545,94.934536804165,0,background
8845,nagaland,25.740405037334376,93.58935833297937,0,background
8846,nagaland,26.890735815845698,94.9275229871188,0,background
8847,nagaland,25.50262274335582,93.5512003469235,0,background
8848,nagaland,26.484127680061725,94.93548154955106,0,background
8849,nagaland,25.41210517140835,93.61758101670718,0,background
8850,nagaland,25.37871409578668,93.52829763048022,0,background
8851,nagaland,26.295325738230723,94.97245173068984,0,background
8852,nagaland,25.462631019241464,93.60668573529281,0,background
8853,nagaland,26.928647176281086,94.95552666722746,0,background
8854,nagaland,25.614337104593183,93.45058408352173,0,background
8855,nagaland,25.838379491175907,93.91030667477065,0,background
8856,nagaland,26.55320683121959,94.87900655533583,0,background
8857,nagaland,26.385664098869224,94.27486450532372,0,background
8858,nagaland,26.18951475315513,95.11013233561111,0,background
8859,nagaland,26.893038540018363,95.18343194396485,0,background
8860,nagaland,26.613059633471423,94.82824506472257,0,background
8861,nagaland,26.071146634209796,94.91305916358087,0,background
8862,nagaland,26.965292933302685,95.18273321580499,0,background
8863,nagaland,26.66219538138265,94.8433911401333,0,background
8864,nagaland,25.894676817148124,93.77025110179223,0,background
8865,nagaland,26.3538555266539,94.76823637521441,0,background
8866,nagaland,25.656373944680784,93.76323517112347,0,background
8867,nagaland,25.66548146455265,93.76911373144992,0,background
8868,nagaland,25.474815641049783,94.60776294674612,0,background
8869,nagaland,26.943426188323695,95.20573454718014,0,background
8870,nagaland,26.308668624370167,94.6824974403137,0,background
8871,nagaland,25.625545681861965,93.49917296461264,0,background
8872,nagaland,27.00281288526062,95.18057600930958,0,background
8873,nagaland,26.91967717989851,95.16868358805229,0,background
8874,nagaland,25.52026145545708,93.42364516807652,0,background
8875,nagaland,26.088456570986448,94.92439574265768,0,background
8876,nagaland,25.375382025156643,93.64223563597336,0,background
8877,nagaland,26.75357360365431,94.77482474378478,0,background
8878,nagaland,26.637937430002545,94.83760255629905,0,background
8879,nagaland,25.62201541721857,94.67233545833459,0,background
8880,nagaland,26.445469715893374,94.18841791638769,0,background
8881,nagaland,26.439264522999483,94.22965964298332,0,background
8882,nagaland,25.75656516369331,93.64363227203476,0,background
8883,nagaland,26.887032342430466,95.19825149713475,0,background
8884,nagaland,25.567815979007595,93.39212254894123,0,background
8885,nagaland,25.870599262195434,93.76315164904581,0,background
8886,nagaland,26.331873465669464,94.20776117568846,0,background
8887,nagaland,26.68227999330114,94.868827790098,0,background
8888,nagaland,26.45709588929564,94.19067473812497,0,background
8889,nagaland,25.43853676334818,93.556483309688,0,background
8890,nagaland,26.974278923618012,95.11182465801389,0,background
8891,nagaland,26.704115644955564,94.78442319148742,0,background
8892,nagaland,26.445073209833723,94.58229052064023,0,background
8893,nagaland,26.81019902464889,94.8235457520961,0,background
8894,nagaland,26.432912377485106,94.30166568572518,0,background
8895,nagaland,25.732940872141796,95.01051518095083,0,background
8896,nagaland,25.70562093959558,94.9779621223117,0,background
8897,nagaland,26.671587522229416,94.89147629804121,0,background
8898,nagaland,26.402458663840832,94.25847363235812,0,background
8899,nagaland,25.8155847293457,94.65648442917708,0,background
8900,nagaland,25.538506743556116,93.62680654665716,0,background
8901,nagaland,25.638050526070593,94.66114908904805,0,background
8902,nagaland,26.83873850653714,94.96988624675976,0,background
8903,nagaland,26.005870208745844,95.12471936087515,0,background
8904,nagaland,26.754296543584235,94.7562400604392,0,background
8905,nagaland,26.473829911945074,94.98363380869993,0,background
8906,nagaland,26.552649106360374,94.27388411292489,0,background
8907,nagaland,26.591047420525644,94.82058757013927,0,background
8908,nagaland,25.94251769617873,93.78184821254304,0,background
8909,nagaland,26.61217451701011,94.83651375395561,0,background
8910,nagaland,25.42370146700693,93.54839562584753,0,background
8911,nagaland,25.40619757084744,93.66543589749382,0,background
8912,nagaland,25.47156524776065,93.56306258741347,0,background
8913,nagaland,26.434155693345563,94.29094305083363,0,background
8914,nagaland,25.927682411922838,95.02460460962931,0,background
8915,nagaland,25.34830097340462,93.501059916894,0,background
8916,nagaland,25.594067895400315,93.49879233379504,0,background
8917,nagaland,26.537556599121515,94.49491626913215,0,background
8918,nagaland,26.181274237106187,94.73441846933534,0,background
8919,nagaland,26.54553550130671,94.8847076246267,0,background
8920,nagaland,26.61272658478682,94.85170526203562,0,background
8921,nagaland,25.581842699705888,93.44577591875446,0,background
8922,nagaland,26.48380437114489,94.97856982134044,0,background
8923,nagaland,25.37974337513773,93.52074207503384,0,background
8924,nagaland,25.617335937651312,93.41981226547001,0,background
8925,nagaland,25.98528187239207,95.04241523866241,0,background
8926,nagaland,26.489925856394283,94.60648253497001,0,background
8927,nagaland,25.5540840364334,93.51276129366452,0,background
8928,nagaland,25.673099366177397,93.60537853111856,0,background
8929,nagaland,26.284650716047604,94.31849599481055,0,background
8930,nagaland,25.55831671180165,93.62229480951899,0,background
8931,nagaland,26.38663181294444,95.10577423706141,0,background
8932,nagaland,26.63280575258985,94.91226977922632,0,background
8933,nagaland,26.17334717771663,94.9445794404159,0,background
8934,nagaland,25.700763240980447,93.8290240948372,0,background
8935,nagaland,25.650872652460112,93.56398769934682,0,background
8936,nagaland,26.016080959221487,94.40979198228072,0,background
8937,nagaland,25.851732987914694,93.85211950927324,0,background
8938,nagaland,26.631861014204855,94.8096442893449,0,background
8939,nagaland,25.7103526665883,93.84391842255168,0,background
8940,nagaland,26.00320470123014,94.78086421257032,0,background
8941,nagaland,25.7273697188096,93.57238649926907,0,background
8942,nagaland,26.00679545239997,94.97648670964897,0,background
8943,nagaland,26.3973075920885,94.3166540894323,0,background
8944,nagaland,25.968971557353015,95.0192682868477,0,background
8945,nagaland,26.86678474406827,94.94948047758291,0,background
8946,nagaland,26.17774496111324,94.96071353638771,0,background
8947,nagaland,25.507096386985502,93.43981398193945,0,background
8948,nagaland,25.845502029151437,93.76326647447745,0,background
8949,nagaland,25.722682485021455,93.64170636783726,0,background
8950,nagaland,25.936850858225032,94.9374253186462,0,background
8951,nagaland,25.979307094823007,95.03337425680216,0,background
8952,nagaland,26.210767846649258,95.13527722758208,0,background
8953,nagaland,26.216746098309784,94.36132540364426,0,background
8954,nagaland,25.610708183530672,93.41131659203236,0,background
8955,nagaland,26.37944448606693,94.23473947253056,0,background
8956,nagaland,26.31935728595219,95.0304599870222,0,background
8957,nagaland,25.65760467957284,94.90002724676059,0,background
8958,nagaland,26.627465561602133,94.83349664903069,0,background
8959,nagaland,25.544994189775444,94.70754833526806,0,background
8960,nagaland,26.709373645161904,94.93684316489457,0,background
8961,nagaland,26.702952417713913,94.90656224687393,0,background
8962,nagaland,25.832182249037416,93.75058973728554,0,background
8963,nagaland,26.80366606809388,94.82420566330795,0,background
8964,nagaland,26.36863146439568,95.10513525777114,0,background
8965,nagaland,26.367887428152706,94.33929523024602,0,background
8966,nagaland,26.175455448376226,95.10699491906928,0,background
8967,nagaland,25.701017702133814,93.63355930257765,0,background
8968,nagaland,25.56003596891971,93.39105367970316,0,background
8969,nagaland,26.521649231045924,94.58344694280659,0,background
8970,nagaland,26.428607249767484,94.49396834571672,0,background
8971,nagaland,25.5350737044255,93.55276917822746,0,background
8972,nagaland,26.27578560518233,95.00331494076428,0,background
8973,nagaland,26.958604781836442,95.133741346262,0,background
8974,nagaland,26.902732294963215,94.92483486568457,0,background
8975,nagaland,25.506507026595763,93.53787385229008,0,background
8976,nagaland,26.188841218529433,95.11702993433234,0,background
8977,nagaland,26.44794747252142,94.9073725613258,0,background
8978,nagaland,26.892996700053782,95.04624062457096,0,background
8979,nagaland,25.43868324711101,93.51238939613701,0,background
8980,nagaland,26.574797370557675,94.89434733474775,0,background
8981,nagaland,25.753031981634198,95.02195681227381,0,background
8982,nagaland,25.551814271038257,93.62058414958886,0,background
8983,nagaland,26.922250669829587,95.06428736465824,0,background
8984,nagaland,26.156563279808054,94.92908259048161,0,background
8985,nagaland,25.87552590324831,93.93966966418236,0,background
8986,nagaland,26.30208219851986,94.97135781796523,0,background
8987,nagaland,25.985509152020246,95.01203701926543,0,background
8988,nagaland,25.955015434089365,94.90522465377055,0,background
8989,nagaland,25.721070974529965,94.9083517075373,0,background
8990,nagaland,25.602852524339795,93.54072822894977,0,background
8991,nagaland,25.443751197858653,93.53956798281534,0,background
8992,nagaland,26.482617702398805,94.21367186464298,0,background
8993,nagaland,26.684221153741646,94.91168107096587,0,background
8994,nagaland,25.578322337433402,93.53813514918303,0,background
8995,nagaland,26.420632771445117,94.19035526029715,0,background
8996,nagaland,25.593056631951313,93.63639561858099,0,background
8997,nagaland,25.66975782419098,93.61025541061474,0,background
8998,nagaland,25.76146352565377,93.64781502525376,0,background
8999,nagaland,25.49544890672181,94.7530280198361,0,background
9000,nagaland,26.799913243915448,95.14294912859269,0,background
9001,nagaland,25.492996053585102,94.60750726847816,0,background
9002,nagaland,25.539188744198682,93.59063851864019,0,background
9003,nagaland,25.794578269042606,95.0366134537441,0,background
9004,nagaland,26.84509444083745,94.82852962533183,0,background
9005,nagaland,25.72126967689901,93.56153488018741,0,background
9006,nagaland,26.843750480335373,94.88732701938265,0,background
9007,nagaland,26.86626150866376,94.95936482459302,0,background
9008,nagaland,26.066525954094974,94.93888814277446,0,background
9009,nagaland,25.996873459702297,94.96850683275454,0,background
9010,nagaland,26.024733335625534,95.15049903025877,0,background
9011,nagaland,26.01688908101981,95.11379138572397,0,background
9012,nagaland,25.635333910174346,93.57790422755987,0,background
9013,nagaland,26.534382863508846,94.88204559415277,0,background
9014,nagaland,26.43842138030689,94.30922757366255,0,background
9015,nagaland,25.79273680636971,94.58933548569682,0,background
9016,nagaland,26.706735965168953,94.79610440133686,0,background
9017,nagaland,26.277019030450806,94.96982752401027,0,background
9018,nagaland,25.56557580829413,93.64086960085847,0,background
9019,nagaland,25.50399971425455,93.54721935404928,0,background
9020,nagaland,25.725820350853862,93.54324631619308,0,background
9021,nagaland,25.712178532564103,94.88578050729517,0,background
9022,nagaland,26.912800922967406,94.92100774561783,0,background
9023,nagaland,26.307706566702343,94.99121842240156,0,background
9024,nagaland,26.959829451334894,95.1081260121543,0,background
9025,nagaland,26.651987629249057,94.8104441609074,0,background
9026,nagaland,25.730083659737193,94.96643160942888,0,background
9027,nagaland,25.44031373018503,93.59667221513354,0,background
9028,nagaland,26.909893836107155,95.07582589372609,0,background
9029,nagaland,25.84865613059375,93.86224006540424,0,background
9030,nagaland,25.93008878765977,94.98556926354448,0,background
9031,nagaland,26.92767414518938,95.14714661433665,0,background
9032,nagaland,26.224988056222017,94.33768461807067,0,background
9033,nagaland,25.739516352756795,95.02161125945722,0,background
9034,nagaland,25.670001174145508,94.93576377068841,0,background
9035,nagaland,25.351976528851466,93.68014754781937,0,background
9036,nagaland,26.906021706954114,95.08674736117369,0,background
9037,nagaland,26.861510830750074,94.97080650471915,0,background
9038,nagaland,26.91000006498511,95.13617031165299,0,background
9039,nagaland,25.720733374026775,93.585744148744,0,background
9040,nagaland,25.462629641806817,93.53445027210137,0,background
9041,nagaland,26.225668142922473,94.36682668279339,0,background
9042,nagaland,25.949154001350703,95.00107433367755,0,background
9043,nagaland,26.422271414262546,94.32106712673371,0,background
9044,nagaland,26.860463965194718,94.96756312376388,0,background
9045,nagaland,26.720176579397435,94.7684089530337,0,background
9046,nagaland,26.356631663950118,94.23403608951162,0,background
9047,nagaland,25.725796984694462,93.87201772518324,0,background
9048,nagaland,26.515756550775524,94.73445355912003,0,background
9049,nagaland,25.63036022611006,93.54736978755321,0,background
9050,nagaland,26.894466881215145,95.22670946574152,0,background
9051,nagaland,26.745322514603757,94.77003630800843,0,background
9052,nagaland,25.926923043553753,93.77812676350176,0,background
9053,nagaland,25.52671711565403,93.60242673453348,0,background
9054,nagaland,26.762513076070118,95.22113775422287,0,background
9055,nagaland,25.86406734836163,93.76820542056528,0,background
9056,nagaland,25.80950358244634,94.65301240998227,0,background
9057,nagaland,25.592142931162797,93.45715778132846,0,background
9058,nagaland,26.949331292215337,95.08156706996081,0,background
9059,nagaland,25.7125549067158,94.9877353848309,0,background
9060,nagaland,25.9498953462507,95.04529491272125,0,background
9061,nagaland,26.408521090625904,94.1841529158492,0,background
9062,nagaland,25.772859914860547,95.04208459488905,0,background
9063,nagaland,26.95141644905375,95.12872245242212,0,background
9064,nagaland,25.92293016136158,93.77750035907934,0,background
9065,nagaland,25.989017622781116,94.92305196273836,0,background
9066,nagaland,26.744886246184567,94.8893669538841,0,background
9067,nagaland,25.27180104875343,93.54404440685914,0,background
9068,nagaland,26.653237160888306,94.84886603069815,0,background
9069,nagaland,26.73970840639483,94.77601052733786,0,background
9070,nagaland,26.00071108242783,94.3757569734291,0,background
9071,nagaland,25.78349848087783,94.6669656005474,0,background
9072,nagaland,26.152719791136022,94.71155348533145,0,background
9073,nagaland,25.712354443461017,94.98603351955059,0,background
9074,nagaland,25.7748981072161,94.56886988010477,0,background
9075,nagaland,26.577486680692168,94.85918679162275,0,background
9076,nagaland,25.99790649246471,94.7779229666823,0,background
9077,nagaland,25.520213515270868,93.45755509143144,0,background
9078,nagaland,25.634913898704813,93.61120712483529,0,background
9079,nagaland,26.03119811122297,94.12244250424894,0,background
9080,nagaland,25.81238814596939,94.57437284576582,0,background
9081,nagaland,26.496136377659024,95.04180213475023,0,background
9082,nagaland,25.679259482994873,94.67037025133517,0,background
9083,nagaland,26.193474951245612,94.04037330409703,0,background
9084,nagaland,25.565656055975026,93.62188913791734,0,background
9085,nagaland,25.855122652329758,93.93347318396464,0,background
9086,nagaland,26.792029081212863,94.79675641337924,0,background
9087,nagaland,26.89425420545997,94.98488164970827,0,background
9088,nagaland,25.54693759279331,93.49104843452358,0,background
9089,nagaland,26.27231851019226,94.68895939019944,0,background
9090,nagaland,26.909112088872064,94.92681131555229,0,background
9091,nagaland,25.54864190928669,93.44542140223338,0,background
9092,nagaland,26.742312778447513,94.74428621615239,0,background
9093,nagaland,26.790451146198563,94.88619104981967,0,background
9094,nagaland,26.426910823728925,94.28473126989006,0,background
9095,nagaland,25.583756578461994,93.62698797844828,0,background
9096,nagaland,26.382301941417282,94.26432054591633,0,background
9097,nagaland,25.535769020228862,93.4633496669431,0,background
9098,nagaland,26.730823236032773,94.77591006962805,0,background
9099,nagaland,25.85516808114219,93.84267599180573,0,background
9100,nagaland,25.604749717890794,93.49441909483012,0,background
9101,nagaland,25.58195968929414,93.40917202517974,0,background
9102,nagaland,26.27910397699115,94.67658554754452,0,background
9103,nagaland,25.51641313888558,93.61914172665809,0,background
9104,nagaland,26.020526041934428,94.75585554168661,0,background
9105,nagaland,26.002368200175702,95.02675626357312,0,background
9106,nagaland,25.253558664317584,93.55195625021747,0,background
9107,nagaland,26.872018944626863,94.95045954757799,0,background
9108,nagaland,25.780135098876634,95.03754308238717,0,background
9109,nagaland,25.715839583205163,93.63843057823769,0,background
9110,nagaland,26.360738087652344,94.1891253241014,0,background
9111,nagaland,25.729419087519503,94.94119584451158,0,background
9112,nagaland,26.435719945674887,94.7395258163635,0,background
9113,nagaland,26.10314417038744,94.93512206277967,0,background
9114,nagaland,26.83940442381371,95.17194353265208,0,background
9115,nagaland,26.62526893143517,94.44745647992224,0,background
9116,nagaland,25.59878405905342,94.69246911250694,0,background
9117,nagaland,26.707512530735823,94.88324611057176,0,background
9118,nagaland,26.581256714837416,94.60156728425093,0,background
9119,nagaland,26.928012744251323,95.18144961774397,0,background
9120,nagaland,25.575107959243756,93.63931641623891,0,background
9121,nagaland,25.536435766242654,93.47358768908553,0,background
9122,nagaland,26.092560982976387,94.94042449652967,0,background
9123,nagaland,25.64576515095073,93.59469670478111,0,background
9124,nagaland,26.675664910036872,94.9378146991557,0,background
9125,nagaland,26.955466564215193,95.10791530723198,0,background
9126,nagaland,25.8687230024469,95.00426352788641,0,background
9127,nagaland,26.312058599947097,94.17101328867646,0,background
9128,nagaland,25.914416479242522,93.97725450764878,0,background
9129,nagaland,25.4193101565746,93.65687150410264,0,background
9130,nagaland,25.461206227093356,93.61686089919623,0,background
9131,nagaland,26.426262667017706,94.76793743982381,0,background
9132,nagaland,25.663644788548023,93.51461632871971,0,background
9133,nagaland,26.89945512527348,94.93742396645843,0,background
9134,nagaland,25.644192962703492,93.59361710315974,0,background
9135,nagaland,25.977360015857695,95.05970307174228,0,background
9136,nagaland,26.04219404301961,94.97349575141662,0,background
9137,nagaland,26.47748016312482,94.28560792570848,0,background
9138,nagaland,26.837807962085584,94.82446482854807,0,background
9139,nagaland,25.380384685380232,93.69305279484436,0,background
9140,nagaland,25.68194468232189,93.61401941653081,0,background
9141,nagaland,25.601553729960298,93.53927657135578,0,background
9142,nagaland,25.45336667499912,93.55916636014906,0,background
9143,nagaland,26.834432590201292,94.87986128292172,0,background
9144,nagaland,25.442781559337572,93.57445416406938,0,background
9145,nagaland,25.995084092029053,95.0020350114712,0,background
9146,nagaland,25.587165446524008,93.38330352902761,0,background
9147,nagaland,25.80551819524219,94.61740320822929,0,background
9148,nagaland,25.84619442503083,93.91932437599178,0,background
9149,nagaland,25.448659517210224,93.6048174865402,0,background
9150,nagaland,25.53372887068631,93.59243526203436,0,background
9151,nagaland,26.51290059600995,94.99844774784324,0,background
9152,nagaland,26.644494081730286,94.81758117384162,0,background
9153,nagaland,26.160521136616865,94.94572710642687,0,background
9154,nagaland,26.270344988568684,94.98028821629423,0,background
9155,nagaland,26.826139103059514,94.96341170098461,0,background
9156,nagaland,25.558117516690192,93.56411990666089,0,background
9157,nagaland,26.324117959509675,95.07758553447546,0,background
9158,nagaland,25.345595345955342,93.65213712204486,0,background
9159,nagaland,25.668926453785158,93.80179342941143,0,background
9160,nagaland,26.390802336827477,94.19669917173732,0,background
9161,nagaland,26.618203713956134,94.82144489856915,0,background
9162,nagaland,26.492923758764523,95.0180342278868,0,background
9163,nagaland,26.878105751866297,95.1142577440412,0,background
9164,nagaland,26.67839629363103,94.89088622773788,0,background
9165,nagaland,26.888147556465277,95.12835404251628,0,background
9166,nagaland,26.023241483134022,94.95730791144683,0,background
9167,nagaland,25.752167022455755,95.01993213710382,0,background
9168,nagaland,25.231166916583998,93.56811267472037,0,background
9169,nagaland,26.310090324665218,94.97679963492287,0,background
9170,nagaland,26.370080103191736,94.33256321271821,0,background
9171,nagaland,25.35661931097255,93.66636763533847,0,background
9172,nagaland,26.478760151190667,94.27843784679769,0,background
9173,nagaland,25.988966688967,94.99846801045125,0,background
9174,nagaland,26.363876039376038,94.20790840707559,0,background
9175,nagaland,25.97369756838134,94.90843867827225,0,background
9176,nagaland,26.081762265532806,94.8254626359727,0,background
9177,nagaland,26.69016299269789,94.88873610068205,0,background
9178,nagaland,26.064811711545584,94.9336986467115,0,background
9179,nagaland,26.01561446038165,95.13450896526349,0,background
9180,nagaland,26.091746581197633,94.68356686706538,0,background
9181,nagaland,25.96564333938384,95.07406332212551,0,background
9182,nagaland,25.634608954860976,93.76336523385064,0,background
9183,nagaland,26.30146782833218,94.68992904393039,0,background
9184,nagaland,25.549230117414684,94.41082493770826,0,background
9185,nagaland,25.6090551344614,93.61691681467897,0,background
9186,nagaland,26.12746951722342,94.95887021107927,0,background
9187,nagaland,26.479301474186837,94.21030097745962,0,background
9188,nagaland,26.904880006433253,95.15743805718142,0,background
9189,nagaland,25.56515207233926,93.38005893309511,0,background
9190,nagaland,26.301746282840902,95.02560320904304,0,background
9191,nagaland,26.583657535774407,94.84601114684038,0,background
9192,nagaland,26.384939106796136,95.09975296343654,0,background
9193,nagaland,26.39183330132597,94.23974545174164,0,background
9194,nagaland,25.720737364669073,93.55854708317533,0,background
9195,nagaland,26.323789215754303,94.15467092319827,0,background
9196,nagaland,26.13627281306894,94.94288561846555,0,background
9197,nagaland,26.88959289940391,95.22634527199972,0,background
9198,nagaland,26.430300741948297,94.50673046300487,0,background
9199,nagaland,26.309712511920853,94.99486910006247,0,background
9200,nagaland,26.081230519853012,94.83430090573526,0,background
9201,nagaland,26.59580930868128,94.83064712067925,0,background
9202,nagaland,25.545767920396223,94.41717515393348,0,background
9203,nagaland,25.722528456853766,93.54263415218065,0,background
9204,nagaland,25.328726845924322,93.67657598442452,0,background
9205,nagaland,25.737582931439082,94.9911850337516,0,background
9206,nagaland,26.16228144358429,94.93547272182114,0,background
9207,nagaland,26.0789427373199,93.99756501517366,0,background
9208,nagaland,26.925207462490246,95.06396331179823,0,background
9209,nagaland,26.092392203775525,94.94713072453601,0,background
9210,nagaland,26.330563660000823,94.15351233131395,0,background
9211,nagaland,26.327432033821882,94.78571429274992,0,background
9212,nagaland,25.386852289670085,93.6233048925462,0,background
9213,nagaland,26.93361093374334,95.20747755543839,0,background
9214,nagaland,25.479239584301755,94.71915170255862,0,background
9215,nagaland,26.934779940614977,95.09879763526683,0,background
9216,nagaland,25.510063101625285,93.6045577281158,0,background
9217,nagaland,25.82720557411272,94.6486195334771,0,background
9218,nagaland,26.764592001400906,95.1639181491408,0,background
9219,nagaland,26.0312520729332,95.124896448036,0,background
9220,nagaland,26.892370958665296,94.85950681812074,0,background
9221,nagaland,25.91835038967488,93.97853252536606,0,background
9222,nagaland,25.783638850258058,93.63134356252432,0,background
9223,nagaland,26.16265065161961,94.73023615169402,0,background
9224,nagaland,26.644826960422524,94.8630159336218,0,background
9225,nagaland,25.244694719938025,93.56237131595408,0,background
9226,nagaland,25.575767232616435,93.5331056667259,0,background
9227,nagaland,25.747705544243804,93.5907132718001,0,background
9228,nagaland,26.36888557825436,95.09098736872379,0,background
9229,nagaland,26.19601632630623,95.11014113086085,0,background
9230,nagaland,26.31121478838697,95.00777229700492,0,background
9231,nagaland,26.964033726630245,95.16840149873732,0,background
9232,nagaland,26.88720732672653,95.13692519028282,0,background
9233,nagaland,25.456641688727856,93.7881281963738,0,background
9234,nagaland,26.90726277356148,95.06483758805388,0,background
9235,nagaland,26.534780071688907,94.88089542676057,0,background
9236,nagaland,26.51760864408838,94.61472414226425,0,background
9237,nagaland,25.78188271086507,95.0081501048981,0,background
9238,nagaland,25.41065864200081,93.5660174607299,0,background
9239,nagaland,26.891981932613163,95.20028636638625,0,background
9240,nagaland,26.56276169067987,94.89920109830959,0,background
9241,nagaland,25.666784267455416,93.56221117275597,0,background
9242,nagaland,26.109360971089075,94.81435646290834,0,background
9243,nagaland,26.684463933425153,94.89527770617705,0,background
9244,nagaland,25.557032992743384,93.4420490659606,0,background
9245,nagaland,25.69405085777678,94.89291129385545,0,background
9246,nagaland,26.977779087405576,95.10949560994123,0,background
9247,nagaland,26.679282227407754,94.91348483811304,0,background
9248,nagaland,26.212473256467526,94.3418989352728,0,background
9249,nagaland,25.94316433528627,93.97086798770232,0,background
9250,nagaland,26.7789182539105,95.21112137660623,0,background
9251,nagaland,26.60543534891481,94.89173368761644,0,background
9252,nagaland,25.519397631563177,93.40643967020499,0,background
9253,nagaland,26.089615169586576,95.13032944182254,0,background
9254,nagaland,25.45726600755651,93.5950465084259,0,background
9255,nagaland,25.66266253208176,93.76392863952739,0,background
9256,nagaland,26.90797135378274,94.95049440032717,0,background
9257,nagaland,26.251295244013622,94.3114561533383,0,background
9258,nagaland,25.860313188936626,95.00945996959211,0,background
9259,nagaland,26.46772452747147,94.5012798342701,0,background
9260,nagaland,25.667229142177362,94.88473012019716,0,background
9261,nagaland,26.87125240972947,94.91061473465163,0,background
9262,nagaland,26.511933944043534,94.48854607382381,0,background
9263,nagaland,26.16075297281984,94.70458601485012,0,background
9264,nagaland,25.71464522017158,94.88715582386536,0,background
9265,nagaland,25.857890982022596,93.75188425312635,0,background
9266,nagaland,25.429648614521984,93.62998590618623,0,background
9267,nagaland,26.188472539782207,95.12046987925572,0,background
9268,nagaland,26.341739197017453,94.34261589889714,0,background
9269,nagaland,26.043319970287712,94.70539008181206,0,background
9270,nagaland,26.05216111695865,94.7413126135751,0,background
9271,nagaland,26.404858510873254,94.31015895164745,0,background
9272,nagaland,25.596445712182344,93.48481995847332,0,background
9273,nagaland,26.776866812090642,94.90373109264556,0,background
9274,nagaland,26.042508864672477,94.77070120382363,0,background
9275,nagaland,26.454669730343447,94.74351402898311,0,background
9276,nagaland,25.54676042378809,93.3419882508351,0,background
9277,nagaland,26.89052958308699,94.94667511815389,0,background
9278,nagaland,25.485285881968714,93.60173212166772,0,background
9279,nagaland,26.882205936698362,95.01642254095967,0,background
9280,nagaland,26.04559111887237,95.13802569199531,0,background
9281,nagaland,26.63715569679826,94.85232014246877,0,background
9282,nagaland,25.694135182416183,93.60277607196838,0,background
9283,nagaland,26.065028706066716,94.96355926639613,0,background
9284,nagaland,26.90570782531274,95.06642876997968,0,background
9285,nagaland,25.947058519212433,94.94839944164104,0,background
9286,nagaland,26.88697850847968,94.91156103574642,0,background
9287,nagaland,26.448843171191413,94.49359420430477,0,background
9288,nagaland,25.29092120879069,93.54285306317048,0,background
9289,nagaland,25.606990574859797,93.4127025836909,0,background
9290,nagaland,26.405578161390384,94.26334350528073,0,background
9291,nagaland,26.963364649830115,95.16408646149641,0,background
9292,nagaland,25.67356362517713,94.6256955394916,0,background
9293,nagaland,25.726175627082796,94.90317224016783,0,background
9294,nagaland,26.594236307981998,94.90917710865887,0,background
9295,nagaland,26.364552696961407,94.32783232180294,0,background
9296,nagaland,26.967048798566353,95.16667237103741,0,background
9297,nagaland,26.47639499953762,94.90845531118168,0,background
9298,nagaland,25.9773998156584,94.95908824748446,0,background
9299,nagaland,26.631708951950955,94.84822959491726,0,background
9300,nagaland,25.71499868069786,94.97396691980614,0,background
9301,nagaland,25.974559613464262,95.08814665158327,0,background
9302,nagaland,25.64991604410417,93.77658056194461,0,background
9303,nagaland,26.90480645441456,94.88670895502456,0,background
9304,nagaland,25.925692472646684,95.01490124303285,0,background
9305,nagaland,26.82216345225223,94.83016961871847,0,background
9306,nagaland,25.544501971205612,93.39493323933677,0,background
9307,nagaland,25.61492032610877,93.63024898374657,0,background
9308,nagaland,26.83764332388892,94.9019509597271,0,background
9309,nagaland,26.072084595428628,95.15194694340192,0,background
9310,nagaland,26.450393927176247,94.71701910691331,0,background
9311,nagaland,25.980806071390376,94.91747821475508,0,background
9312,nagaland,26.496289578939358,94.97979761070526,0,background
9313,nagaland,25.513868319851344,93.5453050024064,0,background
9314,nagaland,26.50575302358955,95.01831804263409,0,background
9315,nagaland,26.719993841756935,94.91638237093338,0,background
9316,nagaland,25.43851353194286,93.58820782879677,0,background
9317,nagaland,26.17030763091436,94.77106296585679,0,background
9318,nagaland,25.49715659808737,93.55590691718992,0,background
9319,nagaland,25.522875480455774,93.62203212581818,0,background
9320,nagaland,26.522131878370363,94.98706730059675,0,background
9321,nagaland,25.54043927686096,93.44134169824902,0,background
9322,nagaland,26.892852675723077,94.91527144695542,0,background
9323,nagaland,25.966735925967892,94.9750072493579,0,background
9324,nagaland,26.667958923053988,94.80183949242124,0,background
9325,nagaland,25.714235568805496,93.83796858592379,0,background
9326,nagaland,25.40739967381054,93.69344050404086,0,background
9327,nagaland,25.565930447099998,93.38708656590615,0,background
9328,nagaland,26.538642324172155,94.49835631681377,0,background
9329,nagaland,25.44113850221336,93.55099202356891,0,background
9330,nagaland,25.636227531268986,93.51050181118404,0,background
9331,nagaland,25.87989034750051,93.92575150440653,0,background
9332,nagaland,26.29408905471963,94.7041937480528,0,background
9333,nagaland,26.440621728635954,94.24048910039984,0,background
9334,nagaland,26.293148901567,94.66184573959815,0,background
9335,nagaland,25.715661584562998,94.96340166992647,0,background
9336,nagaland,25.823701780038427,93.89318785106785,0,background
9337,nagaland,25.657461937812187,93.52468788895645,0,background
9338,nagaland,25.84805858225953,95.01351768102397,0,background
9339,nagaland,26.171632656859273,94.95330890109149,0,background
9340,nagaland,26.299373072837053,94.6898996042005,0,background
9341,nagaland,25.731960126352106,93.62897625848225,0,background
9342,nagaland,26.40805548761828,94.19344820626736,0,background
9343,nagaland,26.339419235174994,95.04939156208366,0,background
9344,nagaland,25.28031741505205,93.54966439780503,0,background
9345,nagaland,26.945382343634336,95.17843924443991,0,background
9346,nagaland,26.46505125462044,94.50160025899963,0,background
9347,nagaland,25.71915111919486,93.55987340991977,0,background
9348,nagaland,25.791410297275867,93.68888214192458,0,background
9349,nagaland,25.569243309353404,93.47438437679682,0,background
9350,nagaland,25.53137755430995,93.61593310450213,0,background
9351,nagaland,26.293108575297293,94.97821130527022,0,background
9352,nagaland,26.77750687324176,95.1564580999838,0,background
9353,nagaland,25.916592121517102,93.78097363157595,0,background
9354,nagaland,25.63971555900312,93.55282654441713,0,background
9355,nagaland,25.37376789739248,93.61819756460622,0,background
9356,nagaland,25.866580607554862,93.78820981773204,0,background
9357,nagaland,25.39534689936419,93.62607062944954,0,background
9358,nagaland,25.783087404119968,95.02365099074255,0,background
9359,nagaland,26.86911572064693,95.00644539070586,0,background
9360,nagaland,26.782128482341445,94.76744876224353,0,background
9361,nagaland,25.6381578506977,93.5838975814829,0,background
9362,nagaland,25.399713731573577,93.64480406127976,0,background
9363,nagaland,25.53983727348191,93.38373965409359,0,background
9364,nagaland,25.880543569695597,93.74891191082361,0,background
9365,nagaland,25.936043629680178,94.9928024976636,0,background
9366,nagaland,25.71239288320181,93.86686904209718,0,background
9367,nagaland,26.358036813024036,95.05881891195851,0,background
9368,nagaland,26.400991181544445,94.22085775011183,0,background
9369,nagaland,26.75056702782687,94.76375570982395,0,background
9370,nagaland,26.641225073668537,94.82186638732469,0,background
9371,nagaland,26.47406278125738,94.25206494106054,0,background
9372,nagaland,25.676511984744202,94.91998429180671,0,background
9373,nagaland,26.414632232824722,94.25907335085998,0,background
9374,nagaland,25.887732619421218,93.94727849432302,0,background
9375,nagaland,26.360448243358373,94.18694823515982,0,background
9376,nagaland,26.92231453427316,95.183406992248,0,background
9377,nagaland,26.046457126143125,95.1394720991962,0,background
9378,nagaland,26.804504688058714,94.92292826001677,0,background
9379,nagaland,25.98564210700254,94.99707460973322,0,background
9380,nagaland,26.114716503097448,94.94596457022905,0,background
9381,nagaland,26.533129474570465,94.57785861607614,0,background
9382,nagaland,26.507888900639614,94.89886739594635,0,background
9383,nagaland,26.318345033613337,94.98197984467711,0,background
9384,nagaland,25.468311397660027,93.60302991107032,0,background
9385,nagaland,26.467240434067172,94.22846525669505,0,background
9386,nagaland,25.49260874522208,93.6026761087472,0,background
9387,nagaland,26.69292161406049,94.87903478693609,0,background
9388,nagaland,26.476783515095512,94.75105090286078,0,background
9389,nagaland,26.129615811622934,94.71644480297637,0,background
9390,nagaland,26.810698272271495,94.81721854979129,0,background
9391,nagaland,26.505229556100236,94.98726932642909,0,background
9392,nagaland,26.02777623679876,94.99358237490364,0,background
9393,nagaland,26.83707299244032,94.95012553367403,0,background
9394,nagaland,26.0179331260058,94.7523023133994,0,background
9395,nagaland,26.898513713002647,95.01138191734803,0,background
9396,nagaland,26.48636021854399,94.25781236082537,0,background
9397,nagaland,25.65704544001039,93.54073292932263,0,background
9398,nagaland,25.668219083217128,93.58463275238802,0,background
9399,nagaland,26.9374563974125,94.9531267027549,0,background
9400,nagaland,26.356170916849933,94.17788689016741,0,background
9401,nagaland,25.683688188281554,94.88758707764386,0,background
9402,nagaland,25.679880227345397,93.61377906253264,0,background
9403,nagaland,26.4038249525662,94.30397134736191,0,background
9404,nagaland,26.103722752482923,94.97386157169846,0,background
9405,nagaland,26.890356712622904,95.02142836330701,0,background
9406,nagaland,26.03099596450682,94.74572498162212,0,background
9407,nagaland,26.763639062411777,94.74308825898774,0,background
9408,nagaland,26.402992158565983,94.7617469161751,0,background
9409,nagaland,26.8896256261536,94.86601036144302,0,background
9410,nagaland,25.686385663664968,93.57652692804406,0,background
9411,nagaland,25.979078830480738,95.08542679084393,0,background
9412,nagaland,26.421653158890862,94.5079699141243,0,background
9413,nagaland,25.79053781367416,93.65032193716418,0,background
9414,nagaland,25.967902187231427,94.87068669935478,0,background
9415,nagaland,26.421785555812843,94.78579914859374,0,background
9416,nagaland,25.25796893516133,93.57223229108223,0,background
9417,nagaland,25.60038194362794,93.55165621925626,0,background
9418,nagaland,26.533107417479826,94.57374354497409,0,background
9419,nagaland,26.14365689261335,94.93118985054963,0,background
9420,nagaland,25.71878607177511,94.98696165944783,0,background
9421,nagaland,26.90746944921524,95.00954216744685,0,background
9422,nagaland,26.06975766565278,94.97698393560408,0,background
9423,nagaland,26.64997922287768,94.82367238030744,0,background
9424,nagaland,26.906241575823888,94.98592264288435,0,background
9425,nagaland,25.614658906430307,93.41866166562548,0,background
9426,nagaland,26.328704890208428,94.74393899124486,0,background
9427,nagaland,26.880367862126405,95.13035580772454,0,background
9428,nagaland,25.969328324276518,95.06416732633713,0,background
9429,nagaland,26.89029624268586,94.99172552334564,0,background
9430,nagaland,26.022294151966605,95.1282468762496,0,background
9431,nagaland,25.56446820226834,94.68848595070392,0,background
9432,nagaland,25.643812812497316,94.64143539054511,0,background
9433,nagaland,26.483332905302674,94.27375178887337,0,background
9434,nagaland,26.563124520458643,94.6029376490841,0,background
9435,nagaland,26.886955560152742,95.1678117835182,0,background
9436,nagaland,26.547501041236398,94.6024771413288,0,background
9437,nagaland,26.137362485230604,94.71518280569047,0,background
9438,nagaland,26.642406117171724,94.87125826697574,0,background
9439,nagaland,26.365981207061473,94.17948444379047,0,background
9440,nagaland,25.352515360739325,93.49812651012536,0,background
9441,nagaland,26.07254851991472,94.81286656208609,0,background
9442,nagaland,26.82742535295471,95.13266438178518,0,background
9443,nagaland,25.935087327516076,95.04120228887824,0,background
9444,nagaland,26.47362957683637,94.73980921838924,0,background
9445,nagaland,26.672239159514223,94.85295533895116,0,background
9446,nagaland,25.54784063688379,93.57625125140605,0,background
9447,nagaland,26.449596001563638,94.24740710213635,0,background
9448,nagaland,25.615319181565194,93.64841618690015,0,background
9449,nagaland,25.374061630901764,93.67684524034972,0,background
9450,nagaland,26.373420137621363,94.77610425239114,0,background
9451,nagaland,26.493654364735796,95.0579981546881,0,background
9452,nagaland,25.38700274459019,93.72475260803253,0,background
9453,nagaland,25.57579953649349,93.43979956749257,0,background
9454,nagaland,25.673343346810917,93.57058639808886,0,background
9455,nagaland,25.800903196324214,95.04318477678169,0,background
9456,nagaland,26.010880516130303,94.99342579272513,0,background
9457,nagaland,25.45706188683587,93.56445379780556,0,background
9458,nagaland,26.87099562092956,95.16476757462301,0,background
9459,nagaland,25.93642497345904,94.93707408331458,0,background
9460,nagaland,25.75666915521032,93.60311535153623,0,background
9461,nagaland,26.592002511412947,94.89607638922982,0,background
9462,nagaland,26.887536078395634,94.90725162444053,0,background
9463,nagaland,26.61144548844853,94.86535701871641,0,background
9464,nagaland,25.617099815940026,93.60593053919162,0,background
9465,nagaland,26.768676460353078,94.7668973513096,0,background
9466,nagaland,25.379898590161122,93.6357134088003,0,background
9467,nagaland,25.66313638168597,94.63122310775245,0,background
9468,nagaland,26.73684392111111,94.77776680241733,0,background
9469,nagaland,26.92811257791065,95.16563349891814,0,background
9470,nagaland,25.6465003730425,93.58862473632597,0,background
9471,nagaland,26.94414995143923,95.15448704906389,0,background
9472,nagaland,25.352535413818227,93.52316180815767,0,background
9473,nagaland,25.57127397169392,93.57413674734327,0,background
9474,nagaland,26.809190903036725,95.17083599270012,0,background
9475,nagaland,26.582877240331644,94.83058208254187,0,background
9476,nagaland,25.543557762066584,93.42482951726402,0,background
9477,nagaland,26.07769241520164,94.94217208330844,0,background
9478,nagaland,25.912364932893997,93.78303131274096,0,background
9479,nagaland,26.039894665652167,94.12116086105712,0,background
9480,nagaland,26.681049202714835,94.80326327601409,0,background
9481,nagaland,25.82401886883367,93.74378543125192,0,background
9482,nagaland,25.690511947782127,94.91497689424301,0,background
9483,nagaland,25.709583221508744,94.9745500340515,0,background
9484,nagaland,25.96133302235181,94.89823947647359,0,background
9485,nagaland,26.880390383010894,94.95924233718506,0,background
9486,nagaland,25.61246007064214,93.60009293699093,0,background
9487,nagaland,26.34454129173733,95.10930535273289,0,background
9488,nagaland,26.15404254036544,94.71582125264855,0,background
9489,nagaland,26.029068088039843,94.70144988902977,0,background
9490,nagaland,25.680011839303585,94.89545261379655,0,background
9491,nagaland,26.377166413249007,95.1068885733649,0,background
9492,nagaland,26.552032902433016,94.58360286250462,0,background
9493,nagaland,25.807531116590493,94.66563398286526,0,background
9494,nagaland,26.78064519732722,95.1941541671651,0,background
9495,nagaland,26.0263830840982,94.77643095772545,0,background
9496,nagaland,26.54042744803263,94.26623704868248,0,background
9497,nagaland,25.53519759348753,93.56744517644128,0,background
9498,nagaland,26.443498480626854,94.19499186812254,0,background
9499,nagaland,26.89780619883532,94.95157473236557,0,background
9500,nagaland,26.851212191031617,94.88671198912645,0,background
9501,nagaland,26.093406621069768,94.95738253788062,0,background
9502,nagaland,25.476207526809326,93.5430423308154,0,background
9503,nagaland,25.41576151692166,93.68469022432609,0,background
9504,nagaland,26.931448877185684,95.06356892957176,0,background
9505,nagaland,25.281217766237955,93.56233391550742,0,background
9506,nagaland,25.67237944771138,94.9366780849464,0,background
9507,nagaland,26.743574969047245,94.8924642924989,0,background
9508,nagaland,25.867475694609286,93.92487193358171,0,background
9509,nagaland,26.89497894260694,94.92378719342972,0,background
9510,nagaland,26.795071501927023,95.2077118424319,0,background
9511,nagaland,25.450160009131025,93.59039635385189,0,background
9512,nagaland,26.070683081685896,94.7921426146838,0,background
9513,nagaland,25.84459884858187,93.86463267643117,0,background
9514,nagaland,25.90955227723844,95.01912163657168,0,background
9515,nagaland,25.57732579320814,94.70720680191789,0,background
9516,nagaland,25.64850841336551,93.64932887588665,0,background
9517,nagaland,25.6869768422762,94.9240397827191,0,background
9518,nagaland,26.79023053636476,94.78477236883784,0,background
9519,nagaland,25.55273035841933,94.09107451442884,0,background
9520,nagaland,26.130009809029147,94.68061117682144,0,background
9521,nagaland,25.687327905711413,94.66529074185462,0,background
9522,nagaland,25.6500106931039,93.58365659376629,0,background
9523,nagaland,25.441851795366613,93.52016841726764,0,background
9524,nagaland,26.02787810394572,95.13994524206993,0,background
9525,nagaland,26.2917802047458,95.0224439710087,0,background
9526,nagaland,26.074601437276183,95.17337348462816,0,background
9527,nagaland,25.607664149538994,94.685920478605,0,background
9528,nagaland,25.98743634545203,94.98870628422121,0,background
9529,nagaland,26.861858851131245,94.99733222869627,0,background
9530,nagaland,25.987405359997886,95.10655883997738,0,background
9531,nagaland,26.44534597711357,94.58196686691092,0,background
9532,nagaland,26.776199865866236,95.17272450810299,0,background
9533,nagaland,25.608205972215945,93.6101981689215,0,background
9534,nagaland,26.18604327593825,94.3560491736907,0,background
9535,nagaland,25.597376104441764,93.52499585343855,0,background
9536,nagaland,26.117659858578413,94.8149671892646,0,background
9537,nagaland,25.541354546732066,93.59268619284803,0,background
9538,nagaland,26.885090455768257,94.86006004772719,0,background
9539,nagaland,26.511785753150928,94.27433510633873,0,background
9540,nagaland,26.070386151174446,94.15719437447117,0,background
9541,nagaland,25.61398222784789,93.57418449031414,0,background
9542,nagaland,25.686862488941586,94.63621213308188,0,background
9543,nagaland,26.0687398043882,94.67769638144703,0,background
9544,nagaland,25.260094352622932,93.54008371818459,0,background
9545,nagaland,26.041420689202134,94.77247150158277,0,background
9546,nagaland,26.869990362421095,94.97081797802514,0,background
9547,nagaland,26.91515770462254,94.90642704202887,0,background
9548,nagaland,26.839714679698105,95.18523627847306,0,background
9549,nagaland,26.257758747522406,94.32415959164085,0,background
9550,nagaland,25.45559280906773,93.55645647634171,0,background
9551,nagaland,26.058227027775942,94.94600759745673,0,background
9552,nagaland,25.537923038100498,93.55152503675504,0,background
9553,nagaland,25.63053168472135,93.60292335969307,0,background
9554,nagaland,26.581904658799587,94.88242348375752,0,background
9555,nagaland,26.848309435416777,94.96529270246093,0,background
9556,nagaland,26.639324406598238,94.83636355654568,0,background
9557,nagaland,25.439197232201135,93.69329966908751,0,background
9558,nagaland,26.688053675198624,94.94992418752845,0,background
9559,nagaland,25.98144509122107,94.95245630378001,0,background
9560,nagaland,26.09007164961998,94.80924736409958,0,background
9561,nagaland,26.90467462248862,95.02626209998327,0,background
9562,nagaland,26.108772305280773,94.93120141405502,0,background
9563,nagaland,25.76069393054995,95.0005224540871,0,background
9564,nagaland,26.051470384277458,94.91468925595012,0,background
9565,nagaland,26.38802749036243,94.2431479490795,0,background
9566,nagaland,25.70557541977073,94.93257220056536,0,background
9567,nagaland,25.6239930759005,94.67450479334744,0,background
9568,nagaland,25.580143673231934,94.70750154662105,0,background
9569,nagaland,25.5186969493611,93.35760111941944,0,background
9570,nagaland,25.723526168608565,93.54560699460943,0,background
9571,nagaland,26.889131003153487,95.18084669752452,0,background
9572,nagaland,26.582374570451876,94.88771955033694,0,background
9573,nagaland,25.35443607896216,93.62963616821497,0,background
9574,nagaland,26.426840052239285,94.24638381395582,0,background
9575,nagaland,26.010061069968504,94.93589809120107,0,background
9576,nagaland,26.058454435390278,94.91461560665635,0,background
9577,nagaland,25.862615002598723,93.76418762770929,0,background
9578,nagaland,26.398382953867262,94.17818007442484,0,background
9579,nagaland,25.697498402578866,94.66159869273756,0,background
9580,nagaland,25.837045257630457,93.9231122770374,0,background
9581,nagaland,26.764869142003658,95.18193174525959,0,background
9582,nagaland,25.899976034650525,93.74679343309886,0,background
9583,nagaland,25.73631700611258,94.90582521251821,0,background
9584,nagaland,25.684414125907857,93.57563491538366,0,background
9585,nagaland,25.389129589202103,93.65599637734424,0,background
9586,nagaland,26.49454379397003,95.02076804210645,0,background
9587,nagaland,25.474430049142203,94.7084247267697,0,background
9588,nagaland,26.93206679335431,95.12351101011839,0,background
9589,nagaland,25.83998065892052,93.93211224244276,0,background
9590,nagaland,25.670488068567067,93.61378922231789,0,background
9591,nagaland,26.32286371948272,95.063889323008,0,background
9592,nagaland,25.552467091907832,93.5289806299386,0,background
9593,nagaland,26.82872420287745,94.87668410062997,0,background
9594,nagaland,25.97577450568938,94.93662706770726,0,background
9595,nagaland,25.66335897523723,94.88953774289429,0,background
9596,nagaland,25.54602330049207,93.36434817631356,0,background
9597,nagaland,26.09037610200894,94.9131224243385,0,background
9598,nagaland,26.05588071407138,94.77261380240951,0,background
9599,nagaland,26.484977841740825,94.91606585155284,0,background
9600,nagaland,25.6578244587947,93.65458528261082,0,background
9601,nagaland,25.391856559044548,93.7318581406862,0,background
9602,nagaland,25.99255174838361,94.94199905800095,0,background
9603,nagaland,26.51308985468906,94.89572041299759,0,background
9604,nagaland,26.944409172169184,95.07196464615117,0,background
9605,nagaland,25.97814011060413,94.91102674437796,0,background
9606,nagaland,26.520973926774737,94.90063255963433,0,background
9607,nagaland,25.790717755332153,93.68163386632578,0,background
9608,nagaland,26.964215972829432,95.11109517785378,0,background
9609,nagaland,26.940239729175126,95.15289805341057,0,background
9610,nagaland,25.663881829372837,93.77257476965136,0,background
9611,nagaland,25.586679424155182,93.57642484340614,0,background
9612,nagaland,26.181375549148356,94.96267384956316,0,background
9613,nagaland,25.968010634701876,94.87325073701058,0,background
9614,nagaland,25.55405108608356,93.46223894071778,0,background
9615,nagaland,26.048442776121735,94.73460786947264,0,background
9616,nagaland,26.085870359114793,94.96577317403735,0,background
9617,nagaland,26.544142269947816,94.6166688918846,0,background
9618,nagaland,26.56206949946651,94.60743131940418,0,background
9619,nagaland,25.4199576885463,93.58185295827693,0,background
9620,nagaland,26.806581238509295,94.90050840946896,0,background
9621,nagaland,26.009107335599744,95.13629015396839,0,background
9622,nagaland,25.71689634039007,94.9581695347453,0,background
9623,nagaland,25.707063652928923,93.63188045285794,0,background
9624,nagaland,25.55189535794069,94.71492572530516,0,background
9625,nagaland,26.859892831791534,94.89463540475951,0,background
9626,nagaland,25.506813841362185,93.57801615394126,0,background
9627,nagaland,26.62610574412005,94.8462333919291,0,background
9628,nagaland,26.348224998295727,95.0595603769924,0,background
9629,nagaland,26.429262311614973,94.2753815919873,0,background
9630,nagaland,26.799917287166586,95.15650855428831,0,background
9631,nagaland,26.453744011805696,94.7421029966305,0,background
9632,nagaland,26.030232009471447,94.12706080554359,0,background
9633,nagaland,25.479347858759066,93.56302621730643,0,background
9634,nagaland,25.68395635580003,94.9261283348888,0,background
9635,nagaland,26.446999919282856,94.2217923136546,0,background
9636,nagaland,26.816192308182384,94.82936687187623,0,background
9637,nagaland,25.49871377437375,94.75057214020423,0,background
9638,nagaland,26.9236738534964,95.11245695895717,0,background
9639,nagaland,26.075639072996193,95.1741830581634,0,background
9640,nagaland,25.89646423580408,93.72857302375269,0,background
9641,nagaland,25.969834144601368,94.9667926268035,0,background
9642,nagaland,26.359086254444634,94.23654693508406,0,background
9643,nagaland,25.674787050672222,94.64591250468048,0,background
9644,nagaland,26.330942260607305,95.0719369352212,0,background
9645,nagaland,26.030122345088138,94.7086781744881,0,background
9646,nagaland,26.55863150535943,94.89408600160303,0,background
9647,nagaland,25.4763485251671,94.61223374602696,0,background
9648,nagaland,25.532448459859346,93.51965375077641,0,background
9649,nagaland,26.646833943797944,94.81973767061706,0,background
9650,nagaland,26.028654626551823,94.75844298730087,0,background
9651,nagaland,25.46984539220171,93.78488796102229,0,background
9652,nagaland,25.592345674808467,93.39069126742893,0,background
9653,nagaland,26.35091852740431,95.09380438217256,0,background
9654,nagaland,25.727899095954957,93.85260722505026,0,background
9655,nagaland,26.61826968808835,94.89213675891612,0,background
9656,nagaland,26.16580161916863,94.7601186000459,0,background
9657,nagaland,25.99992298261987,94.9660491406327,0,background
9658,nagaland,26.406210409563148,94.26378013306375,0,background
9659,nagaland,26.908920536941604,94.9937085191801,0,background
9660,nagaland,26.421231066730012,94.18006483046318,0,background
9661,nagaland,26.818389935878557,94.89735887949251,0,background
9662,nagaland,25.746386338347836,93.61522690600556,0,background
9663,nagaland,25.793159703305957,93.67296406490223,0,background
9664,nagaland,26.76355769604262,94.90543917399717,0,background
9665,nagaland,25.40889387024555,93.62274867998957,0,background
9666,nagaland,26.755072969841073,95.19524460169886,0,background
9667,nagaland,26.030317647688737,95.14431259510025,0,background
9668,nagaland,25.72820209324541,94.9905778435619,0,background
9669,nagaland,26.95343757301521,95.11460231485906,0,background
9670,nagaland,25.54167755635897,93.57963327816752,0,background
9671,nagaland,26.895541457027296,94.9504623557833,0,background
9672,nagaland,25.728402849303517,94.9513490832933,0,background
9673,nagaland,25.551719861666694,93.595685095008,0,background
9674,nagaland,25.959626727338442,95.03226253879174,0,background
9675,nagaland,25.524713991852195,94.82101423081198,0,background
9676,nagaland,26.83530859074016,95.16456755837142,0,background
9677,nagaland,26.0404505734676,94.94981940079744,0,background
9678,nagaland,26.491255353628983,94.97055870456417,0,background
9679,nagaland,26.90391360166356,94.8818366657141,0,background
9680,nagaland,25.555376591991052,93.45589932699036,0,background
9681,nagaland,26.305879629133862,94.69856487997815,0,background
9682,nagaland,25.95682658693112,94.3752054234349,0,background
9683,nagaland,26.431500711340746,94.30698068326335,0,background
9684,nagaland,26.933427298823798,94.92109637632812,0,background
9685,nagaland,25.42681819270089,93.61189773478581,0,background
9686,nagaland,26.838502781597615,94.970464243153,0,background
9687,nagaland,26.392077905117347,94.77373420195079,0,background
9688,nagaland,25.54999161843664,93.42161449435358,0,background
9689,nagaland,26.684490934108336,94.87052734458,0,background
9690,nagaland,26.951614437457028,95.1434138640321,0,background
9691,nagaland,25.599967099252503,94.67237581614047,0,background
9692,nagaland,26.89337833552973,94.90389826734307,0,background
9693,nagaland,25.8431888155002,93.76212535001038,0,background
9694,nagaland,26.909967471822615,94.88817923888871,0,background
9695,nagaland,26.893877557592017,95.10712948860237,0,background
9696,nagaland,26.832813274674233,95.18950981888977,0,background
9697,nagaland,25.62175843248166,93.48510305516847,0,background
9698,nagaland,25.59782598786358,93.44848097049541,0,background
9699,nagaland,26.13541561620788,94.45214858215252,0,background
9700,nagaland,26.493095361746004,94.60662125548033,0,background
9701,nagaland,25.652228987236633,93.4902575944555,0,background
9702,nagaland,25.505945872333704,93.61663149016267,0,background
9703,nagaland,26.83691277414302,94.9576017614513,0,background
9704,nagaland,25.991277335531475,94.91718060551531,0,background
9705,nagaland,26.502217182385646,94.89745062935665,0,background
9706,nagaland,26.492020094483472,94.22325452895004,0,background
9707,nagaland,26.209730112754173,94.73626715690463,0,background
9708,nagaland,26.030997631684965,95.12400282669373,0,background
9709,nagaland,26.919769638410962,94.99057964801274,0,background
9710,nagaland,26.862716411885263,95.03219949572834,0,background
9711,nagaland,26.6496219106624,94.87540605365479,0,background
9712,nagaland,26.734949460675217,94.89043788668874,0,background
9713,nagaland,26.889797217837838,95.12736342144662,0,background
9714,nagaland,26.897861153940124,95.1603651756752,0,background
9715,nagaland,25.780723916563765,93.62337582584158,0,background
9716,nagaland,26.04190246436034,94.72266868752257,0,background
9717,nagaland,26.544248055050915,94.49930674550077,0,background
9718,nagaland,26.827659676982865,95.1584111454985,0,background
9719,nagaland,25.548629224180104,93.35131766099364,0,background
9720,nagaland,25.86142381447201,93.76742558101792,0,background
9721,nagaland,25.71716135574134,93.61097773604747,0,background
9722,nagaland,26.820725967633813,94.8374800615526,0,background
9723,nagaland,26.803816304333306,94.92618775635418,0,background
9724,nagaland,26.856888112092907,94.87457765393172,0,background
9725,nagaland,26.76480656037798,95.20308021667094,0,background
9726,nagaland,26.328532452942188,95.11818665653807,0,background
9727,nagaland,26.27232867553806,94.99042420166548,0,background
9728,nagaland,26.540745266434683,94.61648409663299,0,background
9729,nagaland,25.38337271896794,93.71878252345833,0,background
9730,nagaland,25.361883238320775,93.64248933023391,0,background
9731,nagaland,25.672269456962677,93.54331623053827,0,background
9732,nagaland,25.80503212951393,94.6325829563562,0,background
9733,nagaland,25.484926056347728,94.60849414216914,0,background
9734,nagaland,26.448228789256735,94.26324993271174,0,background
9735,nagaland,26.805815863630073,95.14754348414863,0,background
9736,nagaland,25.474542107954445,94.6142103545072,0,background
9737,nagaland,26.804051200277403,94.87394916743648,0,background
9738,nagaland,26.499781714601095,94.90030584295233,0,background
9739,nagaland,26.322226244800174,94.18647190849848,0,background
9740,nagaland,25.533516597753007,93.60216242360401,0,background
9741,nagaland,25.397115757865844,93.62946569427288,0,background
9742,nagaland,26.811680603254516,94.93496757029835,0,background
9743,nagaland,26.323066160883943,95.06723736392851,0,background
9744,nagaland,26.817281144454675,95.18833694505761,0,background
9745,nagaland,25.749987101885782,95.02490530725682,0,background
9746,nagaland,26.912091018727317,95.07745146724619,0,background
9747,nagaland,25.700917255991033,93.86563181601662,0,background
9748,nagaland,25.40964396564775,93.57742555559706,0,background
9749,nagaland,25.73763104060952,94.99463719277142,0,background
9750,nagaland,25.582030491615825,93.57125687153565,0,background
9751,nagaland,26.364379304537703,94.21969520231802,0,background
9752,nagaland,25.656833060595407,93.74814582912678,0,background
9753,nagaland,26.476311433280046,94.28155112401205,0,background
9754,nagaland,25.555299180996908,93.60365079292512,0,background
9755,nagaland,26.408070244184028,94.76731478212199,0,background
9756,nagaland,26.156516280056668,94.70590013197804,0,background
9757,nagaland,25.680257673667075,94.94397550262536,0,background
9758,nagaland,25.53870339811045,94.82264403960129,0,background
9759,nagaland,25.784910249264584,95.02431673612759,0,background
9760,nagaland,25.803648170966564,95.03723754519952,0,background
9761,nagaland,26.91009042374299,94.96608036380245,0,background
9762,nagaland,25.705776262526634,93.5854230764285,0,background
9763,nagaland,25.74212052382391,93.57766275576661,0,background
9764,nagaland,25.46637668560806,93.5927295932278,0,background
9765,nagaland,26.888361438437606,95.18245957923057,0,background
9766,nagaland,25.56955288451947,93.61530391303191,0,background
9767,nagaland,25.396802775648432,93.64220468693182,0,background
9768,nagaland,26.335085461938636,95.0967953879544,0,background
9769,nagaland,25.645520093932635,93.76168383896125,0,background
9770,nagaland,25.555165561631785,93.54790230865618,0,background
9771,nagaland,26.511640317561152,95.00908399294347,0,background
9772,nagaland,26.116784089498285,94.9719372480053,0,background
9773,nagaland,25.430407836300212,93.60164351893506,0,background
9774,nagaland,26.052028917775324,95.14326202719324,0,background
9775,nagaland,26.77777446489886,95.17699167890137,0,background
9776,nagaland,26.86204444454647,94.93974349506466,0,background
9777,nagaland,25.524886486851525,93.43428484067422,0,background
9778,nagaland,25.67349096038314,94.62610520307813,0,background
9779,nagaland,25.487902428704793,93.60811454977231,0,background
9780,nagaland,26.24813468262733,94.3250561429274,0,background
9781,nagaland,25.627857620404182,93.52986996911324,0,background
9782,nagaland,25.547530781437697,93.52532978120709,0,background
9783,nagaland,25.945398507816808,95.06671749145423,0,background
9784,nagaland,26.1514552600701,94.68669007071182,0,background
9785,nagaland,25.727875154637708,94.93150837434138,0,background
9786,nagaland,25.481911913785876,94.78050994338041,0,background
9787,nagaland,26.10692497448431,94.93264104740531,0,background
9788,nagaland,26.92794129613019,95.18660440340837,0,background
9789,nagaland,26.70175287341243,94.90676611970899,0,background
9790,nagaland,25.668202154957363,93.79307547352947,0,background
9791,nagaland,25.792848549789706,95.03736880376333,0,background
9792,nagaland,26.81577648734652,94.94740891962098,0,background
9793,nagaland,26.899733626291063,95.15688630720834,0,background
9794,nagaland,25.523415505882188,93.36480263917633,0,background
9795,nagaland,25.55962701323481,93.4109937637828,0,background
9796,nagaland,26.03985634344152,94.75376578366807,0,background
9797,nagaland,25.722286972348734,94.97834769577743,0,background
9798,nagaland,26.173453042496703,94.72607657429477,0,background
9799,nagaland,26.67870970362236,94.85373672852862,0,background
9800,nagaland,25.724184853105378,93.5652411692582,0,background
9801,nagaland,26.92397447216849,94.88903065195314,0,background
9802,nagaland,26.5900154028819,94.59287806871687,0,background
9803,nagaland,25.622854460393665,93.47479152707514,0,background
9804,nagaland,26.910567246936015,95.14059431137798,0,background
9805,nagaland,26.853876423877132,94.82579921414309,0,background
9806,nagaland,25.605264859877863,94.67099298106282,0,background
9807,nagaland,26.93504989217967,95.06546178576222,0,background
9808,nagaland,26.84946879405437,94.93265179488029,0,background
9809,nagaland,26.585769981557057,94.89232524588095,0,background
9810,nagaland,26.359323786872206,94.3407865793052,0,background
9811,nagaland,25.906056155358595,95.01427331748737,0,background
9812,nagaland,26.109550604100985,94.93071263715814,0,background
9813,nagaland,26.009397607167045,94.95536565222073,0,background
9814,nagaland,26.834684320730318,95.13327445574413,0,background
9815,nagaland,25.60008699456017,93.44968589881584,0,background
9816,nagaland,25.6694780721617,93.60880295586169,0,background
9817,nagaland,26.757201314217703,95.20009712368382,0,background
9818,nagaland,26.302318347513392,94.68657109243813,0,background
9819,nagaland,25.53413325102361,93.41878362587656,0,background
9820,nagaland,26.03766841740537,94.79584227955168,0,background
9821,nagaland,25.943299891998198,94.91468934953105,0,background
9822,nagaland,26.509844913025614,94.99461409511439,0,background
9823,nagaland,26.4697652739841,94.24106428909622,0,background
9824,nagaland,26.52508022669344,94.72927784172003,0,background
9825,nagaland,25.722127930871313,94.94756746341,0,background
9826,nagaland,25.71426402386416,94.98536939718097,0,background
9827,nagaland,26.421601333503766,94.26816914613875,0,background
9828,nagaland,26.910077638458706,95.06314361157021,0,background
9829,nagaland,26.970780512495704,95.19729261296541,0,background
9830,nagaland,26.311223460576215,94.68993023240755,0,background
9831,nagaland,25.483106626031933,93.58513941730325,0,background
9832,nagaland,25.543043876811435,93.60058713150127,0,background
9833,nagaland,26.50549722232638,94.6012702802083,0,background
9834,nagaland,25.63609520147381,94.66674864657463,0,background
9835,nagaland,25.987465868637745,94.08595994367981,0,background
9836,nagaland,26.9931184969167,95.16559097837919,0,background
9837,nagaland,26.986245079781597,95.16276291450383,0,background
9838,nagaland,25.970485711304523,94.37567967695294,0,background
9839,nagaland,26.05161268891241,94.94544825432037,0,background
9840,nagaland,26.92846777294046,95.16693097937691,0,background
9841,nagaland,26.56783204812004,94.61278984476289,0,background
9842,nagaland,25.64175486360239,93.48306555152504,0,background
9843,nagaland,25.599315725565408,93.51482539339706,0,background
9844,nagaland,25.81366937002891,94.59220212366584,0,background
9845,nagaland,26.911351779183192,95.16004942622868,0,background
9846,nagaland,26.483015068852396,94.21857195183372,0,background
9847,nagaland,26.915419687914273,94.96589035008348,0,background
9848,nagaland,25.8783517001353,93.7636779179902,0,background
9849,nagaland,25.714470781949395,94.9784377875061,0,background
9850,nagaland,26.49310508714867,95.0214666199423,0,background
9851,nagaland,25.952605674843632,95.06291131754213,0,background
9852,nagaland,26.54490639569594,94.27818150114544,0,background
9853,nagaland,26.845419511875374,94.8797169610362,0,background
9854,nagaland,26.070017698511855,94.70827185371026,0,background
9855,nagaland,25.518316308168025,93.55597307244496,0,background
9856,nagaland,26.88673438572139,95.00367839922957,0,background
9857,nagaland,26.75900232615828,95.2173322499789,0,background
9858,nagaland,26.95881208822934,95.17550304397693,0,background
9859,nagaland,26.878707970171245,94.90079304857629,0,background
9860,nagaland,26.350049535858385,95.11387129492745,0,background
9861,nagaland,25.37149848910325,93.6630653541303,0,background
9862,nagaland,26.438117405610907,94.49700082588987,0,background
9863,nagaland,25.935359739380242,94.88349312152873,0,background
9864,nagaland,25.72516889916958,94.95653365425292,0,background
9865,nagaland,26.36015778488006,94.22461230708109,0,background
9866,nagaland,25.433567193334014,93.6350854640013,0,background
9867,nagaland,25.47856778175104,93.5614751588462,0,background
9868,nagaland,26.01468564668932,94.94766368589862,0,background
9869,nagaland,25.53278531869385,93.37226611653766,0,background
9870,nagaland,25.660014734468948,93.55799940900964,0,background
9871,nagaland,25.971200395821228,94.99348850789413,0,background
9872,nagaland,25.59350428567524,93.46947875035143,0,background
9873,nagaland,25.5728234982211,93.60667080097176,0,background
9874,nagaland,26.891140424862854,95.00748077808261,0,background
9875,nagaland,26.830901323101678,94.89252546334106,0,background
9876,nagaland,25.36624947281718,93.62242737327318,0,background
9877,nagaland,26.64986253972277,94.7956812509964,0,background
9878,nagaland,26.677554788672907,94.8446173135621,0,background
9879,nagaland,26.434944001748025,94.51499009180701,0,background
9880,nagaland,25.534925021324543,93.6064226631725,0,background
9881,nagaland,25.679513346445958,94.62706613049146,0,background
9882,nagaland,25.516239121641373,93.37307724888342,0,background
9883,nagaland,26.801628594716327,95.14704371036953,0,background
9884,nagaland,26.96818598342436,95.16934570864271,0,background
9885,nagaland,25.708894996638637,94.88473348435421,0,background
9886,nagaland,25.581872706279743,93.60107330395708,0,background
9887,nagaland,26.95311572748388,95.1674069684075,0,background
9888,nagaland,26.933194889846,95.14247728687457,0,background
9889,nagaland,25.28378203508059,93.56450516492592,0,background
9890,nagaland,25.39934884396219,93.62233660273196,0,background
9891,nagaland,26.65548188410448,94.86786126638603,0,background
9892,nagaland,26.3828525138928,94.1997479784216,0,background
9893,nagaland,25.721983633006605,94.95767557496723,0,background
9894,nagaland,25.801163045845176,93.64099321483579,0,background
9895,nagaland,26.963488505866657,95.11130710206444,0,background
9896,nagaland,25.610332287963043,93.58830035149239,0,background
9897,nagaland,26.321363008311604,95.04244591493614,0,background
9898,nagaland,25.632754555138373,94.66282487810447,0,background
9899,nagaland,25.52581453772283,93.41466953641388,0,background
9900,nagaland,26.757310109668722,94.88705949051227,0,background
9901,nagaland,27.000707501978784,95.1605141236969,0,background
9902,nagaland,26.15316515934448,94.72532537342762,0,background
9903,nagaland,26.463908785584163,94.71537673715746,0,background
9904,nagaland,26.785676812497066,94.90505719659957,0,background
9905,nagaland,26.55201441428974,94.88722294765905,0,background
9906,nagaland,26.913214056714626,94.98872437693643,0,background
9907,nagaland,26.01874023291706,94.79816644518446,0,background
9908,nagaland,25.956990741699993,94.89832241202511,0,background
9909,nagaland,25.601214641159814,93.64593138695493,0,background
9910,nagaland,25.939487707621616,94.8931357966515,0,background
9911,nagaland,26.4389884056581,94.25907547130474,0,background
9912,nagaland,26.4845078069612,94.7440040109683,0,background
9913,nagaland,26.659190825189263,94.79670060721526,0,background
9914,nagaland,25.552665383004967,94.70933203866824,0,background
9915,nagaland,27.00076227184289,95.17588104577283,0,background
9916,nagaland,25.400792613243674,93.70473789684793,0,background
9917,nagaland,25.441836520670517,93.57823465018942,0,background
9918,nagaland,26.472377217848322,94.2453714384136,0,background
9919,nagaland,26.946355638119584,95.0806242226166,0,background
9920,nagaland,25.37787679886817,93.65513443902806,0,background
9921,nagaland,25.598410338292027,93.56503721127756,0,background
9922,nagaland,26.790593876728796,94.78727709446773,0,background
9923,nagaland,26.553318978051337,94.61716045476287,0,background
9924,nagaland,26.852974756926308,94.93160825750056,0,background
9925,nagaland,26.87834050179963,94.9849527972796,0,background
9926,nagaland,25.75210851649911,93.63054392630272,0,background
9927,nagaland,26.119131183123,94.8083390748366,0,background
9928,nagaland,25.582631108849906,93.64467579168084,0,background
9929,nagaland,25.61391489356431,93.45833938657954,0,background
9930,nagaland,25.7325047215493,93.59458918816078,0,background
9931,nagaland,25.70427076865708,93.82797905670749,0,background
9932,nagaland,25.725700889371325,93.56056714990184,0,background
9933,nagaland,26.908421290567926,95.17694136968042,0,background
9934,nagaland,25.617123593470144,94.67532569593853,0,background
9935,nagaland,26.542504483502455,94.61897303221657,0,background
9936,nagaland,25.519421476012006,94.72009412495318,0,background
9937,nagaland,25.634451892158747,93.60462202588558,0,background
9938,nagaland,25.688153514676277,94.64216475820396,0,background
9939,nagaland,25.990899586030398,95.09633975541048,0,background
9940,nagaland,25.577086449841623,93.58802820717861,0,background
9941,nagaland,26.93505622837765,95.06150429791033,0,background
9942,nagaland,26.030213391456787,94.91651643814183,0,background
9943,nagaland,26.763452465840004,94.75313084014151,0,background
9944,nagaland,26.83910386108292,94.96047581485492,0,background
9945,nagaland,26.392955576552176,94.23181601560212,0,background
9946,nagaland,26.331613336970616,94.21376984259108,0,background
9947,nagaland,25.638496892959743,93.8005086969961,0,background
9948,nagaland,25.48495355498348,93.5929963707328,0,background
9949,nagaland,25.48038767008532,94.74043770543715,0,background
9950,nagaland,25.539070819968952,93.52324381085994,0,background
9951,nagaland,26.0935001224263,94.91146282620662,0,background
9952,nagaland,26.41332456420406,94.78291549041151,0,background
9953,nagaland,26.882245846272006,94.98066030145618,0,background
9954,nagaland,26.472095103693555,94.24209020474605,0,background
9955,nagaland,26.02672729237457,94.80216466073924,0,background
9956,nagaland,26.17073137922668,94.35525941684176,0,background
9957,nagaland,25.75250860851106,93.59443497185244,0,background
9958,nagaland,26.9215463520259,95.10114809890604,0,background
9959,nagaland,26.370774989548195,94.18995380687805,0,background
9960,nagaland,25.543069483801307,93.52726614503025,0,background
9961,nagaland,26.056914773794624,94.9115840067266,0,background
9962,nagaland,25.484333142530698,94.77169473948582,0,background
9963,nagaland,25.70070653341487,94.87764525489406,0,background
9964,nagaland,25.512856159032626,93.41307983306515,0,background
9965,nagaland,26.577458754024143,94.88128998347752,0,background
9966,nagaland,26.466201528524163,94.93331721174495,0,background
9967,nagaland,25.737722601288457,93.59553491144553,0,background
9968,nagaland,26.856682967832896,94.92342994142581,0,background
9969,nagaland,26.059864541169254,94.78524550696409,0,background
9970,nagaland,25.592187079165466,93.42443923469182,0,background
9971,nagaland,25.976660673085078,94.88831930950059,0,background
9972,nagaland,26.12063521771081,94.8202141893213,0,background
9973,nagaland,25.705414218577058,93.55733877912317,0,background
9974,nagaland,27.006389798604197,95.16166162764304,0,background
9975,nagaland,26.676033395977182,94.86755169294263,0,background
9976,nagaland,25.421180353085546,93.58646050051979,0,background
9977,nagaland,26.437789716246424,94.19046935848453,0,background
9978,nagaland,26.86158750978396,95.13798847187587,0,background
9979,nagaland,25.68472937005663,93.54652807273948,0,background
9980,nagaland,26.8342932140252,95.12523501681551,0,background
9981,nagaland,25.94958123666211,95.0772992389931,0,background
9982,nagaland,25.614707591950854,93.55979911284676,0,background
9983,nagaland,25.41875682673376,93.63068191768865,0,background
9984,nagaland,25.654606926582403,93.58116363405352,0,background
9985,nagaland,25.546655425897725,93.35945852447207,0,background
9986,nagaland,26.47965845218225,94.93350137668767,0,background
9987,nagaland,26.396002221136726,94.25740447729308,0,background
9988,nagaland,25.74770864541425,93.61678040940443,0,background
9989,nagaland,25.62057909153895,93.50622420455731,0,background
9990,nagaland,25.979714224007616,95.11024041003469,0,background
9991,nagaland,26.352619942250218,94.33959706655048,0,background
9992,nagaland,26.502796586005136,95.03829023727421,0,background
9993,nagaland,26.92104192039142,95.06464911108617,0,background
9994,nagaland,25.823654537553622,95.0280239598121,0,background
9995,nagaland,25.544556354550732,93.5392708582277,0,background
9996,nagaland,25.540859441414344,93.57627936972325,0,background
9997,nagaland,26.99031069111579,95.18579685753693,0,background
9998,nagaland,26.005825471705283,95.0196668296944,0,background
9999,nagaland,25.91407064135795,95.01307263885454,0,background
10000,nagaland,26.622935861609573,94.87327880498235,0,background
10001,nagaland,26.172210614558548,94.75253604719268,0,background
10002,nagaland,25.996019529835042,94.89780758628808,0,background
10003,nagaland,26.380770056853766,94.23107276411102,0,background
10004,nagaland,25.839123450019777,93.86568423122642,0,background
10005,nagaland,26.486580268190746,94.92815808953418,0,background
10006,nagaland,26.484509142742006,94.26153831565043,0,background
10007,nagaland,26.548370593313685,94.62513432706785,0,background
10008,nagaland,26.46342608436559,94.58946949755303,0,background
10009,nagaland,26.638945571768378,94.56831774569092,0,background
10010,nagaland,25.941762064493027,94.36545387620734,0,background
10011,nagaland,26.878415723260037,95.14223255754371,0,background
10012,nagaland,26.023232852254427,94.75671064258403,0,background
10013,nagaland,26.817825368627343,95.15637157628736,0,background
10014,nagaland,26.813344895507424,95.18525505354422,0,background
10015,nagaland,26.851874180287233,94.83973574666702,0,background
10016,nagaland,25.893988321211094,93.95319546432174,0,background
10017,nagaland,26.29748967313462,94.70865325062003,0,background
10018,nagaland,26.14478137404436,94.71139916274433,0,background
10019,nagaland,25.56715812012839,93.5544109751247,0,background
10020,nagaland,25.589264945488885,93.43006986686581,0,background
10021,nagaland,25.929852502607527,94.8986390090065,0,background
10022,nagaland,26.76344041729814,95.17739063948395,0,background
10023,nagaland,26.372409051751262,94.21228724208677,0,background
10024,nagaland,26.35845652526481,94.21609878237817,0,background
10025,nagaland,26.86176341062422,95.12603223927162,0,background
10026,nagaland,26.027750230001647,94.99372902808263,0,background
10027,nagaland,26.40636727457078,94.18534596286156,0,background
10028,nagaland,26.797561227170647,94.86125866804028,0,background
10029,nagaland,25.79261778087861,94.60802371704675,0,background
10030,nagaland,25.610769100980345,93.47107578574717,0,background
10031,nagaland,26.249962329542647,94.31074803678801,0,background
10032,nagaland,25.685206672261,93.63623426770519,0,background
10033,nagaland,26.510719877134225,94.73954843723594,0,background
10034,nagaland,25.513040528104312,93.55736440579653,0,background
10035,nagaland,25.634427011014868,93.4828641195758,0,background
10036,nagaland,25.647882012188944,93.7832917568658,0,background
10037,nagaland,25.99425459014266,94.98087701443822,0,background
10038,nagaland,25.99588906871541,94.91255639773476,0,background
10039,nagaland,26.362815868125022,95.09731339902768,0,background
10040,nagaland,25.712349402069936,93.6108875826653,0,background
10041,nagaland,26.5260485375837,95.00537946838686,0,background
10042,nagaland,26.81312330186966,94.93560609847142,0,background
10043,nagaland,25.816908081964616,94.59354724914097,0,background
10044,nagaland,26.092780205899537,94.91602120487232,0,background
10045,nagaland,26.821008249367313,94.87748831950996,0,background
10046,nagaland,25.735783414107406,94.94860787038536,0,background
10047,nagaland,26.237286610974255,94.33355795618718,0,background
10048,nagaland,27.00637282780515,95.17357297984168,0,background
10049,nagaland,26.612797800272773,94.84422550458507,0,background
10050,nagaland,26.882124754805083,94.97095236428149,0,background
10051,nagaland,25.724231556002216,93.5614395503296,0,background
10052,nagaland,25.63517794875291,94.67563863560939,0,background
10053,nagaland,25.27111160109924,93.57023909676849,0,background
10054,nagaland,26.515669880932922,94.26238293565186,0,background
10055,nagaland,26.905136789190244,95.10690021278984,0,background
10056,nagaland,26.44924440934935,94.28260073158386,0,background
10057,nagaland,26.676947049150673,94.88720716001424,0,background
10058,nagaland,26.27100717569402,95.00547506201322,0,background
10059,nagaland,26.440351776685958,94.29021986753605,0,background
10060,nagaland,26.884813374872877,94.9276068712269,0,background
10061,nagaland,25.98486798015591,95.0406390032633,0,background
10062,nagaland,25.5072311645952,94.80590768446247,0,background
10063,nagaland,26.29109741061751,94.1909107695277,0,background
10064,nagaland,26.574648717034748,94.89170105028231,0,background
10065,nagaland,26.49980431429944,94.24506736723366,0,background
10066,nagaland,26.453692433522907,94.91031925563341,0,background
10067,nagaland,26.343420024275204,95.09118123048238,0,background
10068,nagaland,25.607750419302295,93.6120657435272,0,background
10069,nagaland,25.45505258564914,94.6806564089132,0,background
10070,nagaland,25.385523003460992,93.65941336908395,0,background
10071,nagaland,26.909158340957415,95.18880790406618,0,background
10072,nagaland,25.81113626155155,93.64944636005495,0,background
10073,nagaland,26.41979853195315,94.20424110397096,0,background
10074,nagaland,26.156038192009234,94.9386614554037,0,background
10075,nagaland,26.45212319611123,94.24822563242196,0,background
10076,nagaland,26.098572661986378,94.9423480484239,0,background
10077,nagaland,25.98603239760512,94.9198107893771,0,background
10078,nagaland,25.662633831394604,93.62358349193799,0,background
10079,nagaland,26.03946077554317,94.8036162987927,0,background
10080,nagaland,25.868427830886077,93.75644070366,0,background
10081,nagaland,25.759512890358547,95.02756293609544,0,background
10082,nagaland,25.99323199632979,94.963432099813,0,background
10083,nagaland,26.88673568569141,94.97049583079314,0,background
10084,nagaland,25.618908640100532,93.46823413818316,0,background
10085,nagaland,26.831601542911702,94.95549951759058,0,background
10086,nagaland,26.309506684792694,94.99278427976812,0,background
10087,nagaland,26.850964154268876,94.9031219830403,0,background
10088,nagaland,26.4983657424557,94.26752039159666,0,background
10089,nagaland,25.788547996495563,93.66724586744606,0,background
10090,nagaland,26.053389572164612,94.94186747253977,0,background
10091,nagaland,26.32851711785696,95.10365071975288,0,background
10092,nagaland,25.488606673809024,93.55765682857813,0,background
10093,nagaland,25.499243124726167,94.786273879485,0,background
10094,nagaland,26.52675881389814,94.57431547516678,0,background
10095,nagaland,26.001001889525348,94.96276539344908,0,background
10096,nagaland,26.501073987702004,94.60080468751607,0,background
10097,nagaland,26.365237570609267,94.18569589938794,0,background
10098,nagaland,25.81243821283316,94.5701749825226,0,background
10099,nagaland,26.020606482713095,94.94435458395724,0,background
10100,nagaland,26.49405485087116,94.28609135299808,0,background
10101,nagaland,26.384700792934805,94.18635232860929,0,background
10102,nagaland,26.01650987389228,94.90580857521111,0,background
10103,nagaland,26.076422029746436,95.12900804140932,0,background
10104,nagaland,26.275904222796658,94.69191982010841,0,background
10105,nagaland,26.03247537870533,94.75013722632096,0,background
10106,nagaland,26.951777583569722,95.1606545288534,0,background
10107,nagaland,26.016920075793244,94.76842323474575,0,background
10108,nagaland,26.625815689421472,94.81030547742722,0,background
10109,nagaland,26.49333579584172,95.06878627200834,0,background
10110,nagaland,25.50643019268538,93.56879293150604,0,background
10111,nagaland,25.525908257486726,93.60136541781279,0,background
10112,nagaland,26.70259165033732,94.9577441222634,0,background
10113,nagaland,26.593761840280635,94.87702694005598,0,background
10114,nagaland,26.884065643002106,94.93564970863234,0,background
10115,nagaland,25.62370578846378,94.68902233649644,0,background
10116,nagaland,26.469270761342656,94.72219068908267,0,background
10117,nagaland,25.968480855329883,94.97585428075645,0,background
10118,nagaland,26.103026863401062,94.8161633737038,0,background
10119,nagaland,25.61836802107349,93.52082046373334,0,background
10120,nagaland,25.672835332899368,93.5429427594148,0,background
10121,nagaland,26.97095340332423,95.15468028438461,0,background
10122,nagaland,26.767215554229846,94.77321461645408,0,background
10123,nagaland,26.528469276803175,94.51167915117173,0,background
10124,nagaland,26.27543858745562,94.70231162159398,0,background
10125,nagaland,26.0101955369803,94.96293729884891,0,background
10126,nagaland,25.52370906358494,93.35757621901561,0,background
10127,nagaland,26.02461029180502,94.99702329115266,0,background
10128,nagaland,26.035670762901812,94.69937233502037,0,background
10129,nagaland,26.89236009837636,95.22060807688769,0,background
10130,nagaland,26.419849105802246,94.32566830309862,0,background
10131,nagaland,25.857762979537632,93.74506855457878,0,background
10132,nagaland,25.703052156976796,94.67656276050421,0,background
10133,nagaland,25.612416948133212,93.65543310764443,0,background
10134,nagaland,26.909596246517122,94.96158614776496,0,background
10135,nagaland,25.583139209209317,93.43915918016381,0,background
10136,nagaland,26.432074056525472,94.22765590271415,0,background
10137,nagaland,25.897160665540888,93.73472865518224,0,background
10138,nagaland,25.41957458830095,93.77173316813952,0,background
10139,nagaland,26.52300406087724,94.57420584253573,0,background
10140,nagaland,25.37108777730521,93.70430437589795,0,background
10141,nagaland,25.397416975858963,93.69266789284288,0,background
10142,nagaland,25.61364764486653,93.5336181133574,0,background
10143,nagaland,25.980438920365014,94.0851943411364,0,background
10144,nagaland,25.977713994460494,95.00495044740732,0,background
10145,nagaland,25.582997597959814,93.52074028020083,0,background
10146,nagaland,26.828133483657467,94.92270441763645,0,background
10147,sikkim,27.573824414913194,88.29389729008274,0,background
10148,sikkim,27.923810279814443,88.85644848163106,0,background
10149,sikkim,27.443597825364513,88.39569603083797,0,background
10150,sikkim,27.90071903661152,88.83015044883072,0,background
10151,sikkim,27.833899592450383,88.59582230551422,0,background
10152,sikkim,28.01437911091133,88.45568267374078,0,background
10153,sikkim,27.736033263469373,88.70961391449741,0,background
10154,sikkim,27.572892974913362,88.77223446173294,0,background
10155,sikkim,27.982685006699384,88.45567513054556,0,background
10156,sikkim,27.39947974561582,88.06380767889951,0,background
10157,sikkim,28.006587330592758,88.73264258495117,0,background
10158,sikkim,27.725099466705938,88.3550562646457,0,background
10159,sikkim,27.95867345381487,88.50769534257654,0,background
10160,sikkim,27.846770612799926,88.63647982271151,0,background
10161,sikkim,27.831117408798292,88.23762138771785,0,background
10162,sikkim,27.99721710345938,88.68272949493156,0,background
10163,sikkim,27.56945232731278,88.17562937913856,0,background
10164,sikkim,28.044953357375782,88.71373039055636,0,background
10165,sikkim,27.780293313311386,88.69821559126717,0,background
10166,sikkim,27.53446832564736,88.29133181720668,0,background
10167,sikkim,27.72454064804016,88.17228043016638,0,background
10168,sikkim,27.615767755528317,88.27304618942787,0,background
10169,sikkim,27.684948756232764,88.2721647316109,0,background
10170,sikkim,27.71212999194935,88.4988932226679,0,background
10171,sikkim,28.014771244783713,88.80230462353107,0,background
10172,sikkim,27.94068035308099,88.7377016421592,0,background
10173,sikkim,27.394286853849415,88.09538354455987,0,background
10174,sikkim,27.658117395405668,88.1596246672109,0,background
10175,sikkim,27.99641776786537,88.7192343631418,0,background
10176,sikkim,27.900647551276812,88.61728940686574,0,background
10177,sikkim,27.882267110693515,88.14075503611683,0,background
10178,sikkim,27.435590259554896,88.46855601406882,0,background
10179,sikkim,27.83476291137513,88.53700902664968,0,background
10180,sikkim,28.06402932540433,88.75786788777017,0,background
10181,sikkim,27.65072239300609,88.41322906056973,0,background
10182,sikkim,27.62136649069199,88.3881117942888,0,background
10183,sikkim,27.920490396496255,88.70709307357382,0,background
10184,sikkim,27.911512313147494,88.53312580713481,0,background
10185,sikkim,27.984807353758303,88.42192376559966,0,background
10186,sikkim,27.77961991912238,88.35561755426666,0,background
10187,sikkim,27.996771037007367,88.69841383601306,0,background
10188,sikkim,27.43654013281703,88.70269727117102,0,background
10189,sikkim,27.630615742906986,88.22409092142384,0,background
10190,sikkim,27.898972232372735,88.51571595230781,0,background
10191,sikkim,27.56535599957107,88.1416436029196,0,background
10192,sikkim,27.760845698687397,88.67047552795167,0,background
10193,sikkim,27.416112537754234,88.13609773241464,0,background
10194,sikkim,27.45150857524314,88.44363716797278,0,background
10195,sikkim,27.935994433047487,88.4098127866346,0,background
10196,sikkim,27.932497662228148,88.35500203283135,0,background
10197,sikkim,27.592573825750893,88.36298003317367,0,background
10198,sikkim,27.853952174724906,88.74885596904062,0,background
10199,sikkim,27.566040030530385,88.14924004693961,0,background
10200,sikkim,27.67979894645319,88.25009960403447,0,background
10201,sikkim,27.65571852052194,88.44321896989203,0,background
10202,sikkim,27.982111783963532,88.42132259406841,0,background
10203,sikkim,27.354396295065406,88.06038411919748,0,background
10204,sikkim,27.87444183086531,88.22259909165547,0,background
10205,sikkim,27.50772321864657,88.10282314652486,0,background
10206,sikkim,28.050008771620494,88.49788988971683,0,background
10207,sikkim,27.453854473125695,88.14922545126456,0,background
10208,sikkim,27.46428868423524,88.31217709210004,0,background
10209,sikkim,27.819791156531853,88.6594308901961,0,background
10210,sikkim,27.63626097449341,88.49981400454654,0,background
10211,sikkim,27.532714628665683,88.229463534011,0,background
10212,sikkim,27.85934683417202,88.1857477665348,0,background
10213,sikkim,28.021863938071178,88.6703577217195,0,background
10214,sikkim,27.587749722593827,88.53497851474364,0,background
10215,sikkim,27.510479753578235,88.68628640768213,0,background
10216,sikkim,27.826726754081765,88.24262852189794,0,background
10217,sikkim,27.962971265291788,88.30647741706771,0,background
10218,sikkim,27.5048037332254,88.45739599030036,0,background
10219,sikkim,27.815735627693133,88.51746842851364,0,background
10220,sikkim,27.911878666554507,88.27756920747683,0,background
10221,sikkim,28.047652270068312,88.61623679727657,0,background
10222,sikkim,27.492410333143763,88.19087915221544,0,background
10223,sikkim,27.948057367845504,88.63087885488927,0,background
10224,sikkim,27.829729600105058,88.84396619305909,0,background
10225,sikkim,27.428831641931627,88.44043801024443,0,background
10226,sikkim,27.88163160831548,88.39573727774966,0,background
10227,sikkim,27.46858070543437,88.08148208633457,0,background
10228,sikkim,27.532746008529003,88.44848460814801,0,background
10229,sikkim,27.87539068758726,88.61215011584969,0,background
10230,sikkim,27.487706764018135,88.17285214139727,0,background
10231,sikkim,28.033980675491552,88.58266358410368,0,background
10232,sikkim,27.661178318617598,88.52062930303538,0,background
10233,sikkim,27.648944337024947,88.805721412248,0,background
10234,sikkim,27.58359347047421,88.54106895651792,0,background
10235,sikkim,27.903848104439703,88.25920165466688,0,background
10236,sikkim,27.923212461877846,88.74245588240031,0,background
10237,sikkim,27.763387853287195,88.20281274582922,0,background
10238,sikkim,27.4204889857761,88.25866804835911,0,background
10239,sikkim,27.708542653345425,88.4002194279576,0,background
10240,sikkim,27.773904694894547,88.71343610307534,0,background
10241,sikkim,27.994789421393186,88.68925309137963,0,background
10242,sikkim,27.74514242978371,88.6367389721337,0,background
10243,sikkim,28.03244095691679,88.67108212408137,0,background
10244,sikkim,27.621191169724643,88.25898843319361,0,background
10245,sikkim,27.591337043228684,88.2833704341161,0,background
10246,sikkim,27.46041822352956,88.37235986667508,0,background
10247,sikkim,27.911777130292265,88.74520700380596,0,background
10248,sikkim,27.222266319455372,88.03549218730954,0,background
10249,sikkim,27.63121026574795,88.33119174623472,0,background
10250,sikkim,27.3769525641062,88.11017125380175,0,background
10251,sikkim,27.480024882474805,88.08735575449404,0,background
10252,sikkim,27.735860576481087,88.42013443122914,0,background
10253,sikkim,27.770183458102895,88.44170082933961,0,background
10254,sikkim,27.366284325462775,88.05612730387406,0,background
10255,sikkim,27.72053393930177,88.21579815127109,0,background
10256,sikkim,27.84894945210461,88.6131574679934,0,background
10257,sikkim,27.943814461885424,88.23223663714332,0,background
10258,sikkim,27.998878974657213,88.59964714434898,0,background
10259,sikkim,27.796728529002063,88.42331791251229,0,background
10260,sikkim,27.583227641033677,88.45684303101845,0,background
10261,sikkim,27.555735092141596,88.2709495528165,0,background
10262,sikkim,27.955508094832847,88.36511531270496,0,background
10263,sikkim,27.87656864429344,88.54682700770685,0,background
10264,sikkim,27.80614402023769,88.53763975475127,0,background
10265,sikkim,27.9171861876703,88.42427294101152,0,background
10266,sikkim,27.73857108684325,88.80933546686803,0,background
10267,sikkim,27.724262280871226,88.16363026462095,0,background
10268,sikkim,27.803476440722346,88.82931607184875,0,background
10269,sikkim,27.724014519407827,88.78543498069949,0,background
10270,sikkim,27.435374025272935,88.21084287899741,0,background
10271,sikkim,27.875248165699503,88.82444518683063,0,background
10272,sikkim,27.785991707627872,88.42189243814165,0,background
10273,sikkim,27.605678262456447,88.49575607839813,0,background
10274,sikkim,27.898828689414902,88.5130193399415,0,background
10275,sikkim,27.76162626233751,88.78561437194566,0,background
10276,sikkim,27.47144800196252,88.40581423563395,0,background
10277,sikkim,27.68312486118639,88.25557018330534,0,background
10278,sikkim,27.403875367270288,88.4036901502811,0,background
10279,sikkim,27.9974045786431,88.6165432699904,0,background
10280,sikkim,27.737942275792317,88.71739814332783,0,background
10281,sikkim,27.588257944169904,88.37296857333531,0,background
10282,sikkim,27.91572637021692,88.44904081371368,0,background
10283,sikkim,27.934018457090012,88.7764447732879,0,background
10284,sikkim,27.79989772462292,88.81294593354998,0,background
10285,sikkim,27.928211198430084,88.25977617664738,0,background
10286,sikkim,27.646302284571696,88.1251384872061,0,background
10287,sikkim,27.867547304341514,88.47395687571098,0,background
10288,sikkim,27.682095125850566,88.67441232150118,0,background
10289,sikkim,27.894885164095825,88.53511128480902,0,background
10290,sikkim,27.97512674744459,88.69970767630177,0,background
10291,sikkim,27.581251344428548,88.26942350055766,0,background
10292,sikkim,27.923725585803535,88.81520398632117,0,background
10293,sikkim,27.639085323205833,88.36178237795592,0,background
10294,sikkim,27.82870786151843,88.56744489647842,0,background
10295,sikkim,27.672371386212113,88.29167005932915,0,background
10296,sikkim,27.575168957199267,88.13736060893022,0,background
10297,sikkim,27.82151256826289,88.41770835609998,0,background
10298,sikkim,27.621558275080492,88.4002341846684,0,background
10299,sikkim,27.408404572252422,88.1290988468885,0,background
10300,sikkim,27.76749604319759,88.84027678635967,0,background
10301,sikkim,27.52937549705746,88.29931326816484,0,background
10302,sikkim,27.623910552758183,88.33410052754536,0,background
10303,sikkim,27.75007944990114,88.74776118155131,0,background
10304,sikkim,27.74850453947484,88.44872314621306,0,background
10305,sikkim,27.63833346143747,88.12173832577477,0,background
10306,sikkim,27.54124545181269,88.42982008847204,0,background
10307,sikkim,28.014830944887894,88.60137878066296,0,background
10308,sikkim,27.37178190357102,88.04340268874961,0,background
10309,sikkim,27.675175988539873,88.18201770951012,0,background
10310,sikkim,27.751606379028853,88.44200052731155,0,background
10311,sikkim,27.710975257503446,88.66919392692414,0,background
10312,sikkim,27.76429415174762,88.66431285949038,0,background
10313,sikkim,27.7213656056696,88.30665021583202,0,background
10314,sikkim,27.90092057487399,88.86720345595188,0,background
10315,sikkim,27.516328122775857,88.42292969688513,0,background
10316,sikkim,27.66410738984312,88.82975545982387,0,background
10317,sikkim,27.89730528006605,88.80864288663595,0,background
10318,sikkim,27.726221803714623,88.27300251464032,0,background
10319,sikkim,27.69916226318334,88.4958053508267,0,background
10320,sikkim,27.897779331394425,88.85379886481549,0,background
10321,sikkim,27.84487910283739,88.6501133891768,0,background
10322,sikkim,27.750212297261402,88.39433514294595,0,background
10323,sikkim,27.510922571872054,88.3007525459148,0,background
10324,sikkim,27.922207066227507,88.40741819345911,0,background
10325,sikkim,27.790879202762792,88.23148012085076,0,background
10326,sikkim,27.95781990963646,88.39791540883245,0,background
10327,sikkim,27.501005503048752,88.77952055074262,0,background
10328,sikkim,27.844314817976553,88.24938211897152,0,background
10329,sikkim,27.88243441783314,88.45892615618236,0,background
10330,sikkim,27.746397919946332,88.41175137155787,0,background
10331,sikkim,27.70821499990439,88.47201586794324,0,background
10332,sikkim,27.7064163926982,88.18700161399508,0,background
10333,sikkim,27.39720919106149,88.12719913033959,0,background
10334,sikkim,28.101328293674786,88.6354495930239,0,background
10335,sikkim,27.556815123127357,88.70815751501017,0,background
10336,sikkim,27.899457775868388,88.42203252980936,0,background
10337,sikkim,27.810210861350463,88.82770240582732,0,background
10338,sikkim,27.54513834893195,88.70185543953018,0,background
10339,sikkim,27.597056565099606,88.1691985763503,0,background
10340,sikkim,27.486641587507613,88.4014412059189,0,background
10341,sikkim,27.167926731987862,88.74299185116668,0,background
10342,sikkim,27.73985036540095,88.59597562632193,0,background
10343,sikkim,27.746157921059847,88.71400304613957,0,background
10344,sikkim,27.873693592523495,88.3416698623669,0,background
10345,sikkim,27.670536600499563,88.45447684655342,0,background
10346,sikkim,27.958001918506504,88.33967973519837,0,background
10347,sikkim,27.67657880233005,88.30964540648293,0,background
10348,sikkim,27.73108529097721,88.35202637396078,0,background
10349,sikkim,27.488040487094942,88.2231597870418,0,background
10350,sikkim,27.508727800077622,88.69899958339329,0,background
10351,sikkim,28.021881203153477,88.68358065562936,0,background
10352,sikkim,27.461744480293778,88.15412035972976,0,background
10353,sikkim,27.525153427644124,88.22114771905434,0,background
10354,sikkim,27.515976838426393,88.7821903828695,0,background
10355,sikkim,27.87007264602554,88.36074227761452,0,background
10356,sikkim,27.971450813010332,88.7956555523273,0,background
10357,sikkim,27.480625817350383,88.65362339013166,0,background
10358,sikkim,27.58042104519383,88.15638156586778,0,background
10359,sikkim,27.665797934524775,88.17658732632982,0,background
10360,sikkim,27.405085486885152,88.08824878127069,0,background
10361,sikkim,27.77633962076863,88.28652365492697,0,background
10362,sikkim,27.7606565118031,88.28366322414769,0,background
10363,sikkim,27.982976486285704,88.78919913904437,0,background
10364,sikkim,27.825349965573118,88.66452333670938,0,background
10365,sikkim,27.86943191156782,88.72273168712735,0,background
10366,sikkim,27.987104406003112,88.4509159232117,0,background
10367,sikkim,27.555238316742166,88.10247329441738,0,background
10368,sikkim,27.640409998494327,88.41361827972291,0,background
10369,sikkim,27.915668296179632,88.7879196875827,0,background
10370,sikkim,27.90408721325782,88.7956424913019,0,background
10371,sikkim,27.830119409262693,88.28181307745146,0,background
10372,sikkim,27.554112188217797,88.7481473417183,0,background
10373,sikkim,27.570562986059052,88.4184265452387,0,background
10374,sikkim,27.968381040950312,88.76306948184622,0,background
10375,sikkim,27.38254121147539,88.15451972806453,0,background
10376,sikkim,27.609682015736503,88.36717830645442,0,background
10377,sikkim,27.85576508364101,88.65204161813183,0,background
10378,sikkim,27.67544823261084,88.31379940053553,0,background
10379,sikkim,27.69602801577518,88.20129911513021,0,background
10380,sikkim,27.839440251398333,88.24227349223614,0,background
10381,sikkim,27.59836274329625,88.34534275764528,0,background
10382,sikkim,27.524071097979196,88.22921778899332,0,background
10383,sikkim,27.486760166293415,88.31446004863453,0,background
10384,sikkim,27.680741168776745,88.21664031775472,0,background
10385,sikkim,27.897278515900172,88.4232685910157,0,background
10386,sikkim,27.61722429545395,88.38718175358956,0,background
10387,sikkim,27.63585275536794,88.27522939822671,0,background
10388,sikkim,27.23954116523946,88.03829128616321,0,background
10389,sikkim,27.719195605023643,88.35518616535245,0,background
10390,sikkim,27.946069533576008,88.37335848386226,0,background
10391,sikkim,27.887409454474273,88.40157412439385,0,background
10392,sikkim,27.845351549869715,88.6282536202142,0,background
10393,sikkim,27.791659651699955,88.39246933928565,0,background
10394,sikkim,27.720026917107436,88.19231292005945,0,background
10395,sikkim,27.416568987138195,88.15269232786132,0,background
10396,sikkim,27.55072730881101,88.26506622114665,0,background
10397,sikkim,27.584975531318953,88.12560268912684,0,background
10398,sikkim,27.701214013258223,88.2511032203038,0,background
10399,sikkim,27.735165787067594,88.35507473053622,0,background
10400,sikkim,27.59569018410295,88.77435941221488,0,background
10401,sikkim,27.860379194544702,88.4474409532478,0,background
10402,sikkim,28.027912691555038,88.5761742752183,0,background
10403,sikkim,27.45191159811413,88.38141750435962,0,background
10404,sikkim,27.986645682959324,88.64660860255364,0,background
10405,sikkim,27.45693210566174,88.4274255075851,0,background
10406,sikkim,27.935342608391558,88.77557826222258,0,background
10407,sikkim,27.662969859741644,88.37050853589861,0,background
10408,sikkim,27.425189573859804,88.43449262399267,0,background
10409,sikkim,27.46609752685711,88.15882148162825,0,background
10410,sikkim,27.748934114687508,88.30527987905788,0,background
10411,sikkim,27.740138467367895,88.6616497736476,0,background
10412,sikkim,27.614780273889885,88.17745245463965,0,background
10413,sikkim,27.507371755901758,88.69462276271847,0,background
10414,sikkim,27.52373856706285,88.38578017429207,0,background
10415,sikkim,27.84627720232531,88.82509961558084,0,background
10416,sikkim,27.699391579988877,88.19883899068145,0,background
10417,sikkim,27.61234942149924,88.55626297736778,0,background
10418,sikkim,27.69011829688678,88.81969150257059,0,background
10419,sikkim,27.835817713658756,88.39327510240084,0,background
10420,sikkim,28.01944635921676,88.79633945692375,0,background
10421,sikkim,27.87623289409785,88.60206405335653,0,background
10422,sikkim,27.447428986540526,88.38178285439686,0,background
10423,sikkim,27.91403238654822,88.8452237777682,0,background
10424,sikkim,27.323334600992975,88.88683324229338,0,background
10425,sikkim,27.68736812395046,88.36887709038099,0,background
10426,sikkim,27.976089941944704,88.81811397436336,0,background
10427,sikkim,28.041383119077718,88.76863930739528,0,background
10428,sikkim,27.245308146679516,88.02721475452965,0,background
10429,sikkim,27.613087813940062,88.54786919958615,0,background
10430,sikkim,27.71966929063692,88.36487048734817,0,background
10431,sikkim,27.521831948255684,88.09688185577197,0,background
10432,sikkim,27.623151255787594,88.17675785463635,0,background
10433,sikkim,27.489152089217228,88.32187483901865,0,background
10434,sikkim,27.41108847605222,88.1501411159539,0,background
10435,sikkim,27.407742581995272,88.4219287588614,0,background
10436,sikkim,27.421559952118024,88.2077367289573,0,background
10437,sikkim,27.747413066012566,88.25547487745186,0,background
10438,sikkim,27.741236362684322,88.68102961446479,0,background
10439,sikkim,28.018296380567993,88.80414060896528,0,background
10440,sikkim,27.48392195538012,88.39848111011607,0,background
10441,sikkim,27.691526049147352,88.40926307006788,0,background
10442,sikkim,27.659857798445707,88.49575106399058,0,background
10443,sikkim,27.717914165100158,88.62799444774214,0,background
10444,sikkim,27.61509707595924,88.43532308612774,0,background
10445,sikkim,27.466648351152774,88.20845777009538,0,background
10446,sikkim,28.010530921654148,88.69060581217953,0,background
10447,sikkim,27.877033104453528,88.55252209212982,0,background
10448,sikkim,27.793909128009815,88.72348675636738,0,background
10449,sikkim,27.64448655655436,88.23850260583835,0,background
10450,sikkim,27.494994590109595,88.6621028153039,0,background
10451,sikkim,27.897743365034376,88.3471978302844,0,background
10452,sikkim,28.00016014952029,88.63327113324459,0,background
10453,sikkim,27.89027723075093,88.48063803655157,0,background
10454,sikkim,27.633860582816098,88.2345706925687,0,background
10455,sikkim,27.879758965883102,88.78567177534512,0,background
10456,sikkim,27.742695710085137,88.42316079060154,0,background
10457,sikkim,27.87550216191053,88.67192174643294,0,background
10458,sikkim,27.90562206257134,88.29004829109886,0,background
10459,sikkim,27.763117553596526,88.23501810802105,0,background
10460,sikkim,27.70395613560313,88.40684326231099,0,background
10461,sikkim,27.98186552514564,88.47449954302877,0,background
10462,sikkim,27.994073547530775,88.81056185437991,0,background
10463,sikkim,27.606248764671403,88.41004291806657,0,background
10464,sikkim,27.65425236491238,88.42723146229353,0,background
10465,sikkim,27.76268233769282,88.34977690937706,0,background
10466,sikkim,27.592940830709757,88.3030651484292,0,background
10467,sikkim,28.01981282204149,88.7618894579307,0,background
10468,sikkim,27.762514476142517,88.80338685855749,0,background
10469,sikkim,27.736640633522473,88.76872197887812,0,background
10470,sikkim,27.552699563256127,88.739073372305,0,background
10471,sikkim,27.544414705598996,88.15743933197702,0,background
10472,sikkim,27.81702218962101,88.50260409331972,0,background
10473,sikkim,28.070178391382527,88.59531449404754,0,background
10474,sikkim,27.55148878474883,88.76838987135396,0,background
10475,sikkim,27.82902444489172,88.30279684274258,0,background
10476,sikkim,27.967353989570213,88.64201671337217,0,background
10477,sikkim,27.471258935426555,88.23676494446926,0,background
10478,sikkim,27.83916230026376,88.4865319110362,0,background
10479,sikkim,27.63628395134081,88.41953990233408,0,background
10480,sikkim,27.387055040976108,88.1497393167961,0,background
10481,sikkim,27.87721745591817,88.27805329772528,0,background
10482,sikkim,27.973284097947825,88.64335323512567,0,background
10483,sikkim,28.046326453788303,88.68073651314442,0,background
10484,sikkim,28.020565454756014,88.61234666283049,0,background
10485,sikkim,27.942463698815573,88.42066242557809,0,background
10486,sikkim,27.50452426112111,88.38648935007254,0,background
10487,sikkim,27.72051577590359,88.26760801209193,0,background
10488,sikkim,28.002998964164217,88.73339725827789,0,background
10489,sikkim,27.569967987611808,88.21981108452276,0,background
10490,sikkim,27.48058709447651,88.66484140066552,0,background
10491,sikkim,27.714277206338558,88.49527740607115,0,background
10492,sikkim,27.188437275688575,88.78550883231652,0,background
10493,sikkim,27.933348353163495,88.59213419383993,0,background
10494,sikkim,27.70058180621223,88.63702989770532,0,background
10495,sikkim,27.45335976137756,88.19384107108984,0,background
10496,sikkim,27.926518743742793,88.5140146756101,0,background
10497,sikkim,27.407919879316243,88.05561413388739,0,background
10498,sikkim,27.75427705799916,88.84004869547643,0,background
10499,sikkim,27.69751206145221,88.30391225189113,0,background
10500,sikkim,27.72156347683685,88.63233126535638,0,background
10501,sikkim,27.865997979699223,88.2795253380937,0,background
10502,sikkim,27.728264501218852,88.35192621065549,0,background
10503,sikkim,27.543563277661242,88.37587268393713,0,background
10504,sikkim,27.469219523276376,88.08008977144871,0,background
10505,sikkim,27.815832433343388,88.66456309419885,0,background
10506,sikkim,27.97654237246096,88.4062717945488,0,background
10507,sikkim,27.773971789464376,88.4146497510557,0,background
10508,sikkim,27.966611491583894,88.81703605128729,0,background
10509,sikkim,27.628484052114903,88.37964630518391,0,background
10510,sikkim,27.890429925427206,88.27180662820777,0,background
10511,sikkim,27.400534926522475,88.40724639283815,0,background
10512,sikkim,27.52826997278478,88.2168424785118,0,background
10513,sikkim,27.73703886727082,88.8576338364963,0,background
10514,sikkim,27.550545213244323,88.15201570215062,0,background
10515,sikkim,27.949593660925103,88.17037548186441,0,background
10516,sikkim,27.715771075899834,88.29018913862167,0,background
10517,sikkim,27.460728766819546,88.18174578352259,0,background
10518,sikkim,27.52311268558935,88.24793180335686,0,background
10519,sikkim,27.27286496304877,88.03213981182574,0,background
10520,sikkim,27.63047886415084,88.299961313209,0,background
10521,sikkim,27.641988862155202,88.42945057538367,0,background
10522,sikkim,27.966532766456353,88.44605960591292,0,background
10523,sikkim,27.972520043808476,88.32954972878917,0,background
10524,sikkim,27.95908920457352,88.70642266844366,0,background
10525,sikkim,27.60332599041981,88.15888351035562,0,background
10526,sikkim,27.799630935861956,88.42235536975156,0,background
10527,sikkim,27.66907076034811,88.43468339578925,0,background
10528,sikkim,27.587141843687757,88.43208635144096,0,background
10529,sikkim,27.541996999252532,88.44394840737179,0,background
10530,sikkim,28.058606533822925,88.56394651934897,0,background
10531,sikkim,27.472770602744664,88.23437143544639,0,background
10532,sikkim,27.664181160945883,88.25380874274934,0,background
10533,sikkim,27.978932885560475,88.60650386992381,0,background
10534,sikkim,27.737460991667795,88.39407633585938,0,background
10535,sikkim,27.80572556650288,88.22461745500432,0,background
10536,sikkim,27.559524846934462,88.43601178274135,0,background
10537,sikkim,27.72243499482161,88.8049352409251,0,background
10538,sikkim,27.646305109682125,88.5488739596658,0,background
10539,sikkim,27.675568552981115,88.3097483735696,0,background
10540,sikkim,27.51841877040712,88.269874996414,0,background
10541,sikkim,27.850390137179833,88.75156043074826,0,background
10542,sikkim,27.7301352154337,88.49238359625693,0,background
10543,sikkim,27.862837858608593,88.61130786150503,0,background
10544,sikkim,27.442128234015243,88.70466490986524,0,background
10545,sikkim,27.521488228291883,88.76714150872284,0,background
10546,sikkim,27.803868131986523,88.43284588134414,0,background
10547,sikkim,27.840411354624827,88.78314444544293,0,background
10548,sikkim,27.629740341527967,88.1939731200428,0,background
10549,sikkim,28.02497253379698,88.5370087620913,0,background
10550,sikkim,27.46921487214011,88.16647978886881,0,background
10551,sikkim,27.64459423955995,88.54856007212322,0,background
10552,sikkim,27.521592200792178,88.18176687129511,0,background
10553,sikkim,27.614444292177534,88.37159126056137,0,background
10554,sikkim,27.72505874137898,88.24507090143754,0,background
10555,sikkim,27.275914480060486,88.86708562317922,0,background
10556,sikkim,27.828805190827673,88.80328731031564,0,background
10557,sikkim,27.75117318242339,88.82643219634288,0,background
10558,sikkim,27.65710470248044,88.2816179478652,0,background
10559,sikkim,27.644337823139775,88.47619392145477,0,background
10560,sikkim,27.806402550245423,88.24064723976838,0,background
10561,sikkim,27.513530281189418,88.42527864544961,0,background
10562,sikkim,27.787085247124597,88.26013159874002,0,background
10563,sikkim,27.865631391908988,88.27374644731347,0,background
10564,sikkim,27.875296994195484,88.86403167301891,0,background
10565,sikkim,27.67858901184245,88.24204663644512,0,background
10566,sikkim,27.99155275413576,88.43224402815011,0,background
10567,sikkim,27.618064988041695,88.45404301987992,0,background
10568,sikkim,27.645334945765413,88.22418529448282,0,background
10569,sikkim,27.855078630059285,88.34735585440686,0,background
10570,sikkim,27.935593265085185,88.6959649212211,0,background
10571,sikkim,27.729676107946176,88.84417787594082,0,background
10572,sikkim,27.538834833017376,88.36230044571845,0,background
10573,sikkim,27.838967261756814,88.3761251838227,0,background
10574,sikkim,27.45716384428644,88.68613226479064,0,background
10575,sikkim,27.65406001767228,88.33755186262309,0,background
10576,sikkim,27.89185494731124,88.71744235847817,0,background
10577,sikkim,27.4275316581774,88.15166551790627,0,background
10578,sikkim,27.516129885980092,88.23633273944503,0,background
10579,sikkim,27.602519095659638,88.35239017308369,0,background
10580,sikkim,27.763119890785685,88.4836224914351,0,background
10581,sikkim,28.08137271437857,88.63534872047396,0,background
10582,sikkim,27.867256260690837,88.33401108876939,0,background
10583,sikkim,27.90649621360578,88.24604906503123,0,background
10584,sikkim,27.62746615158708,88.32577448026848,0,background
10585,sikkim,27.803303869607106,88.71352025254231,0,background
10586,sikkim,27.569217494397087,88.35100430755648,0,background
10587,sikkim,27.6703761904981,88.19421948317483,0,background
10588,sikkim,27.6235354862576,88.16775064227573,0,background
10589,sikkim,27.708396243312155,88.50319404729754,0,background
10590,sikkim,27.577076593350913,88.25666272410237,0,background
10591,sikkim,27.52148323461461,88.39976186723395,0,background
10592,sikkim,27.447560215782154,88.40462180892719,0,background
10593,sikkim,27.580985357977536,88.73929794346002,0,background
10594,sikkim,27.668193802834853,88.29478084327876,0,background
10595,sikkim,28.085826399079394,88.59067706411356,0,background
10596,sikkim,27.80044808091252,88.8550196143392,0,background
10597,sikkim,27.93707044309344,88.56345176449167,0,background
10598,sikkim,27.87306654238092,88.43928752568075,0,background
10599,sikkim,27.571760311608717,88.76550878858212,0,background
10600,sikkim,27.61146812167486,88.23496829197666,0,background
10601,sikkim,27.844624165093276,88.52431846018271,0,background
10602,sikkim,27.485305738563607,88.12580152982395,0,background
10603,sikkim,27.843916925841338,88.43830932935957,0,background
10604,sikkim,28.03695010338622,88.77906623547345,0,background
10605,sikkim,27.465556831175242,88.39594754399228,0,background
10606,sikkim,27.536107831914215,88.101140646266,0,background
10607,sikkim,27.80252430432072,88.3694508636229,0,background
10608,sikkim,27.999323212194234,88.52425477467764,0,background
10609,sikkim,27.73662899594562,88.34901362728995,0,background
10610,sikkim,27.888197920643954,88.38501338313613,0,background
10611,sikkim,27.479745018029437,88.30634026186829,0,background
10612,sikkim,27.94890048520554,88.66208042362847,0,background
10613,sikkim,27.982223251715258,88.61566043203355,0,background
10614,sikkim,27.521988846730558,88.36504920162375,0,background
10615,sikkim,28.03839885515902,88.70411102854247,0,background
10616,sikkim,27.81030471722382,88.6130088140095,0,background
10617,sikkim,27.55809839732503,88.34129675227048,0,background
10618,sikkim,27.896287874013495,88.66445005449188,0,background
10619,sikkim,27.717972851190126,88.28939875596937,0,background
10620,sikkim,27.77722668626581,88.63062161164012,0,background
10621,sikkim,27.988515012878636,88.5161861451237,0,background
10622,sikkim,27.602777509639,88.45760932163293,0,background
10623,sikkim,27.824168161724717,88.58694279390457,0,background
10624,sikkim,27.902314104891772,88.76030997869042,0,background
10625,sikkim,27.798021887320125,88.47794490576442,0,background
10626,sikkim,28.009685386624458,88.48348680053333,0,background
10627,sikkim,27.586109999182057,88.39293784313948,0,background
10628,sikkim,27.953992143838555,88.44029452192957,0,background
10629,sikkim,28.07948582035437,88.65993556812946,0,background
10630,sikkim,27.58896606545769,88.5261852449225,0,background
10631,sikkim,27.477453008800254,88.12322930589978,0,background
10632,sikkim,27.774890614501356,88.44714265706966,0,background
10633,sikkim,27.898068037790242,88.73587209888237,0,background
10634,sikkim,27.790904342965675,88.29313015532716,0,background
10635,sikkim,27.645451773817857,88.50100396487873,0,background
10636,sikkim,27.422348943431327,88.19020110518137,0,background
10637,sikkim,27.97785273089578,88.82319586863498,0,background
10638,sikkim,27.752532320439286,88.20553015227732,0,background
10639,sikkim,27.617224453730962,88.55415525490228,0,background
10640,sikkim,27.744866971581253,88.70419291940505,0,background
10641,sikkim,27.90538656560655,88.26843929489,0,background
10642,sikkim,27.576522200768725,88.19189377002225,0,background
10643,sikkim,28.054919743797043,88.64599702432407,0,background
10644,sikkim,28.00050898595241,88.69187205591929,0,background
10645,sikkim,27.84013347368716,88.51482267980023,0,background
10646,sikkim,27.474857570756416,88.22599272728384,0,background
10647,sikkim,27.82513622202015,88.62095844291845,0,background
10648,sikkim,27.811556327974266,88.77308698258012,0,background
10649,sikkim,27.450842247023488,88.73313793516367,0,background
10650,sikkim,27.687160059147523,88.51350944873249,0,background
10651,sikkim,27.524660135064863,88.41920426659995,0,background
10652,sikkim,27.62415029250226,88.46131066707294,0,background
10653,sikkim,27.96714236639273,88.74602184259442,0,background
10654,sikkim,27.8578522518482,88.31305252203305,0,background
10655,sikkim,28.004282500266218,88.72180191045938,0,background
10656,sikkim,27.843103901135727,88.66169205723335,0,background
10657,sikkim,27.876715634034646,88.23046990266442,0,background
10658,sikkim,27.45281183873509,88.36847100772711,0,background
10659,sikkim,27.502985794432405,88.30242859221097,0,background
10660,sikkim,27.503422140984714,88.08921003830497,0,background
10661,sikkim,27.997829446157155,88.73746518083077,0,background
10662,sikkim,27.535989082956135,88.24463748786228,0,background
10663,sikkim,27.71999824934034,88.78262626916015,0,background
10664,sikkim,28.062490638857376,88.68071964914714,0,background
10665,sikkim,27.761810276601853,88.28443738125937,0,background
10666,sikkim,27.43162845612559,88.74331625699168,0,background
10667,sikkim,27.857966528264544,88.44016896861503,0,background
10668,sikkim,27.858242051346657,88.3221625434396,0,background
10669,sikkim,27.76395804681018,88.39525686178845,0,background
10670,sikkim,27.970687390860952,88.35871611920756,0,background
10671,sikkim,27.909997300796512,88.1915821143953,0,background
10672,sikkim,28.056432428829194,88.68178818434467,0,background
10673,sikkim,27.852427252136888,88.37653090819657,0,background
10674,sikkim,27.66108389013356,88.267354059491,0,background
10675,sikkim,27.739789561650813,88.65965871975963,0,background
10676,sikkim,27.414536323978567,88.1256341994365,0,background
10677,sikkim,27.72226289625301,88.26816409927598,0,background
10678,sikkim,27.81672322007616,88.62429745838851,0,background
10679,sikkim,27.70129807241464,88.29528955030652,0,background
10680,sikkim,27.419283378924177,88.08662529416353,0,background
10681,sikkim,27.88898073323438,88.66254793289175,0,background
10682,sikkim,27.945590093123155,88.82324925269148,0,background
10683,sikkim,28.001579757874346,88.48444679937595,0,background
10684,sikkim,27.54874404848724,88.21984946283452,0,background
10685,sikkim,27.75191548611729,88.74068562966211,0,background
10686,sikkim,27.91109187289226,88.16710426910812,0,background
10687,sikkim,27.709170940035488,88.40111994267399,0,background
10688,sikkim,27.898932703235285,88.5157028012584,0,background
10689,sikkim,27.72472029306631,88.24452476282539,0,background
10690,sikkim,27.71065663259823,88.47724082365636,0,background
10691,sikkim,27.918109606396595,88.59406320151663,0,background
10692,sikkim,27.949826252900856,88.2292202286645,0,background
10693,sikkim,27.887653448603608,88.47830377935684,0,background
10694,sikkim,27.45420313951481,88.71442929946241,0,background
10695,sikkim,27.935405038015222,88.42563526683624,0,background
10696,sikkim,28.095203997047648,88.63151773509718,0,background
10697,sikkim,27.805610061144392,88.29561101073585,0,background
10698,sikkim,27.791264041502473,88.4596130819853,0,background
10699,sikkim,27.930525458027727,88.28670823645939,0,background
10700,sikkim,27.787729758941907,88.4709416576744,0,background
10701,sikkim,27.920604587836397,88.40371418129439,0,background
10702,sikkim,27.16675971962518,88.7283421602124,0,background
10703,sikkim,27.91131737091963,88.21289604993711,0,background
10704,sikkim,27.7477647771204,88.71979319925676,0,background
10705,sikkim,27.70389608651557,88.26597570581953,0,background
10706,sikkim,27.930983414854918,88.54869051944799,0,background
10707,sikkim,27.964473190788276,88.46826796934985,0,background
10708,sikkim,28.016990323711266,88.82225317735633,0,background
10709,sikkim,27.523800429451203,88.25279251947767,0,background
10710,sikkim,27.859867807097523,88.50235630762701,0,background
10711,sikkim,28.08625346909876,88.63353664337005,0,background
10712,sikkim,27.800420885566005,88.70687583282714,0,background
10713,sikkim,27.820693705746496,88.60257895926551,0,background
10714,sikkim,27.783066120968403,88.29899003323926,0,background
10715,sikkim,27.48910940731555,88.41060573002984,0,background
10716,sikkim,27.59631418229845,88.25289009627456,0,background
10717,sikkim,27.49627212971317,88.70356149772229,0,background
10718,sikkim,27.62927938591486,88.49669660742707,0,background
10719,sikkim,27.48986409211922,88.19817917721151,0,background
10720,sikkim,27.708231010430083,88.32592889479729,0,background
10721,sikkim,27.506846528055018,88.11631914534767,0,background
10722,sikkim,27.74110719328374,88.7976132605928,0,background
10723,sikkim,27.4903674980122,88.17219984387732,0,background
10724,sikkim,27.609710418323715,88.30263390026603,0,background
10725,sikkim,27.953691718565985,88.65729203826672,0,background
10726,sikkim,27.446134584668563,88.23003998355308,0,background
10727,sikkim,27.891062476966553,88.59780085810443,0,background
10728,sikkim,27.74792306233727,88.47629558835119,0,background
10729,sikkim,27.770359260514688,88.83559381218001,0,background
10730,sikkim,27.470481961475695,88.71366619915419,0,background
10731,sikkim,27.85626654752232,88.49310068721205,0,background
10732,sikkim,27.751831542233475,88.69841770027703,0,background
10733,sikkim,27.821353211149464,88.42347414495995,0,background
10734,sikkim,27.768357496192245,88.31663242051759,0,background
10735,sikkim,27.833069781728398,88.3670520522932,0,background
10736,sikkim,27.56343317672165,88.10189016507715,0,background
10737,sikkim,27.530654057748574,88.34305923755463,0,background
10738,sikkim,27.66873211454018,88.78501536898855,0,background
10739,sikkim,27.823717804036423,88.73359762133695,0,background
10740,sikkim,27.46859667392367,88.27603727045573,0,background
10741,sikkim,27.777114415281055,88.5970518990962,0,background
10742,sikkim,27.855290366299954,88.629482974701,0,background
10743,sikkim,27.60504415982592,88.77121962208773,0,background
10744,sikkim,27.811050014742683,88.74040079548419,0,background
10745,sikkim,28.01098352265886,88.73982912368321,0,background
10746,sikkim,27.52788493586019,88.40776130028459,0,background
10747,sikkim,27.892318911456062,88.40759502233617,0,background
10748,sikkim,27.55848733541447,88.31484032293307,0,background
10749,sikkim,27.834680736330693,88.70334670362438,0,background
10750,sikkim,27.499954576348802,88.76034339245626,0,background
10751,sikkim,27.487363310575354,88.31124132886839,0,background
10752,sikkim,27.896223680677075,88.46727403528034,0,background
10753,sikkim,27.536743765754196,88.41744880374371,0,background
10754,sikkim,27.915988270999623,88.4202547931237,0,background
10755,sikkim,27.88074520191036,88.76746253405011,0,background
10756,sikkim,27.85130506502976,88.74345965261175,0,background
10757,sikkim,27.56584979658959,88.29227838099759,0,background
10758,sikkim,27.367124914672956,88.07271541195153,0,background
10759,sikkim,27.470330728259153,88.7587121343695,0,background
10760,sikkim,27.435919544239805,88.26766454120046,0,background
10761,sikkim,27.6110392179604,88.43098361141944,0,background
10762,sikkim,27.531130812433542,88.14217635176692,0,background
10763,sikkim,27.727007839229575,88.26242117156343,0,background
10764,sikkim,27.908449973036877,88.42605054595717,0,background
10765,sikkim,27.740995734138348,88.33786369874392,0,background
10766,sikkim,27.894909035723792,88.24885797480174,0,background
10767,sikkim,28.104911293285745,88.61895480542272,0,background
10768,sikkim,27.768163613510044,88.28801666962141,0,background
10769,sikkim,27.900537638885446,88.40257891881859,0,background
10770,sikkim,27.919925520294,88.85280748990272,0,background
10771,sikkim,27.49990454449916,88.21136931948713,0,background
10772,sikkim,27.855302712618254,88.70875329246442,0,background
10773,sikkim,27.602765108656673,88.49240609045125,0,background
10774,sikkim,27.759173117686014,88.65416771386063,0,background
10775,sikkim,27.641348515466362,88.46263197735976,0,background
10776,sikkim,27.44338458191972,88.16467559065939,0,background
10777,sikkim,27.974394328112233,88.79640412797306,0,background
10778,sikkim,27.97706372141716,88.5386998174388,0,background
10779,sikkim,27.739816484396258,88.75571091526619,0,background
10780,sikkim,28.036719219416156,88.79013257829449,0,background
10781,sikkim,27.884283253958323,88.63906074443994,0,background
10782,sikkim,27.597507370987515,88.40070600496044,0,background
10783,sikkim,27.44571799733339,88.44995501272521,0,background
10784,sikkim,27.562453932510202,88.16813864656868,0,background
10785,sikkim,28.025807147173747,88.52886812868906,0,background
10786,sikkim,27.96680743762104,88.69810925619639,0,background
10787,sikkim,27.960331149286933,88.37654912004636,0,background
10788,sikkim,27.580093522794566,88.76897137087853,0,background
10789,sikkim,28.104703186205494,88.64125810464272,0,background
10790,sikkim,27.467399443972592,88.37407410182271,0,background
10791,sikkim,27.635608528225106,88.30899014123243,0,background
10792,sikkim,27.704879584495263,88.20944030013855,0,background
10793,sikkim,27.944764566678344,88.59219718238924,0,background
10794,sikkim,28.054820132508933,88.59238998512316,0,background
10795,sikkim,27.824359783014568,88.47996721891121,0,background
10796,sikkim,27.740036828906277,88.77505423775757,0,background
10797,sikkim,28.04660008039236,88.67624570375453,0,background
10798,sikkim,27.51417925128108,88.29507031499766,0,background
10799,sikkim,27.410484281716545,88.20943138591647,0,background
10800,sikkim,27.594179235172454,88.26531857260748,0,background
10801,sikkim,27.428122012615038,88.23171128395445,0,background
10802,sikkim,27.66567322255372,88.241048049647,0,background
10803,sikkim,27.887179246537475,88.8392044975884,0,background
10804,sikkim,27.446616254048227,88.13669197101396,0,background
10805,sikkim,27.440579332066594,88.12001611121191,0,background
10806,sikkim,27.497037875545313,88.40571748134512,0,background
10807,sikkim,27.61804512692848,88.15798366729172,0,background
10808,sikkim,28.00066439330406,88.43542418183492,0,background
10809,sikkim,27.896599271867395,88.74909412303852,0,background
10810,sikkim,27.864411822073325,88.70627596524673,0,background
10811,sikkim,27.784379092061574,88.35149170433914,0,background
10812,sikkim,27.52678581699677,88.20763709887535,0,background
10813,sikkim,27.91092866846548,88.27650247472234,0,background
10814,sikkim,27.902570456101216,88.36925920216241,0,background
10815,sikkim,27.56798626367349,88.10725245786139,0,background
10816,sikkim,27.83816096484913,88.69331215578902,0,background
10817,sikkim,27.49487697480741,88.74525412587373,0,background
10818,sikkim,27.435648195225642,88.69657859906677,0,background
10819,sikkim,27.40686654571787,88.1996462778877,0,background
10820,sikkim,27.536947490028712,88.72838130148703,0,background
10821,sikkim,27.87177054250554,88.18892622844737,0,background
10822,sikkim,27.51848082922774,88.72101235469059,0,background
10823,sikkim,27.99159246255294,88.63432615537019,0,background
10824,sikkim,27.614423800560225,88.2522573919053,0,background
10825,sikkim,27.553728049450925,88.26243454705954,0,background
10826,sikkim,27.56922859398484,88.19893519139713,0,background
10827,sikkim,27.52126493054807,88.43896698295977,0,background
10828,sikkim,27.606101485634237,88.1787617077398,0,background
10829,sikkim,27.734302776720266,88.2908939851928,0,background
10830,sikkim,27.779706000534464,88.34079754656373,0,background
10831,sikkim,27.494997843737085,88.73614289973301,0,background
10832,sikkim,27.468354065803016,88.21634578352078,0,background
10833,sikkim,27.791135195509415,88.36909455273565,0,background
10834,sikkim,27.51828466124353,88.31854091265903,0,background
10835,sikkim,27.94331473710846,88.7511129438499,0,background
10836,sikkim,27.558108574796275,88.37828623310355,0,background
10837,sikkim,27.277614056338354,88.89669637388945,0,background
10838,sikkim,27.453408297313235,88.38918459027882,0,background
10839,sikkim,27.556240916451554,88.42544397283505,0,background
10840,sikkim,28.06042848870424,88.69394015763886,0,background
10841,sikkim,27.950147647535907,88.40514441882988,0,background
10842,sikkim,27.575384757371822,88.14556271151983,0,background
10843,sikkim,28.042216846642724,88.70941646370972,0,background
10844,sikkim,27.392346907812655,88.05428532804657,0,background
10845,sikkim,27.997365865757313,88.76408956810889,0,background
10846,sikkim,27.808583636628256,88.6880082981752,0,background
10847,sikkim,27.962763515156738,88.79228431561519,0,background
10848,sikkim,27.74122286369827,88.74243360906722,0,background
10849,sikkim,27.73579378929036,88.84049913351555,0,background
10850,sikkim,27.64331355966102,88.43829069331059,0,background
10851,sikkim,27.480306170058846,88.42421023237483,0,background
10852,sikkim,27.597008993398816,88.77934740868943,0,background
10853,sikkim,27.68160668607723,88.29814689689363,0,background
10854,sikkim,27.792831991433854,88.613372364234,0,background
10855,sikkim,27.878436567761096,88.87772730686446,0,background
10856,sikkim,27.56733620890614,88.44068744028255,0,background
10857,sikkim,27.539397031142002,88.74088727371874,0,background
10858,sikkim,27.806131560431403,88.8149136383167,0,background
10859,sikkim,27.90739044390772,88.79767052564546,0,background
10860,sikkim,27.901737370352002,88.24880306769582,0,background
10861,sikkim,28.004416785903594,88.4911617124803,0,background
10862,sikkim,28.027485321964424,88.67848241367733,0,background
10863,sikkim,27.943041386341644,88.39188337820072,0,background
10864,sikkim,27.83215127682536,88.76010770206742,0,background
10865,sikkim,27.554519874846232,88.23717084564355,0,background
10866,sikkim,27.894685004046107,88.73031322730169,0,background
10867,sikkim,27.7807609431759,88.28501811974473,0,background
10868,sikkim,27.636263899111487,88.50115322530164,0,background
10869,sikkim,27.70601975883426,88.47254542005439,0,background
10870,sikkim,27.872309769469346,88.44141531358581,0,background
10871,sikkim,27.703101428792817,88.81236376200414,0,background
10872,sikkim,27.79151430265645,88.25748004587909,0,background
10873,sikkim,27.942292501848126,88.30147084447275,0,background
10874,sikkim,27.598215216766626,88.3458848760067,0,background
10875,sikkim,27.662627905261626,88.2192321197045,0,background
10876,sikkim,27.945185867006515,88.2995871641852,0,background
10877,sikkim,27.539826359680305,88.08383728405798,0,background
10878,sikkim,27.938522835252744,88.15617149206928,0,background
10879,sikkim,27.474877863902766,88.39019533006176,0,background
10880,sikkim,27.896491171801422,88.3263633082011,0,background
10881,sikkim,27.545718210518338,88.31365285925152,0,background
10882,sikkim,28.031078859402175,88.7037545186319,0,background
10883,sikkim,27.86582617685258,88.59001135440433,0,background
10884,sikkim,27.62589074651124,88.55667034910145,0,background
10885,sikkim,27.59804466078147,88.2771434735774,0,background
10886,sikkim,27.381096186821612,88.11653468385366,0,background
10887,sikkim,27.750825171309277,88.37682337872307,0,background
10888,sikkim,27.908346511430608,88.74996488883953,0,background
10889,sikkim,27.742585754831403,88.80736651803805,0,background
10890,sikkim,27.853174052178975,88.50842352740914,0,background
10891,sikkim,27.83498850237752,88.5410327686018,0,background
10892,sikkim,27.717499198698185,88.43350262575413,0,background
10893,sikkim,27.61977044442148,88.21942427789322,0,background
10894,sikkim,27.79309051391373,88.61997550718704,0,background
10895,sikkim,27.68427993121131,88.44675040168077,0,background
10896,sikkim,27.514616472663878,88.78925341129666,0,background
10897,sikkim,27.77749337914411,88.58943096270156,0,background
10898,sikkim,27.708524220279863,88.34605005417595,0,background
10899,sikkim,27.477468769641504,88.73604842506344,0,background
10900,sikkim,27.518182001399676,88.71751594168046,0,background
10901,sikkim,27.709136814969817,88.23030931604204,0,background
10902,sikkim,27.749414076201393,88.65841192077056,0,background
10903,sikkim,27.8561419129633,88.2613758329905,0,background
10904,sikkim,28.003811358221995,88.8187634341105,0,background
10905,sikkim,27.648509994186984,88.54149267942769,0,background
10906,sikkim,27.80244302199768,88.23880404489026,0,background
10907,sikkim,27.826227331427493,88.57034427793812,0,background
10908,sikkim,27.51955429144169,88.10636303277158,0,background
10909,sikkim,28.00634875780945,88.6303242249018,0,background
10910,sikkim,27.573472477794063,88.2195975661587,0,background
10911,sikkim,27.860305756642347,88.65191769603844,0,background
10912,sikkim,27.93735894802572,88.64191124117508,0,background
10913,sikkim,27.913816489360478,88.49281660812133,0,background
10914,sikkim,27.565487801670816,88.12729228663646,0,background
10915,sikkim,27.75350076023609,88.40750778316567,0,background
10916,sikkim,27.644498213497737,88.28402314566611,0,background
10917,sikkim,27.735738216876005,88.36246250876597,0,background
10918,sikkim,27.950072302428367,88.17392259424511,0,background
10919,sikkim,27.70609218109922,88.20878702953755,0,background
10920,sikkim,27.829872702510286,88.52120520050985,0,background
10921,sikkim,27.82253649164593,88.46713184061213,0,background
10922,sikkim,27.82644732789322,88.32754322564334,0,background
10923,sikkim,27.914933671027715,88.28866759446105,0,background
10924,tripura,23.65079183727962,91.44183807800114,0,background
10925,tripura,24.179815290572247,92.17812660103948,0,background
10926,tripura,23.439434344325605,91.55636264049875,0,background
10927,tripura,24.144467845103417,92.14293992093806,0,background
10928,tripura,23.64225430806392,91.92250564384838,0,background
10929,tripura,24.049497817291137,91.84358422662176,0,background
10930,tripura,23.8890706290871,91.97601694771915,0,background
10931,tripura,23.274638275092506,91.69348679178407,0,background
10932,tripura,24.31674619781785,92.03167860044648,0,background
10933,tripura,23.88804643700586,91.53248855855956,0,background
10934,tripura,23.651909895393235,91.9156332502272,0,background
10935,tripura,24.068014176989607,91.89562777707849,0,background
10936,tripura,24.06154961276776,91.39601613866479,0,background
10937,tripura,23.606875608354283,91.9430983679739,0,background
10938,tripura,23.43681188631063,91.43721067937882,0,background
10939,tripura,24.304241865165196,91.96833485132244,0,background
10940,tripura,23.6491947524997,91.29401197903135,0,background
10941,tripura,24.378395611145216,92.01187085064916,0,background
10942,tripura,23.959771110827443,91.96615821328317,0,background
10943,tripura,23.588434134089923,91.43492795407754,0,background
10944,tripura,23.89547303834328,91.30437648839384,0,background
10945,tripura,23.718307344696452,91.41980481131797,0,background
10946,tripura,23.828125872581435,91.42525010855967,0,background
10947,tripura,23.86088857850839,91.71071809671669,0,background
10948,tripura,23.670893892390705,91.91569941350055,0,background
10949,tripura,23.308162386978566,91.74999296576841,0,background
10950,tripura,24.326435805876724,92.1196083455838,0,background
10951,tripura,24.212109048347287,92.03141165716553,0,background
10952,tripura,24.30126703699095,92.01389628095698,0,background
10953,tripura,23.773737393976713,92.02990623438124,0,background
10954,tripura,23.882296979044728,92.16994001165843,0,background
10955,tripura,23.42341595605339,91.64634590421997,0,background
10956,tripura,24.05358700231476,91.77022096395096,0,background
10957,tripura,23.375035977818957,91.46669934814011,0,background
10958,tripura,23.721963823236223,91.56381101032788,0,background
10959,tripura,24.18155182982165,91.99114648024323,0,background
10960,tripura,23.97449354094616,91.53840992465773,0,background
10961,tripura,24.302801483190844,91.98790008073634,0,background
10962,tripura,23.744088759348653,91.36016272408665,0,background
10963,tripura,23.644221947764645,91.25127069817059,0,background
10964,tripura,23.93022569400769,91.92961094753463,0,background
10965,tripura,23.17526835536881,91.37590783415618,0,background
10966,tripura,23.449822498514315,91.61682486680468,0,background
10967,tripura,23.677415438737984,91.52973323174615,0,background
10968,tripura,23.82676634279851,92.19043043346043,0,background
10969,tripura,24.074166288133114,92.03670065039117,0,background
10970,tripura,23.64496606326216,91.26080231966502,0,background
10971,tripura,23.820956867325396,91.3972387670715,0,background
10972,tripura,23.860159770015688,91.9687235571601,0,background
10973,tripura,23.554456867430623,91.19754604720818,0,background
10974,tripura,23.476066027931516,91.45429018459342,0,background
10975,tripura,24.024184503193176,91.9216302976979,0,background
10976,tripura,23.337370645853646,91.30708148657214,0,background
10977,tripura,23.740494772390523,91.70453691288898,0,background
10978,tripura,23.58844427563684,91.35766609119494,0,background
10979,tripura,23.329373075387792,91.42624575214138,0,background
10980,tripura,24.343859587663804,91.95532237072892,0,background
10981,tripura,23.661913543320775,91.74370463002506,0,background
10982,tripura,23.532354275714926,91.92481166915528,0,background
10983,tripura,24.054358662064093,91.40185043426082,0,background
10984,tripura,23.53380960522269,91.63904489643632,0,background
10985,tripura,24.024324721249847,91.74396393549686,0,background
10986,tripura,23.526187052397074,91.30582504302372,0,background
10987,tripura,24.031334589440892,92.15307519228197,0,background
10988,tripura,23.413959593331313,91.61068460699096,0,background
10989,tripura,23.57856950589117,91.63060905461708,0,background
10990,tripura,24.114504583849985,91.86805792178797,0,background
10991,tripura,23.519528117222468,91.28292993975231,0,background
10992,tripura,23.77907075560283,91.73290522445164,0,background
10993,tripura,23.526122395148082,91.7977663930095,0,background
10994,tripura,23.50316894424498,91.82101114649603,0,background
10995,tripura,23.175230206078016,91.62526298338985,0,background
10996,tripura,23.479581586271976,91.8020154640792,0,background
10997,tripura,23.655039577958977,91.7508965559848,0,background
10998,tripura,24.328410553321813,92.15753289484853,0,background
10999,tripura,23.326673077826737,91.38872376721638,0,background
11000,tripura,24.18421226240443,92.03560908181296,0,background
11001,tripura,23.325800969708347,91.37116854139906,0,background
11002,tripura,23.955714604922193,91.34614063726207,0,background
11003,tripura,23.408918509383245,91.38354254399772,0,background
11004,tripura,23.22354874561946,91.63039592265429,0,background
11005,tripura,23.85971974052416,91.58725466791749,0,background
11006,tripura,23.948936296788467,91.98452847704816,0,background
11007,tripura,23.389822577419036,91.46854118420293,0,background
11008,tripura,23.364859407595148,91.33117932030956,0,background
11009,tripura,23.107544634175465,91.68369077973968,0,background
11010,tripura,24.30009126798983,91.9762490276305,0,background
11011,tripura,23.72755152885276,91.40278872763528,0,background
11012,tripura,23.07280967641089,91.69764011532725,0,background
11013,tripura,23.67906521340081,91.43036931462858,0,background
11014,tripura,23.467199638407767,91.52888853767378,0,background
11015,tripura,23.524151760214732,91.73439293937902,0,background
11016,tripura,23.127941535291527,91.52711625974369,0,background
11017,tripura,23.536247098296656,91.73504535160403,0,background
11018,tripura,24.165965670351174,92.03790556236274,0,background
11019,tripura,23.960770934531936,91.79338672327798,0,background
11020,tripura,23.740174537158786,91.4937705503725,0,background
