system:index,District,Latitude,Longitude,SlNo,State,event_date,rainfall_15d_mm,rainfall_24h_mm,rainfall_72h_mm,rainfall_7d_mm,.geo
00000000000000000211,Lower Dibang Valley,28.38919722,95.92776111,1771,Arunachal Pradesh,2024-04-17,95.58499841578305,30.339999610558152,34.67999951168895,41.47499938309193,"{""type"":""Point"",""coordinates"":[95.92776111,28.389197220000003]}"
00000000000000000212,Lower Dibang Valley,28.38919722,95.92776111,1941,Arunachal Pradesh,2024-04-17,95.58499841578305,30.339999610558152,34.67999951168895,41.47499938309193,"{""type"":""Point"",""coordinates"":[95.92776111,28.389197220000003]}"
0000000000000000005f,Lower Subansiri,27.339267,93.802581,1120,Arunachal Pradesh,2016-07-09,425.9054890498519,95.08999821171165,138.69499682821333,280.8849930819124,"{""type"":""Point"",""coordinates"":[93.802581,27.339267]}"
00000000000000000061,Lower Subansiri,27.193425,93.780983,999,Arunachal Pradesh,2016-07-09,475.1824895441532,146.984997946769,255.49999469518661,378.51999204419553,"{""type"":""Point"",""coordinates"":[93.780983,27.193424999999998]}"
0000000000000000005e,Papum Pare,27.105253219604492,93.825399,1938,Arunachal Pradesh,2024-06-11,356.24498984310776,20.11999951209873,25.704999342560768,57.88999858498573,"{""type"":""Point"",""coordinates"":[93.825399,27.105253219604492]}"
000000000000000001bb,Papum Pare,27.12113571166992,93.762164,1940,Arunachal Pradesh,2024-06-11,341.0149924205616,13.394999950192869,31.579999568872154,65.75499891210347,"{""type"":""Point"",""coordinates"":[93.762164,27.121135711669915]}"
00000000000000000262,Papum Pare,27.099285125732425,93.614766,2078,Arunachal Pradesh,2026-03-09,14.659999687224627,0.004999999888241291,0.004999999888241291,1.209999960847199,"{""type"":""Point"",""coordinates"":[93.614766,27.099285125732425]}"
0000000000000000006a,West Kameng,27.018342,92.6355972290039,878,Arunachal Pradesh,2016-06-24,303.82999330665916,52.634998792782426,81.21999794337898,128.70999711100012,"{""type"":""Point"",""coordinates"":[92.6355972290039,27.018341999999997]}"
00000000000000000070,Cachar,24.645417,93.005361,30,Assam,2016-08-24,62.41499814298004,0.39499998837709427,3.434999890625477,18.134999433532357,"{""type"":""Point"",""coordinates"":[93.005361,24.645417000000002]}"
00000000000000000071,Cachar,24.721920013427734,92.90380859375,36,Assam,2020-05-29,189.8649956556037,14.554999653249979,84.46499782335013,109.4349971730262,"{""type"":""Point"",""coordinates"":[92.90380859375,24.721920013427734]}"
0000000000000000006e,Dima Hasao,25.229556,93.15560150146484,243,Assam,2010-03-26,18.844999758526683,4.2849999740719795,7.104999981820583,7.104999981820583,"{""type"":""Point"",""coordinates"":[93.15560150146484,25.229556000000002]}"
0000000000000000006f,Dima Hasao,26.20261001586914,91.14527893066406,521,Assam,2009-08-13,314.82699344400316,116.98999743256718,136.10999702755362,168.25999638903886,"{""type"":""Point"",""coordinates"":[91.14527893066406,26.20261001586914]}"
0000000000000000007e,Dima Hasao,25.17741584777832,93.00975036621094,783,Assam,2022-05-09,109.15199697669595,11.799999691545963,11.799999691545963,73.13999802898616,"{""type"":""Point"",""coordinates"":[93.00975036621094,25.17741584777832]}"
00000000000000000080,Dima Hasao,25.1568056,93.019722,656,Assam,2022-05-06,97.98199727665633,0.03999999910593033,36.32999896723777,85.75199760030955,"{""type"":""Point"",""coordinates"":[93.019722,25.1568056]}"
000000000000000001c1,Dima Hasao,25.316197,93.006158,813,Assam,2022-06-09,133.02349702455103,21.68499972485006,28.829999558627605,111.85999763570726,"{""type"":""Point"",""coordinates"":[93.006158,25.316197]}"
00000000000000000084,Dima Hasao (N.C. Hills),25.15713889,93.01719444,672,Assam,2016-05-20,372.47499279957265,17.65999946370721,180.28999623190612,360.80999308731407,"{""type"":""Point"",""coordinates"":[93.01719444,25.157138889999995]}"
00000000000000000086,Dima Hasao (N.C. Hills),25.14872222,93.03191667,683,Assam,2016-05-10,123.41949702333659,0.2149999924004078,2.209999960847199,26.869999531656504,"{""type"":""Point"",""coordinates"":[93.03191667000002,25.14872222]}"
00000000000000000273,Dima Hasao (N.C. Hills),25.20738889,93.12277778,709,Assam,2014-08-13,74.35799810662866,5.60999983549118,9.104999735951424,34.42999898362905,"{""type"":""Point"",""coordinates"":[93.12277778,25.207388890000004]}"
00000000000000000087,Hailakandi,24.478972,92.682861,8,Assam,2016-05-10,112.70049701537937,0.23499999195337296,2.7899999506771564,55.92499853298068,"{""type"":""Point"",""coordinates"":[92.682861,24.478972000000002]}"
000000000000000001c4,Hailakandi,24.51594352722168,92.540889,15,Assam,2016-05-11,144.5529963998124,11.224999815225601,17.079999580979347,53.60499897971749,"{""type"":""Point"",""coordinates"":[92.540889,24.515943527221683]}"
00000000000000000005,Kamrup,26.14988889,91.77394444,793,Assam,2025-04-24,100.42499750014395,3.56999983265996,16.434999372810125,33.994999004527926,"{""type"":""Point"",""coordinates"":[91.77394444,26.14988889]}"
00000000000000000007,Kamrup,26.12911111,91.74911111,795,Assam,2012-06-18,360.31999117694795,7.034999795258045,77.35999818891287,189.39499564655125,"{""type"":""Point"",""coordinates"":[91.74911111,26.129111109999997]}"
00000000000000000008,Kamrup,26.15333333,91.77711111,796,Assam,2012-06-18,360.31999117694795,7.034999795258045,77.35999818891287,189.39499564655125,"{""type"":""Point"",""coordinates"":[91.77711111,26.15333333]}"
00000000000000000009,Kamrup,26.15052778,91.72766667,797,Assam,2012-06-20,341.47499166987836,53.99999835342169,61.03499814867973,219.85499460808933,"{""type"":""Point"",""coordinates"":[91.72766667,26.150527780000004]}"
0000000000000000004c,Kamrup,25.757752,91.252285,842,Assam,2014-07-10,321.00399205926806,18.154999469406903,122.8099974123761,129.89499727264047,"{""type"":""Point"",""coordinates"":[91.252285,25.757752]}"
0000000000000000004e,Kamrup,26.2272613,91.6922458,845,Assam,2008-12-19,0.0,0.0,0.0,0.0,"{""type"":""Point"",""coordinates"":[91.6922458,26.227261300000002]}"
0000000000000000004f,Kamrup,26.246980667114254,91.964383,847,Assam,2025-06-28,192.13999552000314,12.769999653100967,14.964999601244926,76.5299980500713,"{""type"":""Point"",""coordinates"":[91.964383,26.246980667114254]}"
0000000000000000006b,Kamrup,26.158193,91.755807,800,Assam,2025-05-30,347.549992473796,154.9149961490184,182.36999612208456,232.10499528050423,"{""type"":""Point"",""coordinates"":[91.755807,26.158193]}"
0000000000000000006d,Kamrup,26.11266708374023,91.853889,474,Assam,2018-08-17,189.23999556992203,10.124999596737325,30.274998889304698,120.01499691139907,"{""type"":""Point"",""coordinates"":[91.853889,26.11266708374023]}"
000000000000000001bd,Kamrup,26.16618537902832,91.7146987915039,801,Assam,2025-05-28,228.16499599069357,27.45499997306615,50.16499966196716,91.12999882828444,"{""type"":""Point"",""coordinates"":[91.7146987915039,26.16618537902832]}"
000000000000000001be,Kamrup,26.166160583496097,91.713803,802,Assam,2025-05-28,228.16499599069357,27.45499997306615,50.16499966196716,91.12999882828444,"{""type"":""Point"",""coordinates"":[91.713803,26.166160583496097]}"
00000000000000000088,Kamrup (Metro),26.191600799560547,91.8036117553711,776,Assam,2022-06-09,174.18249545618892,52.09499870240688,77.17499811202288,120.77999722585082,"{""type"":""Point"",""coordinates"":[91.8036117553711,26.19160079956054]}"
0000000000000000008a,Kamrup (Metro),26.15805556,91.71258333,731,Assam,2019-07-09,378.3904900178313,112.48999746609479,153.60499667096883,198.59499571751803,"{""type"":""Point"",""coordinates"":[91.71258333,26.15805556]}"
0000000000000000008b,Kamrup (Metro),26.19236111,91.78080556,730,Assam,2019-07-03,250.6854927027598,16.03499973937869,90.0004968456924,193.6054941052571,"{""type"":""Point"",""coordinates"":[91.78080556,26.19236111]}"
0000000000000000008c,Kamrup (Metro),26.19330556,91.77725219726562,773,Assam,2020-06-21,293.46999303717166,16.97499981429428,49.20999907609075,106.56999784242362,"{""type"":""Point"",""coordinates"":[91.77725219726562,26.19330556]}"
000000000000000001bc,Kamrup (Metro),26.1505375,91.72798139,488,Assam,2023-06-10,131.06099669542164,56.56499842554331,85.2649977458641,85.62999772559851,"{""type"":""Point"",""coordinates"":[91.72798139,26.1505375]}"
000000000000000001c0,Kamrup (Metro),26.19622039794922,91.76335906982422,519,Assam,2011-03-16,30.08599862176925,0.14999999105930328,0.14999999105930328,29.909998611547053,"{""type"":""Point"",""coordinates"":[91.76335906982422,26.196220397949215]}"
000000000000000001c5,Kamrup (Metro),26.193220138549805,91.77033233642578,777,Assam,2022-06-09,154.37049631867558,49.92999882157892,78.26499785389751,117.11499660369009,"{""type"":""Point"",""coordinates"":[91.77033233642578,26.1932201385498]}"
000000000000000001c7,Kamrup (Metro),26.19244444,91.76422222,729,Assam,2016-07-13,306.51949472539127,7.779999935999513,22.54999954625964,152.83499775547534,"{""type"":""Point"",""coordinates"":[91.76422222,26.19244444]}"
000000000000000001c8,Kamrup (Metro),26.09150556,91.87898611,774,Assam,2020-07-05,394.74049183912575,64.48499849997461,97.33999823965132,132.23549772240222,"{""type"":""Point"",""coordinates"":[91.87898611,26.09150556]}"
000000000000000001cb,Kamrup (Metro),26.188419342041016,91.85124969482422,506,Assam,2017-06-09,150.44799645617604,12.659999464638531,12.784999464638531,29.63999927509576,"{""type"":""Point"",""coordinates"":[91.85124969482422,26.188419342041016]}"
00000000000000000214,Kamrup (Metro),26.21305556,91.69249725341795,775,Assam,2020-06-19,424.6899905866012,45.12999911606312,132.5449969433248,191.77999547496438,"{""type"":""Point"",""coordinates"":[91.69249725341795,26.21305556]}"
0000000000000000025d,Kamrup (Metro),26.23801612854004,91.945953,843,Assam,2025-10-26,10.63499991223216,0.0,0.7499999962747097,0.7499999962747097,"{""type"":""Point"",""coordinates"":[91.945953,26.23801612854004]}"
00000000000000000261,Kamrup (Metro),26.156633377075195,91.9385757446289,856,Assam,2024-08-01,133.29999680258334,6.399999877437949,35.59499923326075,55.15999866370112,"{""type"":""Point"",""coordinates"":[91.9385757446289,26.156633377075195]}"
0000000000000000006c,Karimganj,24.710832595825195,92.481167,35,Assam,2010-05-27,387.2499910388142,16.704999573528767,64.27999825309962,195.9899939345196,"{""type"":""Point"",""coordinates"":[92.48116700000001,24.710832595825195]}"
000000000000000001c9,Karimganj,24.78002778,92.45372222,38,Assam,2020-05-26,247.9349938677624,95.11499823629856,114.70999753754586,148.3199966736138,"{""type"":""Point"",""coordinates"":[92.45372222,24.78002778]}"
000000000000000001ca,Karimganj,24.78380556,92.45563889,39,Assam,2020-05-26,247.9349938677624,95.11499823629856,114.70999753754586,148.3199966736138,"{""type"":""Point"",""coordinates"":[92.45563889,24.783805560000005]}"
00000000000000000257,Udalguri,26.89073944091797,92.12068176269533,590,Assam,2021-04-21,29.154999243095517,0.10499999672174454,2.364999935030937,11.404999641701579,"{""type"":""Point"",""coordinates"":[92.12068176269533,26.89073944091797]}"
00000000000000000258,Udalguri,26.88969039916992,92.1226577758789,589,Assam,2021-04-21,29.154999243095517,0.10499999672174454,2.364999935030937,11.404999641701579,"{""type"":""Point"",""coordinates"":[92.1226577758789,26.889690399169922]}"
00000000000000000260,West Khasi Hills,25.740148,91.224044,852,Assam,2014-07-11,328.0639918940142,24.879999321885407,101.01999809686095,132.54999720677733,"{""type"":""Point"",""coordinates"":[91.224044,25.740148]}"
0000000000000000017f,Bishnupur,24.524125,93.816333,19559,Manipur,2024-07-25,162.90499612595886,4.334999871440232,27.584999413229525,88.44499762915075,"{""type"":""Point"",""coordinates"":[93.81633300000001,24.524125]}"
00000000000000000180,Bishnupur,24.51705551147461,93.817056,19560,Manipur,2024-07-26,161.53499610256404,9.209999743849039,17.11999958846718,89.12499766238034,"{""type"":""Point"",""coordinates"":[93.817056,24.517055511474613]}"
00000000000000000090,Chandel,24.406389236450195,94.06582641601562,18354,Manipur,2007-08-31,148.44499664381146,6.9449998857453465,14.629999577999115,73.83999814931303,"{""type"":""Point"",""coordinates"":[94.06582641601562,24.406389236450195]}"
00000000000000000181,Kangpokpi,25.146528244018555,93.941722,19217,Manipur,2017-05-28,83.57499813754112,6.434999831952155,17.789999541826546,26.5699993558228,"{""type"":""Point"",""coordinates"":[93.94172200000001,25.146528244018555]}"
0000000000000000023c,Noney,24.925199508666992,94.33709716796876,18904,Manipur,2018-05-30,79.56999784521759,28.66499899327755,28.804998993873596,31.18499893322587,"{""type"":""Point"",""coordinates"":[94.33709716796878,24.925199508666996]}"
00000000000000000026,Ri-Bhoi,25.67469444,91.88652778,19578,Manipur,2011-06-19,186.7249954836443,2.479999958537519,36.6049989098683,81.57999781798571,"{""type"":""Point"",""coordinates"":[91.88652778,25.674694439999996]}"
00000000000000000091,Senapati,25.472169876098633,94.15432739257812,19515,Manipur,2007-09-02,158.8569960957393,9.766999808140099,39.29699901584536,88.75199788436294,"{""type"":""Point"",""coordinates"":[94.15432739257812,25.472169876098636]}"
000000000000000001ff,TAMENGLONG,24.98500061035156,93.52113889,19575,Manipur,2011-05-24,190.43999724183232,82.09499894361943,131.43999791238457,185.02499732654542,"{""type"":""Point"",""coordinates"":[93.52113889,24.985000610351562]}"
0000000000000000023b,TAMENGLONG,24.79083333,93.72333333,19576,Manipur,2011-06-29,209.88499566726387,19.35499945934862,60.59999899659306,121.06999742239714,"{""type"":""Point"",""coordinates"":[93.72333333,24.790833330000005]}"
0000000000000000000b,Tamenglong,24.81722068786621,93.51721954345705,18716,Manipur,2007-06-09,36.55499893054366,13.299999488517642,20.20999933499843,22.11999928858131,"{""type"":""Point"",""coordinates"":[93.51721954345705,24.817220687866214]}"
00000000000000000027,Tamenglong,24.86469444,93.62116667,19582,Manipur,2010-06-01,200.65999524109066,20.249999484047294,41.919998926110566,104.91999713424593,"{""type"":""Point"",""coordinates"":[93.62116667,24.864694440000005]}"
00000000000000000028,Tamenglong,24.86297222,93.62397222,19583,Manipur,2010-06-01,200.65999524109066,20.249999484047294,41.919998926110566,104.91999713424593,"{""type"":""Point"",""coordinates"":[93.62397222000001,24.862972220000003]}"
00000000000000000029,Tamenglong,24.73133333,93.92738889,19584,Manipur,2010-03-21,2.3999999705702066,0.0,0.0,2.1699999794363976,"{""type"":""Point"",""coordinates"":[93.92738889000002,24.73133333]}"
00000000000000000093,Tamenglong,24.848329544067383,93.45916748046876,18803,Manipur,2008-06-12,97.50499731395394,13.394999640993774,35.24499922990799,81.10499787237495,"{""type"":""Point"",""coordinates"":[93.45916748046876,24.848329544067386]}"
00000000000000000094,Tamenglong,24.832780838012695,93.4633331298828,18759,Manipur,2008-06-24,127.5099977441132,31.244999818503857,44.94999942462891,67.59999864082783,"{""type"":""Point"",""coordinates"":[93.4633331298828,24.83278083801269]}"
00000000000000000095,Tamenglong,24.817779541015625,93.51583099365234,18718,Manipur,2007-09-03,198.17549481987953,43.05999850202352,58.91549833584577,103.21049713063985,"{""type"":""Point"",""coordinates"":[93.51583099365236,24.817779541015625]}"
00000000000000000096,Tamenglong,24.98611068725586,93.50582885742188,18997,Manipur,2007-08-17,97.15999827347696,5.294999914243817,33.98999919369817,59.839998685754836,"{""type"":""Point"",""coordinates"":[93.50582885742188,24.98611068725586]}"
00000000000000000182,Tamenglong,24.983806,93.497528,18988,Manipur,2018-06-15,394.64148978795856,95.149997305125,262.9899935359135,338.7699915012345,"{""type"":""Point"",""coordinates"":[93.497528,24.983806000000005]}"
000000000000000001cc,Tamenglong,24.979000091552734,93.49600219726562,19558,Manipur,2024-07-22,135.99499634001404,54.914998169988394,57.17999812029302,66.16499800980091,"{""type"":""Point"",""coordinates"":[93.49600219726562,24.979000091552738]}"
00000000000000000215,Tamenglong,24.848329544067383,93.45916748046876,18802,Manipur,2007-09-05,250.5319940187037,19.45499941240996,75.23499834351242,99.69699780829251,"{""type"":""Point"",""coordinates"":[93.45916748046876,24.848329544067386]}"
00000000000000000265,Tamenglong,25.091777801513672,92.354694,19123,Manipur,2018-07-04,233.02199535351247,50.68499884009361,100.51699779741466,137.20199705753475,"{""type"":""Point"",""coordinates"":[92.354694,25.09177780151368]}"
0000000000000000023d,Tengnoupal,24.813306,93.243417,18701,Manipur,2018-07-26,112.43999816291034,41.41499932855368,68.86999892443419,85.88999848999083,"{""type"":""Point"",""coordinates"":[93.24341700000001,24.813306]}"
0000000000000000026a,Ukhrul,24.98352813720703,94.158333,18986,Manipur,2018-06-05,78.15849831607193,11.769999742507935,36.20999905932695,53.40349873807281,"{""type"":""Point"",""coordinates"":[94.15833300000001,24.98352813720703]}"
00000000000000000099,East Jaintia Hills,25.04805374145508,92.409245,20504,Meghalaya,2025-05-04,173.96499616652727,0.539999975822866,3.479999861679971,50.78999873902649,"{""type"":""Point"",""coordinates"":[92.409245,25.04805374145508]}"
0000000000000000021b,East Jaintia Hills,25.091779708862305,92.3546905517578,19658,Meghalaya,2018-04-30,85.50499815586954,35.889999544247985,55.39999899454415,67.97499875538051,"{""type"":""Point"",""coordinates"":[92.35469055175781,25.09177970886231]}"
00000000000000000018,East Khasi Hills,25.57711111,91.88141667,20511,Meghalaya,2010-08-20,226.61999483872205,72.76999837625772,113.34499742183834,126.9899970991537,"{""type"":""Point"",""coordinates"":[91.88141667,25.57711111]}"
0000000000000000001f,East Khasi Hills,25.56183333,91.86855556,20512,Meghalaya,2010-06-21,476.7299878625199,65.21499793697149,93.60999711137265,149.83999635931104,"{""type"":""Point"",""coordinates"":[91.86855556,25.56183333]}"
00000000000000000020,East Khasi Hills,25.57188889,91.90127778,20513,Meghalaya,2010-06-21,502.52499131765217,79.05499915964901,118.83999830391258,168.74499686714262,"{""type"":""Point"",""coordinates"":[91.90127778,25.57188889]}"
00000000000000000021,East Khasi Hills,25.56852778,91.89219444,20514,Meghalaya,2010-06-21,476.7299878625199,65.21499793697149,93.60999711137265,149.83999635931104,"{""type"":""Point"",""coordinates"":[91.89219444,25.568527780000004]}"
0000000000000000003a,East Khasi Hills,25.5667327,91.9146185,20488,Meghalaya,2024-09-27,170.63499624002725,21.534999451600015,91.38999807834625,104.27999778371304,"{""type"":""Point"",""coordinates"":[91.9146185,25.566732700000003]}"
00000000000000000042,East Khasi Hills,25.65341111,91.89819444,20613,Meghalaya,2024-06-24,577.6199867203832,36.72999922372401,40.66499916650355,285.87999283894897,"{""type"":""Point"",""coordinates"":[91.89819444,25.653411110000004]}"
0000000000000000009b,East Khasi Hills,25.65308889,91.89803889,20612,Meghalaya,2024-06-24,577.6199867203832,36.72999922372401,40.66499916650355,285.87999283894897,"{""type"":""Point"",""coordinates"":[91.89803889,25.65308889]}"
000000000000000000c1,East Khasi Hills,25.28236861,91.73874417,19885,Meghalaya,2024-05-23,91.93499751482159,0.3049999885261059,0.674999981187284,82.5549976695329,"{""type"":""Point"",""coordinates"":[91.73874417,25.28236861]}"
000000000000000000c2,East Khasi Hills,25.35861111,91.97208333,20587,Meghalaya,2022-03-28,82.68999767303467,0.0,74.1249979287386,82.60999767482281,"{""type"":""Point"",""coordinates"":[91.97208333,25.35861111]}"
000000000000000000c3,East Khasi Hills,25.35908333,91.97433333,20588,Meghalaya,2022-03-28,82.68999767303467,0.0,74.1249979287386,82.60999767482281,"{""type"":""Point"",""coordinates"":[91.97433333,25.35908333]}"
000000000000000000d2,East Khasi Hills,25.300389,91.726722,19902,Meghalaya,2009-06-22,153.48499642964453,17.899999728426337,33.73999942652881,73.20499849040061,"{""type"":""Point"",""coordinates"":[91.726722,25.300389]}"
000000000000000000d3,East Khasi Hills,25.566669464111328,91.90193939208984,20204,Meghalaya,2007-09-01,200.16499502956867,6.064999893307686,49.724999375641346,98.20499817933887,"{""type"":""Point"",""coordinates"":[91.90193939208984,25.566669464111328]}"
0000000000000000021d,East Khasi Hills,25.29599952697754,91.93199920654295,19895,Meghalaya,2022-03-28,96.23999790847301,0.0,83.69999805092812,96.23999790847301,"{""type"":""Point"",""coordinates"":[91.93199920654295,25.29599952697754]}"
0000000000000000026d,East Khasi Hills,25.566518,91.914509,20656,Meghalaya,2025-08-12,249.84499490633607,104.19999842811376,110.14999837893993,153.1299975020811,"{""type"":""Point"",""coordinates"":[91.914509,25.566518000000002]}"
0000000000000000026f,East Khasi Hills,25.56663056,91.91370556,20542,Meghalaya,2019-07-03,456.0404900899157,2.749999925494194,8.120499804615974,417.365490837954,"{""type"":""Point"",""coordinates"":[91.91370556,25.566630560000004]}"
00000000000000000270,East Khasi Hills,25.625099182128903,91.91179656982422,20293,Meghalaya,2024-05-20,213.80999675486237,16.189999571070075,48.42499881982803,69.10999843012542,"{""type"":""Point"",""coordinates"":[91.91179656982422,25.625099182128903]}"
00000000000000000058,Eastern-West Khasi Hill,25.69683611,91.64485556,20638,Meghalaya,2024-07-30,294.46499234996736,57.609998376108706,82.88499795924872,88.63999785017222,"{""type"":""Point"",""coordinates"":[91.64485556,25.69683611]}"
00000000000000000059,Eastern-West Khasi Hill,25.6900691986084,91.6708526611328,20647,Meghalaya,2025-06-04,536.9749909276143,39.869999408721924,108.98999839648604,351.28499353304505,"{""type"":""Point"",""coordinates"":[91.6708526611328,25.6900691986084]}"
0000000000000000005a,Eastern-West Khasi Hill,25.733262,91.675754,20648,Meghalaya,2025-06-04,502.5799879040569,20.11499933153391,74.6349977478385,303.4349922183901,"{""type"":""Point"",""coordinates"":[91.675754,25.733262]}"
000000000000000000a5,Eastern-West Khasi Hill,25.69688611,91.64176667,20635,Meghalaya,2025-06-18,274.37999498844147,10.654999759048223,57.369998913258314,226.69999580457807,"{""type"":""Point"",""coordinates"":[91.64176667,25.696886109999998]}"
000000000000000000a6,Eastern-West Khasi Hill,25.70087778,91.642902,20636,Meghalaya,2024-10-01,132.80499718617648,6.469999791122973,9.149999772198498,90.86499815899879,"{""type"":""Point"",""coordinates"":[91.642902,25.70087778]}"
000000000000000000a7,Eastern-West Khasi Hill,25.69866667,91.64517222,20637,Meghalaya,2024-07-30,294.46499234996736,57.609998376108706,82.88499795924872,88.63999785017222,"{""type"":""Point"",""coordinates"":[91.64517222,25.698666670000005]}"
000000000000000000aa,Eastern-West Khasi Hill,25.68690556,91.64915278,20642,Meghalaya,2025-05-21,362.39499233290553,101.0199991799891,134.49499832838774,252.0199948940426,"{""type"":""Point"",""coordinates"":[91.64915278,25.68690556]}"
000000000000000000ab,Eastern-West Khasi Hill,25.68822222,91.66746111,20646,Meghalaya,2025-06-04,536.9749909276143,39.869999408721924,108.98999839648604,351.28499353304505,"{""type"":""Point"",""coordinates"":[91.66746111,25.68822222]}"
000000000000000000ad,Eastern-West Khasi Hill,25.803983688354492,91.659801,20652,Meghalaya,2024-08-21,369.95499141700566,37.80999915767461,214.06499534565955,277.3299938933924,"{""type"":""Point"",""coordinates"":[91.659801,25.803983688354496]}"
000000000000000001cd,Eastern-West Khasi Hill,25.688833236694336,91.653639,20643,Meghalaya,2025-06-18,274.37999498844147,10.654999759048223,57.369998913258314,226.69999580457807,"{""type"":""Point"",""coordinates"":[91.653639,25.688833236694336]}"
0000000000000000021a,Eastern-West Khasi Hill,25.68698889,91.64812222,20641,Meghalaya,2025-05-21,362.39499233290553,101.0199991799891,134.49499832838774,252.0199948940426,"{""type"":""Point"",""coordinates"":[91.64812222,25.68698889]}"
0000000000000000000d,Jaintia Hills,25.12186050415039,92.388583,19675,Meghalaya,2007-07-24,268.9749937802553,62.8899986827746,81.84499826095998,192.44999585393816,"{""type"":""Point"",""coordinates"":[92.38858300000001,25.12186050415039]}"
000000000000000000d6,Jaintia Hills,25.435609817504883,91.862056,20055,Meghalaya,2009-07-10,527.0339902034029,2.0749999582767487,18.254999609664083,72.81999842263758,"{""type"":""Point"",""coordinates"":[91.862056,25.435609817504883]}"
0000000000000000024e,Jaintia Hills,25.134194,92.383528,19681,Meghalaya,2007-07-24,268.9749937802553,62.8899986827746,81.84499826095998,192.44999585393816,"{""type"":""Point"",""coordinates"":[92.383528,25.134193999999997]}"
0000000000000000001c,Ri-Bhoi,26.00361111,92.86361111,20534,Meghalaya,2012-07-19,173.03999553527683,5.84999983292073,27.879999372176826,117.97499744594097,"{""type"":""Point"",""coordinates"":[92.86361111,26.00361111]}"
00000000000000000054,Ri-Bhoi,25.79744444,91.87408611,20628,Meghalaya,2024-06-07,433.11499038152397,7.7549998909235,19.679999673739076,135.8549977056682,"{""type"":""Point"",""coordinates"":[91.87408611,25.79744444]}"
000000000000000000b2,Ri-Bhoi,25.80725833,91.87509444,20629,Meghalaya,2024-07-07,563.6349869100377,44.0049986615777,134.8399961218238,406.67999015562236,"{""type"":""Point"",""coordinates"":[91.87509444,25.80725833]}"
000000000000000000c7,Ri-Bhoi,25.663444,91.915944,20350,Meghalaya,2017-06-10,195.30999535601586,40.45499952509999,53.86999924853444,70.78499875031412,"{""type"":""Point"",""coordinates"":[91.915944,25.663444]}"
0000000000000000017d,Ri-Bhoi,25.97256088256836,91.86241912841795,20460,Meghalaya,2014-09-28,495.01498970761895,0.7549999803304672,12.969999969005585,399.29999233037233,"{""type"":""Point"",""coordinates"":[91.86241912841795,25.972560882568363]}"
000000000000000001ce,Ri-Bhoi,25.8090877532959,91.875238,20496,Meghalaya,2025-06-29,329.6799942981452,11.45499987155199,100.47499887831509,174.01499766577035,"{""type"":""Point"",""coordinates"":[91.875238,25.8090877532959]}"
000000000000000001cf,Ri-Bhoi,25.781246185302734,91.874475,20497,Meghalaya,2024-06-29,524.9399876100942,58.54999801144004,85.92999717686325,157.6449956279248,"{""type"":""Point"",""coordinates"":[91.874475,25.781246185302738]}"
000000000000000001fd,Ri-Bhoi,25.67469444,91.88652778,20538,Meghalaya,2011-06-19,186.7249954836443,2.479999958537519,36.6049989098683,81.57999781798571,"{""type"":""Point"",""coordinates"":[91.88652778,25.674694439999996]}"
000000000000000001fe,Ri-Bhoi,26.025470733642575,91.87158203125,20474,Meghalaya,2014-09-13,182.37849590275437,13.199999779462814,21.834999531507492,86.56499761156738,"{""type"":""Point"",""coordinates"":[91.87158203125,26.02547073364257]}"
0000000000000000005d,South West Garo Hills,25.56742286682129,89.979711,20655,Meghalaya,2026-07-06,114.27999767847359,10.304999749176204,25.80499973986298,75.87999830953777,"{""type"":""Point"",""coordinates"":[89.979711,25.567422866821293]}"
00000000000000000046,South West Khasi Hills,25.37129167,91.48003056,20595,Meghalaya,2024-06-08,519.6099869748577,7.689999743364751,33.29499892517924,149.95499578490853,"{""type"":""Point"",""coordinates"":[91.48003056,25.37129167]}"
000000000000000000b5,South West Khasi Hills,25.29966926574707,91.4610824584961,20491,Meghalaya,2024-06-08,493.42998535744846,10.154999785125256,26.69499933719635,99.97999689728022,"{""type"":""Point"",""coordinates"":[91.4610824584961,25.29966926574707]}"
000000000000000000b6,South West Khasi Hills,25.29667091369629,91.4598617553711,20492,Meghalaya,2024-06-10,513.2299848608673,23.85499936155975,34.009999146685004,72.25999825261533,"{""type"":""Point"",""coordinates"":[91.4598617553711,25.29667091369629]}"
000000000000000000b7,South West Khasi Hills,25.29750061035156,91.461669921875,20493,Meghalaya,2024-06-10,513.2299848608673,23.85499936155975,34.009999146685004,72.25999825261533,"{""type"":""Point"",""coordinates"":[91.461669921875,25.29750061035156]}"
000000000000000000b8,South West Khasi Hills,25.297779083251953,91.459716796875,20495,Meghalaya,2024-06-08,493.42998535744846,10.154999785125256,26.69499933719635,99.97999689728022,"{""type"":""Point"",""coordinates"":[91.459716796875,25.29777908325195]}"
000000000000000000b9,South West Khasi Hills,25.29738998413086,91.4620132446289,20494,Meghalaya,2024-06-10,513.2299848608673,23.85499936155975,34.009999146685004,72.25999825261533,"{""type"":""Point"",""coordinates"":[91.4620132446289,25.297389984130856]}"
0000000000000000023a,South West Khasi Hills,25.3145809173584,91.45242309570312,19914,Meghalaya,2013-07-30,184.49499556981027,24.85999915935099,52.449998864904046,122.8749972563237,"{""type"":""Point"",""coordinates"":[91.45242309570312,25.314580917358402]}"
0000000000000000000e,West Garo Hills,25.51028060913086,90.21678161621094,20108,Meghalaya,2007-07-20,185.4299964532256,25.299999803304672,59.499999122694135,92.44499832298607,"{""type"":""Point"",""coordinates"":[90.21678161621094,25.51028060913086]}"
000000000000000000c8,West Garo Hills,25.38163333,90.06033889,20578,Meghalaya,2022-06-02,158.5884971320629,5.403499931097031,5.403499931097031,5.718499921262264,"{""type"":""Point"",""coordinates"":[90.06033889,25.381633329999996]}"
0000000000000000003b,West Jaintia Hills,25.47704743,92.16831285,20486,Meghalaya,2020-05-18,116.80999723169953,0.38999998662620783,10.84499969240278,45.79999889433384,"{""type"":""Point"",""coordinates"":[92.16831285,25.47704743]}"
0000000000000000003c,West Jaintia Hills,25.28422636,92.11294194,20489,Meghalaya,2020-06-19,235.17999332211912,9.169999867677689,47.289999011904,72.12499826215208,"{""type"":""Point"",""coordinates"":[92.11294194000001,25.284226359999998]}"
000000000000000001d0,West Jaintia Hills,25.41955556,92.16194444,20592,Meghalaya,2023-08-03,240.05599537678063,14.229999826289713,18.475999761372805,69.37599905114621,"{""type"":""Point"",""coordinates"":[92.16194444,25.41955556]}"
0000000000000000000f,West Khasi Hills,25.36497222,91.02411111,20524,Meghalaya,2012-04-24,268.2199933202937,29.34999792277813,29.34999792277813,137.30999631993473,"{""type"":""Point"",""coordinates"":[91.02411111,25.36497222]}"
0000000000000000001e,West Khasi Hills,25.53086111,91.29780556,20535,Meghalaya,2012-08-14,188.7309957947582,1.6649999702349305,36.03499881271273,85.66999774239957,"{""type"":""Point"",""coordinates"":[91.29780556,25.530861110000004]}"
000000000000000000d1,West Khasi Hills,25.52901389,91.26188611,20591,Meghalaya,2023-06-10,102.33999756723642,45.604998936876655,77.89999818243086,84.54499824903905,"{""type"":""Point"",""coordinates"":[91.26188611,25.52901389]}"
000000000000000000d7,West Khasi Hills,25.201000213623047,91.23400115966795,19737,Meghalaya,2008-08-05,374.72949248272926,23.824999693781137,44.14999935403466,81.16449856944382,"{""type"":""Point"",""coordinates"":[91.23400115966795,25.201000213623047]}"
000000000000000000d8,West Khasi Hills,25.20282936096191,91.2090835571289,19739,Meghalaya,2008-08-03,424.2194911465049,20.324999660253525,38.824499167501926,80.37449844554067,"{""type"":""Point"",""coordinates"":[91.2090835571289,25.20282936096191]}"
000000000000000000d9,West Khasi Hills,25.519729614257812,91.28443145751952,20112,Meghalaya,2007-07-18,444.9799925405532,262.83499639481306,295.87999565154314,337.68499474972486,"{""type"":""Point"",""coordinates"":[91.28443145751952,25.519729614257812]}"
000000000000000000dd,West Khasi Hills,25.444650650024418,91.34622192382812,20064,Meghalaya,2007-07-10,120.56249701511115,38.08499885722995,47.58499860018492,90.34999765828252,"{""type"":""Point"",""coordinates"":[91.34622192382812,25.444650650024418]}"
000000000000000000de,West Khasi Hills,25.388029098510746,91.4697723388672,20014,Meghalaya,2007-06-09,587.9329893980175,330.08999507687986,353.81499428488314,437.28999306820333,"{""type"":""Point"",""coordinates"":[91.4697723388672,25.388029098510742]}"
000000000000000000e1,West Khasi Hills,25.400230407714844,91.51589965820312,20033,Meghalaya,2007-06-09,481.87498822715133,291.10499300062656,308.73499240353703,380.104990654625,"{""type"":""Point"",""coordinates"":[91.51589965820314,25.400230407714847]}"
00000000000000000221,West Khasi Hills,25.50334930419922,91.2833480834961,20096,Meghalaya,2007-07-18,444.9799925405532,262.83499639481306,295.87999565154314,337.68499474972486,"{""type"":""Point"",""coordinates"":[91.2833480834961,25.503349304199222]}"
0000000000000000024f,West Khasi Hills,25.52079963684082,91.25984954833984,20114,Meghalaya,2007-07-18,444.9799925405532,262.83499639481306,295.87999565154314,337.68499474972486,"{""type"":""Point"",""coordinates"":[91.25984954833986,25.520799636840813]}"
0000000000000000002a,Aizawl,23.70213889,92.71822222,23976,Mizoram,2011-05-15,79.39799750689417,18.649999864399433,22.419999789446592,41.63999903574586,"{""type"":""Point"",""coordinates"":[92.71822222,23.702138890000004]}"
00000000000000000037,Aizawl,23.73053889,92.716019,22921,Mizoram,2018-06-15,480.2444866122678,51.36499869823456,150.66999581083655,378.18498933687806,"{""type"":""Point"",""coordinates"":[92.716019,23.730538889999995]}"
000000000000000000e5,Aizawl,24.18561111,92.94536111,22970,Mizoram,2013-08-08,187.62099515553564,23.909999954514205,41.93999934569001,103.34099776018411,"{""type"":""Point"",""coordinates"":[92.94536111,24.18561111]}"
000000000000000000e6,Aizawl,23.86638889,92.88138889,22994,Mizoram,2022-09-25,160.96999609284103,16.66999955382198,24.854999321512878,55.22499845456332,"{""type"":""Point"",""coordinates"":[92.88138889000001,23.86638889]}"
000000000000000000e7,Aizawl,23.54380556,92.70136111,23014,Mizoram,2023-07-30,165.60499501693994,26.519999058917165,27.554999040439725,96.60499706771225,"{""type"":""Point"",""coordinates"":[92.70136111,23.54380556]}"
000000000000000000e8,Aizawl,23.53986111,92.70063889,23016,Mizoram,2023-07-30,165.60499501693994,26.519999058917165,27.554999040439725,96.60499706771225,"{""type"":""Point"",""coordinates"":[92.70063889000001,23.539861110000004]}"
000000000000000000e9,Aizawl,23.52972222,92.69611111,23019,Mizoram,2023-07-27,183.84999475255609,13.904999606311321,42.409999082796276,142.30999601166695,"{""type"":""Point"",""coordinates"":[92.69611111,23.52972222]}"
000000000000000000ea,Aizawl,23.49991667,92.70136111,23020,Mizoram,2023-05-26,118.63499700091779,4.619999870657921,11.069999696686864,12.229999685660005,"{""type"":""Point"",""coordinates"":[92.70136111,23.49991667]}"
000000000000000000eb,Aizawl,24.27138889,92.95999908447266,22953,Mizoram,2023-07-17,185.1549966558814,23.17499922309071,49.754998669959605,68.28499819990247,"{""type"":""Point"",""coordinates"":[92.95999908447266,24.271388889999997]}"
000000000000000000ec,Aizawl,23.73305556,92.75,23095,Mizoram,2024-07-15,439.85498953051865,27.044999539852142,56.094999049790204,73.05999854393303,"{""type"":""Point"",""coordinates"":[92.75,23.733055560000004]}"
000000000000000000ee,Aizawl,23.73888889,92.71472222,23109,Mizoram,2024-08-14,194.38499527052045,6.604999779723585,12.809999651275575,26.699999257922173,"{""type"":""Point"",""coordinates"":[92.71472222,23.73888889]}"
000000000000000000ef,Aizawl,23.74194444,92.71305556,23117,Mizoram,2024-08-14,194.38499527052045,6.604999779723585,12.809999651275575,26.699999257922173,"{""type"":""Point"",""coordinates"":[92.71305556,23.741944440000005]}"
000000000000000000f0,Aizawl,23.74388889,92.71222222,23118,Mizoram,2024-07-13,417.0399899389595,29.04999950993806,32.84999943245202,78.41999850608408,"{""type"":""Point"",""coordinates"":[92.71222222,23.743888890000004]}"
000000000000000000f2,Aizawl,23.69972222,92.71749877929688,23130,Mizoram,2024-06-13,109.01999720651656,37.13999902177602,49.18999857921153,86.76499770116061,"{""type"":""Point"",""coordinates"":[92.71749877929688,23.69972222]}"
000000000000000000f6,Aizawl,23.61583333,92.79111111,23210,Mizoram,2023-09-16,176.27999546099454,0.0,38.2049989849329,102.31499730050564,"{""type"":""Point"",""coordinates"":[92.79111111,23.61583333]}"
000000000000000000f7,Aizawl,23.60111111,92.75888889,23222,Mizoram,2024-05-19,90.59499741531909,10.809999696910381,10.809999696910381,10.809999696910381,"{""type"":""Point"",""coordinates"":[92.75888889,23.601111110000005]}"
000000000000000000f8,Aizawl,23.56555556,92.7074966430664,23252,Mizoram,2024-07-12,529.9999865796417,0.1850000023841858,22.01999944075942,103.16499747242779,"{""type"":""Point"",""coordinates"":[92.7074966430664,23.56555556]}"
000000000000000000fb,Aizawl,23.54166667,92.66472222,23334,Mizoram,2023-08-05,241.39899400714785,26.58999934885651,71.28999837487936,126.30399684794247,"{""type"":""Point"",""coordinates"":[92.66472222,23.541666670000005]}"
000000000000000000fc,Aizawl,23.66194444,92.85416667,23430,Mizoram,2024-11-05,35.21499918960035,3.1099999137222767,3.1099999137222767,3.2299999110400677,"{""type"":""Point"",""coordinates"":[92.85416667,23.66194444]}"
00000000000000000108,Aizawl,23.70333333,92.87638889,23489,Mizoram,2024-07-11,382.999990507029,1.53999993391335,16.56999959796667,39.619999126531184,"{""type"":""Point"",""coordinates"":[92.87638889,23.70333333]}"
00000000000000000109,Aizawl,23.73361111,92.84833333,23494,Mizoram,2024-05-31,375.4349884232506,0.11999999731779099,71.25499707460403,344.1299890242517,"{""type"":""Point"",""coordinates"":[92.84833333,23.733611109999995]}"
00000000000000000111,Aizawl,23.77166667,92.84805556,23509,Mizoram,2023-07-16,205.73599668499082,15.994999690912664,33.74999940954149,50.14499904960394,"{""type"":""Point"",""coordinates"":[92.84805556,23.77166667]}"
00000000000000000136,Aizawl,23.25828611,93.15288333,23598,Mizoram,2024-11-21,4.744999896734953,0.0,0.0,0.0,"{""type"":""Point"",""coordinates"":[93.15288333,23.258286109999993]}"
00000000000000000137,Aizawl,23.26126111,93.15070556,23599,Mizoram,2024-11-21,4.744999896734953,0.0,0.0,0.0,"{""type"":""Point"",""coordinates"":[93.15070556,23.261261110000007]}"
0000000000000000013d,Aizawl,23.34297778,93.057775,23623,Mizoram,2024-09-06,148.6549961157143,27.56499919295311,49.85499875154346,68.96999810542911,"{""type"":""Point"",""coordinates"":[93.057775,23.342977779999995]}"
00000000000000000141,Aizawl,23.24454722,93.17027222,23681,Mizoram,2024-07-12,235.26999496202916,2.365000009536743,22.004999727010727,76.97999823931605,"{""type"":""Point"",""coordinates"":[93.17027222,23.244547219999998]}"
00000000000000000145,Aizawl,23.468799591064453,92.7208023071289,23986,Mizoram,2024-12-26,6.0099998991936445,0.07499999552965164,0.07499999552965164,6.0099998991936445,"{""type"":""Point"",""coordinates"":[92.7208023071289,23.468799591064453]}"
0000000000000000017a,Aizawl,23.751693725585938,92.731528,22177,Mizoram,2007-09-01,281.9534933408722,43.95349883660674,86.39349794201553,160.08349674008787,"{""type"":""Point"",""coordinates"":[92.731528,23.75169372558594]}"
00000000000000000183,Aizawl,23.64638889,92.72638889,22755,Mizoram,2023-09-25,258.67999372351915,0.0,1.694999948143959,121.98999753687531,"{""type"":""Point"",""coordinates"":[92.72638889,23.64638889]}"
000000000000000001d2,Aizawl,23.58591667,92.71777778,23012,Mizoram,2023-07-18,210.51499498076737,11.089999906718731,19.92999970726669,52.5449989521876,"{""type"":""Point"",""coordinates"":[92.71777778,23.58591667]}"
000000000000000001d3,Aizawl,23.55944444,92.70833333,23013,Mizoram,2023-06-29,192.2249959334731,2.0349999517202377,27.014999435283244,30.42499935720116,"{""type"":""Point"",""coordinates"":[92.70833333,23.55944444]}"
000000000000000001d4,Aizawl,23.53333333,92.69722222,23018,Mizoram,2023-07-26,192.6449945680797,34.99499932676554,82.04499821644276,151.66999571863562,"{""type"":""Point"",""coordinates"":[92.69722222,23.53333333]}"
000000000000000001dc,Aizawl,23.88361111,92.85305556,23530,Mizoram,2024-08-10,211.04499448183924,1.3749999776482582,13.844999682158232,89.5349974213168,"{""type"":""Point"",""coordinates"":[92.85305556,23.88361111]}"
00000000000000000200,Aizawl,23.60830556,92.85058333,23979,Mizoram,2016-09-10,118.78999737184495,0.2549999952316284,4.644999846816063,10.50499971397221,"{""type"":""Point"",""coordinates"":[92.85058333,23.60830556]}"
00000000000000000208,Aizawl,23.70827778,92.71711111,22919,Mizoram,2022-07-16,239.44799485243857,3.8149999156594276,3.8149999156594276,93.87499814294279,"{""type"":""Point"",""coordinates"":[92.71711111,23.708277780000003]}"
00000000000000000223,Aizawl,23.58388889,92.71722222,23011,Mizoram,2023-08-01,183.0594946332276,26.294499416835606,52.81449847575277,75.59449757635593,"{""type"":""Point"",""coordinates"":[92.71722222,23.58388889]}"
00000000000000000224,Aizawl,23.54027778,92.70138889,23015,Mizoram,2023-07-30,165.60499501693994,26.519999058917165,27.554999040439725,96.60499706771225,"{""type"":""Point"",""coordinates"":[92.70138889,23.540277780000004]}"
00000000000000000225,Aizawl,23.53499984741211,92.69694444,23017,Mizoram,2023-07-21,118.04999617021531,58.974997848272324,73.64999729953706,91.18999681994319,"{""type"":""Point"",""coordinates"":[92.69694444,23.53499984741211]}"
00000000000000000226,Aizawl,23.78138889,92.67638889,23023,Mizoram,2023-10-18,35.89499900210649,0.0,0.0,6.6399996830150485,"{""type"":""Point"",""coordinates"":[92.67638889,23.78138889]}"
00000000000000000227,Aizawl,23.76388889,92.73388889,23105,Mizoram,2024-09-19,114.40499798581004,2.1400000546127558,2.215000052936375,26.709999645128846,"{""type"":""Point"",""coordinates"":[92.73388889,23.763888890000004]}"
0000000000000000022d,Aizawl,23.755925,92.726753,23723,Mizoram,2025-05-17,40.074998650699854,0.6849999837577343,3.6099999137222767,13.694999422878027,"{""type"":""Point"",""coordinates"":[92.726753,23.755925]}"
0000000000000000022f,Aizawl,23.7002691,92.7181685,23715,Mizoram,2025-05-06,91.87499774806201,1.8399999141693115,4.549999818205833,59.34499810356647,"{""type"":""Point"",""coordinates"":[92.7181685,23.7002691]}"
00000000000000000239,Aizawl,23.74416732788086,92.730472,22157,Mizoram,2007-09-01,281.9534933408722,43.95349883660674,86.39349794201553,160.08349674008787,"{""type"":""Point"",""coordinates"":[92.730472,23.74416732788086]}"
0000000000000000023e,Aizawl,23.74150833,92.70785833,23971,Mizoram,2023-05-28,110.62999776564538,7.1249999068677425,19.659999635070562,27.914999518543482,"{""type"":""Point"",""coordinates"":[92.70785833,23.74150833]}"
0000000000000000026e,Aizawl,23.65530556,92.70249938964844,22917,Mizoram,2022-03-29,33.064999147318304,0.014999999664723873,33.064999147318304,33.064999147318304,"{""type"":""Point"",""coordinates"":[92.70249938964844,23.655305560000002]}"
00000000000000000272,Aizawl,23.71688889,92.72083333,23970,Mizoram,2022-07-19,204.56999633647501,7.229999884963036,32.9599994122982,37.87499926239252,"{""type"":""Point"",""coordinates"":[92.72083333,23.71688889]}"
00000000000000000222,Hnahthial,22.91452778,92.89333333,22907,Mizoram,2022-11-07,37.14599892124534,0.0,0.0,0.006000000052154064,"{""type"":""Point"",""coordinates"":[92.89333333000002,22.91452778]}"
0000000000000000014b,Kolasib,23.93194444,92.65222222,23024,Mizoram,2023-09-10,189.3999964063987,0.599999999627471,28.989999240264297,36.94499904848635,"{""type"":""Point"",""coordinates"":[92.65222222,23.93194444]}"
0000000000000000014c,Kolasib,23.05805556,92.67583333,23026,Mizoram,2023-08-05,303.20699341222644,85.5999975912273,122.4599972255528,166.40199650265276,"{""type"":""Point"",""coordinates"":[92.67583333,23.05805556]}"
0000000000000000014d,Kolasib,23.05222222,92.67027778,23028,Mizoram,2023-09-05,280.9399921465665,13.944999647326767,64.47499819844961,136.78499637078494,"{""type"":""Point"",""coordinates"":[92.67027778,23.05222222]}"
0000000000000000014e,Kolasib,23.03016667,92.67336111,23030,Mizoram,2023-09-05,280.9399921465665,13.944999647326767,64.47499819844961,136.78499637078494,"{""type"":""Point"",""coordinates"":[92.67336111,23.030166669999996]}"
0000000000000000014f,Kolasib,23.02280556,92.67255556,23031,Mizoram,2023-09-10,256.00499301124364,7.744999795220792,31.534999450668693,68.48499874398112,"{""type"":""Point"",""coordinates"":[92.67255556,23.02280556]}"
0000000000000000015d,Kolasib,23.535600662231445,93.10656944,23622,Mizoram,2024-09-06,157.82999642472714,7.284999815747142,30.669999366626143,62.84499849565327,"{""type"":""Point"",""coordinates"":[93.10656944,23.53560066223145]}"
00000000000000000168,Kolasib,24.15364444,93.02183611,23686,Mizoram,2024-05-31,292.60999201238155,1.2249999828636646,74.94499794673175,260.17999291419983,"{""type"":""Point"",""coordinates"":[93.02183611000001,24.153644439999994]}"
0000000000000000016b,Kolasib,24.62604722,93.22583889,23702,Mizoram,2024-06-05,308.4999930439517,0.7349999845027924,12.979999894276261,36.364999380894005,"{""type"":""Point"",""coordinates"":[93.22583889,24.626047220000004]}"
0000000000000000016c,Kolasib,24.57747459411621,93.19104766845705,23704,Mizoram,2024-10-15,169.91499661561102,0.0,0.05999999865889549,60.29499873518944,"{""type"":""Point"",""coordinates"":[93.19104766845706,24.57747459411621]}"
0000000000000000016d,Kolasib,24.57159996032715,93.17273056,23706,Mizoram,2024-06-05,288.7749941078946,2.579999938607216,24.979999298229814,37.94499908015132,"{""type"":""Point"",""coordinates"":[93.17273056,24.57159996032715]}"
0000000000000000016e,Kolasib,24.576799392700195,93.106075,23709,Mizoram,2024-06-05,288.7749941078946,2.579999938607216,24.979999298229814,37.94499908015132,"{""type"":""Point"",""coordinates"":[93.10607500000002,24.57679939270019]}"
000000000000000001e4,Kolasib,23.04750061035156,92.67166667,23027,Mizoram,2023-09-05,280.9399921465665,13.944999647326767,64.47499819844961,136.78499637078494,"{""type"":""Point"",""coordinates"":[92.67166667,23.047500610351562]}"
000000000000000001e5,Kolasib,24.450124740600582,93.35963889,23564,Mizoram,2024-08-01,276.56499419081956,51.474999099969864,172.09499679226428,173.5349967526272,"{""type"":""Point"",""coordinates"":[93.35963889,24.450124740600582]}"
000000000000000001e6,Kolasib,24.60002222,93.37166389,23567,Mizoram,2024-10-14,162.34499578457326,0.0,28.824999118223786,49.919998640194535,"{""type"":""Point"",""coordinates"":[93.37166389,24.60002222]}"
000000000000000001e7,Kolasib,24.60067222,93.37223056,23568,Mizoram,2024-10-14,169.5099959289655,0.0,13.079999800771475,47.31999906338751,"{""type"":""Point"",""coordinates"":[93.37223056,24.600672219999993]}"
000000000000000001e9,Kolasib,24.60719444,93.46784722,23577,Mizoram,2024-08-12,337.099991703406,13.444999814033508,18.329999677836895,119.54499691724777,"{""type"":""Point"",""coordinates"":[93.46784722,24.60719444]}"
000000000000000001ee,Kolasib,23.56332778,93.10553333,23612,Mizoram,2024-10-15,98.49499788787216,0.26999999582767487,9.570000186562538,47.57999928854406,"{""type"":""Point"",""coordinates"":[93.10553333,23.563327780000005]}"
00000000000000000230,Kolasib,23.93027778,92.65249633789062,23025,Mizoram,2023-09-10,189.3999964063987,0.599999999627471,28.989999240264297,36.94499904848635,"{""type"":""Point"",""coordinates"":[92.65249633789062,23.93027778]}"
00000000000000000231,Kolasib,23.00638889,92.67691667,23032,Mizoram,2023-07-16,87.28199770860374,14.339999481104314,28.684999114833772,54.76999859698117,"{""type"":""Point"",""coordinates"":[92.67691667,23.00638889]}"
00000000000000000232,Kolasib,23.91777778,92.73805556,23037,Mizoram,2023-09-20,331.1899909004569,131.02999635785818,171.40499515738338,211.11999400239438,"{""type"":""Point"",""coordinates"":[92.73805556,23.917777779999998]}"
00000000000000000233,Kolasib,23.89638889,92.73638889,23038,Mizoram,2023-09-20,325.9899934120476,100.21999776363373,152.86499701440334,189.63999608904123,"{""type"":""Point"",""coordinates"":[92.73638889,23.89638889]}"
00000000000000000234,Kolasib,23.03821667,93.12529444,23629,Mizoram,2024-09-10,127.46499743871391,53.10499929264188,58.6049992851913,81.28499858547002,"{""type"":""Point"",""coordinates"":[93.12529444,23.038216669999997]}"
000000000000000001f9,Lunglei,23.229731,92.73967742919922,24003,Mizoram,2025-05-17,27.649999639950693,2.3599999798461795,8.67999985255301,26.829999675042927,"{""type"":""Point"",""coordinates"":[92.73967742919922,23.229731000000005]}"
00000000000000000038,Chumoukedima,25.7802266,93.93616485595705,25781,Nagaland,2024-08-27,172.54999660793692,10.259999834001064,15.17999967560172,65.93499857466668,"{""type"":""Point"",""coordinates"":[93.93616485595705,25.780226599999995]}"
00000000000000000039,Chumoukedima,25.7746019,93.9148756,25782,Nagaland,2024-08-27,172.54999660793692,10.259999834001064,15.17999967560172,65.93499857466668,"{""type"":""Point"",""coordinates"":[93.9148756,25.7746019]}"
00000000000000000184,Chumoukedima,25.78529930114746,93.80139923095705,25794,Nagaland,2024-08-27,186.14499539416283,13.399999719113111,21.169999595731497,65.00499859079719,"{""type"":""Point"",""coordinates"":[93.80139923095705,25.78529930114746]}"
00000000000000000202,Dimapur,25.784170150756836,93.80027770996094,24795,Nagaland,2013-07-09,117.71249702014029,7.38999982830137,25.429999171756208,64.8349982779473,"{""type"":""Point"",""coordinates"":[93.80027770996094,25.784170150756832]}"
00000000000000000203,Dimapur,25.769390106201172,93.8027801513672,24751,Nagaland,2013-07-09,121.07199821900576,4.804999969899654,21.544999891892076,66.83999899029732,"{""type"":""Point"",""coordinates"":[93.8027801513672,25.769390106201175]}"
00000000000000000259,Dimapur,26.072559356689453,93.9280014038086,25961,Nagaland,2019-05-02,76.13849834445864,8.408499646931887,31.00349911302328,60.55349871329963,"{""type"":""Point"",""coordinates"":[93.9280014038086,26.072559356689453]}"
00000000000000000032,Kohima,25.68002778,94.07266667,25975,Nagaland,2012-07-22,112.25999705959111,26.93499918282032,42.06999888829887,69.5449981810525,"{""type"":""Point"",""coordinates"":[94.07266667000002,25.680027780000003]}"
00000000000000000033,Kohima,25.67005556,94.11299896240234,25976,Nagaland,2012-07-24,139.63499651942402,47.97499881964177,74.14999835100025,99.17999764811248,"{""type"":""Point"",""coordinates"":[94.11299896240234,25.67005556]}"
00000000000000000034,Kohima,25.68436111,94.20497222,25977,Nagaland,2012-07-30,188.15499528776854,2.544999936595559,68.64499795809388,124.90999645460397,"{""type"":""Point"",""coordinates"":[94.20497222,25.684361110000005]}"
00000000000000000035,Kohima,25.67275047302246,94.21136111,25979,Nagaland,2012-08-01,216.09099437389523,32.84099903423339,35.38599897082895,118.91099652741104,"{""type"":""Point"",""coordinates"":[94.21136111,25.672750473022457]}"
00000000000000000185,Kohima,25.612499237060547,94.127197265625,25793,Nagaland,2024-06-29,212.09499541576952,23.30999941378832,114.55499750096351,163.63499669078737,"{""type"":""Point"",""coordinates"":[94.12719726562501,25.612499237060547]}"
00000000000000000187,Kohima,25.660829544067383,94.102783203125,24466,Nagaland,2008-07-26,159.33499641995877,30.949999504722655,36.22999936528504,67.85999859310687,"{""type"":""Point"",""coordinates"":[94.102783203125,25.660829544067386]}"
00000000000000000188,Kohima,25.666669845581055,94.1097183227539,24491,Nagaland,2007-08-05,218.42949540540576,1.9049999751150608,15.479999740608037,27.659499482251704,"{""type"":""Point"",""coordinates"":[94.10971832275392,25.66666984558106]}"
00000000000000000189,Kohima,25.669170379638672,94.1072235107422,24516,Nagaland,2008-08-09,142.9109967648983,5.4949999041855335,17.68999962694943,60.01999855041504,"{""type"":""Point"",""coordinates"":[94.1072235107422,25.669170379638672]}"
0000000000000000018c,Kohima,25.770055,93.937873,25802,Nagaland,2022-10-08,120.40799709036946,1.499999962747097,3.229999914765358,62.917998532764614,"{""type"":""Point"",""coordinates"":[93.937873,25.770055]}"
0000000000000000018d,Kohima,25.771451,93.907041,25803,Nagaland,2022-09-23,128.3449965044856,15.869999656453729,22.724999459460378,34.89999925531447,"{""type"":""Point"",""coordinates"":[93.907041,25.771450999999995]}"
0000000000000000018e,Kohima,25.76618333,93.94043611,25853,Nagaland,2023-09-01,94.14499800279737,2.4649999802932143,6.809999900870025,20.989999633282423,"{""type"":""Point"",""coordinates"":[93.94043611000001,25.766183330000004]}"
0000000000000000018f,Kohima,25.716110229492188,94.08882904052734,24660,Nagaland,2013-06-26,106.94499696604908,14.759999508969486,45.889998564496636,88.40499733388424,"{""type"":""Point"",""coordinates"":[94.08882904052734,25.716110229492184]}"
00000000000000000190,Kohima,25.7491204,94.0804548,25800,Nagaland,2022-09-18,145.0299959667027,2.1649999395012856,13.159999773837626,80.46499767154455,"{""type"":""Point"",""coordinates"":[94.08045480000001,25.7491204]}"
00000000000000000191,Kohima,25.770064,93.937891,25807,Nagaland,2022-11-05,76.65649832226336,0.0,0.1249999962747097,0.2064999919384718,"{""type"":""Point"",""coordinates"":[93.937891,25.770063999999998]}"
00000000000000000192,Kohima,25.66754722,94.08075278,25868,Nagaland,2023-09-25,95.15499787591398,3.179999911226332,5.444999849423766,62.09999866038561,"{""type"":""Point"",""coordinates"":[94.08075278,25.667547219999996]}"
00000000000000000193,Kohima,25.85442778,94.15844444,25907,Nagaland,2018-08-16,115.84449721779674,11.004999709315598,36.54499901179224,59.35499833896756,"{""type"":""Point"",""coordinates"":[94.15844444000001,25.85442778]}"
00000000000000000194,Kohima,25.857991,94.159346,25908,Nagaland,2018-08-16,115.84449721779674,11.004999709315598,36.54499901179224,59.35499833896756,"{""type"":""Point"",""coordinates"":[94.159346,25.857991]}"
0000000000000000019e,Kohima,25.660900115966797,94.05359649658205,25922,Nagaland,2024-08-16,152.62999622896314,15.154999695718288,34.36499937810004,48.794998987577856,"{""type"":""Point"",""coordinates"":[94.05359649658205,25.6609001159668]}"
00000000000000000252,Kohima,25.74696922302246,93.9816665649414,24708,Nagaland,2013-09-01,128.5099969971925,18.474999668076634,22.684999628923833,64.21999877225608,"{""type"":""Point"",""coordinates"":[93.9816665649414,25.746969223022457]}"
00000000000000000266,Kohima,25.686250686645508,94.04297222,25936,Nagaland,2025-07-18,184.20999565627426,0.9149999804794788,15.939999573864043,33.70999911241233,"{""type"":""Point"",""coordinates"":[94.04297222,25.686250686645508]}"
00000000000000000267,Kohima,25.71711111,94.08561111,25798,Nagaland,2017-10-22,135.01999708637595,70.10499846749008,93.64999796077609,97.17499790992588,"{""type"":""Point"",""coordinates"":[94.08561111,25.717111109999998]}"
0000000000000000026b,Kohima,25.712031,94.089791,25799,Nagaland,2022-09-05,80.83349808584899,25.53999939188361,27.91499936208129,33.25349924527109,"{""type"":""Point"",""coordinates"":[94.08979100000002,25.712031000000003]}"
0000000000000000026c,Kohima,25.7179491,94.0917724,25801,Nagaland,2022-09-21,131.32999638374895,10.76999983843416,14.19999974872917,39.63999913819134,"{""type"":""Point"",""coordinates"":[94.09177240000001,25.7179491]}"
00000000000000000274,Kohima,25.73424911499023,94.00119444,25934,Nagaland,2015-07-08,53.25149857997894,9.029999756254256,24.2349992711097,29.851499143987894,"{""type"":""Point"",""coordinates"":[94.00119444,25.734249114990227]}"
00000000000000000276,Kohima,25.62509167,94.11405278,25940,Nagaland,2015-07-11,47.279998848214746,4.934999861754477,15.469999561086297,31.634999191388488,"{""type"":""Point"",""coordinates"":[94.11405278,25.62509167]}"
00000000000000000204,Mokokchung,26.45277976989746,94.37525939941406,25923,Nagaland,2025-07-01,269.36499458551407,46.169999218545854,50.329999055713415,72.06999899074435,"{""type"":""Point"",""coordinates"":[94.37525939941406,26.45277976989746]}"
0000000000000000020e,Mokokchung,26.4242282,94.3924136,25789,Nagaland,2025-06-28,269.5499943001196,1.639999970793724,3.389999955892563,78.21999869681895,"{""type"":""Point"",""coordinates"":[94.39241360000001,26.424228200000005]}"
0000000000000000025b,Mokokchung,26.4527822,94.375268,25787,Nagaland,2025-07-01,269.36499458551407,46.169999218545854,50.329999055713415,72.06999899074435,"{""type"":""Point"",""coordinates"":[94.375268,26.4527822]}"
0000000000000000020b,Tseminyu,25.8816564,94.1902346,25784,Nagaland,2025-01-12,0.6699999878183007,0.17999999597668648,0.17999999597668648,0.6649999879300594,"{""type"":""Point"",""coordinates"":[94.1902346,25.881656399999997]}"
00000000000000000246,Tseminyu,25.881650924682617,94.1902313232422,25932,Nagaland,2025-01-12,0.6699999878183007,0.17999999597668648,0.17999999597668648,0.6649999879300594,"{""type"":""Point"",""coordinates"":[94.19023132324222,25.88165092468262]}"
0000000000000000002b,Tuensang,25.899999618530273,94.78916931152344,24968,Nagaland,2009-06-14,177.9934955816716,0.0,0.07000000029802322,16.1999996220693,"{""type"":""Point"",""coordinates"":[94.78916931152344,25.89999961853027]}"
0000000000000000002c,Tuensang,25.886669158935547,94.78639221191406,24950,Nagaland,2009-06-14,177.9934955816716,0.0,0.07000000029802322,16.1999996220693,"{""type"":""Point"",""coordinates"":[94.78639221191406,25.886669158935547]}"
0000000000000000002d,Tuensang,26.34416961669922,94.83332824707033,25487,Nagaland,2009-06-13,143.42649657838047,10.379999694414437,21.174999396316707,101.03499738499522,"{""type"":""Point"",""coordinates"":[94.83332824707034,26.34416961669922]}"
0000000000000000002f,Tuensang,26.22480556,94.81236111,25971,Nagaland,2012-06-26,244.86999442987144,33.279999170452356,47.0549988206476,171.58999604079872,"{""type"":""Point"",""coordinates"":[94.81236111,26.22480556]}"
00000000000000000030,Tuensang,26.26336111,94.81563889,25972,Nagaland,2012-06-23,216.58499514311552,92.02999778930098,128.32499704509974,175.95499612111598,"{""type"":""Point"",""coordinates"":[94.81563889,26.26336111]}"
00000000000000000031,Tuensang,26.18302778,94.81619444,25973,Nagaland,2012-05-18,20.229999425821006,0.1899999938905239,0.6449999772012234,4.1099998280406,"{""type"":""Point"",""coordinates"":[94.81619444,26.183027780000003]}"
0000000000000000018a,Tuensang,26.387779235839844,94.8258285522461,25506,Nagaland,2009-08-13,294.82649455964565,73.39999882504344,122.15999818779528,156.64999717194587,"{""type"":""Point"",""coordinates"":[94.8258285522461,26.387779235839844]}"
0000000000000000018b,Tuensang,26.37639045715332,94.84056091308594,25499,Nagaland,2009-06-13,143.42649657838047,10.379999694414437,21.174999396316707,101.03499738499522,"{""type"":""Point"",""coordinates"":[94.84056091308595,26.37639045715332]}"
00000000000000000240,Tuensang,26.387779235839844,94.8258285522461,25505,Nagaland,2009-07-20,278.77499326784164,10.724999740719795,25.499999328516424,64.15499808453023,"{""type"":""Point"",""coordinates"":[94.8258285522461,26.387779235839844]}"
00000000000000000241,Tuensang,26.360830307006836,94.83999633789062,25490,Nagaland,2009-05-28,83.00499805994332,1.1299999989569187,20.55999938491732,47.06499890610576,"{""type"":""Point"",""coordinates"":[94.83999633789062,26.360830307006832]}"
00000000000000000242,Tuensang,23.725778,91.645694,24146,Nagaland,2018-05-04,206.9309960976243,8.889999779872596,46.14599915780127,90.27599862031639,"{""type"":""Point"",""coordinates"":[91.645694,23.725778]}"
00000000000000000186,Wokha,26.111335,94.257114,25796,Nagaland,2024-07-08,280.6049927994609,6.814999811351299,17.36499948427081,131.07499679550529,"{""type"":""Point"",""coordinates"":[94.257114,26.111334999999997]}"
00000000000000000201,Wokha,26.08945083618164,94.264217,25797,Nagaland,2024-07-16,204.07499572914094,7.734999796375632,35.824999114498496,51.61499876808375,"{""type"":""Point"",""coordinates"":[94.26421700000002,26.089450836181644]}"
00000000000000000209,Wokha,26.10694722,94.25328889,25211,Nagaland,2021-09-11,125.75699706282467,1.0799999758601189,26.134999313391745,44.54499879665673,"{""type"":""Point"",""coordinates"":[94.25328889,26.106947220000002]}"
0000000000000000020a,Wokha,26.10694722,94.25328889,25963,Nagaland,2021-09-11,125.75699706282467,1.0799999758601189,26.134999313391745,44.54499879665673,"{""type"":""Point"",""coordinates"":[94.25328889,26.106947220000002]}"
000000000000000001a0,East Sikkim,27.2533846,88.5489504,26745,Sikkim,2021-08-15,191.52599510736763,39.744999141432345,85.97999726328999,104.12999698054045,"{""type"":""Point"",""coordinates"":[88.5489504,27.2533846]}"
000000000000000001a2,East Sikkim,27.27458333,88.55002778,26736,Sikkim,2021-10-12,36.03149898443371,0.0,0.45500000193715096,5.079999923706055,"{""type"":""Point"",""coordinates"":[88.55002778,27.27458333]}"
000000000000000001a3,East Sikkim,27.32320833,88.60986944,26767,Sikkim,2021-10-12,65.68949858564883,0.0,1.534999966621399,11.134999759495258,"{""type"":""Point"",""coordinates"":[88.60986944,27.32320833]}"
000000000000000001a4,East Sikkim,27.32663889,88.61016667,26752,Sikkim,2021-05-25,82.29999802447855,17.369999516755342,23.514999460428953,35.81999925523996,"{""type"":""Point"",""coordinates"":[88.61016667000001,27.326638890000005]}"
000000000000000001a5,East Sikkim,27.37055556,88.61611111,26755,Sikkim,2021-05-29,145.609996734187,36.519999384880066,88.46499799378216,111.97999745421112,"{""type"":""Point"",""coordinates"":[88.61611111,27.37055556]}"
000000000000000001a6,East Sikkim,27.26063889,88.71438889,26816,Sikkim,2012-05-31,65.27999803703278,8.374999740161002,25.204999257810414,31.504999122582376,"{""type"":""Point"",""coordinates"":[88.71438889,27.260638890000003]}"
000000000000000001a7,East Sikkim,27.26616667,88.72697222,26817,Sikkim,2012-05-31,65.27999803703278,8.374999740161002,25.204999257810414,31.504999122582376,"{""type"":""Point"",""coordinates"":[88.72697222,27.26616667]}"
000000000000000001a8,East Sikkim,27.26544444,88.72252778,26818,Sikkim,2012-05-31,65.27999803703278,8.374999740161002,25.204999257810414,31.504999122582376,"{""type"":""Point"",""coordinates"":[88.72252778,27.26544444]}"
000000000000000001af,East Sikkim,27.332080841064453,88.50901794433594,26714,Sikkim,2015-07-04,227.9254955658689,15.679999506101012,30.16049919836223,116.0204972885549,"{""type"":""Point"",""coordinates"":[88.50901794433594,27.332080841064453]}"
000000000000000001ba,East Sikkim,27.3699335,88.4859279,26740,Sikkim,2021-08-16,204.0809948882088,43.88999891281128,79.73499789275229,115.38499700464308,"{""type"":""Point"",""coordinates"":[88.4859279,27.369933500000002]}"
00000000000000000247,East Sikkim,27.32888889,88.60777778,26763,Sikkim,2021-05-11,144.956496858038,9.074999751523137,22.434999519959092,61.68499841913581,"{""type"":""Point"",""coordinates"":[88.60777778,27.32888889]}"
00000000000000000248,East Sikkim,27.25066667,88.53144444,26795,Sikkim,2022-05-05,90.64149771537632,5.894999846816063,14.364999696612358,74.88149827998132,"{""type"":""Point"",""coordinates"":[88.53144444,27.250666669999998]}"
0000000000000000024a,East Sikkim,27.37441667,88.54505556,26819,Sikkim,2012-07-06,269.36649300251156,32.47499891370535,54.58999808970839,103.63649686425924,"{""type"":""Point"",""coordinates"":[88.54505556,27.374416669999995]}"
0000000000000000024b,East Sikkim,27.36977778,88.54466667,26820,Sikkim,2012-07-06,269.36649300251156,32.47499891370535,54.58999808970839,103.63649686425924,"{""type"":""Point"",""coordinates"":[88.54466667,27.369777780000003]}"
00000000000000000255,East Sikkim,27.25352778,88.60377778,26728,Sikkim,2021-10-12,43.74049889668822,0.0,0.38999999314546585,6.194999821484089,"{""type"":""Point"",""coordinates"":[88.60377778,27.25352778]}"
00000000000000000256,East Sikkim,27.28666667,88.55347222,26746,Sikkim,2021-08-20,260.42499430291355,26.77499971538782,71.48999935761094,180.42999679315835,"{""type"":""Point"",""coordinates"":[88.55347222,27.28666667]}"
000000000000000001b1,Geyzing,27.19950556,88.32696111,26798,Sikkim,2022-08-13,189.02499586064368,51.16999835520983,52.56499831750989,77.78999785054475,"{""type"":""Point"",""coordinates"":[88.32696111,27.199505559999995]}"
0000000000000000019f,Mangan,27.443199157714844,88.60870361328125,26810,Sikkim,2024-07-14,204.05499469768256,11.894999638199806,77.1799980700016,95.48499759472907,"{""type"":""Point"",""coordinates"":[88.60870361328125,27.443199157714844]}"
000000000000000001b2,Mangan,27.40251944,88.51868056,26806,Sikkim,2023-09-27,74.51499845832586,5.3699998408555984,5.734999842941761,63.22999859601259,"{""type"":""Point"",""coordinates"":[88.51868056,27.40251944]}"
000000000000000001b4,Namchi,27.288469314575195,88.3013916015625,26781,Sikkim,2022-07-03,226.7774952976033,4.509999942034483,43.47749949246645,104.50749831274152,"{""type"":""Point"",""coordinates"":[88.3013916015625,27.288469314575195]}"
000000000000000001ae,North Sikkim,27.51444444,88.56777778,26827,Sikkim,2009-05-02,59.93699835240841,13.991999585181475,40.416998744010925,44.90199865400791,"{""type"":""Point"",""coordinates"":[88.56777778,27.514444439999995]}"
00000000000000000249,North Sikkim,27.61936111,88.66131389,26760,Sikkim,2021-06-11,196.08049611002207,29.904999345541,50.43499890714884,114.30499752610922,"{""type"":""Point"",""coordinates"":[88.66131389,27.61936111]}"
000000000000000001b0,Pakyong,27.21391667,88.60833333,26792,Sikkim,2022-08-18,155.33999649155885,27.46499950066209,30.744999427348375,88.16499787941575,"{""type"":""Point"",""coordinates"":[88.60833333,27.21391667]}"
000000000000000001b3,Pakyong,27.17748333,88.52165833,26802,Sikkim,2023-09-27,163.41999595239758,7.414999831467867,31.65999897569418,153.8949961848557,"{""type"":""Point"",""coordinates"":[88.52165833,27.17748333]}"
000000000000000001ad,Soreng,27.14871944,88.28128889,26784,Sikkim,2022-11-13,0.8694999744184315,0.0,0.6049999762326479,0.8649999741464853,"{""type"":""Point"",""coordinates"":[88.28128889,27.148719440000004]}"
000000000000000001b9,South Sikkim,27.3250091,88.4704442,26757,Sikkim,2021-08-16,204.0809948882088,43.88999891281128,79.73499789275229,115.38499700464308,"{""type"":""Point"",""coordinates"":[88.4704442,27.325009100000003]}"
000000000000000001b7,West district,27.29166667,88.22000122070312,26814,Sikkim,2011-06-17,90.20499737747014,47.60499837435782,56.4199981559068,63.10999806411564,"{""type"":""Point"",""coordinates"":[88.22000122070312,27.29166667]}"
000000000000000001b8,West district,27.28777778,88.23277778,26815,Sikkim,2011-06-17,90.20499737747014,47.60499837435782,56.4199981559068,63.10999806411564,"{""type"":""Point"",""coordinates"":[88.23277778,27.28777778]}"
00000000000000000036,Dhalai,23.899999618530273,91.75622222,26897,Tripura,2010-05-27,292.1149925654754,131.50499626714736,189.03999482747167,271.01499288063496,"{""type"":""Point"",""coordinates"":[91.75622222,23.899999618530277]}"
00000000000000000268,Gomati,23.98033332824707,91.475278,26866,Tripura,2018-05-11,321.48549149464816,15.47499970626086,117.34499708097428,225.2849943060428,"{""type"":""Point"",""coordinates"":[91.475278,23.980333328247074]}"
00000000000000000269,Gomati,23.794253,91.553533,26844,Tripura,2018-05-13,313.1639923006296,8.584999685175717,37.26999895554036,177.09499631542712,"{""type"":""Point"",""coordinates"":[91.553533,23.794253000000005]}"
000000000000000001b5,South Tripura,23.22966667,91.49532222,26903,Tripura,2021-08-18,200.62499521207064,24.03499961271882,81.55999827198684,141.31499664857984,"{""type"":""Point"",""coordinates"":[91.49532222,23.229666670000004]}"
00000000000000000271,South Tripura,23.25229444,91.48825073242188,26904,Tripura,2021-08-18,200.62499521207064,24.03499961271882,81.55999827198684,141.31499664857984,"{""type"":""Point"",""coordinates"":[91.48825073242189,23.25229444]}"
000000000000000001b6,West Tripura,23.854169845581055,91.34361267089844,26850,Tripura,2009-07-03,241.25949427951127,53.76499863900244,131.67949734907597,184.41949558723718,"{""type"":""Point"",""coordinates"":[91.34361267089844,23.854169845581055]}"
00000000000000000217,East Khasi Hills,25.32083320617676,91.92749786376952,19924,Meghalaya,2007-07-12,105.87299831211567,16.09999958332628,28.934999412856996,63.50999919697642,"{""type"":""Point"",""coordinates"":[91.92749786376952,25.32083320617676]}"
00000000000000000218,East Khasi Hills,25.315176010131836,91.923021,19917,Meghalaya,2007-07-12,105.87299831211567,16.09999958332628,28.934999412856996,63.50999919697642,"{""type"":""Point"",""coordinates"":[91.923021,25.315176010131836]}"
0000000000000000021c,East Khasi Hills,25.50368056,91.72342222,20097,Meghalaya,2007-07-12,218.75599489361048,52.41999865882099,53.289998647756875,90.41499753016979,"{""type"":""Point"",""coordinates"":[91.72342222,25.503680559999996]}"
000000000000000000da,West Khasi Hills,25.506669998168945,91.2831802368164,20099,Meghalaya,2007-07-12,159.29799680691212,4.829999916255474,38.124999274499714,63.349998937919736,"{""type"":""Point"",""coordinates"":[91.2831802368164,25.50666999816895]}"
000000000000000000db,West Khasi Hills,25.31488037109375,91.33367156982422,19916,Meghalaya,2007-07-12,139.61349657084793,32.589999300427735,78.54499790538102,94.76499745994806,"{""type"":""Point"",""coordinates"":[91.33367156982422,25.31488037109375]}"
000000000000000000dc,West Khasi Hills,25.318479537963867,91.45262145996094,19923,Meghalaya,2007-07-12,104.62449749931693,40.05499892681837,48.90499874483794,60.49999848380685,"{""type"":""Point"",""coordinates"":[91.45262145996094,25.31847953796387]}"
00000000000000000250,West Khasi Hills,25.31488037109375,91.44912719726562,19915,Meghalaya,2007-07-12,104.62449749931693,40.05499892681837,48.90499874483794,60.49999848380685,"{""type"":""Point"",""coordinates"":[91.44912719726562,25.314880371093754]}"
00000000000000000219,East Khasi Hills,25.40791702270508,91.998889,20038,Meghalaya,2007-08-11,273.3439929485321,29.369999404996634,30.95499934628606,65.19499844126403,"{""type"":""Point"",""coordinates"":[91.998889,25.407917022705078]}"
000000000000000000e2,South Garo hills,25.403061,90.724166,20036,Meghalaya,2007-08-11,383.4439906552434,22.90999910235405,23.729999095201492,66.98499798774719,"{""type"":""Point"",""coordinates"":[90.724166,25.403060999999997]}"
000000000000000000df,West Khasi Hills,25.424999237060547,91.40499877929688,20047,Meghalaya,2007-08-11,297.84749399032444,24.709999291226268,31.179999185726047,49.174998788163066,"{""type"":""Point"",""coordinates"":[91.40499877929688,25.42499923706055]}"
000000000000000000e0,West Khasi Hills,25.40130043029785,91.45854949951172,20035,Meghalaya,2007-08-11,297.84749399032444,24.709999291226268,31.179999185726047,49.174998788163066,"{""type"":""Point"",""coordinates"":[91.45854949951172,25.40130043029785]}"
00000000000000000251,West Khasi Hills,25.40546989440918,91.53711700439452,20037,Meghalaya,2007-08-11,310.07349233329296,19.674999371170998,32.189999014139175,48.01999853178859,"{""type"":""Point"",""coordinates"":[91.53711700439452,25.405469894409183]}"
00000000000000000253,Kangpokpi,24.99797248840332,94.020444,19020,Manipur,2007-08-21,52.984998662024736,5.994999873451889,22.64999947231263,34.08499913010746,"{""type"":""Point"",""coordinates"":[94.020444,24.997972488403317]}"
0000000000000000000c,Tamenglong,24.99694061279297,93.5022201538086,19019,Manipur,2007-08-21,86.08499843906611,6.264999865554273,10.569999819621444,44.55999901331961,"{""type"":""Point"",""coordinates"":[93.5022201538086,24.99694061279297]}"
00000000000000000092,Tamenglong,24.993059158325195,93.49749755859376,19016,Manipur,2007-08-21,61.779998750425875,7.979999868199229,12.294999776408076,37.52499917708337,"{""type"":""Point"",""coordinates"":[93.49749755859376,24.993059158325195]}"
00000000000000000097,Tamenglong,24.99082946777344,93.50582885742188,19011,Manipur,2007-08-21,86.08499843906611,6.264999865554273,10.569999819621444,44.55999901331961,"{""type"":""Point"",""coordinates"":[93.50582885742188,24.99082946777344]}"
00000000000000000098,Tamenglong,24.99082946777344,93.50582885742188,19012,Manipur,2007-08-21,86.08499843906611,6.264999865554273,10.569999819621444,44.55999901331961,"{""type"":""Point"",""coordinates"":[93.50582885742188,24.99082946777344]}"
00000000000000000254,Ukhrul,24.99427795410156,94.205917,19017,Manipur,2007-08-21,51.699998524039984,1.4899999722838402,6.459999803453684,22.054999379441142,"{""type"":""Point"",""coordinates"":[94.20591700000001,24.99427795410156]}"
000000000000000000d4,East Khasi Hills,25.54261016845703,92.10867309570312,20142,Meghalaya,2009-06-24,76.13499800674617,31.939999170601368,34.85999914910644,40.29499900713563,"{""type"":""Point"",""coordinates"":[92.10867309570312,25.54261016845703]}"
0000000000000000021f,East Khasi Hills,25.54327964782715,92.1047821044922,20148,Meghalaya,2009-06-24,76.13499800674617,31.939999170601368,34.85999914910644,40.29499900713563,"{""type"":""Point"",""coordinates"":[92.1047821044922,25.543279647827152]}"
00000000000000000220,East Khasi Hills,25.542640686035156,92.10214233398438,20144,Meghalaya,2009-06-24,76.13499800674617,31.939999170601368,34.85999914910644,40.29499900713563,"{""type"":""Point"",""coordinates"":[92.10214233398438,25.542640686035153]}"
0000000000000000024d,East Khasi Hills,25.54231071472168,92.0999984741211,20141,Meghalaya,2009-06-24,79.7299985177815,27.589999727904797,31.434999603778124,35.92999955359846,"{""type"":""Point"",""coordinates"":[92.0999984741211,25.54231071472168]}"
000000000000000000d5,Jaintia Hills,25.54261016845703,92.09841918945312,20143,Meghalaya,2009-06-24,79.7299985177815,27.589999727904797,31.434999603778124,35.92999955359846,"{""type"":""Point"",""coordinates"":[92.09841918945312,25.54261016845703]}"
00000000000000000019,Jaintia Hills,25.05108333,92.40219444,20521,Meghalaya,2010-04-15,317.614493817091,3.979999859817326,63.974998713470995,83.86999821197242,"{""type"":""Point"",""coordinates"":[92.40219444000002,25.051083329999997]}"
0000000000000000001b,Jaintia Hills,25.04305556,92.42041667,20522,Meghalaya,2010-04-15,317.614493817091,3.979999859817326,63.974998713470995,83.86999821197242,"{""type"":""Point"",""coordinates"":[92.42041667,25.04305556]}"
0000000000000000001d,Jaintia Hills,25.04222222,92.44127778,20523,Meghalaya,2010-04-15,317.614493817091,3.979999859817326,63.974998713470995,83.86999821197242,"{""type"":""Point"",""coordinates"":[92.44127778,25.04222222]}"
00000000000000000022,Jaintia Hills,25.13561111,92.38050079345705,20517,Meghalaya,2010-04-15,336.9984918553382,1.9300000369548798,96.24999876320362,137.61999755352736,"{""type"":""Point"",""coordinates"":[92.38050079345705,25.13561111]}"
00000000000000000023,Jaintia Hills,25.13486111,92.38200378417967,20518,Meghalaya,2010-04-15,336.9984918553382,1.9300000369548798,96.24999876320362,137.61999755352736,"{""type"":""Point"",""coordinates"":[92.38200378417967,25.13486111]}"
00000000000000000024,Jaintia Hills,25.12383333,92.38519444,20519,Meghalaya,2010-04-15,336.9984918553382,1.9300000369548798,96.24999876320362,137.61999755352736,"{""type"":""Point"",""coordinates"":[92.38519444,25.123833329999997]}"
00000000000000000025,Jaintia Hills,25.07533333,92.36341667,20520,Meghalaya,2010-04-15,343.50149217247963,2.054999962449074,89.92499799653888,109.42999753542244,"{""type"":""Point"",""coordinates"":[92.36341667,25.075333329999996]}"
00000000000000000006,Kamrup,26.10891667,91.74175262451172,794,Assam,2012-06-15,362.5204915124923,109.80999738071114,167.47499624080956,192.3749957140535,"{""type"":""Point"",""coordinates"":[91.74175262451172,26.10891667]}"
0000000000000000002e,Tuensang,26.22633333,94.81302778,25970,Nagaland,2012-06-15,156.31199572142214,12.089999726042151,27.52999937813729,40.62999902199954,"{""type"":""Point"",""coordinates"":[94.81302778,26.22633333]}"
000000000000000001aa,North Sikkim,27.57502778,88.65402778,26822,Sikkim,2012-06-15,12.258999816142023,0.9449999965727329,0.9499999964609742,1.3749999850988388,"{""type"":""Point"",""coordinates"":[88.65402778,27.57502778]}"
000000000000000001ab,North Sikkim,27.56111111,88.65452778,26823,Sikkim,2012-06-15,12.258999816142023,0.9449999965727329,0.9499999964609742,1.3749999850988388,"{""type"":""Point"",""coordinates"":[88.65452778,27.561111109999995]}"
000000000000000001ac,North Sikkim,27.56941667,88.65272222,26825,Sikkim,2012-06-15,12.258999816142023,0.9449999965727329,0.9499999964609742,1.3749999850988388,"{""type"":""Point"",""coordinates"":[88.65272222,27.569416670000003]}"
0000000000000000000a,Kamrup,26.16405556,91.72827778,798,Assam,2012-06-19,311.84999267943203,25.934999361634254,38.564999118447304,206.03999535925686,"{""type"":""Point"",""coordinates"":[91.72827778000001,26.164055559999998]}"
00000000000000000010,Jaintia Hills,25.26361111,92.38557778,20525,Meghalaya,2012-06-19,430.19499017763883,52.794998285360634,57.094998189248145,301.444993307814,"{""type"":""Point"",""coordinates"":[92.38557778,25.263611109999996]}"
00000000000000000011,Jaintia Hills,25.26005556,92.38863889,20526,Meghalaya,2012-06-19,430.19499017763883,52.794998285360634,57.094998189248145,301.444993307814,"{""type"":""Point"",""coordinates"":[92.38863889,25.260055560000005]}"
00000000000000000012,Jaintia Hills,25.14702778,92.37883333,20527,Meghalaya,2012-06-19,465.14998973254114,59.4849986769259,63.7699986025691,359.1149921119213,"{""type"":""Point"",""coordinates"":[92.37883333,25.147027780000002]}"
00000000000000000013,Jaintia Hills,25.14702778,92.37883333,20528,Meghalaya,2012-06-19,465.14998973254114,59.4849986769259,63.7699986025691,359.1149921119213,"{""type"":""Point"",""coordinates"":[92.37883333,25.147027780000002]}"
00000000000000000014,Jaintia Hills,25.14341667,92.37805556,20529,Meghalaya,2012-06-19,465.14998973254114,59.4849986769259,63.7699986025691,359.1149921119213,"{""type"":""Point"",""coordinates"":[92.37805556,25.14341667]}"
00000000000000000015,Jaintia Hills,25.13427778,92.38511111,20530,Meghalaya,2012-06-19,465.14998973254114,59.4849986769259,63.7699986025691,359.1149921119213,"{""type"":""Point"",""coordinates"":[92.38511111,25.134277779999998]}"
00000000000000000016,Jaintia Hills,25.09022222,92.35805556,20531,Meghalaya,2012-06-19,432.5749890776351,82.39999795425683,93.59499770775437,355.0299909822643,"{""type"":""Point"",""coordinates"":[92.35805556,25.090222220000005]}"
00000000000000000017,Jaintia Hills,25.09055556,92.35972222,20532,Meghalaya,2012-06-19,432.5749890776351,82.39999795425683,93.59499770775437,355.0299909822643,"{""type"":""Point"",""coordinates"":[92.35972222,25.09055556]}"
0000000000000000001a,Jaintia Hills,25.08772222,92.36086111,20533,Meghalaya,2012-06-19,432.5749890776351,82.39999795425683,93.59499770775437,355.0299909822643,"{""type"":""Point"",""coordinates"":[92.36086111,25.08772222]}"
000000000000000001a9,North Sikkim,27.59027778,88.65394444,26821,Sikkim,2012-06-19,32.59499916061759,6.8249998185783625,29.434999216347933,30.384999212808907,"{""type"":""Point"",""coordinates"":[88.65394444,27.590277779999997]}"
0000000000000000004d,Kamrup,25.872268,91.213965,844,Assam,2014-09-16,115.27949704788625,1.5149999260902405,21.70499959588051,37.129999093711376,"{""type"":""Point"",""coordinates"":[91.213965,25.872267999999995]}"
0000000000000000017b,East Khasi Hills,25.57822036743164,91.86544799804688,20231,Meghalaya,2014-09-16,118.47799717448652,16.50499960500747,26.299999453127384,36.50499916821718,"{""type"":""Point"",""coordinates"":[91.86544799804688,25.57822036743164]}"
0000000000000000017c,Ri-Bhoi,26.002939224243164,91.8669204711914,20469,Meghalaya,2014-09-16,137.2934966897592,6.349999912083149,31.384999506175518,44.34499912522733,"{""type"":""Point"",""coordinates"":[91.8669204711914,26.002939224243164]}"
0000000000000000017e,Ri-Bhoi,25.95846939086914,91.85405731201172,20452,Meghalaya,2014-09-16,154.75149644445628,7.72499986179173,25.73999933619052,58.66499845404178,"{""type"":""Point"",""coordinates"":[91.85405731201172,25.958469390869144]}"
00000000000000000000,Tawang,27.587417,91.886944,1242,Arunachal Pradesh,2016-04-15,74.29449841100723,17.564999900758266,17.87999988347292,40.76499916333705,"{""type"":""Point"",""coordinates"":[91.886944,27.587417]}"
00000000000000000001,Tawang,27.591806411743164,91.865028,1254,Arunachal Pradesh,2016-04-15,74.29449841100723,17.564999900758266,17.87999988347292,40.76499916333705,"{""type"":""Point"",""coordinates"":[91.865028,27.591806411743168]}"
00000000000000000002,Tawang,27.593139,91.873889,1258,Arunachal Pradesh,2016-04-15,74.29449841100723,17.564999900758266,17.87999988347292,40.76499916333705,"{""type"":""Point"",""coordinates"":[91.873889,27.593139000000004]}"
00000000000000000066,Tawang,27.58741667,91.88694444,1218,Arunachal Pradesh,2016-04-15,74.29449841100723,17.564999900758266,17.87999988347292,40.76499916333705,"{""type"":""Point"",""coordinates"":[91.88694444,27.58741667]}"
00000000000000000067,Tawang,27.587417,91.886944,1241,Arunachal Pradesh,2016-04-15,74.29449841100723,17.564999900758266,17.87999988347292,40.76499916333705,"{""type"":""Point"",""coordinates"":[91.886944,27.587417]}"
00000000000000000206,Tawang,27.58741667,91.88694444,1219,Arunachal Pradesh,2016-04-15,74.29449841100723,17.564999900758266,17.87999988347292,40.76499916333705,"{""type"":""Point"",""coordinates"":[91.88694444,27.58741667]}"
00000000000000000003,Tawang,27.58941650390625,91.861444,1246,Arunachal Pradesh,2016-04-16,74.76949837896973,5.624999925494194,19.1449998319149,38.13499918580055,"{""type"":""Point"",""coordinates"":[91.861444,27.589416503906254]}"
00000000000000000004,Tawang,27.593361,91.879444,1259,Arunachal Pradesh,2016-04-16,74.76949837896973,5.624999925494194,19.1449998319149,38.13499918580055,"{""type"":""Point"",""coordinates"":[91.879444,27.593361]}"
00000000000000000068,Tawang,27.596639,91.878972,1264,Arunachal Pradesh,2016-04-16,74.76949837896973,5.624999925494194,19.1449998319149,38.13499918580055,"{""type"":""Point"",""coordinates"":[91.878972,27.596639]}"
00000000000000000069,Tawang,27.596639,91.878972,1265,Arunachal Pradesh,2016-04-16,74.76949837896973,5.624999925494194,19.1449998319149,38.13499918580055,"{""type"":""Point"",""coordinates"":[91.878972,27.596639]}"
00000000000000000207,Tawang,27.59152778,91.88044444,1220,Arunachal Pradesh,2016-04-16,74.76949837896973,5.624999925494194,19.1449998319149,38.13499918580055,"{""type"":""Point"",""coordinates"":[91.88044444,27.59152778]}"
0000000000000000024c,Tawang,27.591388702392575,91.90249633789062,1251,Arunachal Pradesh,2016-04-16,86.48449826333672,4.414999875240028,15.764999539591372,50.24499892536551,"{""type"":""Point"",""coordinates"":[91.90249633789062,27.591388702392575]}"
00000000000000000083,Dima Hasao,25.17638889,93.11613889,722,Assam,2016-05-15,157.25599641818553,57.23499844968319,86.92999788653105,96.95499765779823,"{""type"":""Point"",""coordinates"":[93.11613889,25.17638889]}"
00000000000000000085,Dima Hasao (N.C. Hills),25.24194444,93.14319444,643,Assam,2016-05-15,141.437996850349,23.27499956265092,50.21499898843467,57.36499884631485,"{""type"":""Point"",""coordinates"":[93.14319444,25.24194444]}"
00000000000000000213,Dima Hasao (N.C. Hills),25.27480556,93.14555556,650,Assam,2016-05-15,141.437996850349,23.27499956265092,50.21499898843467,57.36499884631485,"{""type"":""Point"",""coordinates"":[93.14555556,25.27480556]}"
00000000000000000275,Dima Hasao (N.C. Hills),25.177499771118164,93.02622222,723,Assam,2016-05-15,170.84449618589133,69.494998652488,97.81999796070158,99.32499792519957,"{""type"":""Point"",""coordinates"":[93.02622222,25.177499771118164]}"
00000000000000000060,Lower Subansiri,27.307071685791016,93.806008,1103,Arunachal Pradesh,2016-07-10,453.6754885688424,112.98999782651663,157.1599966045469,246.29499459825456,"{""type"":""Point"",""coordinates"":[93.80600800000002,27.30707168579102]}"
00000000000000000062,Lower Subansiri,27.294885635375977,93.803328,1082,Arunachal Pradesh,2016-07-10,447.1099917255342,106.61499808076769,135.25999777950346,237.46999587211758,"{""type"":""Point"",""coordinates"":[93.80332800000001,27.294885635375977]}"
00000000000000000063,Lower Subansiri,27.254756,93.801303,1049,Arunachal Pradesh,2016-07-10,447.1099917255342,106.61499808076769,135.25999777950346,237.46999587211758,"{""type"":""Point"",""coordinates"":[93.801303,27.254756]}"
00000000000000000064,Lower Subansiri,27.246131,93.804711,1042,Arunachal Pradesh,2016-07-10,447.1099917255342,106.61499808076769,135.25999777950346,237.46999587211758,"{""type"":""Point"",""coordinates"":[93.80471100000001,27.246131]}"
00000000000000000065,Lower Subansiri,27.23995018005371,93.806589,1033,Arunachal Pradesh,2016-07-10,447.1099917255342,106.61499808076769,135.25999777950346,237.46999587211758,"{""type"":""Point"",""coordinates"":[93.806589,27.239950180053714]}"
00000000000000000089,Kamrup (Metro),26.17672222,91.76525115966795,762,Assam,2017-06-06,167.77049587480724,3.1649999916553497,14.064999868161976,58.230498858727515,"{""type"":""Point"",""coordinates"":[91.76525115966795,26.176722220000002]}"
0000000000000000008d,Kamrup (Metro),26.177560806274418,91.7658920288086,504,Assam,2017-06-06,167.77049587480724,3.1649999916553497,14.064999868161976,58.230498858727515,"{""type"":""Point"",""coordinates"":[91.7658920288086,26.177560806274418]}"
0000000000000000008e,Kamrup (Metro),26.154279708862305,91.79264068603516,490,Assam,2017-06-06,167.77049587480724,3.1649999916553497,14.064999868161976,58.230498858727515,"{""type"":""Point"",""coordinates"":[91.79264068603516,26.15427970886231]}"
0000000000000000008f,Kamrup (Metro),26.176719665527344,91.76525115966795,503,Assam,2017-06-06,167.77049587480724,3.1649999916553497,14.064999868161976,58.230498858727515,"{""type"":""Point"",""coordinates"":[91.76525115966795,26.176719665527344]}"
000000000000000000c4,East Khasi Hills,25.23211111,91.37252778,20547,Meghalaya,2019-06-20,172.694997953251,7.759999857284129,54.70499858353287,162.93999808467925,"{""type"":""Point"",""coordinates"":[91.37252778,25.23211111]}"
000000000000000000c5,East Khasi Hills,25.22194444,91.38422222,20548,Meghalaya,2019-06-20,172.694997953251,7.759999857284129,54.70499858353287,162.93999808467925,"{""type"":""Point"",""coordinates"":[91.38422222,25.221944440000005]}"
000000000000000000c6,East Khasi Hills,25.18688889,91.39855556,20551,Meghalaya,2019-06-20,144.23499694745988,14.54999969061464,40.28499928768724,95.28999780397862,"{""type"":""Point"",""coordinates"":[91.39855556,25.186888890000002]}"
0000000000000000021e,East Khasi Hills,25.18766667,91.39816667,20550,Meghalaya,2019-06-20,144.23499694745988,14.54999969061464,40.28499928768724,95.28999780397862,"{""type"":""Point"",""coordinates"":[91.39816667000001,25.18766667]}"
000000000000000000cd,West Jaintia Hills,25.44233333,92.19447222,20553,Meghalaya,2020-05-19,140.3299967693165,25.499999481253326,35.78499918524176,71.02999838069081,"{""type"":""Point"",""coordinates"":[92.19447222,25.44233333]}"
000000000000000000ce,West Jaintia Hills,25.44177778,92.19558333,20554,Meghalaya,2020-05-19,140.3299967693165,25.499999481253326,35.78499918524176,71.02999838069081,"{""type"":""Point"",""coordinates"":[92.19558333,25.441777779999995]}"
000000000000000000cf,West Jaintia Hills,25.43505556,92.19836111,20557,Meghalaya,2020-05-19,140.3299967693165,25.499999481253326,35.78499918524176,71.02999838069081,"{""type"":""Point"",""coordinates"":[92.19836111,25.435055559999995]}"
000000000000000000d0,West Jaintia Hills,25.45075035095215,92.19452778,20559,Meghalaya,2020-05-19,140.3299967693165,25.499999481253326,35.78499918524176,71.02999838069081,"{""type"":""Point"",""coordinates"":[92.19452778000002,25.45075035095215]}"
0000000000000000020c,West Jaintia Hills,25.2842285,92.11314877,20490,Meghalaya,2020-05-19,153.38999696820974,13.474999446421862,38.819998763501644,105.48499764874578,"{""type"":""Point"",""coordinates"":[92.11314877,25.284228499999998]}"
0000000000000000025a,West Jaintia Hills,25.46307925,92.25426106,20487,Meghalaya,2020-05-19,149.064996461384,20.904999636113644,35.394999329932034,85.0549980904907,"{""type"":""Point"",""coordinates"":[92.25426106,25.463079250000003]}"
00000000000000000263,West Jaintia Hills,25.44741667,92.20138889,20558,Meghalaya,2020-05-19,149.064996461384,20.904999636113644,35.394999329932034,85.0549980904907,"{""type"":""Point"",""coordinates"":[92.20138889,25.447416670000003]}"
00000000000000000264,West Jaintia Hills,25.45351667,92.18784722,20560,Meghalaya,2020-05-19,140.3299967693165,25.499999481253326,35.78499918524176,71.02999838069081,"{""type"":""Point"",""coordinates"":[92.18784722,25.45351667]}"
00000000000000000072,Dima Hasao,25.366254806518555,92.823037,808,Assam,2022-05-07,102.50899799633771,0.29499998688697815,0.9149999525398016,56.93899894785136,"{""type"":""Point"",""coordinates"":[92.823037,25.36625480651855]}"
00000000000000000074,Dima Hasao,25.117665,92.847709,805,Assam,2022-05-07,100.3639972396195,0.004999999888241291,2.3999999463558197,72.88899804558605,"{""type"":""Point"",""coordinates"":[92.847709,25.117665000000002]}"
00000000000000000076,Dima Hasao,25.165790557861328,93.00948333740234,632,Assam,2022-05-07,97.98199727665633,0.0,3.0849999468773603,73.6269980641082,"{""type"":""Point"",""coordinates"":[93.00948333740234,25.16579055786133]}"
00000000000000000077,Dima Hasao,25.15859031677246,93.0129165649414,633,Assam,2022-05-07,97.98199727665633,0.0,3.0849999468773603,73.6269980641082,"{""type"":""Point"",""coordinates"":[93.01291656494142,25.15859031677246]}"
00000000000000000078,Dima Hasao,25.16023063659668,93.0108413696289,624,Assam,2022-05-07,97.98199727665633,0.0,3.0849999468773603,73.6269980641082,"{""type"":""Point"",""coordinates"":[93.0108413696289,25.160230636596676]}"
00000000000000000079,Dima Hasao,25.17622947692871,93.01325988769533,787,Assam,2022-05-07,97.98199727665633,0.0,3.0849999468773603,73.6269980641082,"{""type"":""Point"",""coordinates"":[93.01325988769533,25.17622947692871]}"
0000000000000000007b,Dima Hasao,25.17136001586914,93.01101684570312,779,Assam,2022-05-07,97.98199727665633,0.0,3.0849999468773603,73.6269980641082,"{""type"":""Point"",""coordinates"":[93.01101684570312,25.17136001586914]}"
0000000000000000007c,Dima Hasao,25.168039321899418,93.02503204345705,647,Assam,2022-05-07,97.98199727665633,0.0,3.0849999468773603,73.6269980641082,"{""type"":""Point"",""coordinates"":[93.02503204345705,25.168039321899418]}"
0000000000000000007d,Dima Hasao,25.15555953979492,93.021583,640,Assam,2022-05-07,97.98199727665633,0.0,3.0849999468773603,73.6269980641082,"{""type"":""Point"",""coordinates"":[93.021583,25.155559539794915]}"
00000000000000000082,Dima Hasao,25.162667,93.009806,666,Assam,2022-05-07,97.98199727665633,0.0,3.0849999468773603,73.6269980641082,"{""type"":""Point"",""coordinates"":[93.009806,25.162667]}"
000000000000000001c3,Dima Hasao,25.16808319091797,93.024922,649,Assam,2022-05-07,97.98199727665633,0.0,3.0849999468773603,73.6269980641082,"{""type"":""Point"",""coordinates"":[93.024922,25.16808319091797]}"
00000000000000000073,Dima Hasao,25.164270401000977,92.99787902832033,664,Assam,2022-05-08,73.61649776436388,2.2299999110400677,2.2299999110400677,46.276498853228986,"{""type"":""Point"",""coordinates"":[92.99787902832034,25.164270401000977]}"
00000000000000000075,Dima Hasao,25.167360305786133,93.00952911376952,623,Assam,2022-05-08,98.76199723314494,1.3249999471008778,1.364999946206808,72.42699805181473,"{""type"":""Point"",""coordinates"":[93.00952911376952,25.167360305786133]}"
0000000000000000007a,Dima Hasao,25.189189910888672,93.02117919921876,785,Assam,2022-05-08,98.76199723314494,1.3249999471008778,1.364999946206808,72.42699805181473,"{""type"":""Point"",""coordinates"":[93.02117919921876,25.189189910888675]}"
0000000000000000007f,Dima Hasao,25.174829483032227,93.019861,655,Assam,2022-05-08,98.76199723314494,1.3249999471008778,1.364999946206808,72.42699805181473,"{""type"":""Point"",""coordinates"":[93.019861,25.174829483032223]}"
00000000000000000081,Dima Hasao,25.165529251098633,93.02172088623048,667,Assam,2022-05-08,98.76199723314494,1.3249999471008778,1.364999946206808,72.42699805181473,"{""type"":""Point"",""coordinates"":[93.02172088623048,25.165529251098633]}"
000000000000000001c2,Dima Hasao,25.158138275146484,93.024778,642,Assam,2022-05-08,98.76199723314494,1.3249999471008778,1.364999946206808,72.42699805181473,"{""type"":""Point"",""coordinates"":[93.024778,25.158138275146484]}"
000000000000000000be,East Khasi Hills,25.44835090637207,91.59150278,20581,Meghalaya,2022-06-08,352.424490775913,33.16499928385019,152.3699949355796,339.71449115592986,"{""type"":""Point"",""coordinates"":[91.59150278000001,25.44835090637207]}"
000000000000000000bf,East Khasi Hills,25.44743611,91.59103889,20582,Meghalaya,2022-06-08,352.424490775913,33.16499928385019,152.3699949355796,339.71449115592986,"{""type"":""Point"",""coordinates"":[91.59103889,25.447436109999998]}"
000000000000000000c0,East Khasi Hills,25.44716111,91.59067778,20583,Meghalaya,2022-06-08,352.424490775913,33.16499928385019,152.3699949355796,339.71449115592986,"{""type"":""Point"",""coordinates"":[91.59067778,25.447161110000003]}"
000000000000000001a1,East Sikkim,27.24297222,88.47055556,26797,Sikkim,2022-06-08,175.14399690367281,68.91499887406826,107.1949981302023,136.74399782158434,"{""type"":""Point"",""coordinates"":[88.47055556,27.24297221999999]}"
000000000000000001c6,Kamrup (Metro),26.187889099121097,91.79492950439452,778,Assam,2022-06-10,141.11049632821232,38.999999061226845,55.539998597465456,112.80499677266926,"{""type"":""Point"",""coordinates"":[91.79492950439452,26.1878890991211]}"
000000000000000000c9,South Garo Hills,25.36103333,91.64700833,20575,Meghalaya,2022-06-10,437.72649035416543,77.2499986756593,141.71499810926616,367.6649919208139,"{""type"":""Point"",""coordinates"":[91.64700833,25.361033329999998]}"
000000000000000000ca,South Garo Hills,25.45939722,90.70860278,20579,Meghalaya,2022-06-10,333.2569940285757,73.98499879613519,154.00999708287418,302.7349950578064,"{""type"":""Point"",""coordinates"":[90.70860278,25.45939722]}"
000000000000000000cb,South Garo Hills,25.45903056,90.70813333,20580,Meghalaya,2022-06-10,333.2569940285757,73.98499879613519,154.00999708287418,302.7349950578064,"{""type"":""Point"",""coordinates"":[90.70813333,25.459030559999995]}"
000000000000000000cc,South Garo Hills,25.21022222,90.63220278,20577,Meghalaya,2022-06-10,329.15299152676016,49.93499907106161,142.97499630507082,254.29999332968146,"{""type"":""Point"",""coordinates"":[90.63220278,25.210222220000002]}"
000000000000000000bd,East Jaintia Hills,25.37539167,92.431275,19995,Meghalaya,2024-05-21,98.17499763704836,14.179999767802656,27.599999469704926,46.55499906092882,"{""type"":""Point"",""coordinates"":[92.431275,25.37539167]}"
00000000000000000047,East Khasi Hills,25.34508889,91.60050278,20607,Meghalaya,2024-05-21,181.3249960578978,3.729999953880906,40.14499892760068,83.86999817099422,"{""type"":""Point"",""coordinates"":[91.60050278,25.345088890000003]}"
00000000000000000048,East Khasi Hills,25.44693056,91.74096667,20605,Meghalaya,2024-05-21,172.14999593235552,10.214999690651894,75.86499817483127,97.41999793611467,"{""type"":""Point"",""coordinates"":[91.74096667,25.446930560000002]}"
0000000000000000009a,East Khasi Hills,25.41384722,91.67856111,20606,Meghalaya,2024-05-21,252.21999539528042,5.2049998408183455,53.52499866113067,73.11499826144427,"{""type"":""Point"",""coordinates"":[91.67856111000002,25.413847220000005]}"
0000000000000000009c,East Khasi Hills,25.630403,91.8899195,20600,Meghalaya,2024-05-21,188.46499602496624,40.639999125152826,94.83499803394079,125.5849975598976,"{""type"":""Point"",""coordinates"":[91.8899195,25.630403]}"
0000000000000000009d,East Khasi Hills,25.630858,91.887601,20601,Meghalaya,2024-05-21,188.46499602496624,40.639999125152826,94.83499803394079,125.5849975598976,"{""type"":""Point"",""coordinates"":[91.887601,25.630858]}"
000000000000000000bb,East Khasi Hills,25.62790278,91.88801944,20599,Meghalaya,2024-05-21,188.46499602496624,40.639999125152826,94.83499803394079,125.5849975598976,"{""type"":""Point"",""coordinates"":[91.88801944,25.62790278]}"
000000000000000002c4,Eastern-West Khasi Hill,25.68798889,91.65838889,20644,Meghalaya,2024-05-21,188.91499444656074,35.519999135285616,85.03499751724303,102.55499708838761,"{""type"":""Point"",""coordinates"":[91.65838889,25.687988889999996]}"
000000000000000002c5,Eastern-West Khasi Hill,25.68804931640625,91.6665267944336,20645,Meghalaya,2024-05-21,188.91499444656074,35.519999135285616,85.03499751724303,102.55499708838761,"{""type"":""Point"",""coordinates"":[91.6665267944336,25.688049316406254]}"
000000000000000002c3,South West Khasi Hills,25.39295833,91.55163333,20594,Meghalaya,2024-05-21,238.48999552056193,3.8749998724088073,52.904998923651874,98.80999802052975,"{""type"":""Point"",""coordinates"":[91.55163333,25.39295833]}"
000000000000000002c6,South West Khasi Hills,25.40288611,91.43424167,20596,Meghalaya,2024-05-21,238.82499438337982,2.9549999237060547,46.83999864477664,86.46499769762158,"{""type"":""Point"",""coordinates"":[91.43424167,25.402886110000004]}"
000000000000000002c7,Aizawl,23.60861111,92.85055556,23088,Mizoram,2024-05-21,60.599998818710446,10.024999804794788,21.984999522566795,21.984999522566795,"{""type"":""Point"",""coordinates"":[92.85055556,23.60861111]}"
000000000000000002c8,Aizawl,23.73222222,92.75,23096,Mizoram,2024-05-21,37.42499927338213,3.3499999959021807,13.424999721348286,13.599999716505408,"{""type"":""Point"",""coordinates"":[92.75,23.732222220000004]}"
000000000000000002c9,Aizawl,23.73194444,92.75,23097,Mizoram,2024-05-21,37.42499927338213,3.3499999959021807,13.424999721348286,13.599999716505408,"{""type"":""Point"",""coordinates"":[92.75,23.73194444]}"
000000000000000002ca,Aizawl,23.74083333,92.74111111,23098,Mizoram,2024-05-21,37.42499927338213,3.3499999959021807,13.424999721348286,13.599999716505408,"{""type"":""Point"",""coordinates"":[92.74111111,23.74083333]}"
000000000000000002cb,Aizawl,23.74916667,92.69416667,23115,Mizoram,2024-05-21,35.62499905470759,1.5299999667331576,15.794999525882304,15.974999524652958,"{""type"":""Point"",""coordinates"":[92.69416667,23.749166670000005]}"
000000000000000002cc,Aizawl,23.69277778,92.72055556,23121,Mizoram,2024-05-21,41.629998937249184,3.119999887421727,13.929999584332108,13.929999584332108,"{""type"":""Point"",""coordinates"":[92.72055556,23.69277778]}"
000000000000000002cd,Aizawl,23.70972222,92.72222222,23132,Mizoram,2024-05-21,37.42499927338213,3.3499999959021807,13.424999721348286,13.599999716505408,"{""type"":""Point"",""coordinates"":[92.72222222000002,23.70972222]}"
000000000000000002ce,Aizawl,23.69944444,92.71972222,23133,Mizoram,2024-05-21,41.629998937249184,3.119999887421727,13.929999584332108,13.929999584332108,"{""type"":""Point"",""coordinates"":[92.71972222,23.699444440000004]}"
000000000000000002cf,Aizawl,23.66416667,92.72055556,23145,Mizoram,2024-05-21,41.629998937249184,3.119999887421727,13.929999584332108,13.929999584332108,"{""type"":""Point"",""coordinates"":[92.72055556,23.664166670000004]}"
000000000000000002d0,Aizawl,23.66055556,92.72527778,23146,Mizoram,2024-05-21,41.629998937249184,3.119999887421727,13.929999584332108,13.929999584332108,"{""type"":""Point"",""coordinates"":[92.72527778,23.66055556]}"
000000000000000002d1,Aizawl,23.65999984741211,92.72638889,23147,Mizoram,2024-05-21,41.629998937249184,3.119999887421727,13.929999584332108,13.929999584332108,"{""type"":""Point"",""coordinates"":[92.72638889,23.65999984741211]}"
000000000000000002d2,Aizawl,23.65527778,92.72694444,23148,Mizoram,2024-05-21,41.629998937249184,3.119999887421727,13.929999584332108,13.929999584332108,"{""type"":""Point"",""coordinates"":[92.72694444,23.65527778]}"
000000000000000002d3,Aizawl,23.65138889,92.72694444,23149,Mizoram,2024-05-21,41.629998937249184,3.119999887421727,13.929999584332108,13.929999584332108,"{""type"":""Point"",""coordinates"":[92.72694444,23.65138889]}"
000000000000000002d4,Aizawl,23.64555556,92.72444444,23150,Mizoram,2024-05-21,41.629998937249184,3.119999887421727,13.929999584332108,13.929999584332108,"{""type"":""Point"",""coordinates"":[92.72444444000001,23.645555560000002]}"
000000000000000002d5,Aizawl,23.64444444,92.72527778,23152,Mizoram,2024-05-21,41.629998937249184,3.119999887421727,13.929999584332108,13.929999584332108,"{""type"":""Point"",""coordinates"":[92.72527778,23.64444444]}"
000000000000000002d6,Aizawl,23.64166667,92.72416667,23153,Mizoram,2024-05-21,41.629998937249184,3.119999887421727,13.929999584332108,13.929999584332108,"{""type"":""Point"",""coordinates"":[92.72416667,23.64166667]}"
000000000000000002d7,Aizawl,23.64083333,92.72472222,23154,Mizoram,2024-05-21,41.629998937249184,3.119999887421727,13.929999584332108,13.929999584332108,"{""type"":""Point"",""coordinates"":[92.72472222,23.64083333]}"
000000000000000002d8,Aizawl,23.637500762939453,92.72277778,23155,Mizoram,2024-05-21,41.629998937249184,3.119999887421727,13.929999584332108,13.929999584332108,"{""type"":""Point"",""coordinates"":[92.72277778,23.637500762939453]}"
000000000000000002d9,Aizawl,23.62611111,92.72638889,23160,Mizoram,2024-05-21,41.629998937249184,3.119999887421727,13.929999584332108,13.929999584332108,"{""type"":""Point"",""coordinates"":[92.72638889,23.626111109999997]}"
000000000000000002da,Aizawl,23.63249969482422,92.72388889,23161,Mizoram,2024-05-21,41.629998937249184,3.119999887421727,13.929999584332108,13.929999584332108,"{""type"":""Point"",""coordinates"":[92.72388889,23.63249969482422]}"
000000000000000002db,Aizawl,23.62972222,92.72555556,23163,Mizoram,2024-05-21,41.629998937249184,3.119999887421727,13.929999584332108,13.929999584332108,"{""type"":""Point"",""coordinates"":[92.72555556,23.62972222]}"
000000000000000002dc,Aizawl,23.61611111,92.71722222,23167,Mizoram,2024-05-21,41.629998937249184,3.119999887421727,13.929999584332108,13.929999584332108,"{""type"":""Point"",""coordinates"":[92.71722222,23.61611111]}"
000000000000000002dd,Aizawl,23.61861111,92.72611111,23170,Mizoram,2024-05-21,41.629998937249184,3.119999887421727,13.929999584332108,13.929999584332108,"{""type"":""Point"",""coordinates"":[92.72611111,23.618611109999993]}"
000000000000000002de,Aizawl,23.60555556,92.7249984741211,23171,Mizoram,2024-05-21,41.629998937249184,3.119999887421727,13.929999584332108,13.929999584332108,"{""type"":""Point"",""coordinates"":[92.72499847412111,23.60555556]}"
000000000000000002df,Aizawl,23.59194444,92.75055556,23177,Mizoram,2024-05-21,61.859998722560704,5.5099999606609344,21.844999418593943,21.844999418593943,"{""type"":""Point"",""coordinates"":[92.75055556,23.591944440000002]}"
000000000000000002e0,Aizawl,23.60861111,92.80972222,23184,Mizoram,2024-05-21,60.599998818710446,10.024999804794788,21.984999522566795,21.984999522566795,"{""type"":""Point"",""coordinates"":[92.80972222,23.608611109999995]}"
000000000000000002e1,Aizawl,23.60972222,92.80916667,23188,Mizoram,2024-05-21,60.599998818710446,10.024999804794788,21.984999522566795,21.984999522566795,"{""type"":""Point"",""coordinates"":[92.80916667,23.60972222]}"
000000000000000002e2,Aizawl,23.61222222,92.80527778,23192,Mizoram,2024-05-21,60.599998818710446,10.024999804794788,21.984999522566795,21.984999522566795,"{""type"":""Point"",""coordinates"":[92.80527778,23.61222222]}"
000000000000000002e3,Aizawl,23.61138889,92.80333333,23193,Mizoram,2024-05-21,60.599998818710446,10.024999804794788,21.984999522566795,21.984999522566795,"{""type"":""Point"",""coordinates"":[92.80333333000002,23.611388890000004]}"
000000000000000002e4,Aizawl,23.61611111,92.79777778,23207,Mizoram,2024-05-21,41.629998937249184,3.119999887421727,13.929999584332108,13.929999584332108,"{""type"":""Point"",""coordinates"":[92.79777778000002,23.61611111]}"
000000000000000002e5,Aizawl,23.61472222,92.79583333,23208,Mizoram,2024-05-21,41.629998937249184,3.119999887421727,13.929999584332108,13.929999584332108,"{""type"":""Point"",""coordinates"":[92.79583333,23.614722220000004]}"
000000000000000002e6,Aizawl,23.614999771118164,92.79222222,23209,Mizoram,2024-05-21,41.629998937249184,3.119999887421727,13.929999584332108,13.929999584332108,"{""type"":""Point"",""coordinates"":[92.79222222,23.614999771118164]}"
000000000000000002e7,Aizawl,23.61861111,92.79000091552734,23211,Mizoram,2024-05-21,41.629998937249184,3.119999887421727,13.929999584332108,13.929999584332108,"{""type"":""Point"",""coordinates"":[92.79000091552736,23.618611109999996]}"
000000000000000002e8,Aizawl,23.62333333,92.78888889,23214,Mizoram,2024-05-21,41.629998937249184,3.119999887421727,13.929999584332108,13.929999584332108,"{""type"":""Point"",""coordinates"":[92.78888889,23.623333329999994]}"
000000000000000002e9,Aizawl,23.62527778,92.78638889,23216,Mizoram,2024-05-21,41.629998937249184,3.119999887421727,13.929999584332108,13.929999584332108,"{""type"":""Point"",""coordinates"":[92.78638889,23.625277780000005]}"
000000000000000002ea,Aizawl,23.59527778,92.71722222,23229,Mizoram,2024-05-21,61.859998722560704,5.5099999606609344,21.844999418593943,21.844999418593943,"{""type"":""Point"",""coordinates"":[92.71722222,23.595277779999996]}"
000000000000000002eb,Aizawl,23.59055556,92.71611111,23230,Mizoram,2024-05-21,61.859998722560704,5.5099999606609344,21.844999418593943,21.844999418593943,"{""type"":""Point"",""coordinates"":[92.71611111,23.59055556]}"
000000000000000002ec,Aizawl,23.57138889,92.70972222,23246,Mizoram,2024-05-21,61.859998722560704,5.5099999606609344,21.844999418593943,21.844999418593943,"{""type"":""Point"",""coordinates"":[92.70972222,23.571388889999998]}"
000000000000000002ed,Aizawl,23.57055556,92.70888889,23247,Mizoram,2024-05-21,61.859998722560704,5.5099999606609344,21.844999418593943,21.844999418593943,"{""type"":""Point"",""coordinates"":[92.70888889,23.57055556]}"
000000000000000002ee,Aizawl,23.57027778,92.70722222,23248,Mizoram,2024-05-21,61.859998722560704,5.5099999606609344,21.844999418593943,21.844999418593943,"{""type"":""Point"",""coordinates"":[92.70722222,23.570277779999998]}"
000000000000000002ef,Aizawl,23.55388889,92.70472222,23249,Mizoram,2024-05-21,61.859998722560704,5.5099999606609344,21.844999418593943,21.844999418593943,"{""type"":""Point"",""coordinates"":[92.70472222,23.553888890000003]}"
000000000000000002f0,Aizawl,23.55444444,92.70527778,23250,Mizoram,2024-05-21,61.859998722560704,5.5099999606609344,21.844999418593943,21.844999418593943,"{""type"":""Point"",""coordinates"":[92.70527778,23.55444444]}"
000000000000000002f1,Aizawl,23.549999237060547,92.70444444,23253,Mizoram,2024-05-21,61.859998722560704,5.5099999606609344,21.844999418593943,21.844999418593943,"{""type"":""Point"",""coordinates"":[92.70444444,23.549999237060547]}"
000000000000000002f2,Aizawl,23.53555556,92.72333333,23264,Mizoram,2024-05-21,61.859998722560704,5.5099999606609344,21.844999418593943,21.844999418593943,"{""type"":""Point"",""coordinates"":[92.72333333000002,23.53555556]}"
000000000000000002f3,Aizawl,23.54833333,92.71083333,23272,Mizoram,2024-05-21,61.859998722560704,5.5099999606609344,21.844999418593943,21.844999418593943,"{""type"":""Point"",""coordinates"":[92.71083333,23.54833333]}"
000000000000000002f4,Aizawl,23.54888889,92.70555556,23277,Mizoram,2024-05-21,61.859998722560704,5.5099999606609344,21.844999418593943,21.844999418593943,"{""type"":""Point"",""coordinates"":[92.70555556,23.548888890000004]}"
000000000000000002f5,Aizawl,23.545000076293945,92.70333333,23278,Mizoram,2024-05-21,61.859998722560704,5.5099999606609344,21.844999418593943,21.844999418593943,"{""type"":""Point"",""coordinates"":[92.70333333,23.545000076293945]}"
000000000000000002f6,Aizawl,23.54027778,92.70138889,23279,Mizoram,2024-05-21,61.859998722560704,5.5099999606609344,21.844999418593943,21.844999418593943,"{""type"":""Point"",""coordinates"":[92.70138889,23.540277780000004]}"
000000000000000002f7,Aizawl,23.53694444,92.69750213623048,23283,Mizoram,2024-05-21,48.86999872326851,2.3749999487772584,22.964999625459313,22.964999625459313,"{""type"":""Point"",""coordinates"":[92.6975021362305,23.536944439999996]}"
000000000000000002f8,Aizawl,23.53611111,92.69777778,23284,Mizoram,2024-05-21,48.86999872326851,2.3749999487772584,22.964999625459313,22.964999625459313,"{""type"":""Point"",""coordinates"":[92.69777778,23.53611111]}"
000000000000000002f9,Aizawl,23.53027778,92.69666667,23289,Mizoram,2024-05-21,48.86999872326851,2.3749999487772584,22.964999625459313,22.964999625459313,"{""type"":""Point"",""coordinates"":[92.69666667,23.53027778]}"
000000000000000002fa,Aizawl,23.52861111,92.69750213623048,23290,Mizoram,2024-05-21,48.86999872326851,2.3749999487772584,22.964999625459313,22.964999625459313,"{""type"":""Point"",""coordinates"":[92.6975021362305,23.52861111]}"
000000000000000002fb,Aizawl,23.52777778,92.69861111,23291,Mizoram,2024-05-21,48.86999872326851,2.3749999487772584,22.964999625459313,22.964999625459313,"{""type"":""Point"",""coordinates"":[92.69861111000002,23.52777778]}"
000000000000000002fc,Aizawl,23.52277778,92.70277778,23294,Mizoram,2024-05-21,61.859998722560704,5.5099999606609344,21.844999418593943,21.844999418593943,"{""type"":""Point"",""coordinates"":[92.70277778,23.522777779999995]}"
000000000000000002fd,Aizawl,23.51444444,92.69805556,23297,Mizoram,2024-05-21,48.86999872326851,2.3749999487772584,22.964999625459313,22.964999625459313,"{""type"":""Point"",""coordinates"":[92.69805556,23.514444439999995]}"
000000000000000002fe,Aizawl,23.51055556,92.69972222,23299,Mizoram,2024-05-21,48.86999872326851,2.3749999487772584,22.964999625459313,22.964999625459313,"{""type"":""Point"",""coordinates"":[92.69972222,23.51055556]}"
000000000000000002ff,Aizawl,23.50694444,92.69638889,23301,Mizoram,2024-05-21,48.86999872326851,2.3749999487772584,22.964999625459313,22.964999625459313,"{""type"":""Point"",""coordinates"":[92.69638889,23.50694444]}"
00000000000000000300,Aizawl,23.50527778,92.69750213623048,23303,Mizoram,2024-05-21,48.86999872326851,2.3749999487772584,22.964999625459313,22.964999625459313,"{""type"":""Point"",""coordinates"":[92.6975021362305,23.505277779999997]}"
00000000000000000301,Aizawl,23.55027778,92.70444444,23306,Mizoram,2024-05-21,61.859998722560704,5.5099999606609344,21.844999418593943,21.844999418593943,"{""type"":""Point"",""coordinates"":[92.70444444,23.55027778]}"
00000000000000000302,Aizawl,23.54305556,92.70055556,23316,Mizoram,2024-05-21,61.859998722560704,5.5099999606609344,21.844999418593943,21.844999418593943,"{""type"":""Point"",""coordinates"":[92.70055556,23.543055560000003]}"
00000000000000000303,Aizawl,23.53972222,92.69944444,23321,Mizoram,2024-05-21,48.86999872326851,2.3749999487772584,22.964999625459313,22.964999625459313,"{""type"":""Point"",""coordinates"":[92.69944444,23.539722219999994]}"
00000000000000000304,Aizawl,23.53777778,92.69833333,23322,Mizoram,2024-05-21,48.86999872326851,2.3749999487772584,22.964999625459313,22.964999625459313,"{""type"":""Point"",""coordinates"":[92.69833333,23.53777778]}"
00000000000000000305,Aizawl,23.54277778,92.67638889,23327,Mizoram,2024-05-21,48.86999872326851,2.3749999487772584,22.964999625459313,22.964999625459313,"{""type"":""Point"",""coordinates"":[92.67638889,23.542777779999998]}"
00000000000000000306,Aizawl,23.54277778,92.67472222,23331,Mizoram,2024-05-21,48.86999872326851,2.3749999487772584,22.964999625459313,22.964999625459313,"{""type"":""Point"",""coordinates"":[92.67472222,23.54277778]}"
00000000000000000307,Aizawl,23.54333333,92.66472222,23333,Mizoram,2024-05-21,48.86999872326851,2.3749999487772584,22.964999625459313,22.964999625459313,"{""type"":""Point"",""coordinates"":[92.66472222,23.543333329999996]}"
00000000000000000308,Aizawl,23.53944444,92.66527778,23336,Mizoram,2024-05-21,48.86999872326851,2.3749999487772584,22.964999625459313,22.964999625459313,"{""type"":""Point"",""coordinates"":[92.66527778,23.53944444]}"
00000000000000000309,Aizawl,23.53888889,92.6624984741211,23338,Mizoram,2024-05-21,48.86999872326851,2.3749999487772584,22.964999625459313,22.964999625459313,"{""type"":""Point"",""coordinates"":[92.6624984741211,23.538888889999996]}"
0000000000000000030a,Aizawl,23.53944444,92.65888889,23345,Mizoram,2024-05-21,48.86999872326851,2.3749999487772584,22.964999625459313,22.964999625459313,"{""type"":""Point"",""coordinates"":[92.65888889,23.53944444]}"
0000000000000000030b,Aizawl,23.53611111,92.65527778,23346,Mizoram,2024-05-21,48.86999872326851,2.3749999487772584,22.964999625459313,22.964999625459313,"{""type"":""Point"",""coordinates"":[92.65527778,23.53611111]}"
0000000000000000030c,Aizawl,23.45083333,92.68250274658205,23351,Mizoram,2024-05-21,78.48999750148505,5.799999814480543,20.339999452233315,20.339999452233315,"{""type"":""Point"",""coordinates"":[92.68250274658205,23.45083333]}"
0000000000000000030d,Aizawl,23.44805556,92.68333333,23360,Mizoram,2024-05-21,78.48999750148505,5.799999814480543,20.339999452233315,20.339999452233315,"{""type"":""Point"",""coordinates"":[92.68333333,23.448055559999997]}"
0000000000000000030e,Aizawl,23.44333333,92.68527778,23362,Mizoram,2024-05-21,78.48999750148505,5.799999814480543,20.339999452233315,20.339999452233315,"{""type"":""Point"",""coordinates"":[92.68527778,23.443333330000005]}"
0000000000000000030f,Aizawl,23.42722222,92.71277778,23365,Mizoram,2024-05-21,93.88999745901674,9.78499986603856,24.319999370723963,24.319999370723963,"{""type"":""Point"",""coordinates"":[92.71277778000001,23.42722222]}"
00000000000000000310,Aizawl,23.41694444,92.71805556,23367,Mizoram,2024-05-21,93.88999745901674,9.78499986603856,24.319999370723963,24.319999370723963,"{""type"":""Point"",""coordinates"":[92.71805556,23.41694444]}"
00000000000000000311,Aizawl,23.40999984741211,92.74944444,23373,Mizoram,2024-05-21,93.88999745901674,9.78499986603856,24.319999370723963,24.319999370723963,"{""type"":""Point"",""coordinates"":[92.74944444,23.40999984741211]}"
00000000000000000312,Aizawl,23.37972222,92.75166667,23388,Mizoram,2024-05-21,84.934998084791,19.34999955445528,35.10499940440059,35.10499940440059,"{""type"":""Point"",""coordinates"":[92.75166667,23.37972222]}"
00000000000000000313,Aizawl,23.35694444,92.77027778,23396,Mizoram,2024-05-21,84.934998084791,19.34999955445528,35.10499940440059,35.10499940440059,"{""type"":""Point"",""coordinates"":[92.77027778,23.356944440000003]}"
00000000000000000314,Aizawl,23.35638889,92.77027778,23397,Mizoram,2024-05-21,84.934998084791,19.34999955445528,35.10499940440059,35.10499940440059,"{""type"":""Point"",""coordinates"":[92.77027778,23.35638889]}"
00000000000000000315,Aizawl,23.39166667,92.75527778,23401,Mizoram,2024-05-21,84.934998084791,19.34999955445528,35.10499940440059,35.10499940440059,"{""type"":""Point"",""coordinates"":[92.75527778,23.39166667]}"
00000000000000000316,Aizawl,23.43194444,92.76083333,23410,Mizoram,2024-05-21,93.88999745901674,9.78499986603856,24.319999370723963,24.319999370723963,"{""type"":""Point"",""coordinates"":[92.76083333,23.43194444]}"
00000000000000000317,Aizawl,23.44138889,92.77888889,23414,Mizoram,2024-05-21,93.88999745901674,9.78499986603856,24.319999370723963,24.319999370723963,"{""type"":""Point"",""coordinates"":[92.77888889,23.441388890000002]}"
00000000000000000318,Aizawl,23.48555556,92.70305556,23420,Mizoram,2024-05-21,93.88999745901674,9.78499986603856,24.319999370723963,24.319999370723963,"{""type"":""Point"",""coordinates"":[92.70305556,23.48555556]}"
00000000000000000319,Aizawl,23.49083333,92.70555556,23421,Mizoram,2024-05-21,93.88999745901674,9.78499986603856,24.319999370723963,24.319999370723963,"{""type"":""Point"",""coordinates"":[92.70555556,23.490833329999997]}"
0000000000000000031a,Aizawl,23.49861111,92.70388889,23427,Mizoram,2024-05-21,93.88999745901674,9.78499986603856,24.319999370723963,24.319999370723963,"{""type"":""Point"",""coordinates"":[92.70388889,23.498611109999995]}"
0000000000000000031b,Aizawl,23.68277778,92.85749816894533,23431,Mizoram,2024-05-21,60.599998818710446,10.024999804794788,21.984999522566795,21.984999522566795,"{""type"":""Point"",""coordinates"":[92.85749816894533,23.682777780000002]}"
0000000000000000031c,Aizawl,23.68305556,92.85749816894533,23432,Mizoram,2024-05-21,60.599998818710446,10.024999804794788,21.984999522566795,21.984999522566795,"{""type"":""Point"",""coordinates"":[92.85749816894533,23.683055560000003]}"
0000000000000000031d,Aizawl,23.68638889,92.85833333,23436,Mizoram,2024-05-21,60.599998818710446,10.024999804794788,21.984999522566795,21.984999522566795,"{""type"":""Point"",""coordinates"":[92.85833333,23.68638889]}"
0000000000000000031e,Aizawl,23.69472222,92.85972222,23438,Mizoram,2024-05-21,60.599998818710446,10.024999804794788,21.984999522566795,21.984999522566795,"{""type"":""Point"",""coordinates"":[92.85972222,23.69472222]}"
0000000000000000031f,Aizawl,23.71416667,92.85805556,23439,Mizoram,2024-05-21,37.68999902624637,9.71999975759536,15.859999573789537,15.859999573789537,"{""type"":""Point"",""coordinates"":[92.85805556,23.714166670000004]}"
00000000000000000320,Aizawl,23.72722222,92.85472222,23442,Mizoram,2024-05-21,37.68999902624637,9.71999975759536,15.859999573789537,15.859999573789537,"{""type"":""Point"",""coordinates"":[92.85472222,23.72722222]}"
00000000000000000321,Aizawl,23.72972222,92.85305556,23443,Mizoram,2024-05-21,37.68999902624637,9.71999975759536,15.859999573789537,15.859999573789537,"{""type"":""Point"",""coordinates"":[92.85305556,23.72972222]}"
00000000000000000322,Aizawl,23.73111111,92.84638889,23446,Mizoram,2024-05-21,37.68999902624637,9.71999975759536,15.859999573789537,15.859999573789537,"{""type"":""Point"",""coordinates"":[92.84638889,23.731111110000004]}"
00000000000000000323,Aizawl,23.73361111,92.84305556,23447,Mizoram,2024-05-21,37.68999902624637,9.71999975759536,15.859999573789537,15.859999573789537,"{""type"":""Point"",""coordinates"":[92.84305556000001,23.73361111]}"
00000000000000000324,Aizawl,23.73833333,92.81333333,23459,Mizoram,2024-05-21,37.68999902624637,9.71999975759536,15.859999573789537,15.859999573789537,"{""type"":""Point"",""coordinates"":[92.81333333,23.73833333]}"
00000000000000000325,Aizawl,23.73472222,92.81333333,23461,Mizoram,2024-05-21,37.68999902624637,9.71999975759536,15.859999573789537,15.859999573789537,"{""type"":""Point"",""coordinates"":[92.81333333,23.73472222]}"
00000000000000000326,Aizawl,23.729999542236328,92.75833333,23465,Mizoram,2024-05-21,37.42499927338213,3.3499999959021807,13.424999721348286,13.599999716505408,"{""type"":""Point"",""coordinates"":[92.75833333,23.729999542236328]}"
00000000000000000327,Aizawl,23.73055556,92.75861111,23468,Mizoram,2024-05-21,37.42499927338213,3.3499999959021807,13.424999721348286,13.599999716505408,"{""type"":""Point"",""coordinates"":[92.75861111,23.73055556]}"
00000000000000000328,Aizawl,23.72222222,92.79861111,23481,Mizoram,2024-05-21,37.42499927338213,3.3499999959021807,13.424999721348286,13.599999716505408,"{""type"":""Point"",""coordinates"":[92.79861111,23.722222220000003]}"
00000000000000000329,Aizawl,23.73583333,92.85194444,23498,Mizoram,2024-05-21,37.68999902624637,9.71999975759536,15.859999573789537,15.859999573789537,"{""type"":""Point"",""coordinates"":[92.85194444,23.73583333]}"
0000000000000000032a,Aizawl,23.77750015258789,92.84833333,23507,Mizoram,2024-05-21,37.68999902624637,9.71999975759536,15.859999573789537,15.859999573789537,"{""type"":""Point"",""coordinates"":[92.84833333,23.77750015258789]}"
0000000000000000032b,Aizawl,23.77833333,92.84666667,23508,Mizoram,2024-05-21,37.68999902624637,9.71999975759536,15.859999573789537,15.859999573789537,"{""type"":""Point"",""coordinates"":[92.84666667,23.77833333]}"
0000000000000000032c,Aizawl,23.77361111,92.84944444,23512,Mizoram,2024-05-21,37.68999902624637,9.71999975759536,15.859999573789537,15.859999573789537,"{""type"":""Point"",""coordinates"":[92.84944444,23.773611110000004]}"
0000000000000000032d,Aizawl,23.82638889,92.8324966430664,23517,Mizoram,2024-05-21,52.859998447820544,15.104999609291553,34.89999895170331,34.89999895170331,"{""type"":""Point"",""coordinates"":[92.83249664306642,23.826388889999997]}"
0000000000000000032e,Aizawl,23.84777778,92.83694444,23521,Mizoram,2024-05-21,52.859998447820544,15.104999609291553,34.89999895170331,34.89999895170331,"{""type"":""Point"",""coordinates"":[92.83694444,23.84777778]}"
0000000000000000032f,Aizawl,23.10172778,93.20231944,23582,Mizoram,2024-05-21,81.14499881770462,34.04999979585409,59.054999286308885,59.054999286308885,"{""type"":""Point"",""coordinates"":[93.20231944,23.101727780000004]}"
00000000000000000330,Aizawl,23.09561111,93.20786389,23588,Mizoram,2024-05-21,73.59999803826213,27.91499922145158,45.11499890964478,45.11499890964478,"{""type"":""Point"",""coordinates"":[93.20786389,23.095611110000004]}"
00000000000000000331,Aizawl,23.11097526550293,93.21260278,23596,Mizoram,2024-05-21,81.14499881770462,34.04999979585409,59.054999286308885,59.054999286308885,"{""type"":""Point"",""coordinates"":[93.21260278,23.11097526550293]}"
00000000000000000332,Aizawl,23.410771,92.753123,23728,Mizoram,2024-05-21,93.88999745901674,9.78499986603856,24.319999370723963,24.319999370723963,"{""type"":""Point"",""coordinates"":[92.753123,23.410771000000004]}"
00000000000000000335,Aizawl,23.77305556,92.74361111,22811,Mizoram,2024-05-21,37.42499927338213,3.3499999959021807,13.424999721348286,13.599999716505408,"{""type"":""Point"",""coordinates"":[92.74361111,23.773055559999996]}"
00000000000000000336,Aizawl,23.73888889,92.69638889,22701,Mizoram,2024-05-21,35.62499905470759,1.5299999667331576,15.794999525882304,15.974999524652958,"{""type"":""Point"",""coordinates"":[92.69638889,23.73888889]}"
00000000000000000337,Aizawl,23.73947222,92.69666667,22702,Mizoram,2024-05-21,35.62499905470759,1.5299999667331576,15.794999525882304,15.974999524652958,"{""type"":""Point"",""coordinates"":[92.69666667,23.73947222]}"
00000000000000000338,Aizawl,23.74066667,92.69336111,22704,Mizoram,2024-05-21,35.62499905470759,1.5299999667331576,15.794999525882304,15.974999524652958,"{""type"":""Point"",""coordinates"":[92.69336111,23.740666670000003]}"
00000000000000000339,Aizawl,23.6200008392334,92.72472222,22764,Mizoram,2024-05-21,41.629998937249184,3.119999887421727,13.929999584332108,13.929999584332108,"{""type"":""Point"",""coordinates"":[92.72472222,23.6200008392334]}"
0000000000000000033a,Aizawl,23.74116667,92.69455556,22707,Mizoram,2024-05-21,35.62499905470759,1.5299999667331576,15.794999525882304,15.974999524652958,"{""type"":""Point"",""coordinates"":[92.69455556,23.741166670000002]}"
0000000000000000033b,Aizawl,23.73386111,92.69491667,22709,Mizoram,2024-05-21,35.62499905470759,1.5299999667331576,15.794999525882304,15.974999524652958,"{""type"":""Point"",""coordinates"":[92.69491667,23.73386111]}"
0000000000000000033c,Aizawl,23.72669444,92.69519444,22710,Mizoram,2024-05-21,35.62499905470759,1.5299999667331576,15.794999525882304,15.974999524652958,"{""type"":""Point"",""coordinates"":[92.69519444,23.72669444]}"
0000000000000000033d,Aizawl,23.73305556,92.69944444,22714,Mizoram,2024-05-21,35.62499905470759,1.5299999667331576,15.794999525882304,15.974999524652958,"{""type"":""Point"",""coordinates"":[92.69944444,23.733055560000004]}"
0000000000000000033e,Aizawl,23.74972222,92.69833333,22715,Mizoram,2024-05-21,35.62499905470759,1.5299999667331576,15.794999525882304,15.974999524652958,"{""type"":""Point"",""coordinates"":[92.69833333,23.749722220000002]}"
0000000000000000033f,Aizawl,23.73111111,92.70222222,22716,Mizoram,2024-05-21,37.42499927338213,3.3499999959021807,13.424999721348286,13.599999716505408,"{""type"":""Point"",""coordinates"":[92.70222222,23.731111110000004]}"
00000000000000000340,Aizawl,23.73111111,92.70388889,22717,Mizoram,2024-05-21,37.42499927338213,3.3499999959021807,13.424999721348286,13.599999716505408,"{""type"":""Point"",""coordinates"":[92.70388889,23.731111110000004]}"
00000000000000000341,Aizawl,23.73333333,92.70527778,22718,Mizoram,2024-05-21,37.42499927338213,3.3499999959021807,13.424999721348286,13.599999716505408,"{""type"":""Point"",""coordinates"":[92.70527778,23.73333333]}"
00000000000000000342,Aizawl,23.73583333,92.69777778,22720,Mizoram,2024-05-21,35.62499905470759,1.5299999667331576,15.794999525882304,15.974999524652958,"{""type"":""Point"",""coordinates"":[92.69777778,23.73583333]}"
00000000000000000343,Aizawl,23.73132778,92.70821944,22721,Mizoram,2024-05-21,37.42499927338213,3.3499999959021807,13.424999721348286,13.599999716505408,"{""type"":""Point"",""coordinates"":[92.70821944,23.731327779999997]}"
00000000000000000344,Aizawl,23.72428333,92.70737778,22722,Mizoram,2024-05-21,37.42499927338213,3.3499999959021807,13.424999721348286,13.599999716505408,"{""type"":""Point"",""coordinates"":[92.70737778,23.72428333]}"
00000000000000000345,Aizawl,23.72276944,92.70664978027344,22723,Mizoram,2024-05-21,37.42499927338213,3.3499999959021807,13.424999721348286,13.599999716505408,"{""type"":""Point"",""coordinates"":[92.70664978027344,23.722769440000004]}"
00000000000000000346,Aizawl,23.71446389,92.71146389,22724,Mizoram,2024-05-21,37.42499927338213,3.3499999959021807,13.424999721348286,13.599999716505408,"{""type"":""Point"",""coordinates"":[92.71146389,23.71446389]}"
00000000000000000347,Aizawl,23.71581111,92.7093505859375,22725,Mizoram,2024-05-21,37.42499927338213,3.3499999959021807,13.424999721348286,13.599999716505408,"{""type"":""Point"",""coordinates"":[92.7093505859375,23.71581111]}"
00000000000000000348,Aizawl,23.71595001220703,92.70879444,22726,Mizoram,2024-05-21,37.42499927338213,3.3499999959021807,13.424999721348286,13.599999716505408,"{""type"":""Point"",""coordinates"":[92.70879444,23.715950012207035]}"
00000000000000000349,Aizawl,23.71721667,92.70777778,22730,Mizoram,2024-05-21,37.42499927338213,3.3499999959021807,13.424999721348286,13.599999716505408,"{""type"":""Point"",""coordinates"":[92.70777778,23.71721667]}"
0000000000000000034a,Aizawl,23.71697222,92.70817222,22731,Mizoram,2024-05-21,37.42499927338213,3.3499999959021807,13.424999721348286,13.599999716505408,"{""type"":""Point"",""coordinates"":[92.70817222,23.71697222]}"
0000000000000000034b,Aizawl,23.71305556,92.70895833,22732,Mizoram,2024-05-21,37.42499927338213,3.3499999959021807,13.424999721348286,13.599999716505408,"{""type"":""Point"",""coordinates"":[92.70895833,23.71305556]}"
0000000000000000034c,Aizawl,23.71523056,92.71529167,22733,Mizoram,2024-05-21,37.42499927338213,3.3499999959021807,13.424999721348286,13.599999716505408,"{""type"":""Point"",""coordinates"":[92.71529167,23.715230560000002]}"
0000000000000000034d,Aizawl,23.71638889,92.72111111,22737,Mizoram,2024-05-21,37.42499927338213,3.3499999959021807,13.424999721348286,13.599999716505408,"{""type"":""Point"",""coordinates"":[92.72111111,23.71638889]}"
0000000000000000034e,Aizawl,23.71444444,92.72861111,22738,Mizoram,2024-05-21,37.42499927338213,3.3499999959021807,13.424999721348286,13.599999716505408,"{""type"":""Point"",""coordinates"":[92.72861111,23.71444444]}"
0000000000000000034f,Aizawl,23.71571389,92.72659722,22741,Mizoram,2024-05-21,37.42499927338213,3.3499999959021807,13.424999721348286,13.599999716505408,"{""type"":""Point"",""coordinates"":[92.72659722000002,23.715713890000004]}"
00000000000000000350,Aizawl,23.710399627685547,92.72237778,22742,Mizoram,2024-05-21,37.42499927338213,3.3499999959021807,13.424999721348286,13.599999716505408,"{""type"":""Point"",""coordinates"":[92.72237778,23.71039962768555]}"
00000000000000000351,Aizawl,23.71865833,92.72335278,22743,Mizoram,2024-05-21,37.42499927338213,3.3499999959021807,13.424999721348286,13.599999716505408,"{""type"":""Point"",""coordinates"":[92.72335278,23.71865833]}"
00000000000000000352,Aizawl,23.709999084472656,92.71611111,22745,Mizoram,2024-05-21,37.42499927338213,3.3499999959021807,13.424999721348286,13.599999716505408,"{""type"":""Point"",""coordinates"":[92.71611111,23.709999084472653]}"
00000000000000000353,Aizawl,23.70666667,92.71444444,22747,Mizoram,2024-05-21,37.42499927338213,3.3499999959021807,13.424999721348286,13.599999716505408,"{""type"":""Point"",""coordinates"":[92.71444444,23.706666670000004]}"
00000000000000000354,Aizawl,23.70527778,92.71138889,22748,Mizoram,2024-05-21,37.42499927338213,3.3499999959021807,13.424999721348286,13.599999716505408,"{""type"":""Point"",""coordinates"":[92.71138889,23.70527778]}"
00000000000000000355,Aizawl,23.70027778,92.71611111,22750,Mizoram,2024-05-21,37.42499927338213,3.3499999959021807,13.424999721348286,13.599999716505408,"{""type"":""Point"",""coordinates"":[92.71611111,23.70027778]}"
00000000000000000356,Aizawl,23.69972222,92.71694444,22751,Mizoram,2024-05-21,41.629998937249184,3.119999887421727,13.929999584332108,13.929999584332108,"{""type"":""Point"",""coordinates"":[92.71694444,23.69972222]}"
00000000000000000357,Aizawl,23.64638889,92.72527778,22756,Mizoram,2024-05-21,41.629998937249184,3.119999887421727,13.929999584332108,13.929999584332108,"{""type"":""Point"",""coordinates"":[92.72527778,23.64638889]}"
00000000000000000358,Aizawl,23.63111111,92.72388889,22757,Mizoram,2024-05-21,41.629998937249184,3.119999887421727,13.929999584332108,13.929999584332108,"{""type"":""Point"",""coordinates"":[92.72388889,23.63111111]}"
00000000000000000359,Aizawl,23.63055556,92.72305556,22758,Mizoram,2024-05-21,41.629998937249184,3.119999887421727,13.929999584332108,13.929999584332108,"{""type"":""Point"",""coordinates"":[92.72305556,23.630555559999998]}"
0000000000000000035a,Aizawl,23.62833333,92.72333333,22759,Mizoram,2024-05-21,41.629998937249184,3.119999887421727,13.929999584332108,13.929999584332108,"{""type"":""Point"",""coordinates"":[92.72333333000002,23.62833333]}"
0000000000000000035b,Aizawl,23.62277778,92.72444444,22760,Mizoram,2024-05-21,41.629998937249184,3.119999887421727,13.929999584332108,13.929999584332108,"{""type"":""Point"",""coordinates"":[92.72444444000001,23.622777780000003]}"
0000000000000000035c,Aizawl,23.62194444,92.72305556,22761,Mizoram,2024-05-21,41.629998937249184,3.119999887421727,13.929999584332108,13.929999584332108,"{""type"":""Point"",""coordinates"":[92.72305556,23.62194444]}"
0000000000000000035d,Aizawl,23.62083333,92.72250366210938,22762,Mizoram,2024-05-21,41.629998937249184,3.119999887421727,13.929999584332108,13.929999584332108,"{""type"":""Point"",""coordinates"":[92.72250366210939,23.620833330000004]}"
0000000000000000035e,Aizawl,23.61916667,92.72250366210938,22763,Mizoram,2024-05-21,41.629998937249184,3.119999887421727,13.929999584332108,13.929999584332108,"{""type"":""Point"",""coordinates"":[92.72250366210939,23.61916667]}"
0000000000000000035f,Aizawl,23.61972222,92.72527778,22765,Mizoram,2024-05-21,41.629998937249184,3.119999887421727,13.929999584332108,13.929999584332108,"{""type"":""Point"",""coordinates"":[92.72527778,23.61972222]}"
00000000000000000360,Aizawl,23.62027778,92.72555556,22766,Mizoram,2024-05-21,41.629998937249184,3.119999887421727,13.929999584332108,13.929999584332108,"{""type"":""Point"",""coordinates"":[92.72555556,23.62027778]}"
00000000000000000361,Aizawl,23.62027778,92.72611111,22767,Mizoram,2024-05-21,41.629998937249184,3.119999887421727,13.929999584332108,13.929999584332108,"{""type"":""Point"",""coordinates"":[92.72611111,23.62027778]}"
00000000000000000362,Aizawl,23.62111111,92.72444444,22768,Mizoram,2024-05-21,41.629998937249184,3.119999887421727,13.929999584332108,13.929999584332108,"{""type"":""Point"",""coordinates"":[92.72444444000001,23.62111111]}"
00000000000000000363,Aizawl,23.67583333,92.71499633789062,22771,Mizoram,2024-05-21,41.629998937249184,3.119999887421727,13.929999584332108,13.929999584332108,"{""type"":""Point"",""coordinates"":[92.71499633789062,23.675833330000003]}"
00000000000000000364,Aizawl,23.67472222,92.71722222,22772,Mizoram,2024-05-21,41.629998937249184,3.119999887421727,13.929999584332108,13.929999584332108,"{""type"":""Point"",""coordinates"":[92.71722222,23.674722219999996]}"
00000000000000000365,Aizawl,23.67444444,92.71472222,22773,Mizoram,2024-05-21,41.629998937249184,3.119999887421727,13.929999584332108,13.929999584332108,"{""type"":""Point"",""coordinates"":[92.71472222,23.674444439999995]}"
00000000000000000366,Aizawl,23.67388889,92.71472222,22774,Mizoram,2024-05-21,41.629998937249184,3.119999887421727,13.929999584332108,13.929999584332108,"{""type"":""Point"",""coordinates"":[92.71472222,23.67388889]}"
00000000000000000367,Aizawl,23.672069,92.7099293,22775,Mizoram,2024-05-21,41.629998937249184,3.119999887421727,13.929999584332108,13.929999584332108,"{""type"":""Point"",""coordinates"":[92.7099293,23.672069]}"
00000000000000000368,Aizawl,23.684301376342773,92.715511,22776,Mizoram,2024-05-21,41.629998937249184,3.119999887421727,13.929999584332108,13.929999584332108,"{""type"":""Point"",""coordinates"":[92.715511,23.68430137634277]}"
00000000000000000369,Aizawl,23.70305556,92.72055556,22779,Mizoram,2024-05-21,37.42499927338213,3.3499999959021807,13.424999721348286,13.599999716505408,"{""type"":""Point"",""coordinates"":[92.72055556,23.70305556]}"
0000000000000000036a,Aizawl,23.690000534057617,92.72361111,22782,Mizoram,2024-05-21,41.629998937249184,3.119999887421727,13.929999584332108,13.929999584332108,"{""type"":""Point"",""coordinates"":[92.72361111,23.690000534057624]}"
0000000000000000036b,Aizawl,23.68361111,92.72277778,22783,Mizoram,2024-05-21,41.629998937249184,3.119999887421727,13.929999584332108,13.929999584332108,"{""type"":""Point"",""coordinates"":[92.72277778,23.683611110000005]}"
0000000000000000036c,Aizawl,23.66027778,92.72694444,22788,Mizoram,2024-05-21,41.629998937249184,3.119999887421727,13.929999584332108,13.929999584332108,"{""type"":""Point"",""coordinates"":[92.72694444,23.66027778]}"
0000000000000000036d,Aizawl,23.64388889,92.72583333,22790,Mizoram,2024-05-21,41.629998937249184,3.119999887421727,13.929999584332108,13.929999584332108,"{""type"":""Point"",""coordinates"":[92.72583333,23.643888889999996]}"
0000000000000000036e,Aizawl,23.635000228881836,92.72361111,22791,Mizoram,2024-05-21,41.629998937249184,3.119999887421727,13.929999584332108,13.929999584332108,"{""type"":""Point"",""coordinates"":[92.72361111,23.635000228881836]}"
0000000000000000036f,Aizawl,23.46777778,92.74111111,22793,Mizoram,2024-05-21,93.88999745901674,9.78499986603856,24.319999370723963,24.319999370723963,"{""type"":""Point"",""coordinates"":[92.74111111,23.467777779999995]}"
00000000000000000370,Aizawl,23.51361111,92.69833333,22799,Mizoram,2024-05-21,48.86999872326851,2.3749999487772584,22.964999625459313,22.964999625459313,"{""type"":""Point"",""coordinates"":[92.69833333,23.513611109999996]}"
00000000000000000371,Aizawl,23.53666667,92.69750213623048,22800,Mizoram,2024-05-21,48.86999872326851,2.3749999487772584,22.964999625459313,22.964999625459313,"{""type"":""Point"",""coordinates"":[92.6975021362305,23.53666667]}"
00000000000000000372,Aizawl,23.54166667,92.70194444,22801,Mizoram,2024-05-21,61.859998722560704,5.5099999606609344,21.844999418593943,21.844999418593943,"{""type"":""Point"",""coordinates"":[92.70194444,23.54166667]}"
00000000000000000373,Aizawl,23.52944444,92.72944444,22803,Mizoram,2024-05-21,61.859998722560704,5.5099999606609344,21.844999418593943,21.844999418593943,"{""type"":""Point"",""coordinates"":[92.72944444,23.529444440000002]}"
00000000000000000374,Aizawl,23.53083333,92.73055556,22804,Mizoram,2024-05-21,61.859998722560704,5.5099999606609344,21.844999418593943,21.844999418593943,"{""type"":""Point"",""coordinates"":[92.73055556000001,23.53083333]}"
00000000000000000375,Aizawl,23.53111111,92.73361111,22805,Mizoram,2024-05-21,61.859998722560704,5.5099999606609344,21.844999418593943,21.844999418593943,"{""type"":""Point"",""coordinates"":[92.73361111,23.53111111]}"
00000000000000000376,Aizawl,23.53083333,92.73333333,22806,Mizoram,2024-05-21,61.859998722560704,5.5099999606609344,21.844999418593943,21.844999418593943,"{""type"":""Point"",""coordinates"":[92.73333333,23.53083333]}"
00000000000000000377,Aizawl,23.56388889,92.70805556,22807,Mizoram,2024-05-21,61.859998722560704,5.5099999606609344,21.844999418593943,21.844999418593943,"{""type"":""Point"",""coordinates"":[92.70805556,23.56388889]}"
00000000000000000378,Aizawl,23.56416667,92.70805556,22808,Mizoram,2024-05-21,61.859998722560704,5.5099999606609344,21.844999418593943,21.844999418593943,"{""type"":""Point"",""coordinates"":[92.70805556,23.564166669999995]}"
00000000000000000379,Aizawl,23.565000534057617,92.70777778,22809,Mizoram,2024-05-21,61.859998722560704,5.5099999606609344,21.844999418593943,21.844999418593943,"{""type"":""Point"",""coordinates"":[92.70777778,23.565000534057614]}"
0000000000000000037a,Aizawl,23.56666667,92.70888889,22810,Mizoram,2024-05-21,61.859998722560704,5.5099999606609344,21.844999418593943,21.844999418593943,"{""type"":""Point"",""coordinates"":[92.70888889,23.56666667]}"
0000000000000000037b,Aizawl,23.74861111,92.73861111,22814,Mizoram,2024-05-21,37.42499927338213,3.3499999959021807,13.424999721348286,13.599999716505408,"{""type"":""Point"",""coordinates"":[92.73861111,23.748611109999995]}"
0000000000000000037c,Aizawl,23.61000061035156,92.72083333,22815,Mizoram,2024-05-21,41.629998937249184,3.119999887421727,13.929999584332108,13.929999584332108,"{""type"":""Point"",""coordinates"":[92.72083333,23.610000610351562]}"
0000000000000000037d,Aizawl,23.60666667,92.72305556,22816,Mizoram,2024-05-21,41.629998937249184,3.119999887421727,13.929999584332108,13.929999584332108,"{""type"":""Point"",""coordinates"":[92.72305556,23.606666670000003]}"
0000000000000000037e,Aizawl,23.592500686645508,92.71666667,22817,Mizoram,2024-05-21,61.859998722560704,5.5099999606609344,21.844999418593943,21.844999418593943,"{""type"":""Point"",""coordinates"":[92.71666667,23.592500686645504]}"
0000000000000000037f,Aizawl,23.58722222,92.71361111,22818,Mizoram,2024-05-21,61.859998722560704,5.5099999606609344,21.844999418593943,21.844999418593943,"{""type"":""Point"",""coordinates"":[92.71361111,23.58722222]}"
00000000000000000380,Aizawl,23.57694444,92.71305556,22819,Mizoram,2024-05-21,61.859998722560704,5.5099999606609344,21.844999418593943,21.844999418593943,"{""type"":""Point"",""coordinates"":[92.71305556,23.57694444]}"
00000000000000000381,Aizawl,23.58138889,92.71416667,22821,Mizoram,2024-05-21,61.859998722560704,5.5099999606609344,21.844999418593943,21.844999418593943,"{""type"":""Point"",""coordinates"":[92.71416667,23.58138889]}"
00000000000000000382,Aizawl,23.58694444,92.71749877929688,22822,Mizoram,2024-05-21,61.859998722560704,5.5099999606609344,21.844999418593943,21.844999418593943,"{""type"":""Point"",""coordinates"":[92.71749877929688,23.586944439999996]}"
00000000000000000383,Aizawl,23.58555556,92.71583333,22823,Mizoram,2024-05-21,61.859998722560704,5.5099999606609344,21.844999418593943,21.844999418593943,"{""type"":""Point"",""coordinates"":[92.71583333,23.58555556]}"
00000000000000000384,Aizawl,23.58583333,92.71638889,22824,Mizoram,2024-05-21,61.859998722560704,5.5099999606609344,21.844999418593943,21.844999418593943,"{""type"":""Point"",""coordinates"":[92.71638889000002,23.58583333]}"
00000000000000000385,Aizawl,23.58638889,92.71583333,22825,Mizoram,2024-05-21,61.859998722560704,5.5099999606609344,21.844999418593943,21.844999418593943,"{""type"":""Point"",""coordinates"":[92.71583333,23.58638889]}"
00000000000000000386,Aizawl,23.65388889,92.72444444,22826,Mizoram,2024-05-21,41.629998937249184,3.119999887421727,13.929999584332108,13.929999584332108,"{""type"":""Point"",""coordinates"":[92.72444444000001,23.65388889]}"
00000000000000000387,Aizawl,23.65416667,92.71777778,22827,Mizoram,2024-05-21,41.629998937249184,3.119999887421727,13.929999584332108,13.929999584332108,"{""type"":""Point"",""coordinates"":[92.71777778,23.654166669999995]}"
00000000000000000388,Aizawl,23.65416667,92.69000244140624,22829,Mizoram,2024-05-21,39.56499931495637,2.444999957457185,17.514999865554273,17.514999865554273,"{""type"":""Point"",""coordinates"":[92.69000244140624,23.654166669999995]}"
00000000000000000389,Aizawl,23.66083333,92.67277778,22831,Mizoram,2024-05-21,39.56499931495637,2.444999957457185,17.514999865554273,17.514999865554273,"{""type"":""Point"",""coordinates"":[92.67277778,23.660833329999996]}"
0000000000000000038a,Aizawl,23.65861111,92.70583333,22833,Mizoram,2024-05-21,41.629998937249184,3.119999887421727,13.929999584332108,13.929999584332108,"{""type"":""Point"",""coordinates"":[92.70583333,23.65861111]}"
0000000000000000038b,Aizawl,23.68143611,92.72144167,22834,Mizoram,2024-05-21,41.629998937249184,3.119999887421727,13.929999584332108,13.929999584332108,"{""type"":""Point"",""coordinates"":[92.72144167,23.68143611]}"
0000000000000000038c,Aizawl,23.46805556,92.71638889,22794,Mizoram,2024-05-21,93.88999745901674,9.78499986603856,24.319999370723963,24.319999370723963,"{""type"":""Point"",""coordinates"":[92.71638889000002,23.46805556]}"
0000000000000000038d,Aizawl,23.489999771118164,92.70555556,22797,Mizoram,2024-05-21,93.88999745901674,9.78499986603856,24.319999370723963,24.319999370723963,"{""type"":""Point"",""coordinates"":[92.70555556,23.489999771118164]}"
0000000000000000038e,Aizawl,23.49722222,92.70333333,22798,Mizoram,2024-05-21,93.88999745901674,9.78499986603856,24.319999370723963,24.319999370723963,"{""type"":""Point"",""coordinates"":[92.70333333,23.497222220000005]}"
0000000000000000038f,Aizawl,23.77472222,92.76194444,22812,Mizoram,2024-05-21,37.42499927338213,3.3499999959021807,13.424999721348286,13.599999716505408,"{""type"":""Point"",""coordinates"":[92.76194444,23.77472222]}"
00000000000000000390,Aizawl,23.77361111,92.76111111,22813,Mizoram,2024-05-21,37.42499927338213,3.3499999959021807,13.424999721348286,13.599999716505408,"{""type"":""Point"",""coordinates"":[92.76111111,23.773611110000004]}"
00000000000000000391,Aizawl,23.76083333,92.84750366210938,22849,Mizoram,2024-05-21,37.68999902624637,9.71999975759536,15.859999573789537,15.859999573789537,"{""type"":""Point"",""coordinates"":[92.84750366210938,23.760833330000004]}"
00000000000000000392,Aizawl,23.86972222,92.87611111,22850,Mizoram,2024-05-21,52.859998447820544,15.104999609291553,34.89999895170331,34.89999895170331,"{""type"":""Point"",""coordinates"":[92.87611111,23.869722219999996]}"
00000000000000000393,Aizawl,23.72694444,92.79527778,22836,Mizoram,2024-05-21,37.42499927338213,3.3499999959021807,13.424999721348286,13.599999716505408,"{""type"":""Point"",""coordinates"":[92.79527778,23.726944440000004]}"
00000000000000000394,Aizawl,23.73277778,92.79722222,22837,Mizoram,2024-05-21,37.42499927338213,3.3499999959021807,13.424999721348286,13.599999716505408,"{""type"":""Point"",""coordinates"":[92.79722222,23.73277778]}"
00000000000000000395,Aizawl,23.73416667,92.79861111,22838,Mizoram,2024-05-21,37.42499927338213,3.3499999959021807,13.424999721348286,13.599999716505408,"{""type"":""Point"",""coordinates"":[92.79861111,23.734166670000004]}"
00000000000000000396,Aizawl,23.74555556,92.79444444,22839,Mizoram,2024-05-21,37.42499927338213,3.3499999959021807,13.424999721348286,13.599999716505408,"{""type"":""Point"",""coordinates"":[92.79444444,23.745555560000003]}"
00000000000000000397,Aizawl,23.73666667,92.79722222,22840,Mizoram,2024-05-21,37.42499927338213,3.3499999959021807,13.424999721348286,13.599999716505408,"{""type"":""Point"",""coordinates"":[92.79722222,23.736666669999998]}"
00000000000000000398,Aizawl,23.73555556,92.80027778,22844,Mizoram,2024-05-21,37.42499927338213,3.3499999959021807,13.424999721348286,13.599999716505408,"{""type"":""Point"",""coordinates"":[92.80027778,23.73555556]}"
00000000000000000399,Aizawl,23.73305556,92.84777778,22848,Mizoram,2024-05-21,37.68999902624637,9.71999975759536,15.859999573789537,15.859999573789537,"{""type"":""Point"",""coordinates"":[92.84777778,23.733055560000004]}"
000000000000000003a9,Aizawl,23.76972222,92.74472222,23103,Mizoram,2024-05-21,37.42499927338213,3.3499999959021807,13.424999721348286,13.599999716505408,"{""type"":""Point"",""coordinates"":[92.74472222,23.76972222]}"
000000000000000003aa,Aizawl,23.594999313354492,92.81611111,23178,Mizoram,2024-05-21,57.2549992967397,7.17499989643693,23.124999914318323,23.124999914318323,"{""type"":""Point"",""coordinates"":[92.81611111,23.594999313354492]}"
000000000000000003ab,Aizawl,23.61361111,92.80777778,23189,Mizoram,2024-05-21,60.599998818710446,10.024999804794788,21.984999522566795,21.984999522566795,"{""type"":""Point"",""coordinates"":[92.80777778,23.61361111]}"
000000000000000003ac,Aizawl,23.59027778,92.71583333,23231,Mizoram,2024-05-21,61.859998722560704,5.5099999606609344,21.844999418593943,21.844999418593943,"{""type"":""Point"",""coordinates"":[92.71583333,23.590277780000005]}"
000000000000000003ad,Aizawl,23.77777778,92.847900390625,23505,Mizoram,2024-05-21,37.68999902624637,9.71999975759536,15.859999573789537,15.859999573789537,"{""type"":""Point"",""coordinates"":[92.847900390625,23.777777779999997]}"
000000000000000003af,Aizawl,23.71740833,92.70644167,22728,Mizoram,2024-05-21,37.42499927338213,3.3499999959021807,13.424999721348286,13.599999716505408,"{""type"":""Point"",""coordinates"":[92.70644167,23.71740833]}"
000000000000000003b0,Aizawl,23.74027778,92.69722222,22703,Mizoram,2024-05-21,35.62499905470759,1.5299999667331576,15.794999525882304,15.974999524652958,"{""type"":""Point"",""coordinates"":[92.69722222,23.74027778]}"
000000000000000003b1,Aizawl,23.73361111,92.69388889,22711,Mizoram,2024-05-21,35.62499905470759,1.5299999667331576,15.794999525882304,15.974999524652958,"{""type"":""Point"",""coordinates"":[92.69388889,23.733611109999995]}"
000000000000000003b2,Aizawl,23.73472222,92.69499969482422,22712,Mizoram,2024-05-21,35.62499905470759,1.5299999667331576,15.794999525882304,15.974999524652958,"{""type"":""Point"",""coordinates"":[92.69499969482422,23.734722220000002]}"
000000000000000003b3,Aizawl,23.717500686645508,92.70666667,22727,Mizoram,2024-05-21,37.42499927338213,3.3499999959021807,13.424999721348286,13.599999716505408,"{""type"":""Point"",""coordinates"":[92.70666667,23.717500686645508]}"
000000000000000003b4,Aizawl,23.71735556,92.70753333,22729,Mizoram,2024-05-21,37.42499927338213,3.3499999959021807,13.424999721348286,13.599999716505408,"{""type"":""Point"",""coordinates"":[92.70753333,23.71735556]}"
000000000000000003b5,Aizawl,23.71138889,92.72444444,22736,Mizoram,2024-05-21,37.42499927338213,3.3499999959021807,13.424999721348286,13.599999716505408,"{""type"":""Point"",""coordinates"":[92.72444444000001,23.711388889999995]}"
000000000000000003b6,Aizawl,23.70416667,92.71222222,22749,Mizoram,2024-05-21,37.42499927338213,3.3499999959021807,13.424999721348286,13.599999716505408,"{""type"":""Point"",""coordinates"":[92.71222222,23.704166669999996]}"
000000000000000003b7,Aizawl,23.64333333,92.73444444,22754,Mizoram,2024-05-21,41.629998937249184,3.119999887421727,13.929999584332108,13.929999584332108,"{""type"":""Point"",""coordinates"":[92.73444444,23.643333330000004]}"
000000000000000003b8,Aizawl,23.54277778,92.70333333,22802,Mizoram,2024-05-21,61.859998722560704,5.5099999606609344,21.844999418593943,21.844999418593943,"{""type"":""Point"",""coordinates"":[92.70333333,23.54277778]}"
000000000000000003b9,Aizawl,23.57722222,92.71222222,23712,Mizoram,2024-05-21,61.859998722560704,5.5099999606609344,21.844999418593943,21.844999418593943,"{""type"":""Point"",""coordinates"":[92.71222222,23.577222220000003]}"
000000000000000003ba,Aizawl,23.58027778,92.71499633789062,22820,Mizoram,2024-05-21,61.859998722560704,5.5099999606609344,21.844999418593943,21.844999418593943,"{""type"":""Point"",""coordinates"":[92.71499633789062,23.580277780000003]}"
000000000000000003bb,Aizawl,23.66055556,92.67277778,22830,Mizoram,2024-05-21,39.56499931495637,2.444999957457185,17.514999865554273,17.514999865554273,"{""type"":""Point"",""coordinates"":[92.67277778,23.660555559999995]}"
000000000000000003bc,Aizawl,23.65777778,92.67444444,22832,Mizoram,2024-05-21,39.56499931495637,2.444999957457185,17.514999865554273,17.514999865554273,"{""type"":""Point"",""coordinates"":[92.67444444000002,23.657777780000004]}"
000000000000000003bd,Aizawl,23.47249984741211,92.71444444,22795,Mizoram,2024-05-21,93.88999745901674,9.78499986603856,24.319999370723963,24.319999370723963,"{""type"":""Point"",""coordinates"":[92.71444444,23.47249984741211]}"
000000000000000003be,Aizawl,23.80750556,92.83417222,22851,Mizoram,2024-05-21,52.859998447820544,15.104999609291553,34.89999895170331,34.89999895170331,"{""type"":""Point"",""coordinates"":[92.83417222,23.80750556]}"
000000000000000003bf,Aizawl,23.73638889,92.79805556,22841,Mizoram,2024-05-21,37.42499927338213,3.3499999959021807,13.424999721348286,13.599999716505408,"{""type"":""Point"",""coordinates"":[92.79805556,23.73638889]}"
000000000000000003c0,Aizawl,23.73583333,92.79888889,22842,Mizoram,2024-05-21,37.42499927338213,3.3499999959021807,13.424999721348286,13.599999716505408,"{""type"":""Point"",""coordinates"":[92.79888889,23.73583333]}"
000000000000000003c1,Aizawl,23.73638889,92.8000030517578,22843,Mizoram,2024-05-21,37.42499927338213,3.3499999959021807,13.424999721348286,13.599999716505408,"{""type"":""Point"",""coordinates"":[92.8000030517578,23.73638889]}"
000000000000000003c2,Aizawl,23.71972222,92.79777778,22845,Mizoram,2024-05-21,37.42499927338213,3.3499999959021807,13.424999721348286,13.599999716505408,"{""type"":""Point"",""coordinates"":[92.79777778,23.71972222]}"
000000000000000003c3,Aizawl,23.53222222,92.73500061035156,23254,Mizoram,2024-05-21,61.859998722560704,5.5099999606609344,21.844999418593943,21.844999418593943,"{""type"":""Point"",""coordinates"":[92.73500061035156,23.532222219999998]}"
000000000000000003c4,Aizawl,23.53555556,92.69694444,23285,Mizoram,2024-05-21,48.86999872326851,2.3749999487772584,22.964999625459313,22.964999625459313,"{""type"":""Point"",""coordinates"":[92.69694444,23.535555559999995]}"
000000000000000003c5,Aizawl,23.50861111,92.69805556,23300,Mizoram,2024-05-21,48.86999872326851,2.3749999487772584,22.964999625459313,22.964999625459313,"{""type"":""Point"",""coordinates"":[92.69805556,23.508611109999997]}"
000000000000000003c6,Aizawl,23.68743333,92.72129167,22769,Mizoram,2024-05-21,41.629998937249184,3.119999887421727,13.929999584332108,13.929999584332108,"{""type"":""Point"",""coordinates"":[92.72129167,23.68743333]}"
000000000000000003c7,Aizawl,23.67694444,92.71722222,22770,Mizoram,2024-05-21,41.629998937249184,3.119999887421727,13.929999584332108,13.929999584332108,"{""type"":""Point"",""coordinates"":[92.71722222,23.676944439999996]}"
000000000000000003c8,Aizawl,23.70416667,92.72000122070312,22778,Mizoram,2024-05-21,37.42499927338213,3.3499999959021807,13.424999721348286,13.599999716505408,"{""type"":""Point"",""coordinates"":[92.72000122070312,23.704166669999996]}"
000000000000000003c9,Aizawl,23.655000686645508,92.71444444,22828,Mizoram,2024-05-21,41.629998937249184,3.119999887421727,13.929999584332108,13.929999584332108,"{""type"":""Point"",""coordinates"":[92.71444444,23.655000686645508]}"
000000000000000003ca,Aizawl,23.72222222,92.80138889,22846,Mizoram,2024-05-21,37.68999902624637,9.71999975759536,15.859999573789537,15.859999573789537,"{""type"":""Point"",""coordinates"":[92.80138889,23.722222220000003]}"
000000000000000003cb,Aizawl,23.73555556,92.78833333,22835,Mizoram,2024-05-21,37.42499927338213,3.3499999959021807,13.424999721348286,13.599999716505408,"{""type"":""Point"",""coordinates"":[92.78833333,23.73555556]}"
00000000000000000333,Kolasib,24.56925833,93.177275,23707,Mizoram,2024-05-21,122.4299977645278,2.9749998822808266,13.429999601095915,45.28999927919358,"{""type"":""Point"",""coordinates"":[93.177275,24.569258329999997]}"
00000000000000000334,Kolasib,24.52607536315918,93.05379167,23710,Mizoram,2024-05-21,125.43499742820859,3.889999942854047,13.864999740384519,45.05499880295247,"{""type"":""Point"",""coordinates"":[93.05379167,24.526075363159183]}"
000000000000000003ae,Kolasib,24.42589950561523,93.13580556,23692,Mizoram,2024-05-21,102.39499741978943,11.549999787472188,23.049999547190964,48.74499904830009,"{""type"":""Point"",""coordinates"":[93.13580556,24.42589950561523]}"
0000000000000000039a,Serchhip,23.47694444,92.857846,22852,Mizoram,2024-05-21,81.10999839380383,18.579999797046185,34.66999932192266,34.66999932192266,"{""type"":""Point"",""coordinates"":[92.857846,23.476944439999997]}"
0000000000000000039b,Serchhip,23.471041,92.8550262451172,22853,Mizoram,2024-05-21,81.10999839380383,18.579999797046185,34.66999932192266,34.66999932192266,"{""type"":""Point"",""coordinates"":[92.8550262451172,23.471041]}"
0000000000000000039c,Serchhip,23.465558,92.855991,22854,Mizoram,2024-05-21,81.10999839380383,18.579999797046185,34.66999932192266,34.66999932192266,"{""type"":""Point"",""coordinates"":[92.855991,23.465558]}"
0000000000000000039d,Serchhip,23.463164,92.854672,22855,Mizoram,2024-05-21,81.10999839380383,18.579999797046185,34.66999932192266,34.66999932192266,"{""type"":""Point"",""coordinates"":[92.85467200000001,23.463163999999995]}"
0000000000000000039e,Serchhip,23.312589645385746,92.85641479492188,22856,Mizoram,2024-05-21,86.1749983066693,21.014999445527792,36.8849991299212,36.8849991299212,"{""type"":""Point"",""coordinates"":[92.85641479492188,23.31258964538575]}"
0000000000000000039f,Serchhip,23.288812,92.864763,22857,Mizoram,2024-05-21,80.30999784264714,9.414999610744417,28.944999086670578,28.944999086670578,"{""type"":""Point"",""coordinates"":[92.86476300000001,23.288812000000004]}"
000000000000000003a0,Serchhip,23.281264,92.869279,22858,Mizoram,2024-05-21,80.30999784264714,9.414999610744417,28.944999086670578,28.944999086670578,"{""type"":""Point"",""coordinates"":[92.869279,23.281264]}"
000000000000000003a1,Serchhip,23.379441,92.844081,22859,Mizoram,2024-05-21,86.1749983066693,21.014999445527792,36.8849991299212,36.8849991299212,"{""type"":""Point"",""coordinates"":[92.844081,23.379441]}"
000000000000000003a2,Serchhip,23.38150978088379,92.844938,22860,Mizoram,2024-05-21,86.1749983066693,21.014999445527792,36.8849991299212,36.8849991299212,"{""type"":""Point"",""coordinates"":[92.844938,23.38150978088379]}"
000000000000000003a3,Serchhip,23.38217544555664,92.843876,22861,Mizoram,2024-05-21,86.1749983066693,21.014999445527792,36.8849991299212,36.8849991299212,"{""type"":""Point"",""coordinates"":[92.843876,23.38217544555664]}"
000000000000000003a4,Serchhip,23.38277244567871,92.845187,22862,Mizoram,2024-05-21,86.1749983066693,21.014999445527792,36.8849991299212,36.8849991299212,"{""type"":""Point"",""coordinates"":[92.845187,23.382772445678707]}"
000000000000000003a5,Serchhip,23.381532669067383,92.854115,22863,Mizoram,2024-05-21,86.1749983066693,21.014999445527792,36.8849991299212,36.8849991299212,"{""type"":""Point"",""coordinates"":[92.854115,23.381532669067383]}"
000000000000000003a6,Serchhip,23.387941360473633,92.842291,22864,Mizoram,2024-05-21,86.1749983066693,21.014999445527792,36.8849991299212,36.8849991299212,"{""type"":""Point"",""coordinates"":[92.842291,23.387941360473633]}"
000000000000000003a7,Serchhip,23.237077,92.910043,22865,Mizoram,2024-05-21,78.14999818149954,6.659999791532755,28.25999942794442,28.25999942794442,"{""type"":""Point"",""coordinates"":[92.910043,23.237076999999996]}"
000000000000000003a8,Serchhip,23.126631,93.064946,22866,Mizoram,2024-05-21,80.18499777745456,13.2549993628636,39.16999868862331,39.16999868862331,"{""type"":""Point"",""coordinates"":[93.06494600000002,23.126631]}"
0000000000000000005b,Eastern-West Khasi Hill,25.762051,91.658959,20649,Meghalaya,2024-05-22,374.08499106485397,178.35999516025186,203.58999449387193,340.0849915575236,"{""type"":""Point"",""coordinates"":[91.658959,25.762051]}"
0000000000000000005c,Eastern-West Khasi Hill,25.791616439819336,91.658242,20651,Meghalaya,2024-05-22,374.08499106485397,178.35999516025186,203.58999449387193,340.0849915575236,"{""type"":""Point"",""coordinates"":[91.658242,25.791616439819336]}"
000000000000000000ac,Eastern-West Khasi Hill,25.77093505859375,91.656497,20650,Meghalaya,2024-05-22,374.08499106485397,178.35999516025186,203.58999449387193,340.0849915575236,"{""type"":""Point"",""coordinates"":[91.656497,25.77093505859375]}"
000000000000000000f9,Aizawl,23.53805556,92.71861111,23265,Mizoram,2024-05-22,46.894998888485134,7.499999932944775,7.924999926239252,24.14499938581139,"{""type"":""Point"",""coordinates"":[92.71861111000001,23.538055559999997]}"
00000000000000000195,Kohima,25.520360946655273,94.1311201,25911,Nagaland,2024-05-25,89.09499761555344,5.284999892115593,12.494999730959535,55.314998417161405,"{""type"":""Point"",""coordinates"":[94.1311201,25.520360946655277]}"
00000000000000000196,Kohima,25.52164077758789,94.13426208496094,25912,Nagaland,2024-05-25,89.09499761555344,5.284999892115593,12.494999730959535,55.314998417161405,"{""type"":""Point"",""coordinates"":[94.13426208496094,25.52164077758789]}"
00000000000000000197,Kohima,25.525094,94.135798,25914,Nagaland,2024-05-25,89.09499761555344,5.284999892115593,12.494999730959535,55.314998417161405,"{""type"":""Point"",""coordinates"":[94.13579800000001,25.525093999999996]}"
00000000000000000198,Kohima,25.538421630859375,94.136039,25915,Nagaland,2024-05-25,89.09499761555344,5.284999892115593,12.494999730959535,55.314998417161405,"{""type"":""Point"",""coordinates"":[94.136039,25.53842163085937]}"
00000000000000000199,Kohima,25.565099716186523,94.1390034,25916,Nagaland,2024-05-25,89.09499761555344,5.284999892115593,12.494999730959535,55.314998417161405,"{""type"":""Point"",""coordinates"":[94.13900340000002,25.565099716186527]}"
0000000000000000019a,Kohima,25.62154006958008,94.11219787597656,25918,Nagaland,2024-05-25,77.67999821901321,5.199999977834523,10.85499983560294,41.904998913407326,"{""type"":""Point"",""coordinates"":[94.11219787597656,25.621540069580085]}"
0000000000000000019b,Kohima,25.6291966,94.10176849365234,25919,Nagaland,2024-05-25,77.67999821901321,5.199999977834523,10.85499983560294,41.904998913407326,"{""type"":""Point"",""coordinates"":[94.10176849365234,25.6291966]}"
0000000000000000019c,Kohima,25.638700485229492,94.10978698730467,25920,Nagaland,2024-05-25,77.67999821901321,5.199999977834523,10.85499983560294,41.904998913407326,"{""type"":""Point"",""coordinates"":[94.10978698730467,25.638700485229492]}"
0000000000000000019d,Kohima,25.648759,94.10616302490234,25921,Nagaland,2024-05-25,77.67999821901321,5.199999977834523,10.85499983560294,41.904998913407326,"{""type"":""Point"",""coordinates"":[94.10616302490234,25.648758999999995]}"
00000000000000000243,Kohima,25.6032619,94.1122188,25917,Nagaland,2024-05-25,77.67999821901321,5.199999977834523,10.85499983560294,41.904998913407326,"{""type"":""Point"",""coordinates"":[94.1122188,25.603261899999996]}"
000000000000000000a2,Eastern-West Khasi Hill,25.55256111,91.61870278,20593,Meghalaya,2024-06-21,681.1199843771756,0.8849999755620956,207.2149948850274,535.9149877801538,"{""type"":""Point"",""coordinates"":[91.61870278000002,25.552561109999996]}"
000000000000000000f5,Aizawl,23.69361111,92.72250366210938,23140,Mizoram,2024-06-21,210.6749954149127,50.649999170564115,103.54999831039459,123.90999771375209,"{""type"":""Point"",""coordinates"":[92.72250366210939,23.69361111]}"
00000000000000000107,Aizawl,23.71111111,92.87861111,23488,Mizoram,2024-06-21,244.96499393414706,96.56499749422073,142.4099962748587,158.57499583996832,"{""type"":""Point"",""coordinates"":[92.87861111,23.711111109999997]}"
00000000000000000110,Aizawl,23.77400016784668,92.8479995727539,23506,Mizoram,2024-06-21,244.96499393414706,96.56499749422073,142.4099962748587,158.57499583996832,"{""type"":""Point"",""coordinates"":[92.8479995727539,23.77400016784668]}"
0000000000000000012e,Aizawl,23.10851389,93.20974731445312,23581,Mizoram,2024-06-21,146.54999576788396,53.74499872047454,77.10999815631658,83.33999801147729,"{""type"":""Point"",""coordinates"":[93.20974731445312,23.108513889999998]}"
00000000000000000051,Ri-Bhoi,25.68591944,91.90256667,20625,Meghalaya,2024-06-23,482.7799903731793,22.554999602027237,33.5999992499128,294.63499509729445,"{""type"":""Point"",""coordinates"":[91.90256667,25.68591944]}"
000000000000000000af,Ri-Bhoi,25.67517222,91.89830017089844,20616,Meghalaya,2024-06-23,562.4649872556329,16.25999970175326,23.43999949283898,332.04999221488833,"{""type"":""Point"",""coordinates"":[91.89830017089845,25.67517222]}"
000000000000000000b1,Ri-Bhoi,25.68255833,91.90111389,20624,Meghalaya,2024-06-23,482.7799903731793,22.554999602027237,33.5999992499128,294.63499509729445,"{""type"":""Point"",""coordinates"":[91.90111389,25.68255833]}"
00000000000000000210,Ri-Bhoi,25.67546111,91.89726944,20619,Meghalaya,2024-06-23,562.4649872556329,16.25999970175326,23.43999949283898,332.04999221488833,"{""type"":""Point"",""coordinates"":[91.89726944,25.67546111]}"
000000000000000000ed,Aizawl,23.74916667,92.7375030517578,23099,Mizoram,2024-06-23,328.10999194160104,91.07999759260565,197.76499624643475,264.2749941851944,"{""type"":""Point"",""coordinates"":[92.7375030517578,23.749166670000005]}"
0000000000000000003e,East Khasi Hills,25.65057222,91.89351389,20603,Meghalaya,2024-06-25,594.1149862036109,42.029998913407326,58.289998615160584,241.544993407093,"{""type"":""Point"",""coordinates"":[91.89351389,25.65057222]}"
00000000000000000049,East Khasi Hills,25.64887222,91.89692778,20604,Meghalaya,2024-06-25,594.1149862036109,42.029998913407326,58.289998615160584,241.544993407093,"{""type"":""Point"",""coordinates"":[91.89692778,25.64887222]}"
0000000000000000004a,East Khasi Hills,25.641242,91.894137,20602,Meghalaya,2024-06-25,594.1149862036109,42.029998913407326,58.289998615160584,241.544993407093,"{""type"":""Point"",""coordinates"":[91.894137,25.641242]}"
0000000000000000004b,West Khasi Hills,25.531739,91.296177,20597,Meghalaya,2024-06-25,707.0499828141183,9.014999719336629,17.13999949581921,302.72499262727797,"{""type"":""Point"",""coordinates"":[91.296177,25.531738999999998]}"
00000000000000000055,West Khasi Hills,25.62269444,91.16914444,20630,Meghalaya,2024-06-25,689.5999844847247,13.2249995181337,25.73499917332083,283.5599928945303,"{""type"":""Point"",""coordinates"":[91.16914444,25.622694439999997]}"
00000000000000000056,West Khasi Hills,25.66156667,91.13485278,20632,Meghalaya,2024-06-25,689.5999844847247,13.2249995181337,25.73499917332083,283.5599928945303,"{""type"":""Point"",""coordinates"":[91.13485278,25.661566670000003]}"
000000000000000000ba,West Khasi Hills,25.540056228637695,91.314142,20598,Meghalaya,2024-06-25,699.8599856784567,10.024999797344208,17.99999963492155,287.7699931040406,"{""type"":""Point"",""coordinates"":[91.31414200000002,25.540056228637695]}"
000000000000000000bc,West Khasi Hills,25.61276111,91.17375278,20631,Meghalaya,2024-06-25,689.5999844847247,13.2249995181337,25.73499917332083,283.5599928945303,"{""type"":""Point"",""coordinates"":[91.17375278,25.612761110000005]}"
000000000000000000f1,Aizawl,23.74722222,92.71805556,23119,Mizoram,2024-06-25,332.9499919814989,14.659999762661755,105.7399973552674,275.29499408137053,"{""type"":""Point"",""coordinates"":[92.71805556,23.74722222]}"
000000000000000000f3,Aizawl,23.70249938964844,92.72138889,23138,Mizoram,2024-06-25,332.9499919814989,14.659999762661755,105.7399973552674,275.29499408137053,"{""type"":""Point"",""coordinates"":[92.72138889,23.70249938964844]}"
000000000000000000f4,Aizawl,23.69805556,92.72277778,23139,Mizoram,2024-06-25,276.5899942368269,16.29499976336956,103.48999794386327,207.03999625425786,"{""type"":""Point"",""coordinates"":[92.72277778,23.69805556]}"
000000000000000000fd,Aizawl,23.71388889,92.85722222,23435,Mizoram,2024-06-25,305.75999248120934,9.034999722614884,96.04499743320048,238.4549937080592,"{""type"":""Point"",""coordinates"":[92.85722222,23.71388889]}"
000000000000000000fe,Aizawl,23.73694444,92.81361111,23460,Mizoram,2024-06-25,305.75999248120934,9.034999722614884,96.04499743320048,238.4549937080592,"{""type"":""Point"",""coordinates"":[92.81361111,23.736944439999995]}"
000000000000000000ff,Aizawl,23.72916667,92.76583333,23470,Mizoram,2024-06-25,332.9499919814989,14.659999762661755,105.7399973552674,275.29499408137053,"{""type"":""Point"",""coordinates"":[92.76583333,23.72916667]}"
00000000000000000100,Aizawl,23.73222222,92.76555556,23473,Mizoram,2024-06-25,332.9499919814989,14.659999762661755,105.7399973552674,275.29499408137053,"{""type"":""Point"",""coordinates"":[92.76555556,23.73222222]}"
00000000000000000101,Aizawl,23.737499237060547,92.78805556,23477,Mizoram,2024-06-25,332.9499919814989,14.659999762661755,105.7399973552674,275.29499408137053,"{""type"":""Point"",""coordinates"":[92.78805556,23.73749923706055]}"
00000000000000000102,Aizawl,23.73388889,92.79388889,23480,Mizoram,2024-06-25,332.9499919814989,14.659999762661755,105.7399973552674,275.29499408137053,"{""type"":""Point"",""coordinates"":[92.79388889,23.73388889]}"
00000000000000000103,Aizawl,23.72138889,92.79944444,23482,Mizoram,2024-06-25,332.9499919814989,14.659999762661755,105.7399973552674,275.29499408137053,"{""type"":""Point"",""coordinates"":[92.79944444,23.72138889]}"
00000000000000000104,Aizawl,23.72138889,92.85777778,23483,Mizoram,2024-06-25,305.75999248120934,9.034999722614884,96.04499743320048,238.4549937080592,"{""type"":""Point"",""coordinates"":[92.85777778,23.721388889999997]}"
00000000000000000105,Aizawl,23.72083333,92.86472222,23484,Mizoram,2024-06-25,305.75999248120934,9.034999722614884,96.04499743320048,238.4549937080592,"{""type"":""Point"",""coordinates"":[92.86472222,23.72083333]}"
00000000000000000106,Aizawl,23.71166667,92.87833333,23487,Mizoram,2024-06-25,305.75999248120934,9.034999722614884,96.04499743320048,238.4549937080592,"{""type"":""Point"",""coordinates"":[92.87833333,23.71166667]}"
0000000000000000010a,Aizawl,23.73500061035156,92.85666667,23496,Mizoram,2024-06-25,305.75999248120934,9.034999722614884,96.04499743320048,238.4549937080592,"{""type"":""Point"",""coordinates"":[92.85666667,23.73500061035156]}"
0000000000000000010b,Aizawl,23.73666667,92.85611111,23497,Mizoram,2024-06-25,305.75999248120934,9.034999722614884,96.04499743320048,238.4549937080592,"{""type"":""Point"",""coordinates"":[92.85611111,23.736666669999998]}"
0000000000000000010e,Aizawl,23.76111111,92.84777778,23501,Mizoram,2024-06-25,305.75999248120934,9.034999722614884,96.04499743320048,238.4549937080592,"{""type"":""Point"",""coordinates"":[92.84777778,23.761111109999998]}"
0000000000000000010f,Aizawl,23.76166667,92.85083333,23502,Mizoram,2024-06-25,305.75999248120934,9.034999722614884,96.04499743320048,238.4549937080592,"{""type"":""Point"",""coordinates"":[92.85083333,23.76166667]}"
00000000000000000112,Aizawl,23.83277778,92.8324966430664,23519,Mizoram,2024-06-25,326.27999407891184,9.074999867007136,84.01999873667955,260.69999544415623,"{""type"":""Point"",""coordinates"":[92.83249664306642,23.83277778]}"
00000000000000000113,Aizawl,23.86222222,92.83666667,23523,Mizoram,2024-06-25,326.27999407891184,9.074999867007136,84.01999873667955,260.69999544415623,"{""type"":""Point"",""coordinates"":[92.83666667,23.86222222]}"
00000000000000000116,Aizawl,23.89138889,92.84888889,23528,Mizoram,2024-06-25,326.27999407891184,9.074999867007136,84.01999873667955,260.69999544415623,"{""type"":""Point"",""coordinates"":[92.84888889,23.891388890000005]}"
0000000000000000011c,Aizawl,24.17180556,93.54406667,23540,Mizoram,2024-06-25,150.36999711208045,5.1499998876824975,52.60999857168645,84.63999772351235,"{""type"":""Point"",""coordinates"":[93.54406667,24.17180556]}"
0000000000000000011d,Aizawl,24.18291667,93.53441944,23541,Mizoram,2024-06-25,150.36999711208045,5.1499998876824975,52.60999857168645,84.63999772351235,"{""type"":""Point"",""coordinates"":[93.53441944,24.18291667]}"
0000000000000000011e,Aizawl,24.18566111,93.53935278,23542,Mizoram,2024-06-25,150.36999711208045,5.1499998876824975,52.60999857168645,84.63999772351235,"{""type"":""Point"",""coordinates"":[93.53935278000002,24.185661109999998]}"
0000000000000000011f,Aizawl,24.24449722,93.55275833,23543,Mizoram,2024-06-25,146.87999677285552,4.939999965019524,36.75499954633415,68.70999879576266,"{""type"":""Point"",""coordinates"":[93.55275833,24.24449722]}"
00000000000000000120,Aizawl,24.24755556,93.54809722,23544,Mizoram,2024-06-25,146.87999677285552,4.939999965019524,36.75499954633415,68.70999879576266,"{""type"":""Point"",""coordinates"":[93.54809722,24.247555560000002]}"
0000000000000000012d,Aizawl,23.09758333,93.21623333,23580,Mizoram,2024-06-25,208.9699950721115,48.48999861534685,81.99999770894647,159.99999608565122,"{""type"":""Point"",""coordinates"":[93.21623333,23.097583329999992]}"
0000000000000000012f,Aizawl,23.10192489624023,93.20426111,23583,Mizoram,2024-06-25,240.00499359425157,35.109999378211796,99.89499763771892,177.0049957940355,"{""type"":""Point"",""coordinates"":[93.20426111,23.101924896240234]}"
00000000000000000131,Aizawl,23.09759444,93.21089444,23587,Mizoram,2024-06-25,208.9699950721115,48.48999861534685,81.99999770894647,159.99999608565122,"{""type"":""Point"",""coordinates"":[93.21089444,23.09759444]}"
00000000000000000132,Aizawl,23.10100556,93.19393611,23590,Mizoram,2024-06-25,250.769993705675,39.18499871715903,90.43499851506203,153.3599966550246,"{""type"":""Point"",""coordinates"":[93.19393611,23.10100556]}"
00000000000000000133,Aizawl,23.10074722,93.18785278,23591,Mizoram,2024-06-25,250.769993705675,39.18499871715903,90.43499851506203,153.3599966550246,"{""type"":""Point"",""coordinates"":[93.18785278,23.100747220000002]}"
00000000000000000134,Aizawl,23.09954722,93.18600278,23592,Mizoram,2024-06-25,228.77999528031796,26.44999938737601,99.13499788567424,149.3049963284284,"{""type"":""Point"",""coordinates"":[93.18600278,23.09954722]}"
00000000000000000135,Aizawl,23.09830093383789,93.17597222,23595,Mizoram,2024-06-25,228.77999528031796,26.44999938737601,99.13499788567424,149.3049963284284,"{""type"":""Point"",""coordinates"":[93.17597222,23.09830093383789]}"
00000000000000000139,Aizawl,23.27598056,93.14351667,23601,Mizoram,2024-06-25,277.0799934277311,36.404998931102455,70.10499802138656,138.29499598313123,"{""type"":""Point"",""coordinates"":[93.14351667,23.27598056]}"
0000000000000000013a,Aizawl,23.28107452392578,93.144075,23603,Mizoram,2024-06-25,277.0799934277311,36.404998931102455,70.10499802138656,138.29499598313123,"{""type"":""Point"",""coordinates"":[93.144075,23.281074523925785]}"
0000000000000000013c,Aizawl,23.33529167,93.11214167,23605,Mizoram,2024-06-25,248.99499502498657,11.394999660551548,51.67499894276261,104.18499765265733,"{""type"":""Point"",""coordinates"":[93.11214167,23.335291670000004]}"
00000000000000000142,Aizawl,23.20960722,93.13104722,23682,Mizoram,2024-06-25,277.0799934277311,36.404998931102455,70.10499802138656,138.29499598313123,"{""type"":""Point"",""coordinates"":[93.13104722,23.209607219999995]}"
00000000000000000143,Aizawl,23.21068583,93.1212325,23683,Mizoram,2024-06-25,277.0799934277311,36.404998931102455,70.10499802138656,138.29499598313123,"{""type"":""Point"",""coordinates"":[93.1212325,23.21068583]}"
000000000000000001d5,Aizawl,23.60972222,92.79972222,23196,Mizoram,2024-06-25,276.5899942368269,16.29499976336956,103.48999794386327,207.03999625425786,"{""type"":""Point"",""coordinates"":[92.79972222,23.60972222]}"
000000000000000001d6,Aizawl,23.76527778,92.8499984741211,23503,Mizoram,2024-06-25,305.75999248120934,9.034999722614884,96.04499743320048,238.4549937080592,"{""type"":""Point"",""coordinates"":[92.8499984741211,23.76527778]}"
000000000000000001d7,Aizawl,23.76861111,92.85138889,23504,Mizoram,2024-06-25,305.75999248120934,9.034999722614884,96.04499743320048,238.4549937080592,"{""type"":""Point"",""coordinates"":[92.85138889,23.76861111]}"
000000000000000001d8,Aizawl,23.83888889,92.83194444,23520,Mizoram,2024-06-25,326.27999407891184,9.074999867007136,84.01999873667955,260.69999544415623,"{""type"":""Point"",""coordinates"":[92.83194444,23.838888889999996]}"
000000000000000001da,Aizawl,23.87694444,92.83999633789062,23524,Mizoram,2024-06-25,326.27999407891184,9.074999867007136,84.01999873667955,260.69999544415623,"{""type"":""Point"",""coordinates"":[92.83999633789062,23.876944440000003]}"
000000000000000001de,Aizawl,23.76972222,92.76000213623048,23532,Mizoram,2024-06-25,332.9499919814989,14.659999762661755,105.7399973552674,275.29499408137053,"{""type"":""Point"",""coordinates"":[92.76000213623048,23.769722219999995]}"
00000000000000000228,Aizawl,23.70277778,92.72083333,23137,Mizoram,2024-06-25,332.9499919814989,14.659999762661755,105.7399973552674,275.29499408137053,"{""type"":""Point"",""coordinates"":[92.72083333,23.702777779999998]}"
00000000000000000229,Aizawl,23.73794444,92.78613889,23476,Mizoram,2024-06-25,332.9499919814989,14.659999762661755,105.7399973552674,275.29499408137053,"{""type"":""Point"",""coordinates"":[92.78613889,23.73794444]}"
0000000000000000022b,Aizawl,24.32773611,93.57937222,23553,Mizoram,2024-06-25,198.6499955393374,32.624999376013875,74.22499881312251,107.94499786570668,"{""type"":""Point"",""coordinates"":[93.57937222,24.327736109999996]}"
0000000000000000022c,Aizawl,23.27663889,93.1437530517578,23602,Mizoram,2024-06-25,277.0799934277311,36.404998931102455,70.10499802138656,138.29499598313123,"{""type"":""Point"",""coordinates"":[93.1437530517578,23.276638889999997]}"
00000000000000000152,Kolasib,24.60372222,93.37223056,23569,Mizoram,2024-06-25,218.94999502692372,40.21499938517809,90.11999785061926,117.30999697744846,"{""type"":""Point"",""coordinates"":[93.37223056,24.603722220000005]}"
00000000000000000153,Kolasib,24.66895556,93.33700556,23570,Mizoram,2024-06-25,218.94999502692372,40.21499938517809,90.11999785061926,117.30999697744846,"{""type"":""Point"",""coordinates"":[93.33700556,24.66895556]}"
00000000000000000155,Kolasib,24.72074444,93.30899167,23574,Mizoram,2024-06-25,211.94499554671347,54.84999911207706,68.33999890182167,103.13999798987061,"{""type"":""Point"",""coordinates"":[93.30899167,24.720744440000004]}"
0000000000000000015e,Kolasib,24.02782222,93.28944444,23643,Mizoram,2024-06-25,220.8649944588542,18.88499933667481,65.2049980731681,155.13999620173126,"{""type"":""Point"",""coordinates"":[93.28944444,24.02782222]}"
0000000000000000015f,Kolasib,24.04014167,93.29149627685548,23644,Mizoram,2024-06-25,220.8649944588542,18.88499933667481,65.2049980731681,155.13999620173126,"{""type"":""Point"",""coordinates"":[93.2914962768555,24.04014167]}"
00000000000000000160,Kolasib,24.03980278,93.29373889,23645,Mizoram,2024-06-25,220.8649944588542,18.88499933667481,65.2049980731681,155.13999620173126,"{""type"":""Point"",""coordinates"":[93.29373889,24.03980278]}"
00000000000000000161,Kolasib,24.05823611,93.28901944,23646,Mizoram,2024-06-25,220.8649944588542,18.88499933667481,65.2049980731681,155.13999620173126,"{""type"":""Point"",""coordinates"":[93.28901944,24.058236109999996]}"
00000000000000000162,Kolasib,24.04014167,93.29149627685548,23663,Mizoram,2024-06-25,220.8649944588542,18.88499933667481,65.2049980731681,155.13999620173126,"{""type"":""Point"",""coordinates"":[93.2914962768555,24.04014167]}"
00000000000000000163,Kolasib,24.57151389,93.141725,23667,Mizoram,2024-06-25,277.08999391645193,49.824999233707786,131.97499716840684,184.14999604597688,"{""type"":""Point"",""coordinates"":[93.141725,24.57151389]}"
00000000000000000164,Kolasib,24.56917222,93.14073611,23668,Mizoram,2024-06-25,277.08999391645193,49.824999233707786,131.97499716840684,184.14999604597688,"{""type"":""Point"",""coordinates"":[93.14073611,24.56917222]}"
000000000000000001ea,Kolasib,23.50882222,93.09170278,23608,Mizoram,2024-06-25,255.1049940995872,18.98999958857894,46.11499899625778,112.14999801665545,"{""type"":""Point"",""coordinates"":[93.09170278,23.508822219999995]}"
000000000000000001f3,Kolasib,24.12428889,93.318525,23648,Mizoram,2024-06-25,222.61499432753772,17.80999967828393,67.08999837562442,172.01499589160085,"{""type"":""Point"",""coordinates"":[93.318525,24.124288889999995]}"
00000000000000000140,Aizawl,23.24231111,93.17726667,23679,Mizoram,2024-07-10,253.6499943183735,19.639999717473984,70.2399983368814,77.5249981964007,"{""type"":""Point"",""coordinates"":[93.17726667,23.242311109999996]}"
00000000000000000167,Kolasib,23.504575,93.23805236816406,23685,Mizoram,2024-07-10,253.58499436825514,17.364999756217003,36.45999914780259,42.04499901086092,"{""type"":""Point"",""coordinates"":[93.23805236816406,23.504575000000003]}"
00000000000000000169,Kolasib,24.65409167,93.204625,23699,Mizoram,2024-07-10,348.5149905430153,11.669999800622463,42.08999888878316,72.78999820910394,"{""type"":""Point"",""coordinates"":[93.20462500000001,24.654091669999996]}"
0000000000000000016a,Kolasib,24.65018056,93.20256667,23700,Mizoram,2024-07-10,348.5149905430153,11.669999800622463,42.08999888878316,72.78999820910394,"{""type"":""Point"",""coordinates"":[93.20256667,24.650180560000003]}"
000000000000000001f7,Kolasib,24.627300262451172,93.20404444,23701,Mizoram,2024-07-10,348.5149905430153,11.669999800622463,42.08999888878316,72.78999820910394,"{""type"":""Point"",""coordinates"":[93.20404444,24.627300262451172]}"
00000000000000000235,Kolasib,23.49216111,93.23695373535156,23684,Mizoram,2024-07-10,225.85999575071037,13.369999758899212,53.76999839767814,62.804998096078634,"{""type"":""Point"",""coordinates"":[93.23695373535156,23.49216111]}"
00000000000000000121,Aizawl,24.28840278,93.58591389,23545,Mizoram,2024-08-06,263.27499425038695,63.27999882772565,93.43999783322215,196.3699955549091,"{""type"":""Point"",""coordinates"":[93.58591389,24.288402780000002]}"
00000000000000000122,Aizawl,24.29982222,93.59040833,23546,Mizoram,2024-08-06,263.27499425038695,63.27999882772565,93.43999783322215,196.3699955549091,"{""type"":""Point"",""coordinates"":[93.59040833,24.299822219999996]}"
00000000000000000123,Aizawl,24.30768611,93.58120556,23547,Mizoram,2024-08-06,262.549993051216,63.54499862063676,98.17999738827348,201.62499456387013,"{""type"":""Point"",""coordinates"":[93.58120556000001,24.307686109999995]}"
00000000000000000124,Aizawl,24.33915833,93.66233611,23549,Mizoram,2024-08-06,272.74499421939254,69.66999886650592,97.08999847993255,221.1299954680726,"{""type"":""Point"",""coordinates"":[93.66233611,24.33915833]}"
00000000000000000125,Aizawl,24.33331944,93.65702778,23550,Mizoram,2024-08-06,272.74499421939254,69.66999886650592,97.08999847993255,221.1299954680726,"{""type"":""Point"",""coordinates"":[93.65702778,24.33331944]}"
00000000000000000127,Aizawl,24.330900192260746,93.66054444,23552,Mizoram,2024-08-06,272.74499421939254,69.66999886650592,97.08999847993255,221.1299954680726,"{""type"":""Point"",""coordinates"":[93.66054444,24.330900192260746]}"
00000000000000000128,Aizawl,24.39255556,93.65468611,23554,Mizoram,2024-08-06,272.74499421939254,69.66999886650592,97.08999847993255,221.1299954680726,"{""type"":""Point"",""coordinates"":[93.65468611000001,24.39255556]}"
00000000000000000129,Aizawl,24.48458889,93.58781944,23558,Mizoram,2024-08-06,259.54499404039234,57.23999867308885,97.33499769400805,197.29499538708478,"{""type"":""Point"",""coordinates"":[93.58781944000002,24.48458889]}"
0000000000000000012a,Aizawl,24.51785556,93.55086944,23560,Mizoram,2024-08-06,242.95499513112009,38.94499891065061,84.89999805111438,169.58499619923532,"{""type"":""Point"",""coordinates"":[93.55086944,24.517855560000005]}"
000000000000000001e1,Aizawl,24.30711944,93.59375833,23548,Mizoram,2024-08-06,262.549993051216,63.54499862063676,98.17999738827348,201.62499456387013,"{""type"":""Point"",""coordinates"":[93.59375833000001,24.30711944]}"
000000000000000001e2,Aizawl,24.49112222,93.62215556,23556,Mizoram,2024-08-06,270.9699939675629,54.29999908618629,99.12499815784395,209.36499501764774,"{""type"":""Point"",""coordinates"":[93.62215556,24.491122219999998]}"
00000000000000000159,Kolasib,23.41421944,93.10569167,23606,Mizoram,2024-08-06,291.0499941408634,35.154998952522874,41.864998722448945,269.4199945125729,"{""type"":""Point"",""coordinates"":[93.10569167,23.414219439999997]}"
000000000000000001e8,Kolasib,24.76606111,93.30076667,23572,Mizoram,2024-08-06,307.9549923585728,44.389999167993665,109.09499741531909,145.71499653719366,"{""type"":""Point"",""coordinates"":[93.30076667,24.76606111]}"
00000000000000000151,Kolasib,24.54263333,93.39741944,23566,Mizoram,2024-08-11,350.61999202053994,11.174999743700027,24.73499945551157,159.99499717354774,"{""type"":""Point"",""coordinates"":[93.39741944,24.54263333]}"
00000000000000000154,Kolasib,24.73838889,93.30909722,23573,Mizoram,2024-08-11,313.8799924980849,4.814999796450138,17.764999583363533,134.39999684132636,"{""type"":""Point"",""coordinates"":[93.30909722,24.73838889]}"
00000000000000000156,Kolasib,24.716224670410156,93.32551389,23575,Mizoram,2024-08-11,313.8799924980849,4.814999796450138,17.764999583363533,134.39999684132636,"{""type"":""Point"",""coordinates"":[93.32551389,24.716224670410153]}"
00000000000000000158,Kolasib,24.60853333,93.41668333,23578,Mizoram,2024-08-11,333.284991690889,14.274999670684338,22.344999393448234,153.40499559789896,"{""type"":""Point"",""coordinates"":[93.41668333,24.60853333]}"
0000000000000000015a,Kolasib,23.56785011291504,93.10472222,23613,Mizoram,2024-09-05,168.1149960476905,15.974999696016312,33.49499940127134,62.49999848753214,"{""type"":""Point"",""coordinates"":[93.10472222,23.567850112915043]}"
0000000000000000015b,Kolasib,23.56233889,93.11890833,23615,Mizoram,2024-09-05,168.1149960476905,15.974999696016312,33.49499940127134,62.49999848753214,"{""type"":""Point"",""coordinates"":[93.11890833,23.56233889]}"
0000000000000000015c,Kolasib,23.56145278,93.10908889,23619,Mizoram,2024-09-05,168.1149960476905,15.974999696016312,33.49499940127134,62.49999848753214,"{""type"":""Point"",""coordinates"":[93.10908889000001,23.561452779999996]}"
000000000000000001eb,Kolasib,23.54130278,93.10256944,23609,Mizoram,2024-09-05,168.1149960476905,15.974999696016312,33.49499940127134,62.49999848753214,"{""type"":""Point"",""coordinates"":[93.10256944,23.541302780000002]}"
000000000000000001ec,Kolasib,23.54600556,93.09247222,23610,Mizoram,2024-09-05,162.22999695688486,23.949999747797847,38.55999940447509,64.98999887891114,"{""type"":""Point"",""coordinates"":[93.09247222000002,23.54600556]}"
000000000000000001ed,Kolasib,23.54286944,93.08539722,23611,Mizoram,2024-09-05,162.22999695688486,23.949999747797847,38.55999940447509,64.98999887891114,"{""type"":""Point"",""coordinates"":[93.08539722,23.542869439999997]}"
000000000000000001ef,Kolasib,23.56413333,93.11378889,23614,Mizoram,2024-09-05,168.1149960476905,15.974999696016312,33.49499940127134,62.49999848753214,"{""type"":""Point"",""coordinates"":[93.11378889,23.56413333]}"
000000000000000001f0,Kolasib,23.56238611,93.12376667,23617,Mizoram,2024-09-05,168.1149960476905,15.974999696016312,33.49499940127134,62.49999848753214,"{""type"":""Point"",""coordinates"":[93.12376667,23.562386110000002]}"
000000000000000001f1,Kolasib,23.56404167,93.10752222,23618,Mizoram,2024-09-05,168.1149960476905,15.974999696016312,33.49499940127134,62.49999848753214,"{""type"":""Point"",""coordinates"":[93.10752222,23.56404167]}"
000000000000000001f2,Kolasib,23.55881111,93.10900556,23620,Mizoram,2024-09-05,168.1149960476905,15.974999696016312,33.49499940127134,62.49999848753214,"{""type"":""Point"",""coordinates"":[93.10900556,23.558811110000004]}"
000000000000000000fa,Aizawl,23.51944444,92.70055556,23295,Mizoram,2024-09-18,144.71999574732035,1.06499994546175,8.654999704100192,31.319998966529965,"{""type"":""Point"",""coordinates"":[92.70055556,23.51944444]}"
0000000000000000010c,Aizawl,23.74416667,92.85555556,23499,Mizoram,2024-09-18,121.5949978120625,2.3149999426677823,8.889999841339886,24.519999569281936,"{""type"":""Point"",""coordinates"":[92.85555556,23.744166670000002]}"
0000000000000000010d,Aizawl,23.74361111,92.85416667,23500,Mizoram,2024-09-18,121.5949978120625,2.3149999426677823,8.889999841339886,24.519999569281936,"{""type"":""Point"",""coordinates"":[92.85416667,23.74361111]}"
00000000000000000114,Aizawl,23.87777778,92.84083333,23525,Mizoram,2024-09-18,116.2449966557324,3.4499999517574906,8.33499984163791,30.859999167732894,"{""type"":""Point"",""coordinates"":[92.84083333000001,23.87777778]}"
000000000000000001d9,Aizawl,23.85194444,92.83305556,23522,Mizoram,2024-09-18,116.2449966557324,3.4499999517574906,8.33499984163791,30.859999167732894,"{""type"":""Point"",""coordinates"":[92.83305556,23.851944439999997]}"
000000000000000001dd,Aizawl,23.88527778,92.85749816894533,23531,Mizoram,2024-09-18,116.2449966557324,3.4499999517574906,8.33499984163791,30.859999167732894,"{""type"":""Point"",""coordinates"":[92.85749816894533,23.885277780000003]}"
00000000000000000115,Aizawl,23.89277778,92.85083333,23527,Mizoram,2024-09-21,89.02999788150191,26.3149994276464,28.724999425001442,42.96499910578132,"{""type"":""Point"",""coordinates"":[92.85083333,23.89277778]}"
00000000000000000117,Aizawl,24.03503889,93.54139444,23533,Mizoram,2024-09-21,61.0199982477352,14.759999566711485,14.759999566711485,36.46499907039106,"{""type"":""Point"",""coordinates"":[93.54139444,24.03503889]}"
0000000000000000011a,Aizawl,24.10864167,93.54198333,23537,Mizoram,2024-09-21,77.9899979121983,25.469999003224075,25.4849990028888,52.35499835759401,"{""type"":""Point"",""coordinates"":[93.54198333,24.108641669999997]}"
0000000000000000011b,Aizawl,24.12682222,93.54013889,23538,Mizoram,2024-09-21,77.9899979121983,25.469999003224075,25.4849990028888,52.35499835759401,"{""type"":""Point"",""coordinates"":[93.54013889,24.12682222]}"
00000000000000000126,Aizawl,24.33300556,93.65357222,23551,Mizoram,2024-09-21,103.28999792970717,28.044999765232205,34.37499959208071,51.0699991742149,"{""type"":""Point"",""coordinates"":[93.65357222,24.33300556]}"
0000000000000000012b,Aizawl,24.52308611,93.57206944,23562,Mizoram,2024-09-21,74.55999796185642,32.08499903511256,33.599999024532735,44.4799986705184,"{""type"":""Point"",""coordinates"":[93.57206944,24.52308611]}"
0000000000000000012c,Aizawl,24.48338333,93.58848056,23563,Mizoram,2024-09-21,81.57999792136252,19.75999957602471,21.42999955546111,32.34499936923385,"{""type"":""Point"",""coordinates"":[93.58848056,24.483383329999995]}"
00000000000000000130,Aizawl,23.10184722,93.20138889,23584,Mizoram,2024-09-21,155.3399960640818,7.5249998876824975,10.294999771751463,46.079998972825706,"{""type"":""Point"",""coordinates"":[93.20138889,23.10184722]}"
00000000000000000138,Aizawl,23.25951944,93.15917222,23600,Mizoram,2024-09-21,170.9849955579266,18.509999418631196,18.879999423399568,86.08999760076404,"{""type"":""Point"",""coordinates"":[93.15917222,23.259519440000002]}"
0000000000000000013b,Aizawl,23.32829167,93.12184167,23604,Mizoram,2024-09-21,132.19499612413347,23.754999309778214,23.754999309778214,81.68999760039151,"{""type"":""Point"",""coordinates"":[93.12184167,23.32829167]}"
0000000000000000013e,Aizawl,23.35406111,93.04156111,23624,Mizoram,2024-09-21,131.89499692525715,16.234999527223408,16.234999527223408,66.78499844204634,"{""type"":""Point"",""coordinates"":[93.04156111,23.354061110000004]}"
0000000000000000013f,Aizawl,23.35958611,93.04477222,23625,Mizoram,2024-09-21,131.89499692525715,16.234999527223408,16.234999527223408,66.78499844204634,"{""type"":""Point"",""coordinates"":[93.04477222,23.359586110000002]}"
000000000000000001db,Aizawl,23.89305556,92.84722222,23529,Mizoram,2024-09-21,89.02999788150191,26.3149994276464,28.724999425001442,42.96499910578132,"{""type"":""Point"",""coordinates"":[92.84722222,23.893055560000004]}"
000000000000000001e3,Aizawl,24.49282455444336,93.58643611,23559,Mizoram,2024-09-21,81.57999792136252,19.75999957602471,21.42999955546111,32.34499936923385,"{""type"":""Point"",""coordinates"":[93.58643611,24.49282455444336]}"
0000000000000000022a,Aizawl,23.88583333,92.85055556,23526,Mizoram,2024-09-21,89.02999788150191,26.3149994276464,28.724999425001442,42.96499910578132,"{""type"":""Point"",""coordinates"":[92.85055556,23.88583333]}"
00000000000000000150,Kolasib,24.48857222,93.36792222,23565,Mizoram,2024-09-21,89.07999790180475,21.83999929204583,23.17999927327037,52.09499865677208,"{""type"":""Point"",""coordinates"":[93.36792222,24.48857222]}"
00000000000000000157,Kolasib,24.70553333,93.33064167,23576,Mizoram,2024-09-21,75.98999790754169,39.10499871149659,39.10499871149659,51.94499848410487,"{""type"":""Point"",""coordinates"":[93.33064167,24.70553333]}"
00000000000000000165,Kolasib,24.08927222,93.12408611,23671,Mizoram,2024-09-21,121.29499757569283,28.319999849423766,28.519999847747386,45.834999394603074,"{""type"":""Point"",""coordinates"":[93.12408611000001,24.08927222]}"
00000000000000000166,Kolasib,24.10641389,93.12339944,23672,Mizoram,2024-09-21,105.97499765083194,11.424999622628093,11.564999615773559,29.309999332763255,"{""type"":""Point"",""coordinates"":[93.12339944,24.10641389]}"
000000000000000001f4,Kolasib,24.15817222,93.02488611,23687,Mizoram,2024-09-21,89.61499849893153,9.144999757409096,9.24999975413084,25.214999389834702,"{""type"":""Point"",""coordinates"":[93.02488611,24.158172220000004]}"
000000000000000001f5,Kolasib,24.23419444,93.02469167,23688,Mizoram,2024-09-21,106.51499712374061,12.129999581724405,12.129999581724405,31.14499898441136,"{""type"":""Point"",""coordinates"":[93.02469167,24.234194440000003]}"
000000000000000001f6,Kolasib,24.32836667,93.00923056,23689,Mizoram,2024-09-21,97.44999768678099,9.094999695196748,9.094999695196748,35.6149990465492,"{""type"":""Point"",""coordinates"":[93.00923056,24.32836667]}"
00000000000000000118,Aizawl,24.04531667,93.49220278,23535,Mizoram,2024-09-30,118.92499766498804,0.4999999813735485,13.994999656453729,93.87999793794006,"{""type"":""Point"",""coordinates"":[93.49220278,24.04531667]}"
00000000000000000119,Aizawl,24.090024948120117,93.54191667,23536,Mizoram,2024-09-30,118.44999824650586,0.5999999903142452,1.6949999667704105,91.19499881193042,"{""type"":""Point"",""coordinates"":[93.54191667,24.090024948120114]}"
000000000000000001df,Aizawl,24.05808333,93.49808333,23534,Mizoram,2024-09-30,118.92499766498804,0.4999999813735485,13.994999656453729,93.87999793794006,"{""type"":""Point"",""coordinates"":[93.49808333,24.058083330000002]}"
000000000000000001e0,Aizawl,24.12715278,93.53351389,23539,Mizoram,2024-09-30,132.55499670282006,0.07999999728053808,2.4749999633058906,92.84499801136553,"{""type"":""Point"",""coordinates"":[93.53351389,24.127152780000003]}"
00000000000000000057,Eastern-West Khasi Hill,25.69150833,91.64160833,20633,Meghalaya,2025-05-22,351.4349926225841,28.01499968767166,116.05499890074134,222.7749959435314,"{""type"":""Point"",""coordinates"":[91.64160833,25.69150833]}"
000000000000000000e4,Aizawl,24.354658126831055,92.925511,23955,Mizoram,2025-05-22,167.664996127598,17.12499972898513,39.29999932926148,87.72499805595726,"{""type"":""Point"",""coordinates"":[92.925511,24.35465812683106]}"
0000000000000000022e,Aizawl,23.6868033,92.7251987,23714,Mizoram,2025-05-22,53.90999899338931,10.629999626427889,42.60999916680157,43.62999914214015,"{""type"":""Point"",""coordinates"":[92.7251987,23.686803300000008]}"
00000000000000000172,Lunglei,23.1414737701416,92.750577,24072,Mizoram,2025-05-22,71.82999855279922,16.44499954674393,54.47999890334904,57.794998900964856,"{""type"":""Point"",""coordinates"":[92.750577,23.1414737701416]}"
00000000000000000178,Serchhip,23.19340133666992,92.900218,23804,Mizoram,2025-05-22,76.98999851383269,10.514999725855887,44.344998793676496,44.769998787902296,"{""type"":""Point"",""coordinates"":[92.900218,23.19340133666992]}"
000000000000000001fc,Serchhip,23.298137,92.857412,23842,Mizoram,2025-05-22,73.46499864012003,10.429999902844429,43.16499924659729,44.26999920979142,"{""type"":""Point"",""coordinates"":[92.857412,23.298137]}"
00000000000000000044,East Khasi Hills,25.30127778,91.92198889,20618,Meghalaya,2025-05-23,402.109990214929,4.499999857507646,100.73999795969576,236.59999406524003,"{""type"":""Point"",""coordinates"":[91.92198889,25.30127778]}"
0000000000000000009e,East Khasi Hills,25.465167,91.824944,20499,Meghalaya,2025-05-23,404.17499010730535,11.849999513477087,125.679997112602,280.11999406758696,"{""type"":""Point"",""coordinates"":[91.824944,25.465166999999997]}"
0000000000000000009f,East Khasi Hills,25.43480556,91.85952778,20501,Meghalaya,2025-05-23,404.17499010730535,11.849999513477087,125.679997112602,280.11999406758696,"{""type"":""Point"",""coordinates"":[91.85952778,25.43480556]}"
000000000000000000a0,East Khasi Hills,25.48716667,91.81936111,20502,Meghalaya,2025-05-23,404.17499010730535,11.849999513477087,125.679997112602,280.11999406758696,"{""type"":""Point"",""coordinates"":[91.81936111,25.48716667]}"
000000000000000000a1,East Khasi Hills,25.45689582824707,91.826145,20503,Meghalaya,2025-05-23,404.17499010730535,11.849999513477087,125.679997112602,280.11999406758696,"{""type"":""Point"",""coordinates"":[91.826145,25.456895828247074]}"
00000000000000000216,East Khasi Hills,25.422278,91.867694,20500,Meghalaya,2025-05-23,404.17499010730535,11.849999513477087,125.679997112602,280.11999406758696,"{""type"":""Point"",""coordinates"":[91.867694,25.422278000000002]}"
0000000000000000003f,Eastern-West Khasi Hill,25.65443889,91.62390833,20609,Meghalaya,2025-05-23,354.64499254338443,6.354999864473939,107.37499904446304,217.01999596506357,"{""type"":""Point"",""coordinates"":[91.62390833,25.654438889999998]}"
00000000000000000040,Eastern-West Khasi Hill,25.65443889,91.63345833,20610,Meghalaya,2025-05-23,354.64499254338443,6.354999864473939,107.37499904446304,217.01999596506357,"{""type"":""Point"",""coordinates"":[91.63345833,25.654438889999998]}"
00000000000000000041,Eastern-West Khasi Hill,25.65977222,91.63440556,20611,Meghalaya,2025-05-23,354.64499254338443,6.354999864473939,107.37499904446304,217.01999596506357,"{""type"":""Point"",""coordinates"":[91.63440556,25.65977222]}"
000000000000000000a4,Eastern-West Khasi Hill,25.69517778,91.64123611,20634,Meghalaya,2025-05-23,354.64499254338443,6.354999864473939,107.37499904446304,217.01999596506357,"{""type"":""Point"",""coordinates"":[91.64123611,25.69517778]}"
000000000000000000a8,Eastern-West Khasi Hill,25.69523333,91.64426944,20639,Meghalaya,2025-05-23,354.64499254338443,6.354999864473939,107.37499904446304,217.01999596506357,"{""type"":""Point"",""coordinates"":[91.64426944,25.69523333]}"
000000000000000000a9,Eastern-West Khasi Hill,25.69463611,91.64577778,20640,Meghalaya,2025-05-23,354.64499254338443,6.354999864473939,107.37499904446304,217.01999596506357,"{""type"":""Point"",""coordinates"":[91.64577778,25.69463611]}"
00000000000000000043,Ri-Bhoi,25.67032222,91.90487222,20615,Meghalaya,2025-05-23,266.71499343030155,12.959999829530716,111.1249976977706,205.5049955258146,"{""type"":""Point"",""coordinates"":[91.90487222000002,25.67032222]}"
00000000000000000052,Ri-Bhoi,25.71165556,91.89512778,20626,Meghalaya,2025-05-23,292.21999432425946,21.344999799504876,140.5399966267869,249.4899951023981,"{""type"":""Point"",""coordinates"":[91.89512778,25.71165556]}"
00000000000000000053,Ri-Bhoi,25.75297778,91.88535278,20627,Meghalaya,2025-05-23,292.21999432425946,21.344999799504876,140.5399966267869,249.4899951023981,"{""type"":""Point"",""coordinates"":[91.88535278,25.75297778]}"
000000000000000000ae,Ri-Bhoi,25.663150787353516,91.90180278,20614,Meghalaya,2025-05-23,266.71499343030155,12.959999829530716,111.1249976977706,205.5049955258146,"{""type"":""Point"",""coordinates"":[91.90180278,25.663150787353516]}"
000000000000000000b0,Ri-Bhoi,25.67761389,91.89865833,20620,Meghalaya,2025-05-23,295.2599922083318,9.589999785646796,124.18499674182385,225.80499351397157,"{""type"":""Point"",""coordinates"":[91.89865833000002,25.677613890000003]}"
000000000000000000a3,South West Khasi Hills,25.28247222,91.36413333,20622,Meghalaya,2025-05-23,503.93998839892447,9.799999787472188,100.36999665293843,290.1249924637377,"{""type"":""Point"",""coordinates"":[91.36413333,25.28247222]}"
000000000000000000b3,South West Khasi Hills,25.619397,91.6170425415039,20608,Meghalaya,2025-05-23,354.64499254338443,6.354999864473939,107.37499904446304,217.01999596506357,"{""type"":""Point"",""coordinates"":[91.6170425415039,25.619397]}"
000000000000000000b4,South West Khasi Hills,25.28090556,91.36584722,20623,Meghalaya,2025-05-23,503.93998839892447,9.799999787472188,100.36999665293843,290.1249924637377,"{""type"":""Point"",""coordinates"":[91.36584722,25.280905559999997]}"
00000000000000000144,Aizawl,23.758901,92.730863,23722,Mizoram,2025-05-23,61.649998450651765,15.509999513626099,38.56499925069511,48.63999901153147,"{""type"":""Point"",""coordinates"":[92.730863,23.758901000000005]}"
00000000000000000146,Aizawl,23.730243,92.75602722167967,23720,Mizoram,2025-05-23,61.649998450651765,15.509999513626099,38.56499925069511,48.63999901153147,"{""type"":""Point"",""coordinates"":[92.75602722167967,23.730243]}"
00000000000000000147,Aizawl,23.336229,92.787113,23734,Mizoram,2025-05-23,73.61999859288335,4.19499993417412,49.124999010935426,54.614998968318105,"{""type"":""Point"",""coordinates"":[92.787113,23.336229000000003]}"
00000000000000000170,Lunglei,23.105649948120117,92.745979,24105,Mizoram,2025-05-23,74.34499847516418,5.934999827295542,56.96499882731587,57.924998823553324,"{""type"":""Point"",""coordinates"":[92.745979,23.105649948120117]}"
00000000000000000173,Lunglei,23.1398868560791,92.751646,24074,Mizoram,2025-05-23,74.34499847516418,5.934999827295542,56.96499882731587,57.924998823553324,"{""type"":""Point"",""coordinates"":[92.75164600000001,23.1398868560791]}"
00000000000000000174,Lunglei,23.183856,92.735346,23750,Mizoram,2025-05-23,74.34499847516418,5.934999827295542,56.96499882731587,57.924998823553324,"{""type"":""Point"",""coordinates"":[92.73534600000002,23.183856]}"
000000000000000001fb,Lunglei,23.181806,92.736868,23752,Mizoram,2025-05-23,74.34499847516418,5.934999827295542,56.96499882731587,57.924998823553324,"{""type"":""Point"",""coordinates"":[92.736868,23.181806000000005]}"
00000000000000000177,Serchhip,23.293453216552734,92.858089,23843,Mizoram,2025-05-23,83.51499835588038,12.079999627545476,52.9549989644438,54.18999892659485,"{""type"":""Point"",""coordinates"":[92.858089,23.293453216552734]}"
00000000000000000179,Siaha,22.44437599182129,92.947323,23770,Mizoram,2025-05-23,80.87999823968858,43.98999918438494,61.52499868161976,74.11499849613756,"{""type"":""Point"",""coordinates"":[92.947323,22.44437599182129]}"
000000000000000003ce,Kamrup,26.170270919799805,91.697998046875,804,Assam,2025-05-24,222.89499438740313,21.009999743662775,37.12999946530908,120.68999732565135,"{""type"":""Point"",""coordinates"":[91.69799804687501,26.170270919799805]}"
000000000000000003d1,Kamrup,26.19113889,91.82961111,799,Assam,2025-05-24,221.88999543059617,17.999999526888132,28.679999233223498,126.81499773822725,"{""type"":""Point"",""coordinates"":[91.82961111,26.191138889999998]}"
000000000000000003d2,Kamrup (Metro),26.184324264526367,91.855395,846,Assam,2025-05-24,221.88999543059617,17.999999526888132,28.679999233223498,126.81499773822725,"{""type"":""Point"",""coordinates"":[91.855395,26.18432426452637]}"
000000000000000003cc,Noney,24.846509,93.573533,19600,Manipur,2025-05-24,77.08999856188893,8.444999810308218,26.39999934658408,39.69499909039587,"{""type"":""Point"",""coordinates"":[93.573533,24.846509]}"
000000000000000003cf,East Khasi Hills,25.42315556,91.86329167,20617,Meghalaya,2025-05-24,412.9449898907915,10.369999749585986,51.369998566806316,262.6649943990633,"{""type"":""Point"",""coordinates"":[91.86329167,25.423155560000005]}"
000000000000000003cd,Eastern-West Khasi Hill,25.700668334960938,91.596815,20653,Meghalaya,2025-05-24,348.7149930857122,36.32499906234443,67.4299980122596,246.2999955797568,"{""type"":""Point"",""coordinates"":[91.596815,25.700668334960938]}"
000000000000000003d0,Eastern-West Khasi Hill,25.73945426940918,91.572107,20654,Meghalaya,2025-05-24,348.7149930857122,36.32499906234443,67.4299980122596,246.2999955797568,"{""type"":""Point"",""coordinates"":[91.572107,25.739454269409176]}"
0000000000000000023f,Kohima,25.620830535888672,94.11572265625,25931,Nagaland,2025-05-24,99.5599976144731,38.05499899573624,52.46999877691269,96.17499769758433,"{""type"":""Point"",""coordinates"":[94.11572265625,25.620830535888672]}"
00000000000000000277,Aizawl,24.36571502685547,92.930137,23956,Mizoram,2025-05-25,255.60499362740666,87.84999763313681,97.69499724451452,141.01999647542834,"{""type"":""Point"",""coordinates"":[92.930137,24.365715026855465]}"
00000000000000000278,Aizawl,23.750240325927734,92.736662,23721,Mizoram,2025-05-25,110.7849971074611,49.13499865680933,64.64499817043543,97.08999768458307,"{""type"":""Point"",""coordinates"":[92.736662,23.750240325927738]}"
000000000000000002b3,Aizawl,23.807952,92.834037,23952,Mizoram,2025-05-25,141.39499662723392,63.77499847300351,78.86499804444611,105.59999750740826,"{""type"":""Point"",""coordinates"":[92.834037,23.807952000000004]}"
000000000000000002b4,Aizawl,23.74580192565918,92.717053,23724,Mizoram,2025-05-25,110.7849971074611,49.13499865680933,64.64499817043543,97.08999768458307,"{""type"":""Point"",""coordinates"":[92.717053,23.745801925659183]}"
000000000000000002b5,Aizawl,23.469247,92.744068,23727,Mizoram,2025-05-25,138.1449963292107,63.034998485818505,68.32999830879271,111.81999708991498,"{""type"":""Point"",""coordinates"":[92.744068,23.469247]}"
00000000000000000279,Champhai,23.198136,93.166988,23940,Mizoram,2025-05-25,112.93499786965549,51.18999894615263,57.279998894780874,96.82999831065536,"{""type"":""Point"",""coordinates"":[93.166988,23.198136]}"
0000000000000000027a,Champhai,23.177311,93.198157,23941,Mizoram,2025-05-25,112.93499786965549,51.18999894615263,57.279998894780874,96.82999831065536,"{""type"":""Point"",""coordinates"":[93.198157,23.177311]}"
000000000000000002c1,Hnahthial,23.170678,92.899334,23799,Mizoram,2025-05-25,107.69499803707004,29.0099995713681,34.95499939285219,75.13999831303954,"{""type"":""Point"",""coordinates"":[92.899334,23.170678000000002]}"
0000000000000000027b,Khawzawl,23.206600189208984,93.148665,23938,Mizoram,2025-05-25,95.68999756127596,47.43499863706529,52.26999849360436,84.07499778177589,"{""type"":""Point"",""coordinates"":[93.148665,23.206600189208988]}"
0000000000000000027c,Khawzawl,23.14788055419922,93.323791,23943,Mizoram,2025-05-25,116.05499752890319,60.14999884366989,67.81999856233597,97.39999799989164,"{""type"":""Point"",""coordinates"":[93.323791,23.14788055419922]}"
00000000000000000171,Lunglei,23.104623,92.747711,24107,Mizoram,2025-05-25,99.00499783456326,24.65999935939908,30.594999186694622,81.65999818500131,"{""type"":""Point"",""coordinates"":[92.747711,23.104623]}"
0000000000000000027d,Lunglei,23.184091,92.738895,24034,Mizoram,2025-05-25,99.00499783456326,24.65999935939908,30.594999186694622,81.65999818500131,"{""type"":""Point"",""coordinates"":[92.738895,23.184091]}"
0000000000000000027e,Lunglei,23.206239,92.491221,23920,Mizoram,2025-05-25,142.90999633911997,27.59999954327941,37.344999129883945,80.82999815512449,"{""type"":""Point"",""coordinates"":[92.49122100000001,23.206239]}"
0000000000000000027f,Lunglei,23.199961,92.488796,23921,Mizoram,2025-05-25,130.1199974771589,64.41499904636294,69.72499891836196,106.0349981635809,"{""type"":""Point"",""coordinates"":[92.488796,23.199961]}"
00000000000000000280,Lunglei,23.178239822387695,92.491031,23922,Mizoram,2025-05-25,130.1199974771589,64.41499904636294,69.72499891836196,106.0349981635809,"{""type"":""Point"",""coordinates"":[92.491031,23.1782398223877]}"
00000000000000000281,Lunglei,23.180969,92.488193,23923,Mizoram,2025-05-25,130.1199974771589,64.41499904636294,69.72499891836196,106.0349981635809,"{""type"":""Point"",""coordinates"":[92.488193,23.180969]}"
00000000000000000282,Lunglei,23.180354,92.486971,23924,Mizoram,2025-05-25,130.1199974771589,64.41499904636294,69.72499891836196,106.0349981635809,"{""type"":""Point"",""coordinates"":[92.486971,23.180354]}"
00000000000000000283,Lunglei,23.182466,92.487731,23925,Mizoram,2025-05-25,130.1199974771589,64.41499904636294,69.72499891836196,106.0349981635809,"{""type"":""Point"",""coordinates"":[92.487731,23.182466]}"
00000000000000000284,Lunglei,23.297521,92.689449,23875,Mizoram,2025-05-25,125.75999682862312,44.709998867474496,49.84999881591648,95.14499757997692,"{""type"":""Point"",""coordinates"":[92.689449,23.297521]}"
00000000000000000285,Lunglei,23.303739547729492,92.672816,23876,Mizoram,2025-05-25,129.60499735642225,40.98999902047217,46.544998954981565,91.94499792624265,"{""type"":""Point"",""coordinates"":[92.672816,23.303739547729492]}"
00000000000000000286,Lunglei,23.304122924804688,92.671521,23877,Mizoram,2025-05-25,129.60499735642225,40.98999902047217,46.544998954981565,91.94499792624265,"{""type"":""Point"",""coordinates"":[92.671521,23.304122924804688]}"
00000000000000000287,Lunglei,23.30610466003418,92.671296,23878,Mizoram,2025-05-25,129.60499735642225,40.98999902047217,46.544998954981565,91.94499792624265,"{""type"":""Point"",""coordinates"":[92.671296,23.306104660034176]}"
00000000000000000288,Lunglei,23.306338,92.666573,23879,Mizoram,2025-05-25,129.60499735642225,40.98999902047217,46.544998954981565,91.94499792624265,"{""type"":""Point"",""coordinates"":[92.66657300000001,23.306338000000004]}"
00000000000000000289,Lunglei,23.3204402923584,92.643229,23880,Mizoram,2025-05-25,129.60499735642225,40.98999902047217,46.544998954981565,91.94499792624265,"{""type"":""Point"",""coordinates"":[92.643229,23.320440292358395]}"
0000000000000000028a,Lunglei,23.301901,92.649401,23881,Mizoram,2025-05-25,129.60499735642225,40.98999902047217,46.544998954981565,91.94499792624265,"{""type"":""Point"",""coordinates"":[92.649401,23.301901]}"
0000000000000000028b,Lunglei,23.251004,92.6366729736328,23927,Mizoram,2025-05-25,125.75999682862312,44.709998867474496,49.84999881591648,95.14499757997692,"{""type"":""Point"",""coordinates"":[92.6366729736328,23.251004]}"
0000000000000000028c,Lunglei,23.114694,92.743931,23760,Mizoram,2025-05-25,99.00499783456326,24.65999935939908,30.594999186694622,81.65999818500131,"{""type"":""Point"",""coordinates"":[92.743931,23.114694]}"
0000000000000000028d,Lunglei,23.246611,92.655112,23882,Mizoram,2025-05-25,125.75999682862312,44.709998867474496,49.84999881591648,95.14499757997692,"{""type"":""Point"",""coordinates"":[92.65511200000002,23.246610999999998]}"
0000000000000000028e,Lunglei,23.173900604248047,92.611378,23888,Mizoram,2025-05-25,93.254997568205,32.0999993942678,36.88999925926328,80.06499796453863,"{""type"":""Point"",""coordinates"":[92.611378,23.173900604248047]}"
0000000000000000028f,Lunglei,23.17325782775879,92.611929,23889,Mizoram,2025-05-25,93.254997568205,32.0999993942678,36.88999925926328,80.06499796453863,"{""type"":""Point"",""coordinates"":[92.611929,23.173257827758786]}"
00000000000000000290,Lunglei,23.17251968383789,92.611434,23890,Mizoram,2025-05-25,93.254997568205,32.0999993942678,36.88999925926328,80.06499796453863,"{""type"":""Point"",""coordinates"":[92.611434,23.17251968383789]}"
00000000000000000291,Lunglei,23.200105,92.584517,23896,Mizoram,2025-05-25,106.069997895509,39.649999116547406,44.36999898310751,82.02999823074788,"{""type"":""Point"",""coordinates"":[92.584517,23.200105]}"
00000000000000000292,Lunglei,23.204981,92.534603,23917,Mizoram,2025-05-25,118.0949975643307,26.529999336227775,33.614999141544104,78.83499862533063,"{""type"":""Point"",""coordinates"":[92.534603,23.204981000000004]}"
00000000000000000293,Lunglei,23.206253051757812,92.533605,23918,Mizoram,2025-05-25,118.0949975643307,26.529999336227775,33.614999141544104,78.83499862533063,"{""type"":""Point"",""coordinates"":[92.533605,23.206253051757812]}"
00000000000000000294,Lunglei,23.209857,92.500587,23919,Mizoram,2025-05-25,118.0949975643307,26.529999336227775,33.614999141544104,78.83499862533063,"{""type"":""Point"",""coordinates"":[92.500587,23.209857]}"
00000000000000000295,Lunglei,23.2047061920166,92.533825,23926,Mizoram,2025-05-25,118.0949975643307,26.529999336227775,33.614999141544104,78.83499862533063,"{""type"":""Point"",""coordinates"":[92.533825,23.204706192016605]}"
00000000000000000296,Lunglei,22.866131,92.772713,23784,Mizoram,2025-05-25,136.20999633613974,48.639998686499894,61.8999983118847,109.41499708965421,"{""type"":""Point"",""coordinates"":[92.772713,22.866131]}"
00000000000000000297,Lunglei,22.903567,92.758702,23785,Mizoram,2025-05-25,111.83999677468091,27.099999453872442,38.15999899059534,83.75999754015356,"{""type"":""Point"",""coordinates"":[92.758702,22.903566999999995]}"
00000000000000000298,Lunglei,22.903453826904297,92.760096,23786,Mizoram,2025-05-25,111.83999677468091,27.099999453872442,38.15999899059534,83.75999754015356,"{""type"":""Point"",""coordinates"":[92.760096,22.903453826904297]}"
00000000000000000299,Lunglei,22.90461540222168,92.75704956054688,23787,Mizoram,2025-05-25,111.83999677468091,27.099999453872442,38.15999899059534,83.75999754015356,"{""type"":""Point"",""coordinates"":[92.75704956054688,22.904615402221687]}"
0000000000000000029a,Lunglei,22.922528,92.752404,23788,Mizoram,2025-05-25,111.83999677468091,27.099999453872442,38.15999899059534,83.75999754015356,"{""type"":""Point"",""coordinates"":[92.752404,22.922528000000003]}"
0000000000000000029b,Lunglei,22.880420684814453,92.821692,23790,Mizoram,2025-05-25,137.74499758239836,56.56499910354614,74.79999885708094,116.06499807350338,"{""type"":""Point"",""coordinates"":[92.821692,22.88042068481445]}"
000000000000000002b6,Lunglei,23.112390518188477,92.745417,24100,Mizoram,2025-05-25,99.00499783456326,24.65999935939908,30.594999186694622,81.65999818500131,"{""type"":""Point"",""coordinates"":[92.745417,23.112390518188477]}"
000000000000000002b7,Lunglei,23.174558,92.612556,23887,Mizoram,2025-05-25,93.254997568205,32.0999993942678,36.88999925926328,80.06499796453863,"{""type"":""Point"",""coordinates"":[92.61255600000001,23.174558]}"
000000000000000002b8,Lunglei,23.17265892028809,92.611828,23891,Mizoram,2025-05-25,93.254997568205,32.0999993942678,36.88999925926328,80.06499796453863,"{""type"":""Point"",""coordinates"":[92.611828,23.17265892028809]}"
000000000000000002b9,Lunglei,23.198272,92.589291,23892,Mizoram,2025-05-25,106.069997895509,39.649999116547406,44.36999898310751,82.02999823074788,"{""type"":""Point"",""coordinates"":[92.589291,23.198272]}"
000000000000000002ba,Lunglei,23.19896125793457,92.590043,23893,Mizoram,2025-05-25,106.069997895509,39.649999116547406,44.36999898310751,82.02999823074788,"{""type"":""Point"",""coordinates"":[92.590043,23.198961257934574]}"
000000000000000002bb,Lunglei,23.199094772338867,92.586671,23894,Mizoram,2025-05-25,106.069997895509,39.649999116547406,44.36999898310751,82.02999823074788,"{""type"":""Point"",""coordinates"":[92.586671,23.19909477233887]}"
000000000000000002bc,Lunglei,23.19941520690918,92.585883,23895,Mizoram,2025-05-25,106.069997895509,39.649999116547406,44.36999898310751,82.02999823074788,"{""type"":""Point"",""coordinates"":[92.585883,23.19941520690918]}"
0000000000000000029c,Serchhip,23.29386329650879,92.741368,23866,Mizoram,2025-05-25,114.44499789271504,37.82999930344522,43.03999910131097,87.61499821767211,"{""type"":""Point"",""coordinates"":[92.741368,23.29386329650879]}"
0000000000000000029d,Serchhip,23.295774459838867,92.740012,23867,Mizoram,2025-05-25,114.44499789271504,37.82999930344522,43.03999910131097,87.61499821767211,"{""type"":""Point"",""coordinates"":[92.740012,23.295774459838864]}"
0000000000000000029e,Serchhip,23.302650451660156,92.742945,23868,Mizoram,2025-05-25,121.3049974180758,47.68499882519245,51.87999875936657,99.81499786861241,"{""type"":""Point"",""coordinates"":[92.742945,23.302650451660156]}"
0000000000000000029f,Serchhip,23.300291061401367,92.69577026367188,23872,Mizoram,2025-05-25,129.60499735642225,40.98999902047217,46.544998954981565,91.94499792624265,"{""type"":""Point"",""coordinates"":[92.69577026367188,23.300291061401367]}"
000000000000000002a0,Serchhip,23.299806,92.694901,23873,Mizoram,2025-05-25,125.75999682862312,44.709998867474496,49.84999881591648,95.14499757997692,"{""type"":""Point"",""coordinates"":[92.694901,23.299806]}"
000000000000000002a1,Serchhip,23.299312,92.692614,23874,Mizoram,2025-05-25,125.75999682862312,44.709998867474496,49.84999881591648,95.14499757997692,"{""type"":""Point"",""coordinates"":[92.692614,23.299312]}"
000000000000000002a2,Serchhip,23.239137,92.744468,23740,Mizoram,2025-05-25,114.44499789271504,37.82999930344522,43.03999910131097,87.61499821767211,"{""type"":""Point"",""coordinates"":[92.744468,23.239137000000003]}"
000000000000000002a3,Serchhip,23.307092666625977,92.856289,23836,Mizoram,2025-05-25,110.63499667495489,43.53499892912805,47.83999880589545,94.24999701976776,"{""type"":""Point"",""coordinates"":[92.856289,23.307092666625977]}"
000000000000000002a4,Serchhip,23.307523727416992,92.857678,23837,Mizoram,2025-05-25,110.63499667495489,43.53499892912805,47.83999880589545,94.24999701976776,"{""type"":""Point"",""coordinates"":[92.857678,23.30752372741699]}"
000000000000000002a5,Serchhip,23.305938720703125,92.857538,23838,Mizoram,2025-05-25,110.63499667495489,43.53499892912805,47.83999880589545,94.24999701976776,"{""type"":""Point"",""coordinates"":[92.857538,23.305938720703125]}"
000000000000000002a6,Serchhip,23.303906,92.853173,23839,Mizoram,2025-05-25,110.63499667495489,43.53499892912805,47.83999880589545,94.24999701976776,"{""type"":""Point"",""coordinates"":[92.853173,23.303906000000005]}"
000000000000000002a7,Serchhip,23.346456,92.851511,23846,Mizoram,2025-05-25,110.63499667495489,43.53499892912805,47.83999880589545,94.24999701976776,"{""type"":""Point"",""coordinates"":[92.851511,23.346456]}"
000000000000000002a8,Serchhip,23.346599578857425,92.854847,23847,Mizoram,2025-05-25,110.63499667495489,43.53499892912805,47.83999880589545,94.24999701976776,"{""type"":""Point"",""coordinates"":[92.854847,23.346599578857425]}"
000000000000000002a9,Serchhip,23.27122688293457,92.874544,23857,Mizoram,2025-05-25,109.8849973063916,26.369998950511217,38.44999857805669,79.60499791242182,"{""type"":""Point"",""coordinates"":[92.874544,23.27122688293457]}"
000000000000000002aa,Serchhip,23.27054786682129,92.877577,23858,Mizoram,2025-05-25,109.8849973063916,26.369998950511217,38.44999857805669,79.60499791242182,"{""type"":""Point"",""coordinates"":[92.877577,23.270547866821286]}"
000000000000000002ab,Serchhip,23.67700958251953,92.8789520263672,23859,Mizoram,2025-05-25,106.69499692134559,38.684998598881066,57.68999806512147,90.00999742653221,"{""type"":""Point"",""coordinates"":[92.8789520263672,23.677009582519535]}"
000000000000000002ac,Serchhip,23.28144264221191,92.840145,23863,Mizoram,2025-05-25,109.8849973063916,26.369998950511217,38.44999857805669,79.60499791242182,"{""type"":""Point"",""coordinates"":[92.84014500000002,23.281442642211914]}"
000000000000000002ad,Serchhip,23.180345,92.900082,23800,Mizoram,2025-05-25,107.69499803707004,29.0099995713681,34.95499939285219,75.13999831303954,"{""type"":""Point"",""coordinates"":[92.900082,23.180345]}"
000000000000000002ae,Serchhip,23.223807,92.944448,23930,Mizoram,2025-05-25,111.53499752283096,26.01499892771244,41.2299987943843,86.00999823771417,"{""type"":""Point"",""coordinates"":[92.944448,23.223806999999997]}"
000000000000000002af,Serchhip,23.21795082092285,92.998007,23931,Mizoram,2025-05-25,111.53499752283096,26.01499892771244,41.2299987943843,86.00999823771417,"{""type"":""Point"",""coordinates"":[92.998007,23.217950820922848]}"
000000000000000002b0,Serchhip,23.217324,92.99812316894533,23932,Mizoram,2025-05-25,111.53499752283096,26.01499892771244,41.2299987943843,86.00999823771417,"{""type"":""Point"",""coordinates"":[92.99812316894533,23.217324000000005]}"
000000000000000002b1,Serchhip,23.199169158935547,93.000199,23933,Mizoram,2025-05-25,104.35499806143343,26.179999113082886,35.00999893434346,74.32499838527292,"{""type"":""Point"",""coordinates"":[93.000199,23.199169158935547]}"
000000000000000002bd,Serchhip,23.187383,92.89826202392578,23801,Mizoram,2025-05-25,107.69499803707004,29.0099995713681,34.95499939285219,75.13999831303954,"{""type"":""Point"",""coordinates"":[92.89826202392578,23.187383]}"
000000000000000002be,Serchhip,23.187762,92.898034,23802,Mizoram,2025-05-25,107.69499803707004,29.0099995713681,34.95499939285219,75.13999831303954,"{""type"":""Point"",""coordinates"":[92.898034,23.187762]}"
000000000000000002bf,Serchhip,23.23489761352539,92.911307,23928,Mizoram,2025-05-25,111.53499752283096,26.01499892771244,41.2299987943843,86.00999823771417,"{""type"":""Point"",""coordinates"":[92.911307,23.23489761352539]}"
000000000000000002c0,Serchhip,23.225619,92.924909,23929,Mizoram,2025-05-25,111.53499752283096,26.01499892771244,41.2299987943843,86.00999823771417,"{""type"":""Point"",""coordinates"":[92.924909,23.225619]}"
000000000000000002c2,Serchhip,23.280946731567383,92.83670043945312,23864,Mizoram,2025-05-25,109.8849973063916,26.369998950511217,38.44999857805669,79.60499791242182,"{""type"":""Point"",""coordinates"":[92.83670043945312,23.280946731567386]}"
000000000000000002b2,Siaha,22.469737,93.100868,23773,Mizoram,2025-05-25,126.16499646753073,45.22999850008637,84.1399976843968,107.00999718066305,"{""type"":""Point"",""coordinates"":[93.100868,22.469737]}"
0000000000000000016f,Lunglei,23.164812088012695,92.743396,24048,Mizoram,2025-05-26,175.49499634560198,99.92499792203307,103.93999779224396,158.419996695593,"{""type"":""Point"",""coordinates"":[92.743396,23.16481208801269]}"
00000000000000000175,Lunglei,22.895235061645508,92.747812,23789,Mizoram,2025-05-26,230.50999394897372,142.0699963271618,144.8249962227419,200.6449947990477,"{""type"":""Point"",""coordinates"":[92.747812,22.895235061645508]}"
000000000000000001f8,Lunglei,23.230113983154297,92.740067,24002,Mizoram,2025-05-26,185.93499612435699,108.79999755509198,111.89499740302563,158.97499644756317,"{""type"":""Point"",""coordinates"":[92.740067,23.230113983154297]}"
000000000000000001fa,Lunglei,23.226842880249023,92.740266,24004,Mizoram,2025-05-26,185.93499612435699,108.79999755509198,111.89499740302563,158.97499644756317,"{""type"":""Point"",""coordinates"":[92.740266,23.226842880249023]}"
00000000000000000236,Lunglei,23.201335,92.734857,24014,Mizoram,2025-05-26,185.93499612435699,108.79999755509198,111.89499740302563,158.97499644756317,"{""type"":""Point"",""coordinates"":[92.734857,23.201335000000004]}"
00000000000000000237,Lunglei,23.201614379882812,92.734453,24015,Mizoram,2025-05-26,185.93499612435699,108.79999755509198,111.89499740302563,158.97499644756317,"{""type"":""Point"",""coordinates"":[92.734453,23.201614379882812]}"
00000000000000000238,Lunglei,23.201759,92.734328,24016,Mizoram,2025-05-26,185.93499612435699,108.79999755509198,111.89499740302563,158.97499644756317,"{""type"":""Point"",""coordinates"":[92.734328,23.201759]}"
00000000000000000176,Serchhip,23.239287,92.74817657470705,23999,Mizoram,2025-05-26,185.93499612435699,108.79999755509198,111.89499740302563,158.97499644756317,"{""type"":""Point"",""coordinates"":[92.74817657470705,23.239287]}"
00000000000000000050,Dima Hasao,25.64851188659668,93.121528,850,Assam,2025-05-29,224.38499497808516,48.3449987154454,51.51499864924699,93.38499775994569,"{""type"":""Point"",""coordinates"":[93.121528,25.64851188659668]}"
0000000000000000025f,Dima Hasao,25.698139190673828,93.129423,849,Assam,2025-05-29,224.38499497808516,48.3449987154454,51.51499864924699,93.38499775994569,"{""type"":""Point"",""coordinates"":[93.129423,25.69813919067383]}"
000000000000000001bf,Kamrup,26.1629695892334,91.70590209960938,803,Assam,2025-05-29,261.9899950809777,78.90999903157353,88.88499876204878,138.0549979340285,"{""type"":""Point"",""coordinates"":[91.70590209960938,26.162969589233402]}"
0000000000000000025e,Kamrup (Metro),26.11956024169922,92.052125,848,Assam,2025-05-29,233.82499402854592,81.58499746210873,84.72499743290246,118.36999652162194,"{""type"":""Point"",""coordinates"":[92.052125,26.11956024169922]}"
00000000000000000045,Noney,24.863924026489254,93.617853,19601,Manipur,2025-05-29,149.97999671846628,65.77499854937196,79.93499827943742,120.51999733690172,"{""type"":""Point"",""coordinates"":[93.617853,24.863924026489258]}"
000000000000000000e3,Aizawl,24.285871,92.94599151611328,23953,Mizoram,2025-06-07,391.11499023158103,4.084999956190586,14.549999929964542,158.82999562006444,"{""type"":""Point"",""coordinates"":[92.94599151611328,24.285871000000004]}"
000000000000000001d1,Aizawl,24.288014,92.946017,23954,Mizoram,2025-06-07,391.11499023158103,4.084999956190586,14.549999929964542,158.82999562006444,"{""type"":""Point"",""coordinates"":[92.946017,24.288014]}"
00000000000000000148,Khawzawl,23.54405212402344,93.155591,23945,Mizoram,2025-06-07,441.3799901418388,1.0999999642372131,10.069999754428864,173.25499542802572,"{""type"":""Point"",""coordinates"":[93.155591,23.544052124023445]}"
00000000000000000149,Khawzawl,23.545766,93.147931,23946,Mizoram,2025-06-07,441.3799901418388,1.0999999642372131,10.069999754428864,173.25499542802572,"{""type"":""Point"",""coordinates"":[93.147931,23.545765999999997]}"
0000000000000000014a,Khawzawl,23.526599884033203,93.192968,23947,Mizoram,2025-06-07,441.3799901418388,1.0999999642372131,10.069999754428864,173.25499542802572,"{""type"":""Point"",""coordinates"":[93.192968,23.526599884033207]}"
0000000000000000003d,Kohima,25.623067,94.114196,25786,Nagaland,2025-06-30,236.73499481379986,28.484999406151474,41.10999910440296,107.04999768175185,"{""type"":""Point"",""coordinates"":[94.114196,25.623067]}"
00000000000000000205,Mokokchung,26.423137,94.382261,25924,Nagaland,2025-06-30,272.0149942645803,36.50499925483018,38.144999225623906,108.69499799516052,"{""type"":""Point"",""coordinates"":[94.382261,26.423137000000004]}"
0000000000000000020d,Mokokchung,26.4219453,94.3854377,25788,Nagaland,2025-06-30,272.0149942645803,36.50499925483018,38.144999225623906,108.69499799516052,"{""type"":""Point"",""coordinates"":[94.3854377,26.4219453]}"
0000000000000000020f,Mokokchung,26.42608070373535,94.398916,25790,Nagaland,2025-06-30,272.0149942645803,36.50499925483018,38.144999225623906,108.69499799516052,"{""type"":""Point"",""coordinates"":[94.39891600000001,26.426080703735355]}"
00000000000000000244,Mokokchung,26.421859741210938,94.38520050048828,25925,Nagaland,2025-06-30,272.0149942645803,36.50499925483018,38.144999225623906,108.69499799516052,"{""type"":""Point"",""coordinates"":[94.38520050048828,26.421859741210938]}"
00000000000000000245,Mokokchung,26.42534637451172,94.387013,25926,Nagaland,2025-06-30,272.0149942645803,36.50499925483018,38.144999225623906,108.69499799516052,"{""type"":""Point"",""coordinates"":[94.387013,26.425346374511722]}"
0000000000000000025c,Mokokchung,26.4231373,94.3822611,25785,Nagaland,2025-06-30,272.0149942645803,36.50499925483018,38.144999225623906,108.69499799516052,"{""type"":""Point"",""coordinates"":[94.38226110000001,26.423137300000004]}"
