system:index,District,Latitude,Longitude,SlNo,State,event_date,rainfall_15d_mm,rainfall_24h_mm,rainfall_72h_mm,rainfall_7d_mm,.geo
0000000000000000024d,Lower Dibang Valley,28.38919722,95.92776111,1771,Arunachal Pradesh,2024-04-24,103.73999791406095,23.919999470934272,50.97499888855964,73.81999820098281,"{""type"":""Point"",""coordinates"":[95.92776111,28.389197220000003]}"
0000000000000000024e,Lower Dibang Valley,28.38919722,95.92776111,1941,Arunachal Pradesh,2024-04-24,103.73999791406095,23.919999470934272,50.97499888855964,73.81999820098281,"{""type"":""Point"",""coordinates"":[95.92776111,28.389197220000003]}"
00000000000000000061,Lower Subansiri,27.339267,93.802581,1120,Arunachal Pradesh,2016-07-16,559.8004866018891,130.07499702647328,165.66499638184905,307.00499351508915,"{""type"":""Point"",""coordinates"":[93.802581,27.339267]}"
00000000000000000063,Lower Subansiri,27.193425,93.780983,999,Arunachal Pradesh,2016-07-16,598.1974857123569,89.23999736644328,133.38499553967267,317.69499241840094,"{""type"":""Point"",""coordinates"":[93.780983,27.193424999999998]}"
00000000000000000060,Papum Pare,27.105253219604492,93.825399,1938,Arunachal Pradesh,2024-06-18,214.25499514862895,65.37999863736331,81.84999813418835,159.5049965074286,"{""type"":""Point"",""coordinates"":[93.825399,27.105253219604496]}"
000000000000000001f0,Papum Pare,27.12113571166992,93.762164,1940,Arunachal Pradesh,2024-06-18,214.09499561227858,57.954998827539384,77.19999843277037,149.82999681774527,"{""type"":""Point"",""coordinates"":[93.762164,27.121135711669915]}"
000000000000000002a3,Papum Pare,27.099285125732425,93.614766,2078,Arunachal Pradesh,2026-03-16,64.16999860014766,10.584999790415168,46.57999891228974,54.34999877586961,"{""type"":""Point"",""coordinates"":[93.614766,27.099285125732425]}"
0000000000000000006c,West Kameng,27.018342,92.6355972290039,878,Arunachal Pradesh,2016-07-01,320.0074925730005,62.512498043477535,148.537496432662,178.15249567851424,"{""type"":""Point"",""coordinates"":[92.6355972290039,27.018341999999997]}"
00000000000000000000,Tawang,27.587417,91.886944,1242,Arunachal Pradesh,2016-04-22,149.4949964415282,61.769998592324555,89.0899982014671,113.08999725524336,"{""type"":""Point"",""coordinates"":[91.886944,27.587416999999995]}"
00000000000000000001,Tawang,27.591806411743164,91.865028,1254,Arunachal Pradesh,2016-04-22,149.4949964415282,61.769998592324555,89.0899982014671,113.08999725524336,"{""type"":""Point"",""coordinates"":[91.865028,27.591806411743168]}"
00000000000000000002,Tawang,27.593139,91.873889,1258,Arunachal Pradesh,2016-04-22,149.4949964415282,61.769998592324555,89.0899982014671,113.08999725524336,"{""type"":""Point"",""coordinates"":[91.873889,27.593139000000004]}"
00000000000000000068,Tawang,27.58741667,91.88694444,1218,Arunachal Pradesh,2016-04-22,149.4949964415282,61.769998592324555,89.0899982014671,113.08999725524336,"{""type"":""Point"",""coordinates"":[91.88694444,27.58741667]}"
00000000000000000069,Tawang,27.587417,91.886944,1241,Arunachal Pradesh,2016-04-22,149.4949964415282,61.769998592324555,89.0899982014671,113.08999725524336,"{""type"":""Point"",""coordinates"":[91.886944,27.587416999999995]}"
00000000000000000242,Tawang,27.58741667,91.88694444,1219,Arunachal Pradesh,2016-04-22,149.4949964415282,61.769998592324555,89.0899982014671,113.08999725524336,"{""type"":""Point"",""coordinates"":[91.88694444,27.58741667]}"
00000000000000000003,Tawang,27.58941650390625,91.861444,1246,Arunachal Pradesh,2016-04-23,150.52499640360475,27.504999054595828,82.48999818321317,109.7599972402677,"{""type"":""Point"",""coordinates"":[91.861444,27.589416503906246]}"
00000000000000000004,Tawang,27.593361,91.879444,1259,Arunachal Pradesh,2016-04-23,150.52499640360475,27.504999054595828,82.48999818321317,109.7599972402677,"{""type"":""Point"",""coordinates"":[91.879444,27.593361]}"
0000000000000000006a,Tawang,27.596639,91.878972,1264,Arunachal Pradesh,2016-04-23,150.52499640360475,27.504999054595828,82.48999818321317,109.7599972402677,"{""type"":""Point"",""coordinates"":[91.878972,27.596639]}"
0000000000000000006b,Tawang,27.596639,91.878972,1265,Arunachal Pradesh,2016-04-23,150.52499640360475,27.504999054595828,82.48999818321317,109.7599972402677,"{""type"":""Point"",""coordinates"":[91.878972,27.596639]}"
00000000000000000243,Tawang,27.59152778,91.88044444,1220,Arunachal Pradesh,2016-04-23,150.52499640360475,27.504999054595828,82.48999818321317,109.7599972402677,"{""type"":""Point"",""coordinates"":[91.88044444,27.59152778]}"
0000000000000000028d,Tawang,27.591388702392575,91.90249633789062,1251,Arunachal Pradesh,2016-04-23,150.38499667681754,34.11999902129173,72.54499799571931,96.75499780941755,"{""type"":""Point"",""coordinates"":[91.90249633789062,27.591388702392575]}"
00000000000000000062,Lower Subansiri,27.307071685791016,93.806008,1103,Arunachal Pradesh,2016-07-17,513.5449879840016,88.61999805271626,160.51499668508768,232.65999490208924,"{""type"":""Point"",""coordinates"":[93.80600800000002,27.30707168579102]}"
00000000000000000064,Lower Subansiri,27.294885635375977,93.803328,1082,Arunachal Pradesh,2016-07-17,492.62499184627086,83.13499877788126,142.6899970844388,212.68999606836587,"{""type"":""Point"",""coordinates"":[93.80332800000001,27.294885635375977]}"
00000000000000000065,Lower Subansiri,27.254756,93.801303,1049,Arunachal Pradesh,2016-07-17,492.62499184627086,83.13499877788126,142.6899970844388,212.68999606836587,"{""type"":""Point"",""coordinates"":[93.801303,27.254756]}"
00000000000000000066,Lower Subansiri,27.246131,93.804711,1042,Arunachal Pradesh,2016-07-17,492.62499184627086,83.13499877788126,142.6899970844388,212.68999606836587,"{""type"":""Point"",""coordinates"":[93.80471100000001,27.246131]}"
00000000000000000067,Lower Subansiri,27.23995018005371,93.806589,1033,Arunachal Pradesh,2016-07-17,492.62499184627086,83.13499877788126,142.6899970844388,212.68999606836587,"{""type"":""Point"",""coordinates"":[93.806589,27.239950180053714]}"
00000000000000000072,Cachar,24.645417,93.005361,30,Assam,2016-08-31,230.57999512925744,117.30499757826328,179.9949963092804,210.5799957588315,"{""type"":""Point"",""coordinates"":[93.005361,24.645417000000002]}"
00000000000000000073,Cachar,24.721920013427734,92.90380859375,36,Assam,2020-06-05,376.2499888744205,72.61499790474772,159.2749952012673,250.14999199751765,"{""type"":""Point"",""coordinates"":[92.90380859375,24.721920013427734]}"
00000000000000000070,Dima Hasao,25.229556,93.15560150146484,243,Assam,2010-04-02,250.32299441006035,20.247999515384436,128.11299709323794,247.38299440499395,"{""type"":""Point"",""coordinates"":[93.15560150146484,25.229556000000002]}"
00000000000000000071,Dima Hasao,26.20261001586914,91.14527893066406,521,Assam,2009-08-20,366.46999261528254,19.109999508596957,105.42999845091254,220.28999590780586,"{""type"":""Point"",""coordinates"":[91.14527893066406,26.20261001586914]}"
00000000000000000080,Dima Hasao,25.17741584777832,93.00975036621094,783,Assam,2022-05-16,515.4719869652763,145.27499570511281,286.93999378941953,443.04498891346157,"{""type"":""Point"",""coordinates"":[93.00975036621094,25.177415847778324]}"
00000000000000000082,Dima Hasao,25.1568056,93.019722,656,Assam,2022-05-13,318.00199161376804,131.85499715991318,220.4099943228066,232.20999401435256,"{""type"":""Point"",""coordinates"":[93.019722,25.1568056]}"
00000000000000000085,Dima Hasao,25.17638889,93.11613889,722,Assam,2016-05-22,431.66998955607414,64.84499819204211,80.53999775927514,353.6499914303422,"{""type"":""Point"",""coordinates"":[93.11613889,25.17638889]}"
000000000000000001f6,Dima Hasao,25.316197,93.006158,813,Assam,2022-06-16,481.5084881959483,232.28999384865165,320.9549917476252,366.39999090414494,"{""type"":""Point"",""coordinates"":[93.006158,25.316197]}"
00000000000000000086,Dima Hasao (N.C. Hills),25.15713889,93.01719444,672,Assam,2016-05-27,462.244990542531,22.334999577142298,31.909999270923436,112.95999711938202,"{""type"":""Point"",""coordinates"":[93.01719444,25.157138889999995]}"
00000000000000000087,Dima Hasao (N.C. Hills),25.24194444,93.14319444,643,Assam,2016-05-22,389.0049928566441,70.7999985711649,88.06999800540507,342.3749939594418,"{""type"":""Point"",""coordinates"":[93.14319444,25.24194444]}"
00000000000000000088,Dima Hasao (N.C. Hills),25.14872222,93.03191667,683,Assam,2016-05-17,339.14499369543046,204.4749965276569,273.9699951801449,303.48999446164817,"{""type"":""Point"",""coordinates"":[93.03191667000002,25.14872222]}"
0000000000000000024f,Dima Hasao (N.C. Hills),25.27480556,93.14555556,650,Assam,2016-05-22,389.0049928566441,70.7999985711649,88.06999800540507,342.3749939594418,"{""type"":""Point"",""coordinates"":[93.14555556,25.27480556]}"
000000000000000002b4,Dima Hasao (N.C. Hills),25.20738889,93.12277778,709,Assam,2014-08-20,153.02999630384147,4.614999920129776,11.239999689161777,120.02499725762755,"{""type"":""Point"",""coordinates"":[93.12277778,25.207388890000004]}"
000000000000000002b6,Dima Hasao (N.C. Hills),25.177499771118164,93.02622222,723,Assam,2016-05-22,433.6099912105128,64.00999837182462,81.66999783553183,351.41499320883304,"{""type"":""Point"",""coordinates"":[93.02622222,25.17749977111816]}"
00000000000000000089,Hailakandi,24.478972,92.682861,8,Assam,2016-05-17,322.91999209858477,141.76499716378748,178.00999633781612,253.30499388836324,"{""type"":""Point"",""coordinates"":[92.682861,24.478972000000002]}"
000000000000000001f9,Hailakandi,24.51594352722168,92.540889,15,Assam,2016-05-18,400.0749927936122,229.57499586138874,241.00499569717795,339.4749941090122,"{""type"":""Point"",""coordinates"":[92.540889,24.515943527221683]}"
00000000000000000005,Kamrup,26.14988889,91.77394444,793,Assam,2025-05-01,159.63499628473073,48.7449994571507,72.15999869070947,120.8299974417314,"{""type"":""Point"",""coordinates"":[91.77394444,26.14988889]}"
00000000000000000007,Kamrup,26.12911111,91.74911111,795,Assam,2012-06-25,514.2599886162207,196.43499643355608,228.25499568879604,328.94999282527715,"{""type"":""Point"",""coordinates"":[91.74911111,26.129111109999997]}"
00000000000000000008,Kamrup,26.15333333,91.77711111,796,Assam,2012-06-25,514.2599886162207,196.43499643355608,228.25499568879604,328.94999282527715,"{""type"":""Point"",""coordinates"":[91.77711111,26.15333333]}"
00000000000000000009,Kamrup,26.15052778,91.72766667,797,Assam,2012-06-27,541.9149882234633,32.85999940056354,229.29499583411962,335.87499286420643,"{""type"":""Point"",""coordinates"":[91.72766667,26.150527780000008]}"
0000000000000000004e,Kamrup,25.757752,91.252285,842,Assam,2014-07-17,193.9149954477325,3.0849999096244574,42.65499900467694,76.39999798126519,"{""type"":""Point"",""coordinates"":[91.252285,25.757752]}"
0000000000000000004f,Kamrup,25.872268,91.213965,844,Assam,2014-09-23,579.5699877226725,245.33499533683062,493.2349900715053,536.0399887720123,"{""type"":""Point"",""coordinates"":[91.213965,25.872267999999995]}"
00000000000000000050,Kamrup,26.2272613,91.6922458,845,Assam,2008-12-26,1.484999980777502,1.484999980777502,1.484999980777502,1.484999980777502,"{""type"":""Point"",""coordinates"":[91.6922458,26.227261300000002]}"
00000000000000000051,Kamrup,26.246980667114254,91.964383,847,Assam,2025-07-05,203.34999464824796,45.96999913454056,107.3849971704185,126.86999661009759,"{""type"":""Point"",""coordinates"":[91.964383,26.246980667114254]}"
0000000000000000006d,Kamrup,26.158193,91.755807,800,Assam,2025-06-06,353.22999228164554,8.33499988168478,51.84499882161617,215.17499434761703,"{""type"":""Point"",""coordinates"":[91.755807,26.158193000000004]}"
0000000000000000006f,Kamrup,26.11266708374023,91.853889,474,Assam,2018-08-24,208.93999561667442,53.50999924261123,80.70999885443598,88.92499870527536,"{""type"":""Point"",""coordinates"":[91.853889,26.112667083740234]}"
000000000000000001f2,Kamrup,26.16618537902832,91.7146987915039,801,Assam,2025-06-04,381.89999142475426,43.50999893993139,89.12999774236232,285.7499934975058,"{""type"":""Point"",""coordinates"":[91.7146987915039,26.16618537902832]}"
000000000000000001f3,Kamrup,26.166160583496097,91.713803,802,Assam,2025-06-04,381.89999142475426,43.50999893993139,89.12999774236232,285.7499934975058,"{""type"":""Point"",""coordinates"":[91.713803,26.166160583496097]}"
0000000000000000008a,Kamrup (Metro),26.191600799560547,91.8036117553711,776,Assam,2022-06-16,681.9924861947075,268.7649957537651,510.45499021280557,600.2849879311398,"{""type"":""Point"",""coordinates"":[91.8036117553711,26.19160079956054]}"
0000000000000000008b,Kamrup (Metro),26.17672222,91.76525115966795,762,Assam,2017-06-13,246.7104946197942,137.6549969986081,171.8449961366132,176.13999612256885,"{""type"":""Point"",""coordinates"":[91.76525115966795,26.176722220000002]}"
0000000000000000008c,Kamrup (Metro),26.15805556,91.71258333,731,Assam,2019-07-16,414.60548937972635,39.47499945759773,67.11999863013625,211.8299951069057,"{""type"":""Point"",""coordinates"":[91.71258333,26.15805556]}"
0000000000000000008d,Kamrup (Metro),26.19236111,91.78080556,730,Assam,2019-07-10,432.360488332808,114.39999708533287,181.96999527979642,238.03999425005168,"{""type"":""Point"",""coordinates"":[91.78080556,26.19236111]}"
0000000000000000008e,Kamrup (Metro),26.19330556,91.77725219726562,773,Assam,2020-06-28,355.4099920708686,78.32999853231013,191.24999577738345,248.3199945082888,"{""type"":""Point"",""coordinates"":[91.77725219726562,26.19330556]}"
0000000000000000008f,Kamrup (Metro),26.177560806274418,91.7658920288086,504,Assam,2017-06-13,246.7104946197942,137.6549969986081,171.8449961366132,176.13999612256885,"{""type"":""Point"",""coordinates"":[91.7658920288086,26.177560806274418]}"
00000000000000000090,Kamrup (Metro),26.154279708862305,91.79264068603516,490,Assam,2017-06-13,246.7104946197942,137.6549969986081,171.8449961366132,176.13999612256885,"{""type"":""Point"",""coordinates"":[91.79264068603516,26.15427970886231]}"
00000000000000000091,Kamrup (Metro),26.176719665527344,91.76525115966795,503,Assam,2017-06-13,246.7104946197942,137.6549969986081,171.8449961366132,176.13999612256885,"{""type"":""Point"",""coordinates"":[91.76525115966795,26.176719665527344]}"
000000000000000001f1,Kamrup (Metro),26.1505375,91.72798139,488,Assam,2023-06-17,360.60499145742506,110.80499789491296,253.2799943499267,320.21499237045646,"{""type"":""Point"",""coordinates"":[91.72798139,26.1505375]}"
000000000000000001f5,Kamrup (Metro),26.19622039794922,91.76335906982422,519,Assam,2011-03-23,129.52499698475003,0.0,35.39999961853027,99.61499837320298,"{""type"":""Point"",""coordinates"":[91.76335906982422,26.196220397949215]}"
000000000000000001fa,Kamrup (Metro),26.193220138549805,91.77033233642578,777,Assam,2022-06-16,739.0254831593484,267.4449936002493,569.3099876036867,658.7399856140837,"{""type"":""Point"",""coordinates"":[91.77033233642578,26.1932201385498]}"
000000000000000001fc,Kamrup (Metro),26.19244444,91.76422222,729,Assam,2016-07-20,347.5099938493222,30.449999302625656,58.28999869991094,178.959996487014,"{""type"":""Point"",""coordinates"":[91.76422222,26.19244444]}"
000000000000000001fd,Kamrup (Metro),26.09150556,91.87898611,774,Assam,2020-07-12,429.77049052901566,54.1199988508597,140.8499969029799,238.41999511048198,"{""type"":""Point"",""coordinates"":[91.87898611,26.09150556]}"
00000000000000000200,Kamrup (Metro),26.188419342041016,91.85124969482422,506,Assam,2017-06-16,264.37799346260726,90.44999764859676,151.99999614059925,240.0099938446656,"{""type"":""Point"",""coordinates"":[91.85124969482422,26.188419342041016]}"
00000000000000000250,Kamrup (Metro),26.21305556,91.69249725341795,775,Assam,2020-06-26,433.12998960446566,117.14499678928405,152.93499588221312,183.3199951685965,"{""type"":""Point"",""coordinates"":[91.69249725341795,26.21305556]}"
0000000000000000029e,Kamrup (Metro),26.23801612854004,91.945953,843,Assam,2025-11-02,35.29999943077564,22.484999734908342,31.134999502450228,34.54999943450093,"{""type"":""Point"",""coordinates"":[91.945953,26.23801612854004]}"
000000000000000002a2,Kamrup (Metro),26.156633377075195,91.9385757446289,856,Assam,2024-08-08,224.0899945879355,90.41999783739448,113.5699972063303,173.1349958833307,"{""type"":""Point"",""coordinates"":[91.9385757446289,26.156633377075195]}"
0000000000000000006e,Karimganj,24.710832595825195,92.481167,35,Assam,2010-06-03,423.17548787686974,121.45999657083303,183.19549508858472,206.51549446489662,"{""type"":""Point"",""coordinates"":[92.48116700000001,24.710832595825195]}"
000000000000000001fe,Karimganj,24.78002778,92.45372222,38,Assam,2020-06-02,362.46599170193076,115.31099783815444,154.925996998325,300.625993385911,"{""type"":""Point"",""coordinates"":[92.45372222,24.78002778]}"
000000000000000001ff,Karimganj,24.78380556,92.45563889,39,Assam,2020-06-02,362.46599170193076,115.31099783815444,154.925996998325,300.625993385911,"{""type"":""Point"",""coordinates"":[92.45563889,24.783805560000005]}"
00000000000000000298,Udalguri,26.89073944091797,92.12068176269533,590,Assam,2021-04-28,27.49999929778278,7.574999857693911,7.574999857693911,7.904999848455191,"{""type"":""Point"",""coordinates"":[92.12068176269533,26.89073944091797]}"
00000000000000000299,Udalguri,26.88969039916992,92.1226577758789,589,Assam,2021-04-28,27.49999929778278,7.574999857693911,7.574999857693911,7.904999848455191,"{""type"":""Point"",""coordinates"":[92.1226577758789,26.889690399169922]}"
000000000000000002a1,West Khasi Hills,25.740148,91.224044,852,Assam,2014-07-18,191.2949956478551,3.339999858289957,20.124999444931746,61.399998375214636,"{""type"":""Point"",""coordinates"":[91.224044,25.740148]}"
00000000000000000006,Kamrup,26.10891667,91.74175262451172,794,Assam,2012-06-22,353.29499141778797,55.29499857965857,109.29499693308026,186.65499512199312,"{""type"":""Point"",""coordinates"":[91.74175262451172,26.108916669999996]}"
0000000000000000000a,Kamrup,26.16405556,91.72827778,798,Assam,2012-06-26,525.3649884052575,99.06499808002263,226.67499582562596,335.9699927587062,"{""type"":""Point"",""coordinates"":[91.72827778000001,26.164055559999998]}"
00000000000000000074,Dima Hasao,25.366254806518555,92.823037,808,Assam,2022-05-14,346.52399219945073,111.54499804601073,234.70499466359615,273.98499355092645,"{""type"":""Point"",""coordinates"":[92.823037,25.36625480651856]}"
00000000000000000076,Dima Hasao,25.117665,92.847709,805,Assam,2022-05-14,373.46899074409157,124.06999673787504,257.80999351199716,289.9999931221828,"{""type"":""Point"",""coordinates"":[92.847709,25.117665000000002]}"
00000000000000000078,Dima Hasao,25.165790557861328,93.00948333740234,632,Assam,2022-05-14,384.8469907557592,141.66499808430672,268.9299939740449,299.09499315544963,"{""type"":""Point"",""coordinates"":[93.00948333740234,25.16579055786133]}"
00000000000000000079,Dima Hasao,25.15859031677246,93.0129165649414,633,Assam,2022-05-14,384.8469907557592,141.66499808430672,268.9299939740449,299.09499315544963,"{""type"":""Point"",""coordinates"":[93.01291656494142,25.15859031677246]}"
0000000000000000007a,Dima Hasao,25.16023063659668,93.0108413696289,624,Assam,2022-05-14,384.8469907557592,141.66499808430672,268.9299939740449,299.09499315544963,"{""type"":""Point"",""coordinates"":[93.0108413696289,25.160230636596676]}"
0000000000000000007b,Dima Hasao,25.17622947692871,93.01325988769533,787,Assam,2022-05-14,384.8469907557592,141.66499808430672,268.9299939740449,299.09499315544963,"{""type"":""Point"",""coordinates"":[93.01325988769533,25.17622947692871]}"
0000000000000000007d,Dima Hasao,25.17136001586914,93.01101684570312,779,Assam,2022-05-14,384.8469907557592,141.66499808430672,268.9299939740449,299.09499315544963,"{""type"":""Point"",""coordinates"":[93.01101684570312,25.171360015869137]}"
0000000000000000007e,Dima Hasao,25.168039321899418,93.02503204345705,647,Assam,2022-05-14,384.8469907557592,141.66499808430672,268.9299939740449,299.09499315544963,"{""type"":""Point"",""coordinates"":[93.02503204345705,25.168039321899418]}"
0000000000000000007f,Dima Hasao,25.15555953979492,93.021583,640,Assam,2022-05-14,384.8469907557592,141.66499808430672,268.9299939740449,299.09499315544963,"{""type"":""Point"",""coordinates"":[93.021583,25.15555953979492]}"
00000000000000000084,Dima Hasao,25.162667,93.009806,666,Assam,2022-05-14,384.8469907557592,141.66499808430672,268.9299939740449,299.09499315544963,"{""type"":""Point"",""coordinates"":[93.009806,25.162667]}"
000000000000000001f8,Dima Hasao,25.16808319091797,93.024922,649,Assam,2022-05-14,384.8469907557592,141.66499808430672,268.9299939740449,299.09499315544963,"{""type"":""Point"",""coordinates"":[93.024922,25.16808319091797]}"
00000000000000000075,Dima Hasao,25.164270401000977,92.99787902832033,664,Assam,2022-05-15,412.9314901093021,161.11499699950218,259.7349941022694,368.12999120447785,"{""type"":""Point"",""coordinates"":[92.99787902832034,25.16427040100098]}"
00000000000000000077,Dima Hasao,25.167360305786133,93.00952911376952,623,Assam,2022-05-15,446.5769892213866,140.73999714292586,272.59499430283904,372.9499911572784,"{""type"":""Point"",""coordinates"":[93.00952911376952,25.167360305786133]}"
0000000000000000007c,Dima Hasao,25.189189910888672,93.02117919921876,785,Assam,2022-05-15,446.5769892213866,140.73999714292586,272.59499430283904,372.9499911572784,"{""type"":""Point"",""coordinates"":[93.02117919921876,25.189189910888675]}"
00000000000000000081,Dima Hasao,25.174829483032227,93.019861,655,Assam,2022-05-15,446.5769892213866,140.73999714292586,272.59499430283904,372.9499911572784,"{""type"":""Point"",""coordinates"":[93.019861,25.174829483032223]}"
00000000000000000083,Dima Hasao,25.165529251098633,93.02172088623048,667,Assam,2022-05-15,446.5769892213866,140.73999714292586,272.59499430283904,372.9499911572784,"{""type"":""Point"",""coordinates"":[93.02172088623048,25.165529251098633]}"
000000000000000001f7,Dima Hasao,25.158138275146484,93.024778,642,Assam,2022-05-15,446.5769892213866,140.73999714292586,272.59499430283904,372.9499911572784,"{""type"":""Point"",""coordinates"":[93.024778,25.158138275146484]}"
000000000000000001fb,Kamrup (Metro),26.187889099121097,91.79492950439452,778,Assam,2022-06-17,796.1999814230949,205.1299953199923,485.3049881486222,679.0849848194048,"{""type"":""Point"",""coordinates"":[91.79492950439452,26.1878890991211]}"
0000000000000000040f,Kamrup,26.170270919799805,91.697998046875,804,Assam,2025-05-31,340.8499937634915,105.23999822326005,188.37999722082168,225.72999652754515,"{""type"":""Point"",""coordinates"":[91.69799804687501,26.170270919799805]}"
0000000000000000045a,Kamrup,26.19113889,91.82961111,799,Assam,2025-05-31,354.90999210625887,123.8149962676689,200.61999507434666,228.2849943106994,"{""type"":""Point"",""coordinates"":[91.82961111,26.19113889]}"
00000000000000000468,Kamrup (Metro),26.184324264526367,91.855395,846,Assam,2025-05-31,354.90999210625887,123.8149962676689,200.61999507434666,228.2849943106994,"{""type"":""Point"",""coordinates"":[91.855395,26.184324264526364]}"
00000000000000000052,Dima Hasao,25.64851188659668,93.121528,850,Assam,2025-06-05,327.99499250296503,8.05999980121851,55.18499880377203,267.6149937743321,"{""type"":""Point"",""coordinates"":[93.121528,25.64851188659668]}"
000000000000000002a0,Dima Hasao,25.698139190673828,93.129423,849,Assam,2025-06-05,327.99499250296503,8.05999980121851,55.18499880377203,267.6149937743321,"{""type"":""Point"",""coordinates"":[93.129423,25.69813919067383]}"
000000000000000001f4,Kamrup,26.1629695892334,91.70590209960938,803,Assam,2025-06-05,356.04499221686274,42.96499893069267,69.98999848216772,264.9149933885783,"{""type"":""Point"",""coordinates"":[91.70590209960938,26.162969589233402]}"
0000000000000000029f,Kamrup (Metro),26.11956024169922,92.052125,848,Assam,2025-06-05,310.3199930097908,33.084999434649944,47.174999199807644,242.15999489743263,"{""type"":""Point"",""coordinates"":[92.052125,26.11956024169922]}"
000000000000000001b3,Bishnupur,24.524125,93.816333,19559,Manipur,2024-08-01,227.30999529454857,71.8649990670383,104.62499845959246,133.31999775674194,"{""type"":""Point"",""coordinates"":[93.81633300000001,24.524125]}"
000000000000000001b4,Bishnupur,24.51705551147461,93.817056,19560,Manipur,2024-08-02,224.97499534953386,61.33999917656183,98.93499868456274,136.5299977203831,"{""type"":""Point"",""coordinates"":[93.817056,24.517055511474613]}"
00000000000000000092,Chandel,24.406389236450195,94.06582641601562,18354,Manipur,2007-09-07,224.313494509086,65.88499830570072,126.30999705102295,149.85349641181529,"{""type"":""Point"",""coordinates"":[94.06582641601562,24.406389236450195]}"
000000000000000001b5,Kangpokpi,25.146528244018555,93.941722,19217,Manipur,2017-06-04,205.78199485410005,38.42999890446663,62.75699837971479,172.43199578206986,"{""type"":""Point"",""coordinates"":[93.94172200000001,25.14652824401855]}"
0000000000000000027d,Noney,24.925199508666992,94.33709716796876,18904,Manipur,2018-06-06,130.86199646256864,7.964999794960022,26.429999254643917,56.866998471319675,"{""type"":""Point"",""coordinates"":[94.33709716796876,24.925199508666996]}"
00000000000000000026,Ri-Bhoi,25.67469444,91.88652778,19578,Manipur,2011-06-26,210.31499495357275,19.824999567121267,87.8249977575615,100.50499747786671,"{""type"":""Point"",""coordinates"":[91.88652778,25.674694439999996]}"
00000000000000000093,Senapati,25.472169876098633,94.15432739257812,19515,Manipur,2007-09-09,223.1219944898039,20.364999634213746,64.77999846357852,130.5549967782572,"{""type"":""Point"",""coordinates"":[94.15432739257812,25.472169876098636]}"
0000000000000000023b,TAMENGLONG,24.98500061035156,93.52113889,19575,Manipur,2011-05-31,287.1299943337217,75.10999798309058,96.87999717518687,104.93499688711017,"{""type"":""Point"",""coordinates"":[93.52113889,24.985000610351562]}"
0000000000000000027c,TAMENGLONG,24.79083333,93.72333333,19576,Manipur,2011-07-06,275.8799936603755,20.02999947965145,73.52999797742814,124.25999651290476,"{""type"":""Point"",""coordinates"":[93.72333333,24.790833330000005]}"
0000000000000000000b,Tamenglong,24.81722068786621,93.51721954345705,18716,Manipur,2007-06-16,172.03999634925276,63.824999135918915,64.30499912146479,148.34499713219702,"{""type"":""Point"",""coordinates"":[93.51721954345705,24.817220687866214]}"
00000000000000000027,Tamenglong,24.86469444,93.62116667,19582,Manipur,2010-06-08,414.90999118052423,113.34499782789499,199.66999600920826,319.7449938496575,"{""type"":""Point"",""coordinates"":[93.62116667,24.864694440000005]}"
00000000000000000028,Tamenglong,24.86297222,93.62397222,19583,Manipur,2010-06-08,414.90999118052423,113.34499782789499,199.66999600920826,319.7449938496575,"{""type"":""Point"",""coordinates"":[93.62397222000001,24.862972220000003]}"
00000000000000000029,Tamenglong,24.73133333,93.92738889,19584,Manipur,2010-03-28,42.16999939456582,39.25499944668263,39.25499944668263,39.98999941535294,"{""type"":""Point"",""coordinates"":[93.92738889000002,24.73133333]}"
00000000000000000095,Tamenglong,24.848329544067383,93.45916748046876,18803,Manipur,2008-06-19,124.15999705716968,9.904999593272805,18.67499931715429,43.75499919336289,"{""type"":""Point"",""coordinates"":[93.45916748046876,24.848329544067386]}"
00000000000000000096,Tamenglong,24.832780838012695,93.4633331298828,18759,Manipur,2008-07-01,212.06749459169805,10.332499743439257,58.20749819278717,169.61249591503292,"{""type"":""Point"",""coordinates"":[93.4633331298828,24.832780838012695]}"
00000000000000000097,Tamenglong,24.817779541015625,93.51583099365234,18718,Manipur,2007-09-10,232.27049433253706,15.964999599382281,60.90499857254326,133.10999675281346,"{""type"":""Point"",""coordinates"":[93.51583099365236,24.817779541015625]}"
00000000000000000098,Tamenglong,24.98611068725586,93.50582885742188,18997,Manipur,2007-08-24,91.3049980616197,6.754999786615372,26.874999432824552,32.15499936789274,"{""type"":""Point"",""coordinates"":[93.50582885742188,24.98611068725586]}"
000000000000000001b6,Tamenglong,24.983806,93.497528,18988,Manipur,2018-06-22,361.10499100666493,21.359999541193247,21.359999541193247,38.4399991966784,"{""type"":""Point"",""coordinates"":[93.497528,24.983806000000005]}"
00000000000000000201,Tamenglong,24.979000091552734,93.49600219726562,19558,Manipur,2024-07-29,184.16499567776918,94.08999813348055,97.26499802619219,114.98999774083495,"{""type"":""Point"",""coordinates"":[93.49600219726562,24.979000091552738]}"
00000000000000000251,Tamenglong,24.848329544067383,93.45916748046876,18802,Manipur,2007-09-12,191.73199593368918,2.244999974966049,11.409999770112336,99.46999769750983,"{""type"":""Point"",""coordinates"":[93.45916748046876,24.848329544067386]}"
000000000000000002a6,Tamenglong,25.091777801513672,92.354694,19123,Manipur,2018-07-11,173.90699617099017,12.654999792575836,17.194999613799155,42.27999881375581,"{""type"":""Point"",""coordinates"":[92.354694,25.09177780151368]}"
0000000000000000027e,Tengnoupal,24.813306,93.243417,18701,Manipur,2018-08-02,178.88999622967094,18.649999860674143,62.12999863550067,98.0899976240471,"{""type"":""Point"",""coordinates"":[93.24341700000001,24.813306]}"
000000000000000002ab,Ukhrul,24.98352813720703,94.158333,18986,Manipur,2018-06-12,317.0134922033176,196.25999487936497,258.34499352425337,265.69499342888594,"{""type"":""Point"",""coordinates"":[94.15833300000001,24.98352813720703]}"
00000000000000000294,Kangpokpi,24.99797248840332,94.020444,19020,Manipur,2007-08-28,161.76999559719115,18.119999580085278,57.27499854750931,120.18999665696174,"{""type"":""Point"",""coordinates"":[94.020444,24.997972488403317]}"
0000000000000000000c,Tamenglong,24.99694061279297,93.5022201538086,19019,Manipur,2007-08-28,144.64999662525952,11.669999718666077,57.19999851286411,84.07499794568866,"{""type"":""Point"",""coordinates"":[93.5022201538086,24.996940612792965]}"
00000000000000000094,Tamenglong,24.993059158325195,93.49749755859376,19016,Manipur,2007-08-28,178.97499508410692,17.62499955482781,89.30999719724059,133.70499605312943,"{""type"":""Point"",""coordinates"":[93.49749755859376,24.9930591583252]}"
00000000000000000099,Tamenglong,24.99082946777344,93.50582885742188,19011,Manipur,2007-08-28,144.64999662525952,11.669999718666077,57.19999851286411,84.07499794568866,"{""type"":""Point"",""coordinates"":[93.50582885742188,24.99082946777344]}"
0000000000000000009a,Tamenglong,24.99082946777344,93.50582885742188,19012,Manipur,2007-08-28,144.64999662525952,11.669999718666077,57.19999851286411,84.07499794568866,"{""type"":""Point"",""coordinates"":[93.50582885742188,24.99082946777344]}"
00000000000000000295,Ukhrul,24.99427795410156,94.205917,19017,Manipur,2007-08-28,178.86499649845064,38.87499937321991,84.31499833147973,140.75999757181853,"{""type"":""Point"",""coordinates"":[94.20591700000001,24.99427795410156]}"
0000000000000000040d,Noney,24.846509,93.573533,19600,Manipur,2025-05-31,264.9899945342913,128.7549976296723,190.8899962771684,230.9849953148514,"{""type"":""Point"",""coordinates"":[93.573533,24.846509]}"
00000000000000000047,Noney,24.863924026489254,93.617853,19601,Manipur,2025-06-05,326.43499322608113,13.579999771900475,18.089999677613378,244.40999490302056,"{""type"":""Point"",""coordinates"":[93.617853,24.863924026489258]}"
0000000000000000009b,East Jaintia Hills,25.04805374145508,92.409245,20504,Meghalaya,2025-05-11,102.46999774500728,7.654999913647771,39.32499924860895,46.3149989657104,"{""type"":""Point"",""coordinates"":[92.409245,25.04805374145508]}"
00000000000000000257,East Jaintia Hills,25.091779708862305,92.3546905517578,19658,Meghalaya,2018-05-07,148.26499714143574,42.71999939158559,60.07499882765114,111.49499803874642,"{""type"":""Point"",""coordinates"":[92.35469055175781,25.09177970886231]}"
00000000000000000018,East Khasi Hills,25.57711111,91.88141667,20511,Meghalaya,2010-08-27,330.7199921393767,37.879999274387956,76.45499833859503,225.12999462056905,"{""type"":""Point"",""coordinates"":[91.88141667,25.57711111]}"
0000000000000000001f,East Khasi Hills,25.56183333,91.86855556,20512,Meghalaya,2010-06-28,556.3699886035174,182.16499633993953,308.4599937936291,377.5599928153679,"{""type"":""Point"",""coordinates"":[91.86855556,25.56183333]}"
00000000000000000020,East Khasi Hills,25.57188889,91.90127778,20513,Meghalaya,2010-06-28,509.7649890948087,145.63999747671187,250.46999458409846,317.1799929784611,"{""type"":""Point"",""coordinates"":[91.90127778,25.57188889]}"
00000000000000000021,East Khasi Hills,25.56852778,91.89219444,20514,Meghalaya,2010-06-28,556.3699886035174,182.16499633993953,308.4599937936291,377.5599928153679,"{""type"":""Point"",""coordinates"":[91.89219444,25.568527780000004]}"
0000000000000000003c,East Khasi Hills,25.5667327,91.9146185,20488,Meghalaya,2024-10-04,233.7749950280413,79.46999800950289,114.81499752122909,129.74999724701047,"{""type"":""Point"",""coordinates"":[91.9146185,25.566732700000003]}"
00000000000000000044,East Khasi Hills,25.65341111,91.89819444,20613,Meghalaya,2024-07-01,831.5249811578542,375.75999166816473,424.61499064415693,499.47498894296587,"{""type"":""Point"",""coordinates"":[91.89819444,25.65341111]}"
0000000000000000009d,East Khasi Hills,25.65308889,91.89803889,20612,Meghalaya,2024-07-01,831.5249811578542,375.75999166816473,424.61499064415693,499.47498894296587,"{""type"":""Point"",""coordinates"":[91.89803889,25.65308889]}"
000000000000000000a4,East Khasi Hills,25.695552,91.903777,20391,Meghalaya,2007-09-15,590.9659860534593,19.704999465495348,25.544999299570918,228.5649958383292,"{""type"":""Point"",""coordinates"":[91.903777,25.695552]}"
000000000000000000c2,East Khasi Hills,25.44835090637207,91.59150278,20581,Meghalaya,2022-06-15,1090.7794728400186,233.64999495074153,555.8599876984954,767.8849814385176,"{""type"":""Point"",""coordinates"":[91.59150278000001,25.448350906372067]}"
000000000000000000c3,East Khasi Hills,25.44743611,91.59103889,20582,Meghalaya,2022-06-15,1090.7794728400186,233.64999495074153,555.8599876984954,767.8849814385176,"{""type"":""Point"",""coordinates"":[91.59103889,25.447436109999998]}"
000000000000000000c4,East Khasi Hills,25.44716111,91.59067778,20583,Meghalaya,2022-06-15,1090.7794728400186,233.64999495074153,555.8599876984954,767.8849814385176,"{""type"":""Point"",""coordinates"":[91.59067778,25.447161110000003]}"
000000000000000000c5,East Khasi Hills,25.28236861,91.73874417,19885,Meghalaya,2024-05-30,592.6149865267798,240.48999490961432,420.4699906744063,510.1349888527766,"{""type"":""Point"",""coordinates"":[91.73874417,25.28236861]}"
000000000000000000c6,East Khasi Hills,25.35861111,91.97208333,20587,Meghalaya,2022-04-04,190.17099472135305,85.95499752555043,102.2109971717,107.56099704653025,"{""type"":""Point"",""coordinates"":[91.97208333,25.35861111]}"
000000000000000000c7,East Khasi Hills,25.35908333,91.97433333,20588,Meghalaya,2022-04-04,190.17099472135305,85.95499752555043,102.2109971717,107.56099704653025,"{""type"":""Point"",""coordinates"":[91.97433333,25.35908333]}"
000000000000000000c8,East Khasi Hills,25.23211111,91.37252778,20547,Meghalaya,2019-06-27,529.569990648888,266.379995460622,359.3249927563593,368.60999248269945,"{""type"":""Point"",""coordinates"":[91.37252778,25.23211111]}"
000000000000000000c9,East Khasi Hills,25.22194444,91.38422222,20548,Meghalaya,2019-06-27,529.569990648888,266.379995460622,359.3249927563593,368.60999248269945,"{""type"":""Point"",""coordinates"":[91.38422222,25.221944440000005]}"
000000000000000000ca,East Khasi Hills,25.18688889,91.39855556,20551,Meghalaya,2019-06-27,452.8699904708192,209.3049954827875,348.09999286197126,360.91499260719866,"{""type"":""Point"",""coordinates"":[91.39855556,25.186888890000002]}"
000000000000000000d6,East Khasi Hills,25.300389,91.726722,19902,Meghalaya,2009-06-29,217.40999533887953,97.73999807611108,103.61999804992229,125.62499745376408,"{""type"":""Point"",""coordinates"":[91.726722,25.300389]}"
000000000000000000d7,East Khasi Hills,25.566669464111328,91.90193939208984,20204,Meghalaya,2007-09-08,574.0449861856177,305.89999283850193,407.99998986162245,463.3999885376543,"{""type"":""Point"",""coordinates"":[91.90193939208984,25.566669464111328]}"
000000000000000001af,East Khasi Hills,25.57822036743164,91.86544799804688,20231,Meghalaya,2014-09-23,599.8949859021232,336.6199913918972,478.6649886947125,563.3099866993725,"{""type"":""Point"",""coordinates"":[91.86544799804688,25.57822036743164]}"
00000000000000000259,East Khasi Hills,25.29599952697754,91.93199920654295,19895,Meghalaya,2022-04-04,286.78049252554774,157.0449956394732,178.83049516007304,190.54049461707473,"{""type"":""Point"",""coordinates"":[91.93199920654295,25.29599952697754]}"
0000000000000000025a,East Khasi Hills,25.18766667,91.39816667,20550,Meghalaya,2019-06-27,452.8699904708192,209.3049954827875,348.09999286197126,360.91499260719866,"{""type"":""Point"",""coordinates"":[91.39816667000001,25.18766667]}"
000000000000000002ae,East Khasi Hills,25.566518,91.914509,20656,Meghalaya,2025-08-19,405.3699931856245,19.23999955598265,116.07999813649803,330.12499452009797,"{""type"":""Point"",""coordinates"":[91.914509,25.566518000000002]}"
000000000000000002b0,East Khasi Hills,25.56663056,91.91370556,20542,Meghalaya,2019-07-10,853.1304791755974,292.83999130129814,373.28498976677656,426.56998831871897,"{""type"":""Point"",""coordinates"":[91.91370556,25.566630560000004]}"
000000000000000002b1,East Khasi Hills,25.625099182128903,91.91179656982422,20293,Meghalaya,2024-05-27,345.35999382659793,221.98999664746225,227.13999651838094,276.55499538686126,"{""type"":""Point"",""coordinates"":[91.91179656982422,25.625099182128906]}"
0000000000000000005a,Eastern-West Khasi Hill,25.69683611,91.64485556,20638,Meghalaya,2024-08-06,279.14499305188656,46.814998680725694,86.73499719705433,219.54499414842576,"{""type"":""Point"",""coordinates"":[91.64485556,25.69683611]}"
0000000000000000005b,Eastern-West Khasi Hill,25.6900691986084,91.6708526611328,20647,Meghalaya,2025-06-11,398.28999223560095,18.15499946475029,24.914999280124903,64.61999867483974,"{""type"":""Point"",""coordinates"":[91.6708526611328,25.6900691986084]}"
0000000000000000005c,Eastern-West Khasi Hill,25.733262,91.675754,20648,Meghalaya,2025-06-11,384.06499093119055,59.999999328516424,67.019999130629,89.66499841865152,"{""type"":""Point"",""coordinates"":[91.675754,25.733262]}"
0000000000000000005d,Eastern-West Khasi Hill,25.762051,91.658959,20649,Meghalaya,2024-05-29,536.9249861203134,56.269998613744974,175.84999514184892,276.78999284282327,"{""type"":""Point"",""coordinates"":[91.658959,25.762051]}"
0000000000000000005e,Eastern-West Khasi Hill,25.791616439819336,91.658242,20651,Meghalaya,2024-05-29,536.9249861203134,56.269998613744974,175.84999514184892,276.78999284282327,"{""type"":""Point"",""coordinates"":[91.658242,25.791616439819336]}"
000000000000000000a6,Eastern-West Khasi Hill,25.49551944,91.49585278,20621,Meghalaya,2025-07-02,246.89999555703253,49.354998477734625,125.5749981040135,145.1149974744767,"{""type"":""Point"",""coordinates"":[91.49585278,25.495519440000002]}"
000000000000000000a9,Eastern-West Khasi Hill,25.69688611,91.64176667,20635,Meghalaya,2025-06-25,299.8199941534549,31.849999725818634,60.42999859713018,82.44999814964831,"{""type"":""Point"",""coordinates"":[91.64176667,25.696886109999998]}"
000000000000000000aa,Eastern-West Khasi Hill,25.70087778,91.642902,20636,Meghalaya,2024-10-08,288.72999365534633,1.449999950826168,68.81999865174294,189.7999958684668,"{""type"":""Point"",""coordinates"":[91.642902,25.70087778]}"
000000000000000000ab,Eastern-West Khasi Hill,25.69866667,91.64517222,20637,Meghalaya,2024-08-06,279.14499305188656,46.814998680725694,86.73499719705433,219.54499414842576,"{""type"":""Point"",""coordinates"":[91.64517222,25.698666670000005]}"
000000000000000000ae,Eastern-West Khasi Hill,25.68690556,91.64915278,20642,Meghalaya,2025-05-28,368.5449924422428,42.68499917536974,85.07999825756997,133.3949976125732,"{""type"":""Point"",""coordinates"":[91.64915278,25.68690556]}"
000000000000000000af,Eastern-West Khasi Hill,25.68822222,91.66746111,20646,Meghalaya,2025-06-11,398.28999223560095,18.15499946475029,24.914999280124903,64.61999867483974,"{""type"":""Point"",""coordinates"":[91.66746111,25.68822222]}"
000000000000000000b0,Eastern-West Khasi Hill,25.77093505859375,91.656497,20650,Meghalaya,2024-05-29,536.9249861203134,56.269998613744974,175.84999514184892,276.78999284282327,"{""type"":""Point"",""coordinates"":[91.656497,25.77093505859375]}"
000000000000000000b1,Eastern-West Khasi Hill,25.803983688354492,91.659801,20652,Meghalaya,2024-08-28,379.85999224800617,24.56999941635877,63.24999908078462,117.34999798703939,"{""type"":""Point"",""coordinates"":[91.659801,25.803983688354496]}"
00000000000000000202,Eastern-West Khasi Hill,25.688833236694336,91.653639,20643,Meghalaya,2025-06-25,299.8199941534549,31.849999725818634,60.42999859713018,82.44999814964831,"{""type"":""Point"",""coordinates"":[91.653639,25.688833236694336]}"
00000000000000000256,Eastern-West Khasi Hill,25.68698889,91.64812222,20641,Meghalaya,2025-05-28,368.5449924422428,42.68499917536974,85.07999825756997,133.3949976125732,"{""type"":""Point"",""coordinates"":[91.64812222,25.68698889]}"
0000000000000000000d,Jaintia Hills,25.12186050415039,92.388583,19675,Meghalaya,2007-07-31,620.3449874389917,150.3549959473312,259.95499435439706,446.3699912186712,"{""type"":""Point"",""coordinates"":[92.38858300000001,25.12186050415039]}"
000000000000000000da,Jaintia Hills,25.435609817504883,91.862056,20055,Meghalaya,2009-07-17,214.78999556042254,15.72499977517873,39.659999390132725,47.49999915808439,"{""type"":""Point"",""coordinates"":[91.862056,25.435609817504883]}"
0000000000000000028f,Jaintia Hills,25.134194,92.383528,19681,Meghalaya,2007-07-31,620.3449874389917,150.3549959473312,259.95499435439706,446.3699912186712,"{""type"":""Point"",""coordinates"":[92.383528,25.134193999999997]}"
0000000000000000001c,Ri-Bhoi,26.00361111,92.86361111,20534,Meghalaya,2012-07-26,227.3849949305877,76.51499836146832,89.07999800518155,112.31999736186117,"{""type"":""Point"",""coordinates"":[92.86361111,26.00361111]}"
00000000000000000056,Ri-Bhoi,25.79744444,91.87408611,20628,Meghalaya,2024-06-14,266.50999449007213,87.25499787181616,117.2149971947074,133.21499681659043,"{""type"":""Point"",""coordinates"":[91.87408611,25.79744444]}"
000000000000000000b6,Ri-Bhoi,25.80725833,91.87509444,20629,Meghalaya,2024-07-14,530.1449869628996,10.329999752342701,39.89999908953905,125.34999654162675,"{""type"":""Point"",""coordinates"":[91.87509444,25.80725833]}"
000000000000000000cb,Ri-Bhoi,25.663444,91.915944,20350,Meghalaya,2017-06-17,493.7899905964732,215.24499579519033,236.31999527662992,413.14499222300947,"{""type"":""Point"",""coordinates"":[91.915944,25.663443999999995]}"
000000000000000001b0,Ri-Bhoi,26.002939224243164,91.8669204711914,20469,Meghalaya,2014-09-23,428.8199917767197,198.83499678969383,352.1399934962392,382.8599926866591,"{""type"":""Point"",""coordinates"":[91.8669204711914,26.00293922424316]}"
000000000000000001b1,Ri-Bhoi,25.97256088256836,91.86241912841795,20460,Meghalaya,2014-10-05,439.328991336748,0.0,0.13499999605119228,14.708999732509255,"{""type"":""Point"",""coordinates"":[91.86241912841795,25.972560882568363]}"
000000000000000001b2,Ri-Bhoi,25.95846939086914,91.85405731201172,20452,Meghalaya,2014-09-23,516.9849888272583,247.1899949684739,412.22499161586165,457.71499037370086,"{""type"":""Point"",""coordinates"":[91.85405731201172,25.958469390869144]}"
00000000000000000203,Ri-Bhoi,25.8090877532959,91.875238,20496,Meghalaya,2025-07-06,313.3349941102788,32.774999253451824,73.59499841742218,134.13499650731683,"{""type"":""Point"",""coordinates"":[91.875238,25.809087753295895]}"
00000000000000000204,Ri-Bhoi,25.781246185302734,91.874475,20497,Meghalaya,2024-07-06,588.6349835637957,9.794999822974205,86.43999797292054,472.78498669713736,"{""type"":""Point"",""coordinates"":[91.874475,25.781246185302738]}"
00000000000000000239,Ri-Bhoi,25.67469444,91.88652778,20538,Meghalaya,2011-06-26,210.31499495357275,19.824999567121267,87.8249977575615,100.50499747786671,"{""type"":""Point"",""coordinates"":[91.88652778,25.674694439999996]}"
0000000000000000023a,Ri-Bhoi,26.025470733642575,91.87158203125,20474,Meghalaya,2014-09-20,176.46999581344426,47.609998889267445,51.499998811632395,82.88499831780791,"{""type"":""Point"",""coordinates"":[91.87158203125,26.02547073364257]}"
0000000000000000005f,South West Garo Hills,25.56742286682129,89.979711,20655,Meghalaya,2026-07-13,212.76999534107745,66.529998566024,89.87999818753451,137.09499704372138,"{""type"":""Point"",""coordinates"":[89.979711,25.567422866821293]}"
00000000000000000048,South West Khasi Hills,25.37129167,91.48003056,20595,Meghalaya,2024-06-15,597.159985284321,233.054996015504,429.70999000873417,451.7149893557653,"{""type"":""Point"",""coordinates"":[91.48003056,25.37129167]}"
000000000000000000b9,South West Khasi Hills,25.29966926574707,91.4610824584961,20491,Meghalaya,2024-06-15,591.484989660792,255.38999699801207,459.6949934931472,499.844992573373,"{""type"":""Point"",""coordinates"":[91.4610824584961,25.29966926574707]}"
000000000000000000ba,South West Khasi Hills,25.29667091369629,91.4598617553711,20492,Meghalaya,2024-06-17,879.1449851952493,307.4249947378412,562.8149917358533,788.6749877911061,"{""type"":""Point"",""coordinates"":[91.4598617553711,25.29667091369629]}"
000000000000000000bb,South West Khasi Hills,25.29750061035156,91.461669921875,20493,Meghalaya,2024-06-17,879.1449851952493,307.4249947378412,562.8149917358533,788.6749877911061,"{""type"":""Point"",""coordinates"":[91.461669921875,25.29750061035156]}"
000000000000000000bc,South West Khasi Hills,25.297779083251953,91.459716796875,20495,Meghalaya,2024-06-15,591.484989660792,255.38999699801207,459.6949934931472,499.844992573373,"{""type"":""Point"",""coordinates"":[91.459716796875,25.297779083251953]}"
000000000000000000bd,South West Khasi Hills,25.29738998413086,91.4620132446289,20494,Meghalaya,2024-06-17,879.1449851952493,307.4249947378412,562.8149917358533,788.6749877911061,"{""type"":""Point"",""coordinates"":[91.4620132446289,25.297389984130856]}"
0000000000000000027b,South West Khasi Hills,25.3145809173584,91.45242309570312,19914,Meghalaya,2013-08-06,273.87049396149814,75.59499850589782,82.43999837245792,163.13549623079598,"{""type"":""Point"",""coordinates"":[91.45242309570312,25.3145809173584]}"
0000000000000000000e,West Garo Hills,25.51028060913086,90.21678161621094,20108,Meghalaya,2007-07-27,303.9399935444817,130.6249971240759,188.39499575644732,223.08499516546726,"{""type"":""Point"",""coordinates"":[90.21678161621094,25.51028060913086]}"
000000000000000000cc,West Garo Hills,25.38163333,90.06033889,20578,Meghalaya,2022-06-09,308.71849316265434,148.72999674081802,260.7349944487214,302.5949932700023,"{""type"":""Point"",""coordinates"":[90.06033889,25.381633329999996]}"
0000000000000000003d,West Jaintia Hills,25.47704743,92.16831285,20486,Meghalaya,2020-05-25,276.05499379802495,92.40499829687178,118.6999976746738,221.8999952916056,"{""type"":""Point"",""coordinates"":[92.16831285,25.47704743]}"
0000000000000000003e,West Jaintia Hills,25.28422636,92.11294194,20489,Meghalaya,2020-06-26,525.0149891190231,276.5299948947504,416.46999210026115,423.2599917864427,"{""type"":""Point"",""coordinates"":[92.11294194000001,25.284226359999998]}"
00000000000000000205,West Jaintia Hills,25.41955556,92.16194444,20592,Meghalaya,2023-08-10,163.86599721759558,4.149999970570207,14.074999812990427,86.21999814361334,"{""type"":""Point"",""coordinates"":[92.16194444,25.41955556]}"
0000000000000000000f,West Khasi Hills,25.36497222,91.02411111,20524,Meghalaya,2012-05-01,249.61199337989092,39.8819989785552,65.981998343952,124.54699526168406,"{""type"":""Point"",""coordinates"":[91.02411111,25.36497222]}"
0000000000000000001e,West Khasi Hills,25.53086111,91.29780556,20535,Meghalaya,2012-08-21,312.6699915518984,181.26999464817345,200.76499422360212,224.27999390289187,"{""type"":""Point"",""coordinates"":[91.29780556,25.53086111]}"
000000000000000000d5,West Khasi Hills,25.52901389,91.26188611,20591,Meghalaya,2023-06-17,579.44498817157,96.70499773789197,421.4149923818186,521.1299892636016,"{""type"":""Point"",""coordinates"":[91.26188611,25.52901389]}"
000000000000000000db,West Khasi Hills,25.686250686645508,91.118358,20376,Meghalaya,2007-09-15,647.7014859151095,28.874999328516424,73.77499856054783,285.77499340474606,"{""type"":""Point"",""coordinates"":[91.118358,25.686250686645508]}"
000000000000000000dc,West Khasi Hills,25.6948299407959,91.1183624267578,20390,Meghalaya,2007-09-15,647.7014859151095,28.874999328516424,73.77499856054783,285.77499340474606,"{""type"":""Point"",""coordinates"":[91.1183624267578,25.694829940795895]}"
000000000000000000dd,West Khasi Hills,25.201000213623047,91.23400115966795,19737,Meghalaya,2008-08-12,286.74949301127344,50.47999869380146,119.78999658394605,207.12999447248876,"{""type"":""Point"",""coordinates"":[91.23400115966795,25.20100021362305]}"
000000000000000000de,West Khasi Hills,25.20282936096191,91.2090835571289,19739,Meghalaya,2008-08-10,270.76949347928166,69.30999789014459,74.76999775413424,179.73999535478652,"{""type"":""Point"",""coordinates"":[91.2090835571289,25.20282936096191]}"
000000000000000000df,West Khasi Hills,25.519729614257812,91.28443145751952,20112,Meghalaya,2007-07-25,732.5949841570109,304.4399913335219,315.75499105546623,533.9149874532595,"{""type"":""Point"",""coordinates"":[91.28443145751952,25.519729614257812]}"
000000000000000000e3,West Khasi Hills,25.444650650024418,91.34622192382812,20064,Meghalaya,2007-07-17,307.72499255556613,158.15499620418996,191.22499559167773,242.45499392692,"{""type"":""Point"",""coordinates"":[91.34622192382812,25.444650650024418]}"
000000000000000000e4,West Khasi Hills,25.388029098510746,91.4697723388672,20014,Meghalaya,2007-06-16,740.3429856151342,130.09999692440033,143.59999675489962,457.14999073185027,"{""type"":""Point"",""coordinates"":[91.4697723388672,25.388029098510742]}"
000000000000000000e7,West Khasi Hills,25.400230407714844,91.51589965820312,20033,Meghalaya,2007-06-16,745.7799829822034,144.5299969315529,182.85999628156424,519.0649891691282,"{""type"":""Point"",""coordinates"":[91.51589965820314,25.400230407714847]}"
0000000000000000025d,West Khasi Hills,25.50334930419922,91.2833480834961,20096,Meghalaya,2007-07-25,732.5949841570109,304.4399913335219,315.75499105546623,533.9149874532595,"{""type"":""Point"",""coordinates"":[91.2833480834961,25.50334930419922]}"
00000000000000000290,West Khasi Hills,25.52079963684082,91.25984954833984,20114,Meghalaya,2007-07-25,732.5949841570109,304.4399913335219,315.75499105546623,533.9149874532595,"{""type"":""Point"",""coordinates"":[91.25984954833986,25.520799636840813]}"
00000000000000000253,East Khasi Hills,25.32083320617676,91.92749786376952,19924,Meghalaya,2007-07-19,540.834989416413,318.38499312102795,444.79999097716063,473.3049902608618,"{""type"":""Point"",""coordinates"":[91.92749786376952,25.32083320617676]}"
00000000000000000254,East Khasi Hills,25.315176010131836,91.923021,19917,Meghalaya,2007-07-19,540.834989416413,318.38499312102795,444.79999097716063,473.3049902608618,"{""type"":""Point"",""coordinates"":[91.923021,25.315176010131836]}"
00000000000000000258,East Khasi Hills,25.50368056,91.72342222,20097,Meghalaya,2007-07-19,572.9549884051085,253.21499546431005,391.94499220419675,478.94999066833407,"{""type"":""Point"",""coordinates"":[91.72342222,25.503680559999996]}"
000000000000000000e0,West Khasi Hills,25.506669998168945,91.2831802368164,20099,Meghalaya,2007-07-19,447.46499273367226,183.65999720990658,298.024995431304,354.29499443620443,"{""type"":""Point"",""coordinates"":[91.2831802368164,25.50666999816895]}"
000000000000000000e1,West Khasi Hills,25.31488037109375,91.33367156982422,19916,Meghalaya,2007-07-19,604.0399873983115,287.06999385356903,460.32499116193503,493.57499014865607,"{""type"":""Point"",""coordinates"":[91.33367156982422,25.31488037109375]}"
000000000000000000e2,West Khasi Hills,25.318479537963867,91.45262145996094,19923,Meghalaya,2007-07-19,650.9449875848368,333.5999937057495,521.5849899761379,572.5599892670289,"{""type"":""Point"",""coordinates"":[91.45262145996094,25.31847953796387]}"
00000000000000000291,West Khasi Hills,25.31488037109375,91.44912719726562,19915,Meghalaya,2007-07-19,650.9449875848368,333.5999937057495,521.5849899761379,572.5599892670289,"{""type"":""Point"",""coordinates"":[91.44912719726562,25.314880371093754]}"
00000000000000000255,East Khasi Hills,25.40791702270508,91.998889,20038,Meghalaya,2007-08-18,148.03499640710652,12.414999604225159,39.75499899126589,99.23499749042094,"{""type"":""Point"",""coordinates"":[91.998889,25.407917022705078]}"
000000000000000000e8,South Garo hills,25.403061,90.724166,20036,Meghalaya,2007-08-18,226.7649943018332,13.909999763593078,70.62499800138175,180.18999547977,"{""type"":""Point"",""coordinates"":[90.724166,25.403061000000008]}"
000000000000000000e5,West Khasi Hills,25.424999237060547,91.40499877929688,20047,Meghalaya,2007-08-18,188.5599958440289,9.454999811947346,62.05499856173992,147.4749967372045,"{""type"":""Point"",""coordinates"":[91.40499877929688,25.42499923706055]}"
000000000000000000e6,West Khasi Hills,25.40130043029785,91.45854949951172,20035,Meghalaya,2007-08-18,188.5599958440289,9.454999811947346,62.05499856173992,147.4749967372045,"{""type"":""Point"",""coordinates"":[91.45854949951172,25.40130043029785]}"
00000000000000000292,West Khasi Hills,25.40546989440918,91.53711700439452,20037,Meghalaya,2007-08-18,197.89999578054994,8.264999737031758,76.95999829936773,159.87499694060534,"{""type"":""Point"",""coordinates"":[91.53711700439452,25.405469894409183]}"
000000000000000000d8,East Khasi Hills,25.54261016845703,92.10867309570312,20142,Meghalaya,2009-07-01,319.4804916391149,190.41549401078373,258.9454930899665,279.6804925473407,"{""type"":""Point"",""coordinates"":[92.10867309570312,25.54261016845703]}"
0000000000000000025b,East Khasi Hills,25.54327964782715,92.1047821044922,20148,Meghalaya,2009-07-01,319.4804916391149,190.41549401078373,258.9454930899665,279.6804925473407,"{""type"":""Point"",""coordinates"":[92.1047821044922,25.543279647827152]}"
0000000000000000025c,East Khasi Hills,25.542640686035156,92.10214233398438,20144,Meghalaya,2009-07-01,319.4804916391149,190.41549401078373,258.9454930899665,279.6804925473407,"{""type"":""Point"",""coordinates"":[92.10214233398438,25.54264068603516]}"
0000000000000000028e,East Khasi Hills,25.54231071472168,92.0999984741211,20141,Meghalaya,2009-07-01,347.9219933990389,195.32199659571052,274.946994535625,306.6769938925281,"{""type"":""Point"",""coordinates"":[92.0999984741211,25.542310714721683]}"
000000000000000000d9,Jaintia Hills,25.54261016845703,92.09841918945312,20143,Meghalaya,2009-07-01,347.9219933990389,195.32199659571052,274.946994535625,306.6769938925281,"{""type"":""Point"",""coordinates"":[92.09841918945312,25.54261016845703]}"
00000000000000000019,Jaintia Hills,25.05108333,92.40219444,20521,Meghalaya,2010-04-22,733.9299825010821,201.81499451957643,562.669986021705,650.1549842879176,"{""type"":""Point"",""coordinates"":[92.40219444000002,25.051083329999997]}"
0000000000000000001b,Jaintia Hills,25.04305556,92.42041667,20522,Meghalaya,2010-04-22,733.9299825010821,201.81499451957643,562.669986021705,650.1549842879176,"{""type"":""Point"",""coordinates"":[92.42041667,25.04305556]}"
0000000000000000001d,Jaintia Hills,25.04222222,92.44127778,20523,Meghalaya,2010-04-22,733.9299825010821,201.81499451957643,562.669986021705,650.1549842879176,"{""type"":""Point"",""coordinates"":[92.44127778,25.042222220000003]}"
00000000000000000022,Jaintia Hills,25.13561111,92.38050079345705,20517,Meghalaya,2010-04-22,874.7499827453867,317.42999399919063,654.7849871795624,737.1299851918593,"{""type"":""Point"",""coordinates"":[92.38050079345705,25.135611110000003]}"
00000000000000000023,Jaintia Hills,25.13486111,92.38200378417967,20518,Meghalaya,2010-04-22,874.7499827453867,317.42999399919063,654.7849871795624,737.1299851918593,"{""type"":""Point"",""coordinates"":[92.38200378417967,25.13486111]}"
00000000000000000024,Jaintia Hills,25.12383333,92.38519444,20519,Meghalaya,2010-04-22,874.7499827453867,317.42999399919063,654.7849871795624,737.1299851918593,"{""type"":""Point"",""coordinates"":[92.38519444,25.123833329999997]}"
00000000000000000025,Jaintia Hills,25.07533333,92.36341667,20520,Meghalaya,2010-04-22,753.0899802558124,261.60999376513064,549.1699845949188,643.65998272039,"{""type"":""Point"",""coordinates"":[92.36341667,25.075333329999996]}"
00000000000000000010,Jaintia Hills,25.26361111,92.38557778,20525,Meghalaya,2012-06-26,669.4149853717536,288.0399941802025,324.79999345354736,385.089991052635,"{""type"":""Point"",""coordinates"":[92.38557778,25.263611109999996]}"
00000000000000000011,Jaintia Hills,25.26005556,92.38863889,20526,Meghalaya,2012-06-26,669.4149853717536,288.0399941802025,324.79999345354736,385.089991052635,"{""type"":""Point"",""coordinates"":[92.38863889,25.26005556]}"
00000000000000000012,Jaintia Hills,25.14702778,92.37883333,20527,Meghalaya,2012-06-26,724.4799852548167,281.7299949452281,312.5249942652881,379.89499287027866,"{""type"":""Point"",""coordinates"":[92.37883333,25.14702778]}"
00000000000000000013,Jaintia Hills,25.14702778,92.37883333,20528,Meghalaya,2012-06-26,724.4799852548167,281.7299949452281,312.5249942652881,379.89499287027866,"{""type"":""Point"",""coordinates"":[92.37883333,25.14702778]}"
00000000000000000014,Jaintia Hills,25.14341667,92.37805556,20529,Meghalaya,2012-06-26,724.4799852548167,281.7299949452281,312.5249942652881,379.89499287027866,"{""type"":""Point"",""coordinates"":[92.37805556,25.14341667]}"
00000000000000000015,Jaintia Hills,25.13427778,92.38511111,20530,Meghalaya,2012-06-26,724.4799852548167,281.7299949452281,312.5249942652881,379.89499287027866,"{""type"":""Point"",""coordinates"":[92.38511111,25.134277779999998]}"
00000000000000000016,Jaintia Hills,25.09022222,92.35805556,20531,Meghalaya,2012-06-26,714.8649818524718,281.64999245107174,309.5299919815734,374.56999059021473,"{""type"":""Point"",""coordinates"":[92.35805556,25.090222220000005]}"
00000000000000000017,Jaintia Hills,25.09055556,92.35972222,20532,Meghalaya,2012-06-26,714.8649818524718,281.64999245107174,309.5299919815734,374.56999059021473,"{""type"":""Point"",""coordinates"":[92.35972222,25.09055556]}"
0000000000000000001a,Jaintia Hills,25.08772222,92.36086111,20533,Meghalaya,2012-06-26,714.8649818524718,281.64999245107174,309.5299919815734,374.56999059021473,"{""type"":""Point"",""coordinates"":[92.36086111,25.08772222]}"
000000000000000000d1,West Jaintia Hills,25.44233333,92.19447222,20553,Meghalaya,2020-05-26,465.5149893639609,250.59499444626272,306.44499314948916,419.7149904696271,"{""type"":""Point"",""coordinates"":[92.19447222,25.44233333]}"
000000000000000000d2,West Jaintia Hills,25.44177778,92.19558333,20554,Meghalaya,2020-05-26,465.5149893639609,250.59499444626272,306.44499314948916,419.7149904696271,"{""type"":""Point"",""coordinates"":[92.19558333,25.441777779999995]}"
000000000000000000d3,West Jaintia Hills,25.43505556,92.19836111,20557,Meghalaya,2020-05-26,465.5149893639609,250.59499444626272,306.44499314948916,419.7149904696271,"{""type"":""Point"",""coordinates"":[92.19836111,25.43505555999999]}"
000000000000000000d4,West Jaintia Hills,25.45075035095215,92.19452778,20559,Meghalaya,2020-05-26,465.5149893639609,250.59499444626272,306.44499314948916,419.7149904696271,"{""type"":""Point"",""coordinates"":[92.19452778000002,25.45075035095215]}"
00000000000000000248,West Jaintia Hills,25.2842285,92.11314877,20490,Meghalaya,2020-05-26,468.7849912745878,177.77499724179506,279.79999516531825,376.03999308124185,"{""type"":""Point"",""coordinates"":[92.11314877,25.284228499999998]}"
0000000000000000029b,West Jaintia Hills,25.46307925,92.25426106,20487,Meghalaya,2020-05-26,460.82499196659774,266.1549959303811,321.4799949908629,396.1199935255572,"{""type"":""Point"",""coordinates"":[92.25426106,25.463079250000003]}"
000000000000000002a4,West Jaintia Hills,25.44741667,92.20138889,20558,Meghalaya,2020-05-26,460.82499196659774,266.1549959303811,321.4799949908629,396.1199935255572,"{""type"":""Point"",""coordinates"":[92.20138889,25.44741667]}"
000000000000000002a5,West Jaintia Hills,25.45351667,92.18784722,20560,Meghalaya,2020-05-26,465.5149893639609,250.59499444626272,306.44499314948916,419.7149904696271,"{""type"":""Point"",""coordinates"":[92.18784722,25.45351667]}"
000000000000000000cd,South Garo Hills,25.36103333,91.64700833,20575,Meghalaya,2022-06-17,1574.6199655523524,473.7599879838526,776.5749811939895,1198.3149741822854,"{""type"":""Point"",""coordinates"":[91.64700833,25.361033329999998]}"
000000000000000000ce,South Garo Hills,25.45939722,90.70860278,20579,Meghalaya,2022-06-17,1051.9999758508056,336.38999159634113,470.1099887145683,740.0449810726568,"{""type"":""Point"",""coordinates"":[90.70860278,25.45939722]}"
000000000000000000cf,South Garo Hills,25.45903056,90.70813333,20580,Meghalaya,2022-06-17,1051.9999758508056,336.38999159634113,470.1099887145683,740.0449810726568,"{""type"":""Point"",""coordinates"":[90.70813333,25.45903056]}"
000000000000000000d0,South Garo Hills,25.21022222,90.63220278,20577,Meghalaya,2022-06-17,888.0849787089974,293.95499320793897,446.4549892889336,615.1599859753624,"{""type"":""Point"",""coordinates"":[90.63220278,25.210222220000002]}"
000000000000000000c1,East Jaintia Hills,25.37539167,92.431275,19995,Meghalaya,2024-05-28,195.96999599132687,111.45999770611525,147.93499698862433,153.83999681472778,"{""type"":""Point"",""coordinates"":[92.431275,25.37539167]}"
00000000000000000049,East Khasi Hills,25.34508889,91.60050278,20607,Meghalaya,2024-05-28,333.86499170865864,158.2549957074225,236.0049939751625,250.87499352544546,"{""type"":""Point"",""coordinates"":[91.60050278,25.345088890000003]}"
0000000000000000004a,East Khasi Hills,25.44693056,91.74096667,20605,Meghalaya,2024-05-28,351.9999926779419,156.64999614842236,238.58499484695494,262.9349944777787,"{""type"":""Point"",""coordinates"":[91.74096667,25.446930560000002]}"
0000000000000000009c,East Khasi Hills,25.41384722,91.67856111,20606,Meghalaya,2024-05-28,325.46999231446534,150.58499647211283,223.36999500356615,255.74499396048486,"{""type"":""Point"",""coordinates"":[91.67856111000002,25.41384722]}"
0000000000000000009e,East Khasi Hills,25.630403,91.8899195,20600,Meghalaya,2024-05-28,447.01998905837536,176.85499519389123,253.63499352242798,358.8699907204136,"{""type"":""Point"",""coordinates"":[91.8899195,25.630403]}"
0000000000000000009f,East Khasi Hills,25.630858,91.887601,20601,Meghalaya,2024-05-28,447.01998905837536,176.85499519389123,253.63499352242798,358.8699907204136,"{""type"":""Point"",""coordinates"":[91.887601,25.630858]}"
000000000000000000bf,East Khasi Hills,25.62790278,91.88801944,20599,Meghalaya,2024-05-28,447.01998905837536,176.85499519389123,253.63499352242798,358.8699907204136,"{""type"":""Point"",""coordinates"":[91.88801944,25.62790278]}"
00000000000000000305,Eastern-West Khasi Hill,25.68798889,91.65838889,20644,Meghalaya,2024-05-28,414.9199911952019,173.8649965468794,238.00999579019845,331.97999355755746,"{""type"":""Point"",""coordinates"":[91.65838889,25.687988889999996]}"
00000000000000000306,Eastern-West Khasi Hill,25.68804931640625,91.6665267944336,20645,Meghalaya,2024-05-28,414.9199911952019,173.8649965468794,238.00999579019845,331.97999355755746,"{""type"":""Point"",""coordinates"":[91.6665267944336,25.688049316406257]}"
00000000000000000304,South West Khasi Hills,25.39295833,91.55163333,20594,Meghalaya,2024-05-28,343.0349923754111,141.56499711237848,228.09499500785023,244.37999434862286,"{""type"":""Point"",""coordinates"":[91.55163333,25.39295833]}"
00000000000000000307,South West Khasi Hills,25.40288611,91.43424167,20596,Meghalaya,2024-05-28,382.93498946074396,161.73999614454806,263.1149925570935,297.9549916991964,"{""type"":""Point"",""coordinates"":[91.43424167,25.402886110000004]}"
000000000000000000a5,Eastern-West Khasi Hill,25.55256111,91.61870278,20593,Meghalaya,2024-06-28,696.7649843012914,34.254999295808375,59.93999880645424,95.45499814581126,"{""type"":""Point"",""coordinates"":[91.61870278000002,25.552561109999996]}"
00000000000000000053,Ri-Bhoi,25.68591944,91.90256667,20625,Meghalaya,2024-06-30,645.7749872040004,218.85999440774322,248.31999382004142,326.6099925301969,"{""type"":""Point"",""coordinates"":[91.90256667,25.68591944]}"
000000000000000000b3,Ri-Bhoi,25.67517222,91.89830017089844,20616,Meghalaya,2024-06-30,699.5599848795682,229.19999604672194,253.74999546073377,326.4349938184023,"{""type"":""Point"",""coordinates"":[91.89830017089844,25.67517222]}"
000000000000000000b5,Ri-Bhoi,25.68255833,91.90111389,20624,Meghalaya,2024-06-30,645.7749872040004,218.85999440774322,248.31999382004142,326.6099925301969,"{""type"":""Point"",""coordinates"":[91.90111389,25.68255833]}"
0000000000000000024c,Ri-Bhoi,25.67546111,91.89726944,20619,Meghalaya,2024-06-30,699.5599848795682,229.19999604672194,253.74999546073377,326.4349938184023,"{""type"":""Point"",""coordinates"":[91.89726944,25.67546111]}"
00000000000000000040,East Khasi Hills,25.65057222,91.89351389,20603,Meghalaya,2024-07-02,765.4849821347743,189.89999470114708,419.099990747869,479.60498929582536,"{""type"":""Point"",""coordinates"":[91.89351389,25.65057222]}"
0000000000000000004b,East Khasi Hills,25.64887222,91.89692778,20604,Meghalaya,2024-07-02,765.4849821347743,189.89999470114708,419.099990747869,479.60498929582536,"{""type"":""Point"",""coordinates"":[91.89692778,25.64887222]}"
0000000000000000004c,East Khasi Hills,25.641242,91.894137,20602,Meghalaya,2024-07-02,765.4849821347743,189.89999470114708,419.099990747869,479.60498929582536,"{""type"":""Point"",""coordinates"":[91.894137,25.641242]}"
0000000000000000004d,West Khasi Hills,25.531739,91.296177,20597,Meghalaya,2024-07-02,849.3399796914309,149.7799960076809,393.7549906671047,447.28998937271535,"{""type"":""Point"",""coordinates"":[91.296177,25.531738999999998]}"
00000000000000000057,West Khasi Hills,25.62269444,91.16914444,20630,Meghalaya,2024-07-02,723.3399829845876,125.80499770492315,294.80499366112053,353.3349922588095,"{""type"":""Point"",""coordinates"":[91.16914444,25.622694439999997]}"
00000000000000000058,West Khasi Hills,25.66156667,91.13485278,20632,Meghalaya,2024-07-02,723.3399829845876,125.80499770492315,294.80499366112053,353.3349922588095,"{""type"":""Point"",""coordinates"":[91.13485278,25.661566670000003]}"
000000000000000000be,West Khasi Hills,25.540056228637695,91.314142,20598,Meghalaya,2024-07-02,863.6199805866927,153.7499970793724,430.16499000787735,480.40498883090913,"{""type"":""Point"",""coordinates"":[91.31414200000002,25.540056228637695]}"
000000000000000000c0,West Khasi Hills,25.61276111,91.17375278,20631,Meghalaya,2024-07-02,723.3399829845876,125.80499770492315,294.80499366112053,353.3349922588095,"{""type"":""Point"",""coordinates"":[91.17375278,25.612761110000005]}"
00000000000000000059,Eastern-West Khasi Hill,25.69150833,91.64160833,20633,Meghalaya,2025-05-29,440.17999124806374,103.48999813944101,131.534997491166,188.15999635402113,"{""type"":""Point"",""coordinates"":[91.64160833,25.69150833]}"
00000000000000000046,East Khasi Hills,25.30127778,91.92198889,20618,Meghalaya,2025-05-30,499.1849874416366,133.10499631799757,173.66499548591673,247.00999355968088,"{""type"":""Point"",""coordinates"":[91.92198889,25.30127778]}"
000000000000000000a0,East Khasi Hills,25.465167,91.824944,20499,Meghalaya,2025-05-30,575.0599866397679,182.2049960643053,222.77499493211508,276.31499346066266,"{""type"":""Point"",""coordinates"":[91.824944,25.465167000000005]}"
000000000000000000a1,East Khasi Hills,25.43480556,91.85952778,20501,Meghalaya,2025-05-30,575.0599866397679,182.2049960643053,222.77499493211508,276.31499346066266,"{""type"":""Point"",""coordinates"":[91.85952778,25.43480556]}"
000000000000000000a2,East Khasi Hills,25.48716667,91.81936111,20502,Meghalaya,2025-05-30,575.0599866397679,182.2049960643053,222.77499493211508,276.31499346066266,"{""type"":""Point"",""coordinates"":[91.81936111,25.48716667]}"
000000000000000000a3,East Khasi Hills,25.45689582824707,91.826145,20503,Meghalaya,2025-05-30,575.0599866397679,182.2049960643053,222.77499493211508,276.31499346066266,"{""type"":""Point"",""coordinates"":[91.826145,25.456895828247074]}"
00000000000000000252,East Khasi Hills,25.422278,91.867694,20500,Meghalaya,2025-05-30,575.0599866397679,182.2049960643053,222.77499493211508,276.31499346066266,"{""type"":""Point"",""coordinates"":[91.867694,25.422278000000002]}"
00000000000000000041,Eastern-West Khasi Hill,25.65443889,91.62390833,20609,Meghalaya,2025-05-30,497.49999037291855,169.3449965044856,212.02999567985535,274.72499442938715,"{""type"":""Point"",""coordinates"":[91.62390833,25.654438889999998]}"
00000000000000000042,Eastern-West Khasi Hill,25.65443889,91.63345833,20610,Meghalaya,2025-05-30,497.49999037291855,169.3449965044856,212.02999567985535,274.72499442938715,"{""type"":""Point"",""coordinates"":[91.63345833,25.654438889999998]}"
00000000000000000043,Eastern-West Khasi Hill,25.65977222,91.63440556,20611,Meghalaya,2025-05-30,497.49999037291855,169.3449965044856,212.02999567985535,274.72499442938715,"{""type"":""Point"",""coordinates"":[91.63440556,25.659772219999997]}"
000000000000000000a8,Eastern-West Khasi Hill,25.69517778,91.64123611,20634,Meghalaya,2025-05-30,497.49999037291855,169.3449965044856,212.02999567985535,274.72499442938715,"{""type"":""Point"",""coordinates"":[91.64123611,25.69517778]}"
000000000000000000ac,Eastern-West Khasi Hill,25.69523333,91.64426944,20639,Meghalaya,2025-05-30,497.49999037291855,169.3449965044856,212.02999567985535,274.72499442938715,"{""type"":""Point"",""coordinates"":[91.64426944,25.69523333]}"
000000000000000000ad,Eastern-West Khasi Hill,25.69463611,91.64577778,20640,Meghalaya,2025-05-30,497.49999037291855,169.3449965044856,212.02999567985535,274.72499442938715,"{""type"":""Point"",""coordinates"":[91.64577778,25.694636109999998]}"
00000000000000000045,Ri-Bhoi,25.67032222,91.90487222,20615,Meghalaya,2025-05-30,485.12498849630356,190.85999500844628,216.9099945994094,275.5049934750423,"{""type"":""Point"",""coordinates"":[91.90487222000002,25.67032222]}"
00000000000000000054,Ri-Bhoi,25.71165556,91.89512778,20626,Meghalaya,2025-05-30,500.47999015264213,170.38499701861292,199.05999645404518,262.9149948293343,"{""type"":""Point"",""coordinates"":[91.89512778,25.71165556]}"
00000000000000000055,Ri-Bhoi,25.75297778,91.88535278,20627,Meghalaya,2025-05-30,500.47999015264213,170.38499701861292,199.05999645404518,262.9149948293343,"{""type"":""Point"",""coordinates"":[91.88535278,25.75297778]}"
000000000000000000b2,Ri-Bhoi,25.663150787353516,91.90180278,20614,Meghalaya,2025-05-30,485.12498849630356,190.85999500844628,216.9099945994094,275.5049934750423,"{""type"":""Point"",""coordinates"":[91.90180278,25.663150787353516]}"
000000000000000000b4,Ri-Bhoi,25.67761389,91.89865833,20620,Meghalaya,2025-05-30,530.1299858922139,201.22999499272555,232.6049942644313,299.01999240461737,"{""type"":""Point"",""coordinates"":[91.89865833000002,25.677613890000007]}"
000000000000000000a7,South West Khasi Hills,25.28247222,91.36413333,20622,Meghalaya,2025-05-30,556.8749861046672,159.5849963054061,182.63999578356743,250.80999412760139,"{""type"":""Point"",""coordinates"":[91.36413333,25.28247222]}"
000000000000000000b7,South West Khasi Hills,25.619397,91.6170425415039,20608,Meghalaya,2025-05-30,497.49999037291855,169.3449965044856,212.02999567985535,274.72499442938715,"{""type"":""Point"",""coordinates"":[91.6170425415039,25.619397]}"
000000000000000000b8,South West Khasi Hills,25.28090556,91.36584722,20623,Meghalaya,2025-05-30,556.8749861046672,159.5849963054061,182.63999578356743,250.80999412760139,"{""type"":""Point"",""coordinates"":[91.36584722,25.280905559999997]}"
00000000000000000410,East Khasi Hills,25.42315556,91.86329167,20617,Meghalaya,2025-05-31,629.3899861387908,155.5299974307418,297.32999350875616,349.2699920712039,"{""type"":""Point"",""coordinates"":[91.86329167,25.423155560000005]}"
0000000000000000040e,Eastern-West Khasi Hill,25.700668334960938,91.596815,20653,Meghalaya,2025-05-31,577.11498847045,120.30499711167067,234.04499491583556,315.97499329131097,"{""type"":""Point"",""coordinates"":[91.596815,25.700668334960938]}"
00000000000000000411,Eastern-West Khasi Hill,25.73945426940918,91.572107,20654,Meghalaya,2025-05-31,577.11498847045,120.30499711167067,234.04499491583556,315.97499329131097,"{""type"":""Point"",""coordinates"":[91.572107,25.739454269409176]}"
0000000000000000002a,Aizawl,23.70213889,92.71822222,23976,Mizoram,2011-05-22,155.0249967239797,40.144999565556645,48.37999939639121,128.87499748170376,"{""type"":""Point"",""coordinates"":[92.71822222,23.702138890000004]}"
00000000000000000039,Aizawl,23.73053889,92.716019,22921,Mizoram,2018-06-22,385.52998922765255,4.339999921619892,4.339999921619892,27.654999002814293,"{""type"":""Point"",""coordinates"":[92.716019,23.73053889]}"
000000000000000000eb,Aizawl,23.700835,92.877449,23950,Mizoram,2025-06-15,399.38998959120363,104.44999655522406,115.60999614186585,168.50499433279037,"{""type"":""Point"",""coordinates"":[92.877449,23.700835]}"
000000000000000000ec,Aizawl,23.74751853942871,92.853155,23957,Mizoram,2025-06-15,399.38998959120363,104.44999655522406,115.60999614186585,168.50499433279037,"{""type"":""Point"",""coordinates"":[92.853155,23.747518539428714]}"
000000000000000000ed,Aizawl,24.18561111,92.94536111,22970,Mizoram,2013-08-15,235.70099388062954,65.34499803371727,73.14499775879085,121.45999688375741,"{""type"":""Point"",""coordinates"":[92.94536111,24.18561111]}"
000000000000000000ee,Aizawl,23.86638889,92.88138889,22994,Mizoram,2022-10-02,144.88449664320797,42.73949904087931,47.879498860798776,102.74449786636978,"{""type"":""Point"",""coordinates"":[92.88138889,23.86638889]}"
000000000000000000ef,Aizawl,23.57166667,92.71083333,23010,Mizoram,2023-06-09,281.1754947435111,124.73499763663858,192.77999679092318,215.18499641679227,"{""type"":""Point"",""coordinates"":[92.71083333,23.57166667]}"
000000000000000000f0,Aizawl,23.54380556,92.70136111,23014,Mizoram,2023-08-06,327.029492828995,154.46999735478312,168.54999700002372,253.5744949588552,"{""type"":""Point"",""coordinates"":[92.70136111,23.54380556]}"
000000000000000000f1,Aizawl,23.53986111,92.70063889,23016,Mizoram,2023-08-06,327.029492828995,154.46999735478312,168.54999700002372,253.5744949588552,"{""type"":""Point"",""coordinates"":[92.70063889000001,23.539861110000004]}"
000000000000000000f2,Aizawl,23.52972222,92.69611111,23019,Mizoram,2023-08-03,252.9239931832999,44.69999902602285,78.69899807218462,101.25399746466428,"{""type"":""Point"",""coordinates"":[92.69611111,23.52972222]}"
000000000000000000f3,Aizawl,23.49991667,92.70136111,23020,Mizoram,2023-06-02,66.76949857547879,10.089499738998711,40.48949932679534,52.64449893962592,"{""type"":""Point"",""coordinates"":[92.70136111,23.49991667]}"
000000000000000000f4,Aizawl,23.5,92.70111111,23021,Mizoram,2023-08-09,338.6039935769513,41.57999899983406,194.8699962645769,266.2549946140498,"{""type"":""Point"",""coordinates"":[92.70111111,23.499999999999996]}"
000000000000000000f5,Aizawl,23.59944444,92.72019444,22948,Mizoram,2023-06-09,281.1754947435111,124.73499763663858,192.77999679092318,215.18499641679227,"{""type"":""Point"",""coordinates"":[92.72019444000001,23.599444439999992]}"
000000000000000000f6,Aizawl,23.51980556,92.70066667,22949,Mizoram,2023-08-13,363.9644926376641,2.6999999321997166,37.039999418891966,242.759995569475,"{""type"":""Point"",""coordinates"":[92.70066667,23.51980556]}"
000000000000000000f7,Aizawl,24.27138889,92.95999908447266,22953,Mizoram,2023-07-24,203.91999491024762,103.49499768484384,122.09999703615904,145.7649964131415,"{""type"":""Point"",""coordinates"":[92.95999908447266,24.271388889999997]}"
000000000000000000f8,Aizawl,23.73305556,92.75,23095,Mizoram,2024-07-22,229.17499554902315,42.45999886095524,97.59499809145927,137.4799972679466,"{""type"":""Point"",""coordinates"":[92.75,23.733055560000004]}"
000000000000000000fa,Aizawl,23.73888889,92.71472222,23109,Mizoram,2024-08-21,474.2099884999916,193.27499512769282,301.4849931234494,436.1699893977493,"{""type"":""Point"",""coordinates"":[92.71472222,23.73888889]}"
000000000000000000fb,Aizawl,23.74194444,92.71305556,23117,Mizoram,2024-08-21,474.2099884999916,193.27499512769282,301.4849931234494,436.1699893977493,"{""type"":""Point"",""coordinates"":[92.71305556,23.741944440000005]}"
000000000000000000fc,Aizawl,23.74388889,92.71222222,23118,Mizoram,2024-07-20,189.52499663829803,55.134999230504036,77.97499874047935,137.94999767374247,"{""type"":""Point"",""coordinates"":[92.71222222,23.743888890000004]}"
000000000000000000fe,Aizawl,23.69777778,92.71944444,23129,Mizoram,2024-09-20,122.33499755337834,1.1449999511241913,2.01499995123595,30.884999189525843,"{""type"":""Point"",""coordinates"":[92.71944444,23.697777780000003]}"
000000000000000000ff,Aizawl,23.69972222,92.71749877929688,23130,Mizoram,2024-06-20,160.72499620262533,7.494999854825437,53.59999909810722,86.57999818213284,"{""type"":""Point"",""coordinates"":[92.71749877929688,23.69972222]}"
00000000000000000103,Aizawl,23.58694444,92.81749725341795,23172,Mizoram,2024-08-25,514.0549879912287,16.779999669641256,80.3899979442358,333.66499163303524,"{""type"":""Point"",""coordinates"":[92.81749725341797,23.586944439999996]}"
00000000000000000104,Aizawl,23.61583333,92.79111111,23210,Mizoram,2023-09-23,270.034993362613,1.694999948143959,29.819999262690544,156.3649964230135,"{""type"":""Point"",""coordinates"":[92.79111111,23.615833329999997]}"
00000000000000000105,Aizawl,23.62361111,92.78888889,23215,Mizoram,2024-08-28,534.9049874925986,12.884999731555581,29.699999349191785,139.8749964814633,"{""type"":""Point"",""coordinates"":[92.78888889,23.62361111]}"
00000000000000000106,Aizawl,23.60111111,92.75888889,23222,Mizoram,2024-05-26,129.86999761033803,89.22999861836433,107.08499826397747,112.55499808769673,"{""type"":""Point"",""coordinates"":[92.75888889,23.601111110000005]}"
00000000000000000107,Aizawl,23.5625,92.70777778,23251,Mizoram,2024-08-25,558.1749864406884,15.429999800398946,80.10499870963395,384.1299912724644,"{""type"":""Point"",""coordinates"":[92.70777778,23.562500000000004]}"
00000000000000000108,Aizawl,23.56555556,92.7074966430664,23252,Mizoram,2024-07-19,161.07999632600695,6.189999808557332,28.83999954443425,56.64499887265265,"{""type"":""Point"",""coordinates"":[92.7074966430664,23.56555556]}"
00000000000000000109,Aizawl,23.53805556,92.71861111,23265,Mizoram,2024-05-29,352.53499229904264,67.87999826855958,278.2149936687201,330.6899928804487,"{""type"":""Point"",""coordinates"":[92.71861111000001,23.53805556]}"
0000000000000000010b,Aizawl,23.54166667,92.66472222,23334,Mizoram,2023-08-12,394.59899043571204,2.7999999364838004,39.92999955359846,281.4299932019785,"{""type"":""Point"",""coordinates"":[92.66472222,23.541666670000005]}"
0000000000000000010c,Aizawl,23.52694444,92.65444444,23348,Mizoram,2024-09-20,132.87499629799277,1.4249999793246388,3.5299999229609966,36.60499920975417,"{""type"":""Point"",""coordinates"":[92.65444444,23.526944440000005]}"
0000000000000000010d,Aizawl,23.52583333,92.63861111,23350,Mizoram,2024-06-02,383.19999174028635,2.3699999190866947,3.9099998958408833,298.32999388873577,"{""type"":""Point"",""coordinates"":[92.63861111,23.52583333]}"
0000000000000000010e,Aizawl,23.66194444,92.85416667,23430,Mizoram,2024-11-12,10.244999779388309,0.0,0.0,10.124999782070518,"{""type"":""Point"",""coordinates"":[92.85416667,23.66194444]}"
00000000000000000112,Aizawl,23.73027778,92.76861111,23472,Mizoram,2024-08-28,515.8249871907756,6.76999974809587,21.17499945126474,118.26499725412577,"{""type"":""Point"",""coordinates"":[92.76861111000001,23.730277780000005]}"
0000000000000000011b,Aizawl,23.70333333,92.87638889,23489,Mizoram,2024-07-18,157.2149971295148,11.924999937415123,62.82999935001135,117.71499799657613,"{""type"":""Point"",""coordinates"":[92.87638889,23.703333330000003]}"
0000000000000000011c,Aizawl,23.73361111,92.84833333,23494,Mizoram,2024-06-07,404.2099877987057,30.339998956769705,30.339998956769705,44.734998947009444,"{""type"":""Point"",""coordinates"":[92.84833333,23.733611109999995]}"
0000000000000000011d,Aizawl,23.73361111,92.85305556,23495,Mizoram,2024-08-28,467.6699901064858,3.0299999164417386,15.709999625571072,102.39999766927212,"{""type"":""Point"",""coordinates"":[92.85305556,23.73361111]}"
00000000000000000125,Aizawl,23.77166667,92.84805556,23509,Mizoram,2023-07-23,175.07999720424414,70.25499914586544,107.24999868497252,137.03499798011035,"{""type"":""Point"",""coordinates"":[92.84805556,23.77166667]}"
0000000000000000012c,Aizawl,24.04531667,93.49220278,23535,Mizoram,2024-10-07,143.97999722324312,10.679999809712172,12.394999761134386,50.41999927442521,"{""type"":""Point"",""coordinates"":[93.49220278,24.04531667]}"
0000000000000000012d,Aizawl,24.090024948120117,93.54191667,23536,Mizoram,2024-10-07,157.81499737128615,34.94999913871288,38.27499908953905,66.49999855831265,"{""type"":""Point"",""coordinates"":[93.54191667,24.090024948120117]}"
0000000000000000014a,Aizawl,23.25986389,93.16155278,23597,Mizoram,2024-10-28,47.21499914675951,0.0,0.5999999828636646,39.54999924544245,"{""type"":""Point"",""coordinates"":[93.16155278,23.25986389]}"
0000000000000000014b,Aizawl,23.25828611,93.15288333,23598,Mizoram,2024-11-28,0.9199999747797847,0.9199999747797847,0.9199999747797847,0.9199999747797847,"{""type"":""Point"",""coordinates"":[93.15288333,23.258286109999993]}"
0000000000000000014c,Aizawl,23.26126111,93.15070556,23599,Mizoram,2024-11-28,0.9199999747797847,0.9199999747797847,0.9199999747797847,0.9199999747797847,"{""type"":""Point"",""coordinates"":[93.15070556,23.261261110000007]}"
00000000000000000152,Aizawl,23.34297778,93.057775,23623,Mizoram,2024-09-13,116.33499706536531,12.319999728351831,41.27999910339713,65.1099984832108,"{""type"":""Point"",""coordinates"":[93.057775,23.342977779999995]}"
00000000000000000157,Aizawl,23.24454722,93.17027222,23681,Mizoram,2024-07-19,108.56999743916094,6.384999871253967,24.37999935541302,33.95499920938164,"{""type"":""Point"",""coordinates"":[93.17027222,23.244547219999998]}"
0000000000000000015b,Aizawl,23.468799591064453,92.7208023071289,23986,Mizoram,2025-01-02,6.0099998991936445,0.0,0.0,0.0,"{""type"":""Point"",""coordinates"":[92.7208023071289,23.468799591064453]}"
0000000000000000015c,Aizawl,23.494600296020508,92.70439910888672,23995,Mizoram,2024-08-25,517.0299869552255,17.659999748691916,79.45999776851386,344.49999107792974,"{""type"":""Point"",""coordinates"":[92.70439910888673,23.49460029602051]}"
000000000000000001ae,Aizawl,23.751693725585938,92.731528,22177,Mizoram,2007-09-08,533.8084882078692,267.3799939500168,326.4549928372726,394.07349119801074,"{""type"":""Point"",""coordinates"":[92.731528,23.75169372558594]}"
000000000000000001b7,Aizawl,23.64638889,92.72638889,22755,Mizoram,2023-10-02,252.3049939116463,41.799998447299004,61.58499794546515,95.9399974886328,"{""type"":""Point"",""coordinates"":[92.72638889,23.64638889]}"
00000000000000000207,Aizawl,23.58591667,92.71777778,23012,Mizoram,2023-07-25,161.72499556280673,15.384999349713326,62.289998275227845,117.01999660301954,"{""type"":""Point"",""coordinates"":[92.71777778,23.585916669999996]}"
00000000000000000208,Aizawl,23.55944444,92.70833333,23013,Mizoram,2023-07-06,188.82349546719342,116.74499715864658,150.18499625846744,152.81849623378366,"{""type"":""Point"",""coordinates"":[92.70833333,23.55944444]}"
00000000000000000209,Aizawl,23.53333333,92.69722222,23018,Mizoram,2023-08-02,248.51899316348135,41.03399922233075,86.9889978216961,105.43899730686098,"{""type"":""Point"",""coordinates"":[92.69722222,23.53333333]}"
00000000000000000211,Aizawl,23.88361111,92.85305556,23530,Mizoram,2024-08-17,239.07499414961785,77.94499833509326,118.95999754965305,127.48999727517366,"{""type"":""Point"",""coordinates"":[92.85305556,23.88361111]}"
00000000000000000214,Aizawl,24.05808333,93.49808333,23534,Mizoram,2024-10-07,143.97999722324312,10.679999809712172,12.394999761134386,50.41999927442521,"{""type"":""Point"",""coordinates"":[93.49808333,24.058083330000002]}"
00000000000000000215,Aizawl,24.12715278,93.53351389,23539,Mizoram,2024-10-07,182.21999553684145,47.39999875146896,51.16499860305339,89.14999753050506,"{""type"":""Point"",""coordinates"":[93.53351389,24.12715278]}"
0000000000000000023c,Aizawl,23.60830556,92.85058333,23979,Mizoram,2016-09-17,243.77499599847943,138.74499829579145,142.48499817959964,232.98499628994614,"{""type"":""Point"",""coordinates"":[92.85058333,23.60830556]}"
00000000000000000244,Aizawl,23.70827778,92.71711111,22919,Mizoram,2022-07-23,198.6049961457029,48.069999041967094,69.54999865870923,102.50999807100743,"{""type"":""Point"",""coordinates"":[92.71711111,23.70827778]}"
0000000000000000025f,Aizawl,23.58388889,92.71722222,23011,Mizoram,2023-08-08,348.6944922907278,68.56999838724732,223.03999574203044,275.02449464425445,"{""type"":""Point"",""coordinates"":[92.71722222,23.583888890000004]}"
00000000000000000260,Aizawl,23.54027778,92.70138889,23015,Mizoram,2023-08-06,327.029492828995,154.46999735478312,168.54999700002372,253.5744949588552,"{""type"":""Point"",""coordinates"":[92.70138889,23.540277780000004]}"
00000000000000000261,Aizawl,23.53499984741211,92.69694444,23017,Mizoram,2023-07-28,182.08499478828162,1.5399999655783176,36.534999292343855,115.09499715920538,"{""type"":""Point"",""coordinates"":[92.69694444,23.53499984741211]}"
00000000000000000262,Aizawl,23.78138889,92.67638889,23023,Mizoram,2023-10-25,75.0749982856214,36.229999270290136,68.43499860260636,68.43499860260636,"{""type"":""Point"",""coordinates"":[92.67638889,23.78138889]}"
00000000000000000263,Aizawl,23.76388889,92.73388889,23105,Mizoram,2024-09-26,137.40999654121697,62.61499869916588,81.18999809864908,110.23499690555036,"{""type"":""Point"",""coordinates"":[92.73388889,23.763888890000004]}"
00000000000000000269,Aizawl,23.755925,92.726753,23723,Mizoram,2025-05-24,68.46999833546579,16.16999949887395,27.00499934889376,55.28499889932573,"{""type"":""Point"",""coordinates"":[92.726753,23.755924999999998]}"
0000000000000000026b,Aizawl,23.7002691,92.7181685,23715,Mizoram,2025-05-13,99.54499736148864,7.379999622702599,10.08499950915575,11.924999423325062,"{""type"":""Point"",""coordinates"":[92.71816850000002,23.7002691]}"
0000000000000000027a,Aizawl,23.74416732788086,92.730472,22157,Mizoram,2007-09-08,533.8084882078692,267.3799939500168,326.4549928372726,394.07349119801074,"{""type"":""Point"",""coordinates"":[92.730472,23.74416732788086]}"
0000000000000000027f,Aizawl,23.74150833,92.70785833,23971,Mizoram,2023-06-04,118.54349783342332,0.0,17.408499672077596,83.95349836256355,"{""type"":""Point"",""coordinates"":[92.70785833,23.741508329999995]}"
000000000000000002af,Aizawl,23.65530556,92.70249938964844,22917,Mizoram,2022-04-05,33.87399913277477,0.019999999552965164,0.654999990016222,0.8089999854564667,"{""type"":""Point"",""coordinates"":[92.70249938964844,23.655305560000002]}"
000000000000000002b3,Aizawl,23.71688889,92.72083333,23970,Mizoram,2022-07-26,179.10499613080174,15.989999789744616,85.61499822326005,114.81499767396599,"{""type"":""Point"",""coordinates"":[92.72083333,23.71688889]}"
0000000000000000025e,Hnahthial,22.91452778,92.89333333,22907,Mizoram,2022-11-14,0.006000000052154064,0.0,0.0,0.0,"{""type"":""Point"",""coordinates"":[92.89333333000002,22.91452778]}"
00000000000000000163,Khawzawl,23.486306,93.220639,23944,Mizoram,2025-06-12,391.72999150212854,4.319999925792217,64.08999793231487,78.2599975541234,"{""type"":""Point"",""coordinates"":[93.220639,23.486306000000003]}"
00000000000000000164,Kolasib,23.93194444,92.65222222,23024,Mizoram,2023-09-17,201.5999956522137,24.364999424666166,56.494998283684254,164.2549966312945,"{""type"":""Point"",""coordinates"":[92.65222222,23.93194444]}"
00000000000000000165,Kolasib,23.05805556,92.67583333,23026,Mizoram,2023-08-12,441.9319890141487,17.654999762773514,35.779999420046806,341.00499042868614,"{""type"":""Point"",""coordinates"":[92.67583333,23.05805556]}"
00000000000000000166,Kolasib,23.05222222,92.67027778,23028,Mizoram,2023-09-12,227.54499475006014,41.76999916136265,49.51499895658344,99.7199980719015,"{""type"":""Point"",""coordinates"":[92.67027778,23.05222222]}"
00000000000000000167,Kolasib,23.03016667,92.67336111,23030,Mizoram,2023-09-12,227.54499475006014,41.76999916136265,49.51499895658344,99.7199980719015,"{""type"":""Point"",""coordinates"":[92.67336111,23.030166669999996]}"
00000000000000000168,Kolasib,23.02280556,92.67255556,23031,Mizoram,2023-09-17,272.3299939446151,83.87999797053635,93.10999771021307,161.2849964844063,"{""type"":""Point"",""coordinates"":[92.67255556,23.02280556]}"
0000000000000000016a,Kolasib,24.54263333,93.39741944,23566,Mizoram,2024-08-18,337.9099927395582,106.02999746054411,154.81499608419836,181.40999542735517,"{""type"":""Point"",""coordinates"":[93.39741944,24.54263333]}"
0000000000000000016d,Kolasib,24.73838889,93.30909722,23573,Mizoram,2024-08-18,334.5399923492223,120.08499784767628,152.92999684810638,191.22999561578035,"{""type"":""Point"",""coordinates"":[93.30909722,24.73838889]}"
0000000000000000016f,Kolasib,24.716224670410156,93.32551389,23575,Mizoram,2024-08-18,334.5399923492223,120.08499784767628,152.92999684810638,191.22999561578035,"{""type"":""Point"",""coordinates"":[93.32551389,24.716224670410156]}"
00000000000000000171,Kolasib,24.60853333,93.41668333,23578,Mizoram,2024-08-18,321.2999901343137,114.24999606329948,138.174995216541,167.4049945799634,"{""type"":""Point"",""coordinates"":[93.41668333,24.608533330000007]}"
00000000000000000176,Kolasib,23.535600662231445,93.10656944,23622,Mizoram,2024-09-13,141.1899956939742,18.09999941289425,73.71999725792557,78.68999720644206,"{""type"":""Point"",""coordinates"":[93.10656944,23.53560066223145]}"
00000000000000000179,Kolasib,24.599425,93.30004722,23637,Mizoram,2024-08-24,293.209993516095,26.359999335370958,37.284999321214855,191.02999559417367,"{""type"":""Point"",""coordinates"":[93.30004722000001,24.599425]}"
00000000000000000184,Kolasib,23.631219,93.118033,23657,Mizoram,2024-08-15,279.5249933898449,35.97499888762832,45.944998662918806,61.23999848309904,"{""type"":""Point"",""coordinates"":[93.11803300000001,23.631219]}"
00000000000000000185,Kolasib,23.62418333,93.14208611,23660,Mizoram,2024-08-15,279.5249933898449,35.97499888762832,45.944998662918806,61.23999848309904,"{""type"":""Point"",""coordinates"":[93.14208611,23.62418333]}"
00000000000000000194,Kolasib,24.15364444,93.02183611,23686,Mizoram,2024-06-07,294.50499161332846,24.24499903898686,27.429998922161758,32.53999875485897,"{""type"":""Point"",""coordinates"":[93.02183611000001,24.15364444]}"
0000000000000000019a,Kolasib,24.62604722,93.22583889,23702,Mizoram,2024-06-12,194.03999642375857,11.464999958872795,16.589999869465828,30.674999564886093,"{""type"":""Point"",""coordinates"":[93.22583889,24.626047220000004]}"
0000000000000000019c,Kolasib,24.57747459411621,93.19104766845705,23704,Mizoram,2024-10-22,121.02499788533896,4.474999888800085,20.239999934099615,34.65999952238053,"{""type"":""Point"",""coordinates"":[93.19104766845706,24.57747459411621]}"
0000000000000000019d,Kolasib,24.57159996032715,93.17273056,23706,Mizoram,2024-06-12,167.30999579746276,10.679999707266688,13.629999663680792,24.884999410249293,"{""type"":""Point"",""coordinates"":[93.17273056,24.57159996032715]}"
0000000000000000019f,Kolasib,24.576799392700195,93.106075,23709,Mizoram,2024-06-12,167.30999579746276,10.679999707266688,13.629999663680792,24.884999410249293,"{""type"":""Point"",""coordinates"":[93.10607500000002,24.57679939270019]}"
00000000000000000219,Kolasib,23.04750061035156,92.67166667,23027,Mizoram,2023-09-12,227.54499475006014,41.76999916136265,49.51499895658344,99.7199980719015,"{""type"":""Point"",""coordinates"":[92.67166667,23.047500610351562]}"
0000000000000000021a,Kolasib,24.450124740600582,93.35963889,23564,Mizoram,2024-08-08,357.16999242361635,36.78999896068126,123.0549967829138,186.37999561615288,"{""type"":""Point"",""coordinates"":[93.35963889,24.45012474060058]}"
0000000000000000021b,Kolasib,24.60002222,93.37166389,23567,Mizoram,2024-10-21,82.7799976374954,0.08499999716877937,29.259999122470617,31.579999048262835,"{""type"":""Point"",""coordinates"":[93.37166389,24.60002222]}"
0000000000000000021c,Kolasib,24.60067222,93.37223056,23568,Mizoram,2024-10-21,76.49999797716737,0.019999999552965164,22.62499916739762,26.139999011531472,"{""type"":""Point"",""coordinates"":[93.37223056,24.600672219999993]}"
0000000000000000021e,Kolasib,24.60719444,93.46784722,23577,Mizoram,2024-08-19,326.3649899652228,61.94499832764268,147.37499494757503,172.95999436732382,"{""type"":""Point"",""coordinates"":[93.46784722,24.60719444]}"
00000000000000000223,Kolasib,23.56332778,93.10553333,23612,Mizoram,2024-10-22,65.92999888584018,3.654999867081642,6.4399998020380735,8.089999815449119,"{""type"":""Point"",""coordinates"":[93.10553333,23.563327780000005]}"
0000000000000000026c,Kolasib,23.93027778,92.65249633789062,23025,Mizoram,2023-09-17,201.5999956522137,24.364999424666166,56.494998283684254,164.2549966312945,"{""type"":""Point"",""coordinates"":[92.65249633789062,23.93027778]}"
0000000000000000026d,Kolasib,23.00638889,92.67691667,23032,Mizoram,2023-07-23,148.8899969868362,11.264999771490693,70.37499887682498,107.10499790776521,"{""type"":""Point"",""coordinates"":[92.67691667,23.00638889]}"
0000000000000000026e,Kolasib,23.91777778,92.73805556,23037,Mizoram,2023-09-27,265.25499259866774,16.01999966800213,16.1049996688962,98.27999747544527,"{""type"":""Point"",""coordinates"":[92.73805556,23.91777778]}"
0000000000000000026f,Kolasib,23.89638889,92.73638889,23038,Mizoram,2023-09-27,247.13999478053302,16.479999616742134,16.479999616742134,60.5699985018,"{""type"":""Point"",""coordinates"":[92.73638889,23.896388890000004]}"
00000000000000000271,Kolasib,23.03821667,93.12529444,23629,Mizoram,2024-09-17,180.76999665703624,1.105000028386712,32.23999907169491,124.46999804116786,"{""type"":""Point"",""coordinates"":[93.12529444,23.03821667]}"
00000000000000000232,Lunglei,23.229731,92.73967742919922,24003,Mizoram,2025-05-24,77.15999856870621,3.09499984793365,17.89499949477613,50.4699988886714,"{""type"":""Point"",""coordinates"":[92.73967742919922,23.229731000000005]}"
00000000000000000234,Lunglei,23.225357055664062,92.74038696289062,24005,Mizoram,2025-06-06,626.0049863420427,0.4299999848008156,61.074998278170824,399.1849913932383,"{""type"":""Point"",""coordinates"":[92.74038696289062,23.225357055664062]}"
00000000000000000279,Saitual,23.667552947998047,92.89259338378906,23948,Mizoram,2025-06-15,390.2549907770008,98.2999974405393,104.42499728407711,169.03999598510563,"{""type"":""Point"",""coordinates"":[92.89259338378908,23.66755294799805]}"
000000000000000001a9,Serchhip,23.304746,92.862109,23830,Mizoram,2025-06-08,630.2499869158491,25.93999932706356,26.05999932065606,214.6299962569028,"{""type"":""Point"",""coordinates"":[92.862109,23.304746]}"
00000000000000000308,Aizawl,23.60861111,92.85055556,23088,Mizoram,2024-05-28,331.46499376930296,209.23999594151974,288.8349946625531,319.09999405033886,"{""type"":""Point"",""coordinates"":[92.85055556,23.60861111]}"
00000000000000000309,Aizawl,23.73222222,92.75,23096,Mizoram,2024-05-28,401.35999282076955,243.9749959334731,354.0849936977029,390.2649931013584,"{""type"":""Point"",""coordinates"":[92.75,23.732222220000004]}"
0000000000000000030a,Aizawl,23.73194444,92.75,23097,Mizoram,2024-05-28,401.35999282076955,243.9749959334731,354.0849936977029,390.2649931013584,"{""type"":""Point"",""coordinates"":[92.75,23.73194444]}"
0000000000000000030b,Aizawl,23.74083333,92.74111111,23098,Mizoram,2024-05-28,401.35999282076955,243.9749959334731,354.0849936977029,390.2649931013584,"{""type"":""Point"",""coordinates"":[92.74111111,23.74083333]}"
0000000000000000030c,Aizawl,23.74916667,92.69416667,23115,Mizoram,2024-05-28,424.9099916135892,262.954995887354,387.8949923431501,409.429992089048,"{""type"":""Point"",""coordinates"":[92.69416667,23.749166670000005]}"
0000000000000000030d,Aizawl,23.69277778,92.72055556,23121,Mizoram,2024-05-28,362.5149916643277,239.5199938826263,328.74999250099063,350.8599919816479,"{""type"":""Point"",""coordinates"":[92.72055556,23.692777780000004]}"
0000000000000000030e,Aizawl,23.70972222,92.72222222,23132,Mizoram,2024-05-28,401.35999282076955,243.9749959334731,354.0849936977029,390.2649931013584,"{""type"":""Point"",""coordinates"":[92.72222222000002,23.70972222]}"
0000000000000000030f,Aizawl,23.69944444,92.71972222,23133,Mizoram,2024-05-28,362.5149916643277,239.5199938826263,328.74999250099063,350.8599919816479,"{""type"":""Point"",""coordinates"":[92.71972222,23.69944444]}"
00000000000000000310,Aizawl,23.66416667,92.72055556,23145,Mizoram,2024-05-28,362.5149916643277,239.5199938826263,328.74999250099063,350.8599919816479,"{""type"":""Point"",""coordinates"":[92.72055556,23.664166670000004]}"
00000000000000000311,Aizawl,23.66055556,92.72527778,23146,Mizoram,2024-05-28,362.5149916643277,239.5199938826263,328.74999250099063,350.8599919816479,"{""type"":""Point"",""coordinates"":[92.72527778,23.66055556]}"
00000000000000000312,Aizawl,23.65999984741211,92.72638889,23147,Mizoram,2024-05-28,362.5149916643277,239.5199938826263,328.74999250099063,350.8599919816479,"{""type"":""Point"",""coordinates"":[92.72638889,23.65999984741211]}"
00000000000000000313,Aizawl,23.65527778,92.72694444,23148,Mizoram,2024-05-28,362.5149916643277,239.5199938826263,328.74999250099063,350.8599919816479,"{""type"":""Point"",""coordinates"":[92.72694444,23.65527778]}"
00000000000000000314,Aizawl,23.65138889,92.72694444,23149,Mizoram,2024-05-28,362.5149916643277,239.5199938826263,328.74999250099063,350.8599919816479,"{""type"":""Point"",""coordinates"":[92.72694444,23.65138889]}"
00000000000000000315,Aizawl,23.64555556,92.72444444,23150,Mizoram,2024-05-28,362.5149916643277,239.5199938826263,328.74999250099063,350.8599919816479,"{""type"":""Point"",""coordinates"":[92.72444444000001,23.645555560000002]}"
00000000000000000316,Aizawl,23.64444444,92.72527778,23152,Mizoram,2024-05-28,362.5149916643277,239.5199938826263,328.74999250099063,350.8599919816479,"{""type"":""Point"",""coordinates"":[92.72527778,23.64444444]}"
00000000000000000317,Aizawl,23.64166667,92.72416667,23153,Mizoram,2024-05-28,362.5149916643277,239.5199938826263,328.74999250099063,350.8599919816479,"{""type"":""Point"",""coordinates"":[92.72416667,23.64166667]}"
00000000000000000318,Aizawl,23.64083333,92.72472222,23154,Mizoram,2024-05-28,362.5149916643277,239.5199938826263,328.74999250099063,350.8599919816479,"{""type"":""Point"",""coordinates"":[92.72472222,23.64083333]}"
00000000000000000319,Aizawl,23.637500762939453,92.72277778,23155,Mizoram,2024-05-28,362.5149916643277,239.5199938826263,328.74999250099063,350.8599919816479,"{""type"":""Point"",""coordinates"":[92.72277778,23.637500762939453]}"
0000000000000000031a,Aizawl,23.62611111,92.72638889,23160,Mizoram,2024-05-28,362.5149916643277,239.5199938826263,328.74999250099063,350.8599919816479,"{""type"":""Point"",""coordinates"":[92.72638889,23.626111109999997]}"
0000000000000000031b,Aizawl,23.63249969482422,92.72388889,23161,Mizoram,2024-05-28,362.5149916643277,239.5199938826263,328.74999250099063,350.8599919816479,"{""type"":""Point"",""coordinates"":[92.72388889,23.63249969482422]}"
0000000000000000031c,Aizawl,23.62972222,92.72555556,23163,Mizoram,2024-05-28,362.5149916643277,239.5199938826263,328.74999250099063,350.8599919816479,"{""type"":""Point"",""coordinates"":[92.72555556,23.62972222]}"
0000000000000000031d,Aizawl,23.61611111,92.71722222,23167,Mizoram,2024-05-28,362.5149916643277,239.5199938826263,328.74999250099063,350.8599919816479,"{""type"":""Point"",""coordinates"":[92.71722222,23.61611111]}"
0000000000000000031e,Aizawl,23.61861111,92.72611111,23170,Mizoram,2024-05-28,362.5149916643277,239.5199938826263,328.74999250099063,350.8599919816479,"{""type"":""Point"",""coordinates"":[92.72611111,23.618611109999993]}"
0000000000000000031f,Aizawl,23.60555556,92.7249984741211,23171,Mizoram,2024-05-28,362.5149916643277,239.5199938826263,328.74999250099063,350.8599919816479,"{""type"":""Point"",""coordinates"":[92.72499847412111,23.60555556]}"
00000000000000000320,Aizawl,23.59194444,92.75055556,23177,Mizoram,2024-05-28,349.6999923111871,210.2799956202507,297.87499352544546,333.0549928583205,"{""type"":""Point"",""coordinates"":[92.75055556,23.591944440000002]}"
00000000000000000321,Aizawl,23.60861111,92.80972222,23184,Mizoram,2024-05-28,331.46499376930296,209.23999594151974,288.8349946625531,319.09999405033886,"{""type"":""Point"",""coordinates"":[92.80972222,23.608611109999995]}"
00000000000000000322,Aizawl,23.60972222,92.80916667,23188,Mizoram,2024-05-28,331.46499376930296,209.23999594151974,288.8349946625531,319.09999405033886,"{""type"":""Point"",""coordinates"":[92.80916667,23.60972222]}"
00000000000000000323,Aizawl,23.61222222,92.80527778,23192,Mizoram,2024-05-28,331.46499376930296,209.23999594151974,288.8349946625531,319.09999405033886,"{""type"":""Point"",""coordinates"":[92.80527778,23.61222222]}"
00000000000000000324,Aizawl,23.61138889,92.80333333,23193,Mizoram,2024-05-28,331.46499376930296,209.23999594151974,288.8349946625531,319.09999405033886,"{""type"":""Point"",""coordinates"":[92.80333333,23.61138889]}"
00000000000000000325,Aizawl,23.61611111,92.79777778,23207,Mizoram,2024-05-28,362.5149916643277,239.5199938826263,328.74999250099063,350.8599919816479,"{""type"":""Point"",""coordinates"":[92.79777778000002,23.61611111]}"
00000000000000000326,Aizawl,23.61472222,92.79583333,23208,Mizoram,2024-05-28,362.5149916643277,239.5199938826263,328.74999250099063,350.8599919816479,"{""type"":""Point"",""coordinates"":[92.79583333,23.614722220000004]}"
00000000000000000327,Aizawl,23.614999771118164,92.79222222,23209,Mizoram,2024-05-28,362.5149916643277,239.5199938826263,328.74999250099063,350.8599919816479,"{""type"":""Point"",""coordinates"":[92.79222222,23.614999771118164]}"
00000000000000000328,Aizawl,23.61861111,92.79000091552734,23211,Mizoram,2024-05-28,362.5149916643277,239.5199938826263,328.74999250099063,350.8599919816479,"{""type"":""Point"",""coordinates"":[92.79000091552736,23.618611109999996]}"
00000000000000000329,Aizawl,23.62333333,92.78888889,23214,Mizoram,2024-05-28,362.5149916643277,239.5199938826263,328.74999250099063,350.8599919816479,"{""type"":""Point"",""coordinates"":[92.78888889,23.623333329999994]}"
0000000000000000032a,Aizawl,23.62527778,92.78638889,23216,Mizoram,2024-05-28,362.5149916643277,239.5199938826263,328.74999250099063,350.8599919816479,"{""type"":""Point"",""coordinates"":[92.78638889,23.62527778]}"
0000000000000000032b,Aizawl,23.59527778,92.71722222,23229,Mizoram,2024-05-28,349.6999923111871,210.2799956202507,297.87499352544546,333.0549928583205,"{""type"":""Point"",""coordinates"":[92.71722222,23.59527778]}"
0000000000000000032c,Aizawl,23.59055556,92.71611111,23230,Mizoram,2024-05-28,349.6999923111871,210.2799956202507,297.87499352544546,333.0549928583205,"{""type"":""Point"",""coordinates"":[92.71611111,23.59055556]}"
0000000000000000032d,Aizawl,23.57138889,92.70972222,23246,Mizoram,2024-05-28,349.6999923111871,210.2799956202507,297.87499352544546,333.0549928583205,"{""type"":""Point"",""coordinates"":[92.70972222,23.571388889999998]}"
0000000000000000032e,Aizawl,23.57055556,92.70888889,23247,Mizoram,2024-05-28,349.6999923111871,210.2799956202507,297.87499352544546,333.0549928583205,"{""type"":""Point"",""coordinates"":[92.70888889,23.57055556]}"
0000000000000000032f,Aizawl,23.57027778,92.70722222,23248,Mizoram,2024-05-28,349.6999923111871,210.2799956202507,297.87499352544546,333.0549928583205,"{""type"":""Point"",""coordinates"":[92.70722222,23.570277779999998]}"
00000000000000000330,Aizawl,23.55388889,92.70472222,23249,Mizoram,2024-05-28,349.6999923111871,210.2799956202507,297.87499352544546,333.0549928583205,"{""type"":""Point"",""coordinates"":[92.70472222,23.553888890000003]}"
00000000000000000331,Aizawl,23.55444444,92.70527778,23250,Mizoram,2024-05-28,349.6999923111871,210.2799956202507,297.87499352544546,333.0549928583205,"{""type"":""Point"",""coordinates"":[92.70527778,23.55444444]}"
00000000000000000332,Aizawl,23.549999237060547,92.70444444,23253,Mizoram,2024-05-28,349.6999923111871,210.2799956202507,297.87499352544546,333.0549928583205,"{""type"":""Point"",""coordinates"":[92.70444444,23.549999237060547]}"
00000000000000000333,Aizawl,23.53555556,92.72333333,23264,Mizoram,2024-05-28,349.6999923111871,210.2799956202507,297.87499352544546,333.0549928583205,"{""type"":""Point"",""coordinates"":[92.72333333000002,23.53555556]}"
00000000000000000334,Aizawl,23.54833333,92.71083333,23272,Mizoram,2024-05-28,349.6999923111871,210.2799956202507,297.87499352544546,333.0549928583205,"{""type"":""Point"",""coordinates"":[92.71083333,23.54833333]}"
00000000000000000335,Aizawl,23.54888889,92.70555556,23277,Mizoram,2024-05-28,349.6999923111871,210.2799956202507,297.87499352544546,333.0549928583205,"{""type"":""Point"",""coordinates"":[92.70555556,23.548888890000004]}"
00000000000000000336,Aizawl,23.545000076293945,92.70333333,23278,Mizoram,2024-05-28,349.6999923111871,210.2799956202507,297.87499352544546,333.0549928583205,"{""type"":""Point"",""coordinates"":[92.70333333,23.545000076293945]}"
00000000000000000337,Aizawl,23.54027778,92.70138889,23279,Mizoram,2024-05-28,349.6999923111871,210.2799956202507,297.87499352544546,333.0549928583205,"{""type"":""Point"",""coordinates"":[92.70138889,23.540277780000004]}"
00000000000000000338,Aizawl,23.53694444,92.69750213623048,23283,Mizoram,2024-05-28,374.7849920280278,224.67999517917633,324.5049931500107,353.0799923669547,"{""type"":""Point"",""coordinates"":[92.6975021362305,23.53694444]}"
00000000000000000339,Aizawl,23.53611111,92.69777778,23284,Mizoram,2024-05-28,374.7849920280278,224.67999517917633,324.5049931500107,353.0799923669547,"{""type"":""Point"",""coordinates"":[92.69777778,23.536111110000004]}"
0000000000000000033a,Aizawl,23.53027778,92.69666667,23289,Mizoram,2024-05-28,374.7849920280278,224.67999517917633,324.5049931500107,353.0799923669547,"{""type"":""Point"",""coordinates"":[92.69666667,23.53027778]}"
0000000000000000033b,Aizawl,23.52861111,92.69750213623048,23290,Mizoram,2024-05-28,374.7849920280278,224.67999517917633,324.5049931500107,353.0799923669547,"{""type"":""Point"",""coordinates"":[92.6975021362305,23.528611110000007]}"
0000000000000000033c,Aizawl,23.52777778,92.69861111,23291,Mizoram,2024-05-28,374.7849920280278,224.67999517917633,324.5049931500107,353.0799923669547,"{""type"":""Point"",""coordinates"":[92.69861111000002,23.52777778]}"
0000000000000000033d,Aizawl,23.52277778,92.70277778,23294,Mizoram,2024-05-28,349.6999923111871,210.2799956202507,297.87499352544546,333.0549928583205,"{""type"":""Point"",""coordinates"":[92.70277778,23.522777779999995]}"
0000000000000000033e,Aizawl,23.51444444,92.69805556,23297,Mizoram,2024-05-28,374.7849920280278,224.67999517917633,324.5049931500107,353.0799923669547,"{""type"":""Point"",""coordinates"":[92.69805556,23.514444440000002]}"
0000000000000000033f,Aizawl,23.51055556,92.69972222,23299,Mizoram,2024-05-28,374.7849920280278,224.67999517917633,324.5049931500107,353.0799923669547,"{""type"":""Point"",""coordinates"":[92.69972222,23.51055556]}"
00000000000000000340,Aizawl,23.50694444,92.69638889,23301,Mizoram,2024-05-28,374.7849920280278,224.67999517917633,324.5049931500107,353.0799923669547,"{""type"":""Point"",""coordinates"":[92.69638889,23.50694444]}"
00000000000000000341,Aizawl,23.50527778,92.69750213623048,23303,Mizoram,2024-05-28,374.7849920280278,224.67999517917633,324.5049931500107,353.0799923669547,"{""type"":""Point"",""coordinates"":[92.6975021362305,23.505277780000004]}"
00000000000000000342,Aizawl,23.55027778,92.70444444,23306,Mizoram,2024-05-28,349.6999923111871,210.2799956202507,297.87499352544546,333.0549928583205,"{""type"":""Point"",""coordinates"":[92.70444444,23.55027778]}"
00000000000000000343,Aizawl,23.54305556,92.70055556,23316,Mizoram,2024-05-28,349.6999923111871,210.2799956202507,297.87499352544546,333.0549928583205,"{""type"":""Point"",""coordinates"":[92.70055556,23.543055560000003]}"
00000000000000000344,Aizawl,23.53972222,92.69944444,23321,Mizoram,2024-05-28,374.7849920280278,224.67999517917633,324.5049931500107,353.0799923669547,"{""type"":""Point"",""coordinates"":[92.69944444,23.539722219999994]}"
00000000000000000345,Aizawl,23.53777778,92.69833333,23322,Mizoram,2024-05-28,374.7849920280278,224.67999517917633,324.5049931500107,353.0799923669547,"{""type"":""Point"",""coordinates"":[92.69833333,23.53777778]}"
00000000000000000346,Aizawl,23.54277778,92.67638889,23327,Mizoram,2024-05-28,374.7849920280278,224.67999517917633,324.5049931500107,353.0799923669547,"{""type"":""Point"",""coordinates"":[92.67638889,23.542777779999998]}"
00000000000000000347,Aizawl,23.54277778,92.67472222,23331,Mizoram,2024-05-28,374.7849920280278,224.67999517917633,324.5049931500107,353.0799923669547,"{""type"":""Point"",""coordinates"":[92.67472222,23.54277778]}"
00000000000000000348,Aizawl,23.54333333,92.66472222,23333,Mizoram,2024-05-28,374.7849920280278,224.67999517917633,324.5049931500107,353.0799923669547,"{""type"":""Point"",""coordinates"":[92.66472222,23.543333329999996]}"
00000000000000000349,Aizawl,23.53944444,92.66527778,23336,Mizoram,2024-05-28,374.7849920280278,224.67999517917633,324.5049931500107,353.0799923669547,"{""type"":""Point"",""coordinates"":[92.66527778,23.539444439999997]}"
0000000000000000034a,Aizawl,23.53888889,92.6624984741211,23338,Mizoram,2024-05-28,374.7849920280278,224.67999517917633,324.5049931500107,353.0799923669547,"{""type"":""Point"",""coordinates"":[92.6624984741211,23.538888889999996]}"
0000000000000000034b,Aizawl,23.53944444,92.65888889,23345,Mizoram,2024-05-28,374.7849920280278,224.67999517917633,324.5049931500107,353.0799923669547,"{""type"":""Point"",""coordinates"":[92.65888889,23.539444439999997]}"
0000000000000000034c,Aizawl,23.53611111,92.65527778,23346,Mizoram,2024-05-28,374.7849920280278,224.67999517917633,324.5049931500107,353.0799923669547,"{""type"":""Point"",""coordinates"":[92.65527778,23.53611111]}"
0000000000000000034d,Aizawl,23.45083333,92.68250274658205,23351,Mizoram,2024-05-28,363.97499155811965,223.6049959845841,314.53499309998006,349.01999192871153,"{""type"":""Point"",""coordinates"":[92.68250274658205,23.45083333]}"
0000000000000000034e,Aizawl,23.44805556,92.68333333,23360,Mizoram,2024-05-28,363.97499155811965,223.6049959845841,314.53499309998006,349.01999192871153,"{""type"":""Point"",""coordinates"":[92.68333333,23.448055559999997]}"
0000000000000000034f,Aizawl,23.44333333,92.68527778,23362,Mizoram,2024-05-28,363.97499155811965,223.6049959845841,314.53499309998006,349.01999192871153,"{""type"":""Point"",""coordinates"":[92.68527778,23.443333330000005]}"
00000000000000000350,Aizawl,23.42722222,92.71277778,23365,Mizoram,2024-05-28,353.3649922097102,228.88499461114407,298.38499331939965,338.7749927053228,"{""type"":""Point"",""coordinates"":[92.71277778000001,23.42722222]}"
00000000000000000351,Aizawl,23.41694444,92.71805556,23367,Mizoram,2024-05-28,353.3649922097102,228.88499461114407,298.38499331939965,338.7749927053228,"{""type"":""Point"",""coordinates"":[92.71805556,23.41694444]}"
00000000000000000352,Aizawl,23.40999984741211,92.74944444,23373,Mizoram,2024-05-28,353.3649922097102,228.88499461114407,298.38499331939965,338.7749927053228,"{""type"":""Point"",""coordinates"":[92.74944444,23.40999984741211]}"
00000000000000000353,Aizawl,23.37972222,92.75166667,23388,Mizoram,2024-05-28,373.1899926401675,238.57499591261148,317.9899937296286,357.2899927943945,"{""type"":""Point"",""coordinates"":[92.75166667,23.37972222]}"
00000000000000000354,Aizawl,23.35694444,92.77027778,23396,Mizoram,2024-05-28,373.1899926401675,238.57499591261148,317.9899937296286,357.2899927943945,"{""type"":""Point"",""coordinates"":[92.77027778,23.35694444]}"
00000000000000000355,Aizawl,23.35638889,92.77027778,23397,Mizoram,2024-05-28,373.1899926401675,238.57499591261148,317.9899937296286,357.2899927943945,"{""type"":""Point"",""coordinates"":[92.77027778,23.35638889]}"
00000000000000000356,Aizawl,23.39166667,92.75527778,23401,Mizoram,2024-05-28,373.1899926401675,238.57499591261148,317.9899937296286,357.2899927943945,"{""type"":""Point"",""coordinates"":[92.75527778,23.39166667]}"
00000000000000000357,Aizawl,23.43194444,92.76083333,23410,Mizoram,2024-05-28,353.3649922097102,228.88499461114407,298.38499331939965,338.7749927053228,"{""type"":""Point"",""coordinates"":[92.76083333,23.43194444]}"
00000000000000000358,Aizawl,23.44138889,92.77888889,23414,Mizoram,2024-05-28,353.3649922097102,228.88499461114407,298.38499331939965,338.7749927053228,"{""type"":""Point"",""coordinates"":[92.77888889,23.44138889]}"
00000000000000000359,Aizawl,23.48555556,92.70305556,23420,Mizoram,2024-05-28,353.3649922097102,228.88499461114407,298.38499331939965,338.7749927053228,"{""type"":""Point"",""coordinates"":[92.70305556,23.485555559999998]}"
0000000000000000035a,Aizawl,23.49083333,92.70555556,23421,Mizoram,2024-05-28,353.3649922097102,228.88499461114407,298.38499331939965,338.7749927053228,"{""type"":""Point"",""coordinates"":[92.70555556,23.490833329999997]}"
0000000000000000035b,Aizawl,23.49861111,92.70388889,23427,Mizoram,2024-05-28,353.3649922097102,228.88499461114407,298.38499331939965,338.7749927053228,"{""type"":""Point"",""coordinates"":[92.70388889,23.498611109999995]}"
0000000000000000035c,Aizawl,23.68277778,92.85749816894533,23431,Mizoram,2024-05-28,331.46499376930296,209.23999594151974,288.8349946625531,319.09999405033886,"{""type"":""Point"",""coordinates"":[92.85749816894533,23.682777780000002]}"
0000000000000000035d,Aizawl,23.68305556,92.85749816894533,23432,Mizoram,2024-05-28,331.46499376930296,209.23999594151974,288.8349946625531,319.09999405033886,"{""type"":""Point"",""coordinates"":[92.85749816894533,23.683055560000007]}"
0000000000000000035e,Aizawl,23.68638889,92.85833333,23436,Mizoram,2024-05-28,331.46499376930296,209.23999594151974,288.8349946625531,319.09999405033886,"{""type"":""Point"",""coordinates"":[92.85833333,23.68638889]}"
0000000000000000035f,Aizawl,23.69472222,92.85972222,23438,Mizoram,2024-05-28,331.46499376930296,209.23999594151974,288.8349946625531,319.09999405033886,"{""type"":""Point"",""coordinates"":[92.85972222,23.694722220000003]}"
00000000000000000360,Aizawl,23.71416667,92.85805556,23439,Mizoram,2024-05-28,375.1899884259328,230.77499259263277,320.4599895514548,368.3199886502698,"{""type"":""Point"",""coordinates"":[92.85805556,23.714166670000004]}"
00000000000000000361,Aizawl,23.72722222,92.85472222,23442,Mizoram,2024-05-28,375.1899884259328,230.77499259263277,320.4599895514548,368.3199886502698,"{""type"":""Point"",""coordinates"":[92.85472222,23.72722222]}"
00000000000000000362,Aizawl,23.72972222,92.85305556,23443,Mizoram,2024-05-28,375.1899884259328,230.77499259263277,320.4599895514548,368.3199886502698,"{""type"":""Point"",""coordinates"":[92.85305556,23.72972222]}"
00000000000000000363,Aizawl,23.73111111,92.84638889,23446,Mizoram,2024-05-28,375.1899884259328,230.77499259263277,320.4599895514548,368.3199886502698,"{""type"":""Point"",""coordinates"":[92.84638889,23.731111110000004]}"
00000000000000000364,Aizawl,23.73361111,92.84305556,23447,Mizoram,2024-05-28,375.1899884259328,230.77499259263277,320.4599895514548,368.3199886502698,"{""type"":""Point"",""coordinates"":[92.84305556000001,23.73361111]}"
00000000000000000365,Aizawl,23.73833333,92.81333333,23459,Mizoram,2024-05-28,375.1899884259328,230.77499259263277,320.4599895514548,368.3199886502698,"{""type"":""Point"",""coordinates"":[92.81333333,23.73833333]}"
00000000000000000366,Aizawl,23.73472222,92.81333333,23461,Mizoram,2024-05-28,375.1899884259328,230.77499259263277,320.4599895514548,368.3199886502698,"{""type"":""Point"",""coordinates"":[92.81333333,23.73472222]}"
00000000000000000367,Aizawl,23.729999542236328,92.75833333,23465,Mizoram,2024-05-28,401.35999282076955,243.9749959334731,354.0849936977029,390.2649931013584,"{""type"":""Point"",""coordinates"":[92.75833333,23.729999542236328]}"
00000000000000000368,Aizawl,23.73055556,92.75861111,23468,Mizoram,2024-05-28,401.35999282076955,243.9749959334731,354.0849936977029,390.2649931013584,"{""type"":""Point"",""coordinates"":[92.75861111,23.73055556]}"
00000000000000000369,Aizawl,23.72222222,92.79861111,23481,Mizoram,2024-05-28,401.35999282076955,243.9749959334731,354.0849936977029,390.2649931013584,"{""type"":""Point"",""coordinates"":[92.79861111,23.722222220000003]}"
0000000000000000036a,Aizawl,23.73583333,92.85194444,23498,Mizoram,2024-05-28,375.1899884259328,230.77499259263277,320.4599895514548,368.3199886502698,"{""type"":""Point"",""coordinates"":[92.85194444,23.73583333]}"
0000000000000000036b,Aizawl,23.77750015258789,92.84833333,23507,Mizoram,2024-05-28,375.1899884259328,230.77499259263277,320.4599895514548,368.3199886502698,"{""type"":""Point"",""coordinates"":[92.84833333,23.777500152587894]}"
0000000000000000036c,Aizawl,23.77833333,92.84666667,23508,Mizoram,2024-05-28,375.1899884259328,230.77499259263277,320.4599895514548,368.3199886502698,"{""type"":""Point"",""coordinates"":[92.84666667,23.77833333]}"
0000000000000000036d,Aizawl,23.77361111,92.84944444,23512,Mizoram,2024-05-28,375.1899884259328,230.77499259263277,320.4599895514548,368.3199886502698,"{""type"":""Point"",""coordinates"":[92.84944444,23.773611110000004]}"
0000000000000000036e,Aizawl,23.82638889,92.8324966430664,23517,Mizoram,2024-05-28,399.83999080210924,244.64499512314796,342.53499257564545,379.0449914596975,"{""type"":""Point"",""coordinates"":[92.83249664306642,23.826388889999997]}"
0000000000000000036f,Aizawl,23.84777778,92.83694444,23521,Mizoram,2024-05-28,399.83999080210924,244.64499512314796,342.53499257564545,379.0449914596975,"{""type"":""Point"",""coordinates"":[92.83694444,23.84777778]}"
00000000000000000370,Aizawl,23.10172778,93.20231944,23582,Mizoram,2024-05-28,342.1799932802096,137.40999706834555,197.57499584835023,317.0499937897548,"{""type"":""Point"",""coordinates"":[93.20231944,23.101727780000004]}"
00000000000000000371,Aizawl,23.09561111,93.20786389,23588,Mizoram,2024-05-28,302.13999313674867,136.08999722450972,210.61499534919858,284.9349934486672,"{""type"":""Point"",""coordinates"":[93.20786389,23.095611110000004]}"
00000000000000000372,Aizawl,23.11097526550293,93.21260278,23596,Mizoram,2024-05-28,342.1799932802096,137.40999706834555,197.57499584835023,317.0499937897548,"{""type"":""Point"",""coordinates"":[93.21260278,23.11097526550293]}"
00000000000000000373,Aizawl,23.410771,92.753123,23728,Mizoram,2024-05-28,353.3649922097102,228.88499461114407,298.38499331939965,338.7749927053228,"{""type"":""Point"",""coordinates"":[92.753123,23.410771000000004]}"
00000000000000000376,Aizawl,23.77305556,92.74361111,22811,Mizoram,2024-05-28,401.35999282076955,243.9749959334731,354.0849936977029,390.2649931013584,"{""type"":""Point"",""coordinates"":[92.74361111,23.773055559999996]}"
00000000000000000377,Aizawl,23.73888889,92.69638889,22701,Mizoram,2024-05-28,424.9099916135892,262.954995887354,387.8949923431501,409.429992089048,"{""type"":""Point"",""coordinates"":[92.69638889,23.73888889]}"
00000000000000000378,Aizawl,23.73947222,92.69666667,22702,Mizoram,2024-05-28,424.9099916135892,262.954995887354,387.8949923431501,409.429992089048,"{""type"":""Point"",""coordinates"":[92.69666667,23.73947222]}"
00000000000000000379,Aizawl,23.74066667,92.69336111,22704,Mizoram,2024-05-28,424.9099916135892,262.954995887354,387.8949923431501,409.429992089048,"{""type"":""Point"",""coordinates"":[92.69336111,23.740666670000003]}"
0000000000000000037a,Aizawl,23.6200008392334,92.72472222,22764,Mizoram,2024-05-28,362.5149916643277,239.5199938826263,328.74999250099063,350.8599919816479,"{""type"":""Point"",""coordinates"":[92.72472222,23.6200008392334]}"
0000000000000000037b,Aizawl,23.74116667,92.69455556,22707,Mizoram,2024-05-28,424.9099916135892,262.954995887354,387.8949923431501,409.429992089048,"{""type"":""Point"",""coordinates"":[92.69455556,23.741166670000002]}"
0000000000000000037c,Aizawl,23.73386111,92.69491667,22709,Mizoram,2024-05-28,424.9099916135892,262.954995887354,387.8949923431501,409.429992089048,"{""type"":""Point"",""coordinates"":[92.69491667,23.73386111]}"
0000000000000000037d,Aizawl,23.72669444,92.69519444,22710,Mizoram,2024-05-28,424.9099916135892,262.954995887354,387.8949923431501,409.429992089048,"{""type"":""Point"",""coordinates"":[92.69519444,23.72669444]}"
0000000000000000037e,Aizawl,23.73305556,92.69944444,22714,Mizoram,2024-05-28,424.9099916135892,262.954995887354,387.8949923431501,409.429992089048,"{""type"":""Point"",""coordinates"":[92.69944444,23.733055560000004]}"
0000000000000000037f,Aizawl,23.74972222,92.69833333,22715,Mizoram,2024-05-28,424.9099916135892,262.954995887354,387.8949923431501,409.429992089048,"{""type"":""Point"",""coordinates"":[92.69833333,23.749722220000002]}"
00000000000000000380,Aizawl,23.73111111,92.70222222,22716,Mizoram,2024-05-28,401.35999282076955,243.9749959334731,354.0849936977029,390.2649931013584,"{""type"":""Point"",""coordinates"":[92.70222222,23.731111110000004]}"
00000000000000000381,Aizawl,23.73111111,92.70388889,22717,Mizoram,2024-05-28,401.35999282076955,243.9749959334731,354.0849936977029,390.2649931013584,"{""type"":""Point"",""coordinates"":[92.70388889,23.731111110000004]}"
00000000000000000382,Aizawl,23.73333333,92.70527778,22718,Mizoram,2024-05-28,401.35999282076955,243.9749959334731,354.0849936977029,390.2649931013584,"{""type"":""Point"",""coordinates"":[92.70527778,23.73333333]}"
00000000000000000383,Aizawl,23.73583333,92.69777778,22720,Mizoram,2024-05-28,424.9099916135892,262.954995887354,387.8949923431501,409.429992089048,"{""type"":""Point"",""coordinates"":[92.69777778000001,23.735833330000002]}"
00000000000000000384,Aizawl,23.73132778,92.70821944,22721,Mizoram,2024-05-28,401.35999282076955,243.9749959334731,354.0849936977029,390.2649931013584,"{""type"":""Point"",""coordinates"":[92.70821944,23.731327779999997]}"
00000000000000000385,Aizawl,23.72428333,92.70737778,22722,Mizoram,2024-05-28,401.35999282076955,243.9749959334731,354.0849936977029,390.2649931013584,"{""type"":""Point"",""coordinates"":[92.70737778,23.724283329999995]}"
00000000000000000386,Aizawl,23.72276944,92.70664978027344,22723,Mizoram,2024-05-28,401.35999282076955,243.9749959334731,354.0849936977029,390.2649931013584,"{""type"":""Point"",""coordinates"":[92.70664978027344,23.72276944]}"
00000000000000000387,Aizawl,23.71446389,92.71146389,22724,Mizoram,2024-05-28,401.35999282076955,243.9749959334731,354.0849936977029,390.2649931013584,"{""type"":""Point"",""coordinates"":[92.71146389,23.71446389]}"
00000000000000000388,Aizawl,23.71581111,92.7093505859375,22725,Mizoram,2024-05-28,401.35999282076955,243.9749959334731,354.0849936977029,390.2649931013584,"{""type"":""Point"",""coordinates"":[92.7093505859375,23.71581111]}"
00000000000000000389,Aizawl,23.71595001220703,92.70879444,22726,Mizoram,2024-05-28,401.35999282076955,243.9749959334731,354.0849936977029,390.2649931013584,"{""type"":""Point"",""coordinates"":[92.70879444,23.71595001220703]}"
0000000000000000038a,Aizawl,23.71721667,92.70777778,22730,Mizoram,2024-05-28,401.35999282076955,243.9749959334731,354.0849936977029,390.2649931013584,"{""type"":""Point"",""coordinates"":[92.70777778,23.71721667]}"
0000000000000000038b,Aizawl,23.71697222,92.70817222,22731,Mizoram,2024-05-28,401.35999282076955,243.9749959334731,354.0849936977029,390.2649931013584,"{""type"":""Point"",""coordinates"":[92.70817222,23.71697222]}"
0000000000000000038c,Aizawl,23.71305556,92.70895833,22732,Mizoram,2024-05-28,401.35999282076955,243.9749959334731,354.0849936977029,390.2649931013584,"{""type"":""Point"",""coordinates"":[92.70895833,23.71305556]}"
0000000000000000038d,Aizawl,23.71523056,92.71529167,22733,Mizoram,2024-05-28,401.35999282076955,243.9749959334731,354.0849936977029,390.2649931013584,"{""type"":""Point"",""coordinates"":[92.71529167,23.71523056]}"
0000000000000000038e,Aizawl,23.71638889,92.72111111,22737,Mizoram,2024-05-28,401.35999282076955,243.9749959334731,354.0849936977029,390.2649931013584,"{""type"":""Point"",""coordinates"":[92.72111111,23.71638889]}"
0000000000000000038f,Aizawl,23.71444444,92.72861111,22738,Mizoram,2024-05-28,401.35999282076955,243.9749959334731,354.0849936977029,390.2649931013584,"{""type"":""Point"",""coordinates"":[92.72861111,23.71444444]}"
00000000000000000390,Aizawl,23.71571389,92.72659722,22741,Mizoram,2024-05-28,401.35999282076955,243.9749959334731,354.0849936977029,390.2649931013584,"{""type"":""Point"",""coordinates"":[92.72659722,23.71571389]}"
00000000000000000391,Aizawl,23.710399627685547,92.72237778,22742,Mizoram,2024-05-28,401.35999282076955,243.9749959334731,354.0849936977029,390.2649931013584,"{""type"":""Point"",""coordinates"":[92.72237778,23.71039962768555]}"
00000000000000000392,Aizawl,23.71865833,92.72335278,22743,Mizoram,2024-05-28,401.35999282076955,243.9749959334731,354.0849936977029,390.2649931013584,"{""type"":""Point"",""coordinates"":[92.72335278,23.71865833]}"
00000000000000000393,Aizawl,23.709999084472656,92.71611111,22745,Mizoram,2024-05-28,401.35999282076955,243.9749959334731,354.0849936977029,390.2649931013584,"{""type"":""Point"",""coordinates"":[92.71611111,23.709999084472653]}"
00000000000000000394,Aizawl,23.70666667,92.71444444,22747,Mizoram,2024-05-28,401.35999282076955,243.9749959334731,354.0849936977029,390.2649931013584,"{""type"":""Point"",""coordinates"":[92.71444444,23.706666670000004]}"
00000000000000000395,Aizawl,23.70527778,92.71138889,22748,Mizoram,2024-05-28,401.35999282076955,243.9749959334731,354.0849936977029,390.2649931013584,"{""type"":""Point"",""coordinates"":[92.71138889,23.70527778]}"
00000000000000000396,Aizawl,23.70027778,92.71611111,22750,Mizoram,2024-05-28,401.35999282076955,243.9749959334731,354.0849936977029,390.2649931013584,"{""type"":""Point"",""coordinates"":[92.71611111,23.70027778]}"
00000000000000000397,Aizawl,23.69972222,92.71694444,22751,Mizoram,2024-05-28,362.5149916643277,239.5199938826263,328.74999250099063,350.8599919816479,"{""type"":""Point"",""coordinates"":[92.71694444,23.69972222]}"
00000000000000000398,Aizawl,23.64638889,92.72527778,22756,Mizoram,2024-05-28,362.5149916643277,239.5199938826263,328.74999250099063,350.8599919816479,"{""type"":""Point"",""coordinates"":[92.72527778,23.64638889]}"
00000000000000000399,Aizawl,23.63111111,92.72388889,22757,Mizoram,2024-05-28,362.5149916643277,239.5199938826263,328.74999250099063,350.8599919816479,"{""type"":""Point"",""coordinates"":[92.72388889,23.63111111]}"
0000000000000000039a,Aizawl,23.63055556,92.72305556,22758,Mizoram,2024-05-28,362.5149916643277,239.5199938826263,328.74999250099063,350.8599919816479,"{""type"":""Point"",""coordinates"":[92.72305556,23.630555559999998]}"
0000000000000000039b,Aizawl,23.62833333,92.72333333,22759,Mizoram,2024-05-28,362.5149916643277,239.5199938826263,328.74999250099063,350.8599919816479,"{""type"":""Point"",""coordinates"":[92.72333333000002,23.62833333]}"
0000000000000000039c,Aizawl,23.62277778,92.72444444,22760,Mizoram,2024-05-28,362.5149916643277,239.5199938826263,328.74999250099063,350.8599919816479,"{""type"":""Point"",""coordinates"":[92.72444444000001,23.622777780000003]}"
0000000000000000039d,Aizawl,23.62194444,92.72305556,22761,Mizoram,2024-05-28,362.5149916643277,239.5199938826263,328.74999250099063,350.8599919816479,"{""type"":""Point"",""coordinates"":[92.72305556,23.62194444]}"
0000000000000000039e,Aizawl,23.62083333,92.72250366210938,22762,Mizoram,2024-05-28,362.5149916643277,239.5199938826263,328.74999250099063,350.8599919816479,"{""type"":""Point"",""coordinates"":[92.72250366210939,23.620833330000004]}"
0000000000000000039f,Aizawl,23.61916667,92.72250366210938,22763,Mizoram,2024-05-28,362.5149916643277,239.5199938826263,328.74999250099063,350.8599919816479,"{""type"":""Point"",""coordinates"":[92.72250366210939,23.61916667]}"
000000000000000003a0,Aizawl,23.61972222,92.72527778,22765,Mizoram,2024-05-28,362.5149916643277,239.5199938826263,328.74999250099063,350.8599919816479,"{""type"":""Point"",""coordinates"":[92.72527778,23.61972222]}"
000000000000000003a1,Aizawl,23.62027778,92.72555556,22766,Mizoram,2024-05-28,362.5149916643277,239.5199938826263,328.74999250099063,350.8599919816479,"{""type"":""Point"",""coordinates"":[92.72555556,23.62027778]}"
000000000000000003a2,Aizawl,23.62027778,92.72611111,22767,Mizoram,2024-05-28,362.5149916643277,239.5199938826263,328.74999250099063,350.8599919816479,"{""type"":""Point"",""coordinates"":[92.72611111,23.62027778]}"
000000000000000003a3,Aizawl,23.62111111,92.72444444,22768,Mizoram,2024-05-28,362.5149916643277,239.5199938826263,328.74999250099063,350.8599919816479,"{""type"":""Point"",""coordinates"":[92.72444444000001,23.62111111]}"
000000000000000003a4,Aizawl,23.67583333,92.71499633789062,22771,Mizoram,2024-05-28,362.5149916643277,239.5199938826263,328.74999250099063,350.8599919816479,"{""type"":""Point"",""coordinates"":[92.71499633789062,23.675833330000003]}"
000000000000000003a5,Aizawl,23.67472222,92.71722222,22772,Mizoram,2024-05-28,362.5149916643277,239.5199938826263,328.74999250099063,350.8599919816479,"{""type"":""Point"",""coordinates"":[92.71722222,23.67472222]}"
000000000000000003a6,Aizawl,23.67444444,92.71472222,22773,Mizoram,2024-05-28,362.5149916643277,239.5199938826263,328.74999250099063,350.8599919816479,"{""type"":""Point"",""coordinates"":[92.71472222,23.674444439999995]}"
000000000000000003a7,Aizawl,23.67388889,92.71472222,22774,Mizoram,2024-05-28,362.5149916643277,239.5199938826263,328.74999250099063,350.8599919816479,"{""type"":""Point"",""coordinates"":[92.71472222,23.673888890000004]}"
000000000000000003a8,Aizawl,23.672069,92.7099293,22775,Mizoram,2024-05-28,362.5149916643277,239.5199938826263,328.74999250099063,350.8599919816479,"{""type"":""Point"",""coordinates"":[92.7099293,23.672069]}"
000000000000000003a9,Aizawl,23.684301376342773,92.715511,22776,Mizoram,2024-05-28,362.5149916643277,239.5199938826263,328.74999250099063,350.8599919816479,"{""type"":""Point"",""coordinates"":[92.715511,23.68430137634277]}"
000000000000000003aa,Aizawl,23.70305556,92.72055556,22779,Mizoram,2024-05-28,401.35999282076955,243.9749959334731,354.0849936977029,390.2649931013584,"{""type"":""Point"",""coordinates"":[92.72055556000001,23.703055560000003]}"
000000000000000003ab,Aizawl,23.690000534057617,92.72361111,22782,Mizoram,2024-05-28,362.5149916643277,239.5199938826263,328.74999250099063,350.8599919816479,"{""type"":""Point"",""coordinates"":[92.72361111,23.690000534057624]}"
000000000000000003ac,Aizawl,23.68361111,92.72277778,22783,Mizoram,2024-05-28,362.5149916643277,239.5199938826263,328.74999250099063,350.8599919816479,"{""type"":""Point"",""coordinates"":[92.72277778,23.68361111]}"
000000000000000003ad,Aizawl,23.66027778,92.72694444,22788,Mizoram,2024-05-28,362.5149916643277,239.5199938826263,328.74999250099063,350.8599919816479,"{""type"":""Point"",""coordinates"":[92.72694444,23.66027778]}"
000000000000000003ae,Aizawl,23.64388889,92.72583333,22790,Mizoram,2024-05-28,362.5149916643277,239.5199938826263,328.74999250099063,350.8599919816479,"{""type"":""Point"",""coordinates"":[92.72583333,23.643888889999996]}"
000000000000000003af,Aizawl,23.635000228881836,92.72361111,22791,Mizoram,2024-05-28,362.5149916643277,239.5199938826263,328.74999250099063,350.8599919816479,"{""type"":""Point"",""coordinates"":[92.72361111,23.635000228881836]}"
000000000000000003b0,Aizawl,23.46777778,92.74111111,22793,Mizoram,2024-05-28,353.3649922097102,228.88499461114407,298.38499331939965,338.7749927053228,"{""type"":""Point"",""coordinates"":[92.74111111,23.467777779999995]}"
000000000000000003b1,Aizawl,23.51361111,92.69833333,22799,Mizoram,2024-05-28,374.7849920280278,224.67999517917633,324.5049931500107,353.0799923669547,"{""type"":""Point"",""coordinates"":[92.69833333,23.513611109999996]}"
000000000000000003b2,Aizawl,23.53666667,92.69750213623048,22800,Mizoram,2024-05-28,374.7849920280278,224.67999517917633,324.5049931500107,353.0799923669547,"{""type"":""Point"",""coordinates"":[92.6975021362305,23.53666667]}"
000000000000000003b3,Aizawl,23.54166667,92.70194444,22801,Mizoram,2024-05-28,349.6999923111871,210.2799956202507,297.87499352544546,333.0549928583205,"{""type"":""Point"",""coordinates"":[92.70194444,23.54166667]}"
000000000000000003b4,Aizawl,23.52944444,92.72944444,22803,Mizoram,2024-05-28,349.6999923111871,210.2799956202507,297.87499352544546,333.0549928583205,"{""type"":""Point"",""coordinates"":[92.72944444,23.52944444]}"
000000000000000003b5,Aizawl,23.53083333,92.73055556,22804,Mizoram,2024-05-28,349.6999923111871,210.2799956202507,297.87499352544546,333.0549928583205,"{""type"":""Point"",""coordinates"":[92.73055556000001,23.53083333]}"
000000000000000003b6,Aizawl,23.53111111,92.73361111,22805,Mizoram,2024-05-28,349.6999923111871,210.2799956202507,297.87499352544546,333.0549928583205,"{""type"":""Point"",""coordinates"":[92.73361111,23.53111111]}"
000000000000000003b7,Aizawl,23.53083333,92.73333333,22806,Mizoram,2024-05-28,349.6999923111871,210.2799956202507,297.87499352544546,333.0549928583205,"{""type"":""Point"",""coordinates"":[92.73333333,23.53083333]}"
000000000000000003b8,Aizawl,23.56388889,92.70805556,22807,Mizoram,2024-05-28,349.6999923111871,210.2799956202507,297.87499352544546,333.0549928583205,"{""type"":""Point"",""coordinates"":[92.70805556,23.56388889]}"
000000000000000003b9,Aizawl,23.56416667,92.70805556,22808,Mizoram,2024-05-28,349.6999923111871,210.2799956202507,297.87499352544546,333.0549928583205,"{""type"":""Point"",""coordinates"":[92.70805556,23.56416667]}"
000000000000000003ba,Aizawl,23.565000534057617,92.70777778,22809,Mizoram,2024-05-28,349.6999923111871,210.2799956202507,297.87499352544546,333.0549928583205,"{""type"":""Point"",""coordinates"":[92.70777778,23.565000534057614]}"
000000000000000003bb,Aizawl,23.56666667,92.70888889,22810,Mizoram,2024-05-28,349.6999923111871,210.2799956202507,297.87499352544546,333.0549928583205,"{""type"":""Point"",""coordinates"":[92.70888889,23.56666667]}"
000000000000000003bc,Aizawl,23.74861111,92.73861111,22814,Mizoram,2024-05-28,401.35999282076955,243.9749959334731,354.0849936977029,390.2649931013584,"{""type"":""Point"",""coordinates"":[92.73861111,23.748611109999995]}"
000000000000000003bd,Aizawl,23.61000061035156,92.72083333,22815,Mizoram,2024-05-28,362.5149916643277,239.5199938826263,328.74999250099063,350.8599919816479,"{""type"":""Point"",""coordinates"":[92.72083333,23.610000610351562]}"
000000000000000003be,Aizawl,23.60666667,92.72305556,22816,Mizoram,2024-05-28,362.5149916643277,239.5199938826263,328.74999250099063,350.8599919816479,"{""type"":""Point"",""coordinates"":[92.72305556,23.606666670000003]}"
000000000000000003bf,Aizawl,23.592500686645508,92.71666667,22817,Mizoram,2024-05-28,349.6999923111871,210.2799956202507,297.87499352544546,333.0549928583205,"{""type"":""Point"",""coordinates"":[92.71666667,23.592500686645504]}"
000000000000000003c0,Aizawl,23.58722222,92.71361111,22818,Mizoram,2024-05-28,349.6999923111871,210.2799956202507,297.87499352544546,333.0549928583205,"{""type"":""Point"",""coordinates"":[92.71361111,23.58722222]}"
000000000000000003c1,Aizawl,23.57694444,92.71305556,22819,Mizoram,2024-05-28,349.6999923111871,210.2799956202507,297.87499352544546,333.0549928583205,"{""type"":""Point"",""coordinates"":[92.71305556,23.57694444]}"
000000000000000003c2,Aizawl,23.58138889,92.71416667,22821,Mizoram,2024-05-28,349.6999923111871,210.2799956202507,297.87499352544546,333.0549928583205,"{""type"":""Point"",""coordinates"":[92.71416667,23.58138889]}"
000000000000000003c3,Aizawl,23.58694444,92.71749877929688,22822,Mizoram,2024-05-28,349.6999923111871,210.2799956202507,297.87499352544546,333.0549928583205,"{""type"":""Point"",""coordinates"":[92.71749877929688,23.586944439999996]}"
000000000000000003c4,Aizawl,23.58555556,92.71583333,22823,Mizoram,2024-05-28,349.6999923111871,210.2799956202507,297.87499352544546,333.0549928583205,"{""type"":""Point"",""coordinates"":[92.71583333,23.58555556]}"
000000000000000003c5,Aizawl,23.58583333,92.71638889,22824,Mizoram,2024-05-28,349.6999923111871,210.2799956202507,297.87499352544546,333.0549928583205,"{""type"":""Point"",""coordinates"":[92.71638889000002,23.58583333]}"
000000000000000003c6,Aizawl,23.58638889,92.71583333,22825,Mizoram,2024-05-28,349.6999923111871,210.2799956202507,297.87499352544546,333.0549928583205,"{""type"":""Point"",""coordinates"":[92.71583333,23.586388889999995]}"
000000000000000003c7,Aizawl,23.65388889,92.72444444,22826,Mizoram,2024-05-28,362.5149916643277,239.5199938826263,328.74999250099063,350.8599919816479,"{""type"":""Point"",""coordinates"":[92.72444444000001,23.65388889]}"
000000000000000003c8,Aizawl,23.65416667,92.71777778,22827,Mizoram,2024-05-28,362.5149916643277,239.5199938826263,328.74999250099063,350.8599919816479,"{""type"":""Point"",""coordinates"":[92.71777778,23.654166669999995]}"
000000000000000003c9,Aizawl,23.65416667,92.69000244140624,22829,Mizoram,2024-05-28,408.5599911045283,253.27999560534954,373.5099918041378,391.2849912298843,"{""type"":""Point"",""coordinates"":[92.69000244140624,23.654166669999995]}"
000000000000000003ca,Aizawl,23.66083333,92.67277778,22831,Mizoram,2024-05-28,408.5599911045283,253.27999560534954,373.5099918041378,391.2849912298843,"{""type"":""Point"",""coordinates"":[92.67277778,23.660833329999996]}"
000000000000000003cb,Aizawl,23.65861111,92.70583333,22833,Mizoram,2024-05-28,362.5149916643277,239.5199938826263,328.74999250099063,350.8599919816479,"{""type"":""Point"",""coordinates"":[92.70583333,23.65861111]}"
000000000000000003cc,Aizawl,23.68143611,92.72144167,22834,Mizoram,2024-05-28,362.5149916643277,239.5199938826263,328.74999250099063,350.8599919816479,"{""type"":""Point"",""coordinates"":[92.72144167,23.68143611]}"
000000000000000003cd,Aizawl,23.46805556,92.71638889,22794,Mizoram,2024-05-28,353.3649922097102,228.88499461114407,298.38499331939965,338.7749927053228,"{""type"":""Point"",""coordinates"":[92.71638889000002,23.46805556]}"
000000000000000003ce,Aizawl,23.489999771118164,92.70555556,22797,Mizoram,2024-05-28,353.3649922097102,228.88499461114407,298.38499331939965,338.7749927053228,"{""type"":""Point"",""coordinates"":[92.70555556,23.489999771118164]}"
000000000000000003cf,Aizawl,23.49722222,92.70333333,22798,Mizoram,2024-05-28,353.3649922097102,228.88499461114407,298.38499331939965,338.7749927053228,"{""type"":""Point"",""coordinates"":[92.70333333,23.49722222]}"
000000000000000003d0,Aizawl,23.77472222,92.76194444,22812,Mizoram,2024-05-28,401.35999282076955,243.9749959334731,354.0849936977029,390.2649931013584,"{""type"":""Point"",""coordinates"":[92.76194444,23.77472222]}"
000000000000000003d1,Aizawl,23.77361111,92.76111111,22813,Mizoram,2024-05-28,401.35999282076955,243.9749959334731,354.0849936977029,390.2649931013584,"{""type"":""Point"",""coordinates"":[92.76111111,23.773611110000004]}"
000000000000000003d2,Aizawl,23.76083333,92.84750366210938,22849,Mizoram,2024-05-28,375.1899884259328,230.77499259263277,320.4599895514548,368.3199886502698,"{""type"":""Point"",""coordinates"":[92.84750366210938,23.760833330000004]}"
000000000000000003d3,Aizawl,23.86972222,92.87611111,22850,Mizoram,2024-05-28,399.83999080210924,244.64499512314796,342.53499257564545,379.0449914596975,"{""type"":""Point"",""coordinates"":[92.87611111,23.869722219999996]}"
000000000000000003d4,Aizawl,23.72694444,92.79527778,22836,Mizoram,2024-05-28,401.35999282076955,243.9749959334731,354.0849936977029,390.2649931013584,"{""type"":""Point"",""coordinates"":[92.79527778,23.726944440000004]}"
000000000000000003d5,Aizawl,23.73277778,92.79722222,22837,Mizoram,2024-05-28,401.35999282076955,243.9749959334731,354.0849936977029,390.2649931013584,"{""type"":""Point"",""coordinates"":[92.79722222,23.732777780000003]}"
000000000000000003d6,Aizawl,23.73416667,92.79861111,22838,Mizoram,2024-05-28,401.35999282076955,243.9749959334731,354.0849936977029,390.2649931013584,"{""type"":""Point"",""coordinates"":[92.79861111,23.734166670000004]}"
000000000000000003d7,Aizawl,23.74555556,92.79444444,22839,Mizoram,2024-05-28,401.35999282076955,243.9749959334731,354.0849936977029,390.2649931013584,"{""type"":""Point"",""coordinates"":[92.79444444,23.745555560000003]}"
000000000000000003d8,Aizawl,23.73666667,92.79722222,22840,Mizoram,2024-05-28,401.35999282076955,243.9749959334731,354.0849936977029,390.2649931013584,"{""type"":""Point"",""coordinates"":[92.79722222,23.73666667]}"
000000000000000003d9,Aizawl,23.73555556,92.80027778,22844,Mizoram,2024-05-28,401.35999282076955,243.9749959334731,354.0849936977029,390.2649931013584,"{""type"":""Point"",""coordinates"":[92.80027778,23.73555556]}"
000000000000000003da,Aizawl,23.73305556,92.84777778,22848,Mizoram,2024-05-28,375.1899884259328,230.77499259263277,320.4599895514548,368.3199886502698,"{""type"":""Point"",""coordinates"":[92.84777778,23.733055560000004]}"
000000000000000003ea,Aizawl,23.76972222,92.74472222,23103,Mizoram,2024-05-28,401.35999282076955,243.9749959334731,354.0849936977029,390.2649931013584,"{""type"":""Point"",""coordinates"":[92.74472222,23.76972222]}"
000000000000000003eb,Aizawl,23.594999313354492,92.81611111,23178,Mizoram,2024-05-28,340.3849922027439,206.9399943202734,281.71499291434884,324.41499218530953,"{""type"":""Point"",""coordinates"":[92.81611111,23.594999313354492]}"
000000000000000003ec,Aizawl,23.61361111,92.80777778,23189,Mizoram,2024-05-28,331.46499376930296,209.23999594151974,288.8349946625531,319.09999405033886,"{""type"":""Point"",""coordinates"":[92.80777778,23.61361111]}"
000000000000000003ed,Aizawl,23.59027778,92.71583333,23231,Mizoram,2024-05-28,349.6999923111871,210.2799956202507,297.87499352544546,333.0549928583205,"{""type"":""Point"",""coordinates"":[92.71583333,23.59027778]}"
000000000000000003ee,Aizawl,23.77777778,92.847900390625,23505,Mizoram,2024-05-28,375.1899884259328,230.77499259263277,320.4599895514548,368.3199886502698,"{""type"":""Point"",""coordinates"":[92.847900390625,23.777777779999997]}"
000000000000000003f0,Aizawl,23.71740833,92.70644167,22728,Mizoram,2024-05-28,401.35999282076955,243.9749959334731,354.0849936977029,390.2649931013584,"{""type"":""Point"",""coordinates"":[92.70644167000002,23.717408330000005]}"
000000000000000003f1,Aizawl,23.74027778,92.69722222,22703,Mizoram,2024-05-28,424.9099916135892,262.954995887354,387.8949923431501,409.429992089048,"{""type"":""Point"",""coordinates"":[92.69722222,23.74027778]}"
000000000000000003f2,Aizawl,23.73361111,92.69388889,22711,Mizoram,2024-05-28,424.9099916135892,262.954995887354,387.8949923431501,409.429992089048,"{""type"":""Point"",""coordinates"":[92.69388889,23.733611109999995]}"
000000000000000003f3,Aizawl,23.73472222,92.69499969482422,22712,Mizoram,2024-05-28,424.9099916135892,262.954995887354,387.8949923431501,409.429992089048,"{""type"":""Point"",""coordinates"":[92.69499969482422,23.734722220000002]}"
000000000000000003f4,Aizawl,23.717500686645508,92.70666667,22727,Mizoram,2024-05-28,401.35999282076955,243.9749959334731,354.0849936977029,390.2649931013584,"{""type"":""Point"",""coordinates"":[92.70666667,23.717500686645508]}"
000000000000000003f5,Aizawl,23.71735556,92.70753333,22729,Mizoram,2024-05-28,401.35999282076955,243.9749959334731,354.0849936977029,390.2649931013584,"{""type"":""Point"",""coordinates"":[92.70753333,23.71735556]}"
000000000000000003f6,Aizawl,23.71138889,92.72444444,22736,Mizoram,2024-05-28,401.35999282076955,243.9749959334731,354.0849936977029,390.2649931013584,"{""type"":""Point"",""coordinates"":[92.72444444000001,23.711388889999995]}"
000000000000000003f7,Aizawl,23.70416667,92.71222222,22749,Mizoram,2024-05-28,401.35999282076955,243.9749959334731,354.0849936977029,390.2649931013584,"{""type"":""Point"",""coordinates"":[92.71222222,23.704166669999996]}"
000000000000000003f8,Aizawl,23.64333333,92.73444444,22754,Mizoram,2024-05-28,362.5149916643277,239.5199938826263,328.74999250099063,350.8599919816479,"{""type"":""Point"",""coordinates"":[92.73444444,23.643333330000004]}"
000000000000000003f9,Aizawl,23.54277778,92.70333333,22802,Mizoram,2024-05-28,349.6999923111871,210.2799956202507,297.87499352544546,333.0549928583205,"{""type"":""Point"",""coordinates"":[92.70333333,23.54277778]}"
000000000000000003fa,Aizawl,23.57722222,92.71222222,23712,Mizoram,2024-05-28,349.6999923111871,210.2799956202507,297.87499352544546,333.0549928583205,"{""type"":""Point"",""coordinates"":[92.71222222,23.577222220000003]}"
000000000000000003fb,Aizawl,23.58027778,92.71499633789062,22820,Mizoram,2024-05-28,349.6999923111871,210.2799956202507,297.87499352544546,333.0549928583205,"{""type"":""Point"",""coordinates"":[92.71499633789062,23.580277780000003]}"
000000000000000003fc,Aizawl,23.66055556,92.67277778,22830,Mizoram,2024-05-28,408.5599911045283,253.27999560534954,373.5099918041378,391.2849912298843,"{""type"":""Point"",""coordinates"":[92.67277778,23.660555559999995]}"
000000000000000003fd,Aizawl,23.65777778,92.67444444,22832,Mizoram,2024-05-28,408.5599911045283,253.27999560534954,373.5099918041378,391.2849912298843,"{""type"":""Point"",""coordinates"":[92.67444444000002,23.657777780000004]}"
000000000000000003fe,Aizawl,23.47249984741211,92.71444444,22795,Mizoram,2024-05-28,353.3649922097102,228.88499461114407,298.38499331939965,338.7749927053228,"{""type"":""Point"",""coordinates"":[92.71444444,23.47249984741211]}"
000000000000000003ff,Aizawl,23.80750556,92.83417222,22851,Mizoram,2024-05-28,399.83999080210924,244.64499512314796,342.53499257564545,379.0449914596975,"{""type"":""Point"",""coordinates"":[92.83417222,23.80750556]}"
00000000000000000400,Aizawl,23.73638889,92.79805556,22841,Mizoram,2024-05-28,401.35999282076955,243.9749959334731,354.0849936977029,390.2649931013584,"{""type"":""Point"",""coordinates"":[92.79805556,23.736388889999997]}"
00000000000000000401,Aizawl,23.73583333,92.79888889,22842,Mizoram,2024-05-28,401.35999282076955,243.9749959334731,354.0849936977029,390.2649931013584,"{""type"":""Point"",""coordinates"":[92.79888889,23.735833329999995]}"
00000000000000000402,Aizawl,23.73638889,92.8000030517578,22843,Mizoram,2024-05-28,401.35999282076955,243.9749959334731,354.0849936977029,390.2649931013584,"{""type"":""Point"",""coordinates"":[92.8000030517578,23.73638889]}"
00000000000000000403,Aizawl,23.71972222,92.79777778,22845,Mizoram,2024-05-28,401.35999282076955,243.9749959334731,354.0849936977029,390.2649931013584,"{""type"":""Point"",""coordinates"":[92.79777778,23.71972222]}"
00000000000000000404,Aizawl,23.53222222,92.73500061035156,23254,Mizoram,2024-05-28,349.6999923111871,210.2799956202507,297.87499352544546,333.0549928583205,"{""type"":""Point"",""coordinates"":[92.73500061035156,23.532222219999998]}"
00000000000000000405,Aizawl,23.53555556,92.69694444,23285,Mizoram,2024-05-28,374.7849920280278,224.67999517917633,324.5049931500107,353.0799923669547,"{""type"":""Point"",""coordinates"":[92.69694444,23.535555559999995]}"
00000000000000000406,Aizawl,23.50861111,92.69805556,23300,Mizoram,2024-05-28,374.7849920280278,224.67999517917633,324.5049931500107,353.0799923669547,"{""type"":""Point"",""coordinates"":[92.69805556,23.50861111]}"
00000000000000000407,Aizawl,23.68743333,92.72129167,22769,Mizoram,2024-05-28,362.5149916643277,239.5199938826263,328.74999250099063,350.8599919816479,"{""type"":""Point"",""coordinates"":[92.72129167,23.68743333]}"
00000000000000000408,Aizawl,23.67694444,92.71722222,22770,Mizoram,2024-05-28,362.5149916643277,239.5199938826263,328.74999250099063,350.8599919816479,"{""type"":""Point"",""coordinates"":[92.71722222,23.676944440000003]}"
00000000000000000409,Aizawl,23.70416667,92.72000122070312,22778,Mizoram,2024-05-28,401.35999282076955,243.9749959334731,354.0849936977029,390.2649931013584,"{""type"":""Point"",""coordinates"":[92.72000122070312,23.704166669999996]}"
0000000000000000040a,Aizawl,23.655000686645508,92.71444444,22828,Mizoram,2024-05-28,362.5149916643277,239.5199938826263,328.74999250099063,350.8599919816479,"{""type"":""Point"",""coordinates"":[92.71444444,23.655000686645508]}"
0000000000000000040b,Aizawl,23.72222222,92.80138889,22846,Mizoram,2024-05-28,375.1899884259328,230.77499259263277,320.4599895514548,368.3199886502698,"{""type"":""Point"",""coordinates"":[92.80138889,23.722222220000003]}"
0000000000000000040c,Aizawl,23.73555556,92.78833333,22835,Mizoram,2024-05-28,401.35999282076955,243.9749959334731,354.0849936977029,390.2649931013584,"{""type"":""Point"",""coordinates"":[92.78833333,23.73555556]}"
00000000000000000374,Kolasib,24.56925833,93.177275,23707,Mizoram,2024-05-28,293.14499442465603,191.54999625403434,242.21499529108405,250.82999502774328,"{""type"":""Point"",""coordinates"":[93.177275,24.569258329999997]}"
00000000000000000375,Kolasib,24.52607536315918,93.05379167,23710,Mizoram,2024-05-28,315.3549918420613,190.5099948309362,257.7199933938682,274.18999298196286,"{""type"":""Point"",""coordinates"":[93.05379167,24.526075363159183]}"
000000000000000003ef,Kolasib,24.42589950561523,93.13580556,23692,Mizoram,2024-05-28,318.14999271929264,217.92999501153827,264.16499379184097,280.95499345846474,"{""type"":""Point"",""coordinates"":[93.13580556,24.425899505615234]}"
000000000000000003db,Serchhip,23.47694444,92.857846,22852,Mizoram,2024-05-28,358.14499165210873,226.62499419599771,288.98499299865216,342.05499212723225,"{""type"":""Point"",""coordinates"":[92.857846,23.47694444]}"
000000000000000003dc,Serchhip,23.471041,92.8550262451172,22853,Mizoram,2024-05-28,358.14499165210873,226.62499419599771,288.98499299865216,342.05499212723225,"{""type"":""Point"",""coordinates"":[92.8550262451172,23.471041]}"
000000000000000003dd,Serchhip,23.465558,92.855991,22854,Mizoram,2024-05-28,358.14499165210873,226.62499419599771,288.98499299865216,342.05499212723225,"{""type"":""Point"",""coordinates"":[92.855991,23.465558]}"
000000000000000003de,Serchhip,23.463164,92.854672,22855,Mizoram,2024-05-28,358.14499165210873,226.62499419599771,288.98499299865216,342.05499212723225,"{""type"":""Point"",""coordinates"":[92.85467200000001,23.463163999999995]}"
000000000000000003df,Serchhip,23.312589645385746,92.85641479492188,22856,Mizoram,2024-05-28,371.69499321933836,248.05999659001827,314.3399944482371,355.7749935379252,"{""type"":""Point"",""coordinates"":[92.85641479492188,23.31258964538575]}"
000000000000000003e0,Serchhip,23.288812,92.864763,22857,Mizoram,2024-05-28,362.4949907027185,247.25999346747994,317.06499193701893,342.8999912291765,"{""type"":""Point"",""coordinates"":[92.86476300000001,23.288812000000004]}"
000000000000000003e1,Serchhip,23.281264,92.869279,22858,Mizoram,2024-05-28,362.4949907027185,247.25999346747994,317.06499193701893,342.8999912291765,"{""type"":""Point"",""coordinates"":[92.869279,23.281264]}"
000000000000000003e2,Serchhip,23.379441,92.844081,22859,Mizoram,2024-05-28,371.69499321933836,248.05999659001827,314.3399944482371,355.7749935379252,"{""type"":""Point"",""coordinates"":[92.844081,23.379441]}"
000000000000000003e3,Serchhip,23.38150978088379,92.844938,22860,Mizoram,2024-05-28,371.69499321933836,248.05999659001827,314.3399944482371,355.7749935379252,"{""type"":""Point"",""coordinates"":[92.844938,23.38150978088379]}"
000000000000000003e4,Serchhip,23.38217544555664,92.843876,22861,Mizoram,2024-05-28,371.69499321933836,248.05999659001827,314.3399944482371,355.7749935379252,"{""type"":""Point"",""coordinates"":[92.843876,23.38217544555664]}"
000000000000000003e5,Serchhip,23.38277244567871,92.845187,22862,Mizoram,2024-05-28,371.69499321933836,248.05999659001827,314.3399944482371,355.7749935379252,"{""type"":""Point"",""coordinates"":[92.845187,23.382772445678707]}"
000000000000000003e6,Serchhip,23.381532669067383,92.854115,22863,Mizoram,2024-05-28,371.69499321933836,248.05999659001827,314.3399944482371,355.7749935379252,"{""type"":""Point"",""coordinates"":[92.854115,23.381532669067383]}"
000000000000000003e7,Serchhip,23.387941360473633,92.842291,22864,Mizoram,2024-05-28,371.69499321933836,248.05999659001827,314.3399944482371,355.7749935379252,"{""type"":""Point"",""coordinates"":[92.842291,23.387941360473633]}"
000000000000000003e8,Serchhip,23.237077,92.910043,22865,Mizoram,2024-05-28,350.7299926960841,231.71499566920102,299.2399939224124,328.7499930644408,"{""type"":""Point"",""coordinates"":[92.910043,23.237077000000003]}"
000000000000000003e9,Serchhip,23.126631,93.064946,22866,Mizoram,2024-05-28,340.94998998753726,178.08999524451792,254.2099931454286,314.68999068345875,"{""type"":""Point"",""coordinates"":[93.064946,23.126631]}"
00000000000000000102,Aizawl,23.69361111,92.72250366210938,23140,Mizoram,2024-06-28,289.0949944695458,31.844999447464943,58.94999908655882,202.51499628741294,"{""type"":""Point"",""coordinates"":[92.72250366210939,23.693611110000003]}"
0000000000000000011a,Aizawl,23.71111111,92.87861111,23488,Mizoram,2024-06-28,319.72499162051827,34.34499915316701,58.93999844789505,244.57499356381595,"{""type"":""Point"",""coordinates"":[92.87861111,23.71111111]}"
00000000000000000124,Aizawl,23.77400016784668,92.8479995727539,23506,Mizoram,2024-06-28,319.72499162051827,34.34499915316701,58.93999844789505,244.57499356381595,"{""type"":""Point"",""coordinates"":[92.8479995727539,23.77400016784668]}"
00000000000000000142,Aizawl,23.10851389,93.20974731445312,23581,Mizoram,2024-06-28,223.19499479513615,31.93999926187098,54.24999885447323,170.8649958651513,"{""type"":""Point"",""coordinates"":[93.20974731445312,23.108513889999998]}"
000000000000000000f9,Aizawl,23.74916667,92.7375030517578,23099,Mizoram,2024-06-30,442.1299908198416,86.70999870076776,116.76499820128083,216.57499565090984,"{""type"":""Point"",""coordinates"":[92.7375030517578,23.749166670000005]}"
000000000000000000fd,Aizawl,23.74722222,92.71805556,23119,Mizoram,2024-07-02,669.2649844922125,244.49499284476042,331.2049915455282,396.54499048832804,"{""type"":""Point"",""coordinates"":[92.71805556,23.74722222]}"
00000000000000000100,Aizawl,23.70249938964844,92.72138889,23138,Mizoram,2024-07-02,669.2649844922125,244.49499284476042,331.2049915455282,396.54499048832804,"{""type"":""Point"",""coordinates"":[92.72138889,23.702499389648438]}"
00000000000000000101,Aizawl,23.69805556,92.72277778,23139,Mizoram,2024-07-02,645.5949869258329,254.79999566823244,389.47999154031277,448.4299906268716,"{""type"":""Point"",""coordinates"":[92.72277778,23.698055559999997]}"
0000000000000000010f,Aizawl,23.71388889,92.85722222,23435,Mizoram,2024-07-02,583.0549850650132,191.97999618388712,287.299992794171,346.239991242066,"{""type"":""Point"",""coordinates"":[92.85722222,23.71388889]}"
00000000000000000110,Aizawl,23.73694444,92.81361111,23460,Mizoram,2024-07-02,583.0549850650132,191.97999618388712,287.299992794171,346.239991242066,"{""type"":""Point"",""coordinates"":[92.81361111,23.736944439999995]}"
00000000000000000111,Aizawl,23.72916667,92.76583333,23470,Mizoram,2024-07-02,669.2649844922125,244.49499284476042,331.2049915455282,396.54499048832804,"{""type"":""Point"",""coordinates"":[92.76583333,23.72916667]}"
00000000000000000113,Aizawl,23.73222222,92.76555556,23473,Mizoram,2024-07-02,669.2649844922125,244.49499284476042,331.2049915455282,396.54499048832804,"{""type"":""Point"",""coordinates"":[92.76555556,23.73222222]}"
00000000000000000114,Aizawl,23.737499237060547,92.78805556,23477,Mizoram,2024-07-02,669.2649844922125,244.49499284476042,331.2049915455282,396.54499048832804,"{""type"":""Point"",""coordinates"":[92.78805556,23.73749923706055]}"
00000000000000000115,Aizawl,23.73388889,92.79388889,23480,Mizoram,2024-07-02,669.2649844922125,244.49499284476042,331.2049915455282,396.54499048832804,"{""type"":""Point"",""coordinates"":[92.79388889,23.733888890000003]}"
00000000000000000116,Aizawl,23.72138889,92.79944444,23482,Mizoram,2024-07-02,669.2649844922125,244.49499284476042,331.2049915455282,396.54499048832804,"{""type"":""Point"",""coordinates"":[92.79944444,23.72138889]}"
00000000000000000117,Aizawl,23.72138889,92.85777778,23483,Mizoram,2024-07-02,583.0549850650132,191.97999618388712,287.299992794171,346.239991242066,"{""type"":""Point"",""coordinates"":[92.85777778,23.72138889]}"
00000000000000000118,Aizawl,23.72083333,92.86472222,23484,Mizoram,2024-07-02,583.0549850650132,191.97999618388712,287.299992794171,346.239991242066,"{""type"":""Point"",""coordinates"":[92.86472222,23.720833329999994]}"
00000000000000000119,Aizawl,23.71166667,92.87833333,23487,Mizoram,2024-07-02,583.0549850650132,191.97999618388712,287.299992794171,346.239991242066,"{""type"":""Point"",""coordinates"":[92.87833333,23.71166667]}"
0000000000000000011e,Aizawl,23.73500061035156,92.85666667,23496,Mizoram,2024-07-02,583.0549850650132,191.97999618388712,287.299992794171,346.239991242066,"{""type"":""Point"",""coordinates"":[92.85666667,23.73500061035156]}"
0000000000000000011f,Aizawl,23.73666667,92.85611111,23497,Mizoram,2024-07-02,583.0549850650132,191.97999618388712,287.299992794171,346.239991242066,"{""type"":""Point"",""coordinates"":[92.85611111,23.736666669999998]}"
00000000000000000122,Aizawl,23.76111111,92.84777778,23501,Mizoram,2024-07-02,583.0549850650132,191.97999618388712,287.299992794171,346.239991242066,"{""type"":""Point"",""coordinates"":[92.84777778,23.761111109999998]}"
00000000000000000123,Aizawl,23.76166667,92.85083333,23502,Mizoram,2024-07-02,583.0549850650132,191.97999618388712,287.299992794171,346.239991242066,"{""type"":""Point"",""coordinates"":[92.85083333,23.76166667]}"
00000000000000000126,Aizawl,23.83277778,92.8324966430664,23519,Mizoram,2024-07-02,551.0249901264906,156.22999734058976,228.66999612003565,281.6449949378148,"{""type"":""Point"",""coordinates"":[92.83249664306642,23.83277778]}"
00000000000000000127,Aizawl,23.86222222,92.83666667,23523,Mizoram,2024-07-02,551.0249901264906,156.22999734058976,228.66999612003565,281.6449949378148,"{""type"":""Point"",""coordinates"":[92.83666667,23.86222222]}"
0000000000000000012a,Aizawl,23.89138889,92.84888889,23528,Mizoram,2024-07-02,551.0249901264906,156.22999734058976,228.66999612003565,281.6449949378148,"{""type"":""Point"",""coordinates"":[92.84888889,23.891388890000005]}"
00000000000000000130,Aizawl,24.17180556,93.54406667,23540,Mizoram,2024-07-02,365.5699926922098,127.13999761641026,137.53999730572104,271.7599949790165,"{""type"":""Point"",""coordinates"":[93.54406667,24.17180556]}"
00000000000000000131,Aizawl,24.18291667,93.53441944,23541,Mizoram,2024-07-02,365.5699926922098,127.13999761641026,137.53999730572104,271.7599949790165,"{""type"":""Point"",""coordinates"":[93.53441944,24.18291667]}"
00000000000000000132,Aizawl,24.18566111,93.53935278,23542,Mizoram,2024-07-02,365.5699926922098,127.13999761641026,137.53999730572104,271.7599949790165,"{""type"":""Point"",""coordinates"":[93.53935278000002,24.18566111]}"
00000000000000000133,Aizawl,24.24449722,93.55275833,23543,Mizoram,2024-07-02,367.7799935126677,133.92999736964703,147.1649969164282,294.07499495334923,"{""type"":""Point"",""coordinates"":[93.55275833,24.24449722]}"
00000000000000000134,Aizawl,24.24755556,93.54809722,23544,Mizoram,2024-07-02,367.7799935126677,133.92999736964703,147.1649969164282,294.07499495334923,"{""type"":""Point"",""coordinates"":[93.54809722,24.247555560000002]}"
00000000000000000141,Aizawl,23.09758333,93.21623333,23580,Mizoram,2024-07-02,312.76999227236956,63.51499863527715,99.94499773345888,167.86999568343163,"{""type"":""Point"",""coordinates"":[93.21623333,23.097583329999992]}"
00000000000000000143,Aizawl,23.10192489624023,93.20426111,23583,Mizoram,2024-07-02,306.34999269712716,62.6999984793365,92.86999772675335,147.1199965812266,"{""type"":""Point"",""coordinates"":[93.20426111,23.101924896240234]}"
00000000000000000145,Aizawl,23.09759444,93.21089444,23587,Mizoram,2024-07-02,312.76999227236956,63.51499863527715,99.94499773345888,167.86999568343163,"{""type"":""Point"",""coordinates"":[93.21089444,23.097594440000005]}"
00000000000000000146,Aizawl,23.10100556,93.19393611,23590,Mizoram,2024-07-02,316.4049926456064,83.8249976420775,132.12999676261097,192.71499483752996,"{""type"":""Point"",""coordinates"":[93.19393611,23.10100556]}"
00000000000000000147,Aizawl,23.10074722,93.18785278,23591,Mizoram,2024-07-02,316.4049926456064,83.8249976420775,132.12999676261097,192.71499483752996,"{""type"":""Point"",""coordinates"":[93.18785278,23.100747220000002]}"
00000000000000000148,Aizawl,23.09954722,93.18600278,23592,Mizoram,2024-07-02,324.49999303370714,81.33999820705503,134.97499776538461,192.70999640692025,"{""type"":""Point"",""coordinates"":[93.18600278,23.09954722]}"
00000000000000000149,Aizawl,23.09830093383789,93.17597222,23595,Mizoram,2024-07-02,324.49999303370714,81.33999820705503,134.97499776538461,192.70999640692025,"{""type"":""Point"",""coordinates"":[93.17597222,23.09830093383789]}"
0000000000000000014e,Aizawl,23.27598056,93.14351667,23601,Mizoram,2024-07-02,298.07999269198626,104.28499754145741,138.80999722797424,176.1249961219728,"{""type"":""Point"",""coordinates"":[93.14351667,23.27598056]}"
0000000000000000014f,Aizawl,23.28107452392578,93.144075,23603,Mizoram,2024-07-02,298.07999269198626,104.28499754145741,138.80999722797424,176.1249961219728,"{""type"":""Point"",""coordinates"":[93.144075,23.281074523925785]}"
00000000000000000151,Aizawl,23.33529167,93.11214167,23605,Mizoram,2024-07-02,297.6349926162511,126.34999703615904,162.55999610573053,197.14499485958368,"{""type"":""Point"",""coordinates"":[93.11214167,23.335291670000004]}"
00000000000000000158,Aizawl,23.20960722,93.13104722,23682,Mizoram,2024-07-02,298.07999269198626,104.28499754145741,138.80999722797424,176.1249961219728,"{""type"":""Point"",""coordinates"":[93.13104722,23.209607219999995]}"
00000000000000000159,Aizawl,23.21068583,93.1212325,23683,Mizoram,2024-07-02,298.07999269198626,104.28499754145741,138.80999722797424,176.1249961219728,"{""type"":""Point"",""coordinates"":[93.1212325,23.21068583]}"
0000000000000000020a,Aizawl,23.60972222,92.79972222,23196,Mizoram,2024-07-02,645.5949869258329,254.79999566823244,389.47999154031277,448.4299906268716,"{""type"":""Point"",""coordinates"":[92.79972222,23.60972222]}"
0000000000000000020b,Aizawl,23.76527778,92.8499984741211,23503,Mizoram,2024-07-02,583.0549850650132,191.97999618388712,287.299992794171,346.239991242066,"{""type"":""Point"",""coordinates"":[92.8499984741211,23.76527778]}"
0000000000000000020c,Aizawl,23.76861111,92.85138889,23504,Mizoram,2024-07-02,583.0549850650132,191.97999618388712,287.299992794171,346.239991242066,"{""type"":""Point"",""coordinates"":[92.85138889,23.76861111]}"
0000000000000000020d,Aizawl,23.83888889,92.83194444,23520,Mizoram,2024-07-02,551.0249901264906,156.22999734058976,228.66999612003565,281.6449949378148,"{""type"":""Point"",""coordinates"":[92.83194444,23.838888889999996]}"
0000000000000000020f,Aizawl,23.87694444,92.83999633789062,23524,Mizoram,2024-07-02,551.0249901264906,156.22999734058976,228.66999612003565,281.6449949378148,"{""type"":""Point"",""coordinates"":[92.83999633789062,23.876944440000003]}"
00000000000000000213,Aizawl,23.76972222,92.76000213623048,23532,Mizoram,2024-07-02,669.2649844922125,244.49499284476042,331.2049915455282,396.54499048832804,"{""type"":""Point"",""coordinates"":[92.76000213623048,23.769722219999995]}"
00000000000000000264,Aizawl,23.70277778,92.72083333,23137,Mizoram,2024-07-02,669.2649844922125,244.49499284476042,331.2049915455282,396.54499048832804,"{""type"":""Point"",""coordinates"":[92.72083333,23.702777779999998]}"
00000000000000000265,Aizawl,23.73794444,92.78613889,23476,Mizoram,2024-07-02,669.2649844922125,244.49499284476042,331.2049915455282,396.54499048832804,"{""type"":""Point"",""coordinates"":[92.78613889,23.73794444]}"
00000000000000000267,Aizawl,24.32773611,93.57937222,23553,Mizoram,2024-07-02,369.2149918861687,128.7549973251298,141.8999970573932,267.81499389372766,"{""type"":""Point"",""coordinates"":[93.57937222,24.327736109999996]}"
00000000000000000268,Aizawl,23.27663889,93.1437530517578,23602,Mizoram,2024-07-02,298.07999269198626,104.28499754145741,138.80999722797424,176.1249961219728,"{""type"":""Point"",""coordinates"":[93.1437530517578,23.276638889999997]}"
0000000000000000016b,Kolasib,24.60372222,93.37223056,23569,Mizoram,2024-07-02,380.90999040938914,98.62999757751822,139.09499678388238,258.5849937386811,"{""type"":""Point"",""coordinates"":[93.37223056,24.603722220000005]}"
0000000000000000016c,Kolasib,24.66895556,93.33700556,23570,Mizoram,2024-07-02,380.90999040938914,98.62999757751822,139.09499678388238,258.5849937386811,"{""type"":""Point"",""coordinates"":[93.33700556,24.66895556]}"
0000000000000000016e,Kolasib,24.72074444,93.30899167,23574,Mizoram,2024-07-02,360.78999170847237,80.38499782979488,114.30499719828367,243.02499441895634,"{""type"":""Point"",""coordinates"":[93.30899167,24.720744440000004]}"
0000000000000000017e,Kolasib,24.02782222,93.28944444,23643,Mizoram,2024-07-02,473.4849880123511,158.21999593824148,182.69999524578452,298.164992261678,"{""type"":""Point"",""coordinates"":[93.28944444,24.02782222]}"
0000000000000000017f,Kolasib,24.04014167,93.29149627685548,23644,Mizoram,2024-07-02,473.4849880123511,158.21999593824148,182.69999524578452,298.164992261678,"{""type"":""Point"",""coordinates"":[93.2914962768555,24.04014167]}"
00000000000000000180,Kolasib,24.03980278,93.29373889,23645,Mizoram,2024-07-02,473.4849880123511,158.21999593824148,182.69999524578452,298.164992261678,"{""type"":""Point"",""coordinates"":[93.29373889,24.03980278]}"
00000000000000000181,Kolasib,24.05823611,93.28901944,23646,Mizoram,2024-07-02,473.4849880123511,158.21999593824148,182.69999524578452,298.164992261678,"{""type"":""Point"",""coordinates"":[93.28901944,24.058236109999996]}"
00000000000000000187,Kolasib,24.04014167,93.29149627685548,23663,Mizoram,2024-07-02,473.4849880123511,158.21999593824148,182.69999524578452,298.164992261678,"{""type"":""Point"",""coordinates"":[93.2914962768555,24.04014167]}"
0000000000000000018b,Kolasib,24.57151389,93.141725,23667,Mizoram,2024-07-02,483.6399895437062,139.7099969573319,170.98499626014382,300.5849936436862,"{""type"":""Point"",""coordinates"":[93.141725,24.57151389]}"
0000000000000000018c,Kolasib,24.56917222,93.14073611,23668,Mizoram,2024-07-02,483.6399895437062,139.7099969573319,170.98499626014382,300.5849936436862,"{""type"":""Point"",""coordinates"":[93.14073611,24.56917222]}"
0000000000000000021f,Kolasib,23.50882222,93.09170278,23608,Mizoram,2024-07-02,415.3499927856028,185.7799968170002,239.8549958942458,303.89999475330114,"{""type"":""Point"",""coordinates"":[93.09170278,23.508822219999995]}"
00000000000000000228,Kolasib,24.12428889,93.318525,23648,Mizoram,2024-07-02,483.6749889589846,163.28499572910368,180.41499544493854,295.7249937001616,"{""type"":""Point"",""coordinates"":[93.318525,24.124288889999995]}"
0000000000000000018d,Kolasib,24.56060028076172,93.13071389,23669,Mizoram,2024-07-07,452.08999001421034,22.13999943807721,31.599999237805605,204.61499548424035,"{""type"":""Point"",""coordinates"":[93.13071389,24.56060028076172]}"
0000000000000000018e,Kolasib,24.55987778,93.12541667,23670,Mizoram,2024-07-07,452.08999001421034,22.13999943807721,31.599999237805605,204.61499548424035,"{""type"":""Point"",""coordinates"":[93.12541667,24.55987778]}"
00000000000000000191,Kolasib,24.10710778,93.11535444,23673,Mizoram,2024-07-07,438.0099906269461,34.594999354332685,40.17499917373061,267.25999369472265,"{""type"":""Point"",""coordinates"":[93.11535444,24.10710778]}"
00000000000000000196,Kolasib,24.44347778,93.15817778,23693,Mizoram,2024-07-07,442.10998935997486,17.354999555274844,22.244999485090375,161.66499691735953,"{""type"":""Point"",""coordinates"":[93.15817778,24.44347778]}"
00000000000000000197,Kolasib,24.44857778,93.15738611,23695,Mizoram,2024-07-07,442.10998935997486,17.354999555274844,22.244999485090375,161.66499691735953,"{""type"":""Point"",""coordinates"":[93.15738611,24.44857778]}"
0000000000000000019e,Kolasib,24.57296389,93.17700556,23708,Mizoram,2024-07-07,452.08999001421034,22.13999943807721,31.599999237805605,204.61499548424035,"{""type"":""Point"",""coordinates"":[93.17700556000001,24.57296389]}"
00000000000000000230,Kolasib,24.56062778,93.18938889,23705,Mizoram,2024-07-07,452.08999001421034,22.13999943807721,31.599999237805605,204.61499548424035,"{""type"":""Point"",""coordinates"":[93.18938889,24.560627779999997]}"
00000000000000000177,Kolasib,23.36966389,93.04609444,23627,Mizoram,2024-07-09,325.11499172169715,45.92499921191484,70.02999856043607,112.35499717760831,"{""type"":""Point"",""coordinates"":[93.04609444,23.36966389]}"
00000000000000000186,Kolasib,23.56672222,93.13764444,23662,Mizoram,2024-07-09,293.20499441213906,21.51499956101179,33.81499932706356,59.47499902546406,"{""type"":""Point"",""coordinates"":[93.13764444,23.566722220000003]}"
00000000000000000188,Kolasib,24.56771111,93.14291667,23664,Mizoram,2024-07-09,404.95999105554074,35.019998976029456,57.15999841410667,141.64999744016677,"{""type"":""Point"",""coordinates"":[93.14291667,24.56771111]}"
00000000000000000189,Kolasib,24.57467222,93.14389722,23665,Mizoram,2024-07-09,404.95999105554074,35.019998976029456,57.15999841410667,141.64999744016677,"{""type"":""Point"",""coordinates"":[93.14389722,24.574672220000004]}"
0000000000000000018a,Kolasib,24.57470833,93.13897222,23666,Mizoram,2024-07-09,404.95999105554074,35.019998976029456,57.15999841410667,141.64999744016677,"{""type"":""Point"",""coordinates"":[93.13897222,24.574708329999996]}"
00000000000000000195,Kolasib,24.40520278,93.06672222,23691,Mizoram,2024-07-09,387.0649908091873,17.66499950364232,70.62999819777906,119.3649968104437,"{""type"":""Point"",""coordinates"":[93.06672222,24.405202780000003]}"
00000000000000000270,Kolasib,23.36556111,93.05125278,23626,Mizoram,2024-07-09,325.11499172169715,45.92499921191484,70.02999856043607,112.35499717760831,"{""type"":""Point"",""coordinates"":[93.05125278000001,23.36556111]}"
00000000000000000272,Kolasib,24.55205833,93.25569167,23632,Mizoram,2024-07-09,349.9099910892546,13.609999735839665,32.019999246113,86.00999760534614,"{""type"":""Point"",""coordinates"":[93.25569167,24.55205833]}"
00000000000000000155,Aizawl,23.24231111,93.17726667,23679,Mizoram,2024-07-17,127.0899971369654,17.994999484159052,23.704999380744994,28.709999294020236,"{""type"":""Point"",""coordinates"":[93.17726667,23.242311109999996]}"
00000000000000000193,Kolasib,23.504575,93.23805236816406,23685,Mizoram,2024-07-17,128.70499711390585,61.31999881565571,72.86499841976911,78.55499822366983,"{""type"":""Point"",""coordinates"":[93.23805236816406,23.504575000000003]}"
00000000000000000198,Kolasib,24.65409167,93.204625,23699,Mizoram,2024-07-17,137.18499634880573,6.799999833106995,12.94999971985817,33.63499918952584,"{""type"":""Point"",""coordinates"":[93.20462500000001,24.654091669999996]}"
00000000000000000199,Kolasib,24.65018056,93.20256667,23700,Mizoram,2024-07-17,137.18499634880573,6.799999833106995,12.94999971985817,33.63499918952584,"{""type"":""Point"",""coordinates"":[93.20256667,24.650180560000003]}"
0000000000000000022f,Kolasib,24.627300262451172,93.20404444,23701,Mizoram,2024-07-17,137.18499634880573,6.799999833106995,12.94999971985817,33.63499918952584,"{""type"":""Point"",""coordinates"":[93.20404444,24.627300262451172]}"
00000000000000000275,Kolasib,23.49216111,93.23695373535156,23684,Mizoram,2024-07-17,122.98999676853418,23.974999425001442,38.93999904114753,48.67999887187034,"{""type"":""Point"",""coordinates"":[93.23695373535156,23.49216111]}"
00000000000000000135,Aizawl,24.28840278,93.58591389,23545,Mizoram,2024-08-13,316.9149930756539,5.314999923110008,10.94999971613288,97.7899975925684,"{""type"":""Point"",""coordinates"":[93.58591389,24.288402780000002]}"
00000000000000000136,Aizawl,24.29982222,93.59040833,23546,Mizoram,2024-08-13,316.9149930756539,5.314999923110008,10.94999971613288,97.7899975925684,"{""type"":""Point"",""coordinates"":[93.59040833,24.299822219999996]}"
00000000000000000137,Aizawl,24.30768611,93.58120556,23547,Mizoram,2024-08-13,320.3799921767786,5.379999861121178,16.159999588504434,108.97999813314527,"{""type"":""Point"",""coordinates"":[93.58120556000001,24.307686109999995]}"
00000000000000000138,Aizawl,24.33915833,93.66233611,23549,Mizoram,2024-08-13,311.0549931731075,6.159999825060368,16.859999579377472,99.74999777879566,"{""type"":""Point"",""coordinates"":[93.66233611,24.339158329999997]}"
00000000000000000139,Aizawl,24.33331944,93.65702778,23550,Mizoram,2024-08-13,311.0549931731075,6.159999825060368,16.859999579377472,99.74999777879566,"{""type"":""Point"",""coordinates"":[93.65702778000002,24.333319440000004]}"
0000000000000000013b,Aizawl,24.330900192260746,93.66054444,23552,Mizoram,2024-08-13,311.0549931731075,6.159999825060368,16.859999579377472,99.74999777879566,"{""type"":""Point"",""coordinates"":[93.66054444,24.330900192260746]}"
0000000000000000013c,Aizawl,24.39255556,93.65468611,23554,Mizoram,2024-08-13,311.0549931731075,6.159999825060368,16.859999579377472,99.74999777879566,"{""type"":""Point"",""coordinates"":[93.65468611000001,24.39255556]}"
0000000000000000013d,Aizawl,24.48458889,93.58781944,23558,Mizoram,2024-08-13,313.2499926323071,8.319999855011702,22.974999479949474,103.54499767161906,"{""type"":""Point"",""coordinates"":[93.58781944000002,24.48458889]}"
0000000000000000013e,Aizawl,24.51785556,93.55086944,23560,Mizoram,2024-08-13,258.8799946391955,10.33999965339899,26.179999282583594,61.279998612590134,"{""type"":""Point"",""coordinates"":[93.55086944,24.517855559999997]}"
00000000000000000216,Aizawl,24.30711944,93.59375833,23548,Mizoram,2024-08-13,320.3799921767786,5.379999861121178,16.159999588504434,108.97999813314527,"{""type"":""Point"",""coordinates"":[93.59375833000001,24.307119440000005]}"
00000000000000000217,Aizawl,24.49112222,93.62215556,23556,Mizoram,2024-08-13,278.5399936698377,11.72499980404973,25.764999464154243,68.70999877993017,"{""type"":""Point"",""coordinates"":[93.62215556,24.491122220000005]}"
00000000000000000172,Kolasib,23.41421944,93.10569167,23606,Mizoram,2024-08-13,311.8549936870113,15.204999826848507,20.934999726712704,58.39999868348241,"{""type"":""Point"",""coordinates"":[93.10569167,23.41421944]}"
0000000000000000021d,Kolasib,24.76606111,93.30076667,23572,Mizoram,2024-08-13,315.8899924289435,2.009999930858612,6.82499972730875,63.83499870635569,"{""type"":""Point"",""coordinates"":[93.30076667,24.76606111]}"
00000000000000000173,Kolasib,23.56785011291504,93.10472222,23613,Mizoram,2024-09-12,132.0349960885942,9.879999698139727,65.4199976446107,73.39999745320529,"{""type"":""Point"",""coordinates"":[93.10472222,23.567850112915043]}"
00000000000000000174,Kolasib,23.56233889,93.11890833,23615,Mizoram,2024-09-12,132.0349960885942,9.879999698139727,65.4199976446107,73.39999745320529,"{""type"":""Point"",""coordinates"":[93.11890833,23.56233889]}"
00000000000000000175,Kolasib,23.56145278,93.10908889,23619,Mizoram,2024-09-12,132.0349960885942,9.879999698139727,65.4199976446107,73.39999745320529,"{""type"":""Point"",""coordinates"":[93.10908889000001,23.56145278]}"
00000000000000000220,Kolasib,23.54130278,93.10256944,23609,Mizoram,2024-09-12,132.0349960885942,9.879999698139727,65.4199976446107,73.39999745320529,"{""type"":""Point"",""coordinates"":[93.10256944,23.541302780000002]}"
00000000000000000221,Kolasib,23.54600556,93.09247222,23610,Mizoram,2024-09-12,102.02999825030565,4.959999792277813,18.809999572113156,56.42999931238592,"{""type"":""Point"",""coordinates"":[93.09247222000002,23.54600556]}"
00000000000000000222,Kolasib,23.54286944,93.08539722,23611,Mizoram,2024-09-12,102.02999825030565,4.959999792277813,18.809999572113156,56.42999931238592,"{""type"":""Point"",""coordinates"":[93.08539722,23.542869439999997]}"
00000000000000000224,Kolasib,23.56413333,93.11378889,23614,Mizoram,2024-09-12,132.0349960885942,9.879999698139727,65.4199976446107,73.39999745320529,"{""type"":""Point"",""coordinates"":[93.11378889,23.56413333]}"
00000000000000000225,Kolasib,23.56238611,93.12376667,23617,Mizoram,2024-09-12,132.0349960885942,9.879999698139727,65.4199976446107,73.39999745320529,"{""type"":""Point"",""coordinates"":[93.12376667,23.562386110000002]}"
00000000000000000226,Kolasib,23.56404167,93.10752222,23618,Mizoram,2024-09-12,132.0349960885942,9.879999698139727,65.4199976446107,73.39999745320529,"{""type"":""Point"",""coordinates"":[93.10752222,23.56404167]}"
00000000000000000227,Kolasib,23.55881111,93.10900556,23620,Mizoram,2024-09-12,132.0349960885942,9.879999698139727,65.4199976446107,73.39999745320529,"{""type"":""Point"",""coordinates"":[93.10900556,23.558811110000004]}"
00000000000000000156,Aizawl,23.24500833,93.17587222,23680,Mizoram,2024-09-24,182.1349952854216,12.899999506771564,26.18499907851219,35.784998904913664,"{""type"":""Point"",""coordinates"":[93.17587222,23.24500833]}"
00000000000000000178,Kolasib,23.54294167,93.23821667,23630,Mizoram,2024-09-24,104.13999727368355,11.179999727755785,13.34999967738986,20.269999343901873,"{""type"":""Point"",""coordinates"":[93.23821667000001,23.54294167]}"
0000000000000000017a,Kolasib,24.60921944,93.30050278,23638,Mizoram,2024-09-24,74.32999803777784,7.584999912418425,37.74999917577952,37.879999169148505,"{""type"":""Point"",""coordinates"":[93.30050278,24.609219440000004]}"
0000000000000000017b,Kolasib,24.64528611,93.28593611,23640,Mizoram,2024-09-24,75.81999806221575,6.834999766200781,32.58999916538596,32.77499916218221,"{""type"":""Point"",""coordinates"":[93.28593611,24.645286109999997]}"
0000000000000000017c,Kolasib,24.02205833,93.29369167,23641,Mizoram,2024-09-24,133.5649966476485,14.144999668002129,36.629999184049666,37.214999162591994,"{""type"":""Point"",""coordinates"":[93.29369167,24.02205833]}"
0000000000000000017d,Kolasib,23.01689167,93.283175,23642,Mizoram,2024-09-24,180.17499555833638,13.154999729245901,32.57499912008643,47.2699988046661,"{""type"":""Point"",""coordinates"":[93.283175,23.01689167]}"
00000000000000000182,Kolasib,24.297775268554688,93.34159722,23652,Mizoram,2024-09-24,99.74499764479697,15.354999713599682,30.16499926429242,30.254999260418117,"{""type"":""Point"",""coordinates"":[93.34159722,24.29777526855469]}"
00000000000000000183,Kolasib,24.35137778,93.34095556,23654,Mizoram,2024-09-24,93.11499824281782,10.889999689534307,24.3999993391335,25.244999308139086,"{""type"":""Point"",""coordinates"":[93.34095556,24.351377780000004]}"
00000000000000000192,Kolasib,24.10743611,93.09532222,23677,Mizoram,2024-09-24,104.57999802194536,18.109999433159828,27.114999189972878,29.139999128878117,"{""type"":""Point"",""coordinates"":[93.09532222,24.107436109999995]}"
0000000000000000019b,Kolasib,24.586050033569336,93.21056389,23703,Mizoram,2024-09-24,84.11499851290137,11.914999820291996,36.554999246262014,38.28999922517687,"{""type"":""Point"",""coordinates"":[93.21056389,24.58605003356934]}"
000000000000000001a0,Kolasib,24.458325,93.09439167,23711,Mizoram,2024-09-24,95.76999748125672,10.609999682754278,18.514999570325017,21.404999466612935,"{""type"":""Point"",""coordinates"":[93.09439167,24.458325]}"
00000000000000000229,Kolasib,24.11104722,93.10374167,23675,Mizoram,2024-09-24,122.66499705798924,20.56499938108027,31.91499900817871,33.454998943954706,"{""type"":""Point"",""coordinates"":[93.10374167,24.11104722]}"
0000000000000000022a,Kolasib,24.10506389,93.09593611,23676,Mizoram,2024-09-24,104.57999802194536,18.109999433159828,27.114999189972878,29.139999128878117,"{""type"":""Point"",""coordinates"":[93.09593611,24.105063890000004]}"
0000000000000000022b,Kolasib,24.10687222,93.08849722,23678,Mizoram,2024-09-24,104.57999802194536,18.109999433159828,27.114999189972878,29.139999128878117,"{""type"":""Point"",""coordinates"":[93.08849722,24.106872220000003]}"
00000000000000000273,Kolasib,24.09210556,93.29866667,23647,Mizoram,2024-09-24,133.5649966476485,14.144999668002129,36.629999184049666,37.214999162591994,"{""type"":""Point"",""coordinates"":[93.29866667,24.09210556]}"
00000000000000000274,Kolasib,24.10015917,93.10461389,23674,Mizoram,2024-09-24,122.66499705798924,20.56499938108027,31.91499900817871,33.454998943954706,"{""type"":""Point"",""coordinates"":[93.10461389,24.100159170000005]}"
0000000000000000010a,Aizawl,23.51944444,92.70055556,23295,Mizoram,2024-09-25,139.44499528594315,92.98999675735831,94.85499669145793,100.57999653182924,"{""type"":""Point"",""coordinates"":[92.70055556,23.51944444]}"
00000000000000000120,Aizawl,23.74416667,92.85555556,23499,Mizoram,2024-09-25,120.21999736502767,64.42999846488237,65.1649984382093,95.89999778103083,"{""type"":""Point"",""coordinates"":[92.85555556,23.744166670000002]}"
00000000000000000121,Aizawl,23.74361111,92.85416667,23500,Mizoram,2024-09-25,120.21999736502767,64.42999846488237,65.1649984382093,95.89999778103083,"{""type"":""Point"",""coordinates"":[92.85416667,23.74361111]}"
00000000000000000128,Aizawl,23.87777778,92.84083333,23525,Mizoram,2024-09-25,118.63499700091779,56.9399985447526,59.37499847449362,88.09999789949507,"{""type"":""Point"",""coordinates"":[92.84083333000001,23.877777780000002]}"
0000000000000000020e,Aizawl,23.85194444,92.83305556,23522,Mizoram,2024-09-25,118.63499700091779,56.9399985447526,59.37499847449362,88.09999789949507,"{""type"":""Point"",""coordinates"":[92.83305556,23.851944439999997]}"
00000000000000000212,Aizawl,23.88527778,92.85749816894533,23531,Mizoram,2024-09-25,118.63499700091779,56.9399985447526,59.37499847449362,88.09999789949507,"{""type"":""Point"",""coordinates"":[92.85749816894533,23.885277780000003]}"
00000000000000000129,Aizawl,23.89277778,92.85083333,23527,Mizoram,2024-09-28,126.64999672677368,4.194999834522605,58.119998530484736,97.31999758724123,"{""type"":""Point"",""coordinates"":[92.85083333,23.89277778]}"
0000000000000000012b,Aizawl,24.03503889,93.54139444,23533,Mizoram,2024-09-28,133.2399977548048,1.0949999764561653,65.95499942731112,105.69499838445336,"{""type"":""Point"",""coordinates"":[93.54139444,24.03503889]}"
0000000000000000012e,Aizawl,24.10864167,93.54198333,23537,Mizoram,2024-09-28,149.3699962263927,2.3949999660253525,68.44999832846224,118.46999701205641,"{""type"":""Point"",""coordinates"":[93.54198333,24.108641669999997]}"
0000000000000000012f,Aizawl,24.12682222,93.54013889,23538,Mizoram,2024-09-28,149.3699962263927,2.3949999660253525,68.44999832846224,118.46999701205641,"{""type"":""Point"",""coordinates"":[93.54013889,24.12682222]}"
0000000000000000013a,Aizawl,24.33300556,93.65357222,23551,Mizoram,2024-09-28,128.409997693263,11.144999767653644,61.84499890729785,103.00999837368727,"{""type"":""Point"",""coordinates"":[93.65357222,24.33300556]}"
0000000000000000013f,Aizawl,24.52308611,93.57206944,23562,Mizoram,2024-09-28,129.62999637052417,6.9749998934566975,69.98999813571572,109.84499694034457,"{""type"":""Point"",""coordinates"":[93.57206944,24.52308611]}"
00000000000000000140,Aizawl,24.48338333,93.58848056,23563,Mizoram,2024-09-28,113.81999740656465,23.70499951019883,66.81499848049134,98.0099977068603,"{""type"":""Point"",""coordinates"":[93.58848056,24.483383329999995]}"
00000000000000000144,Aizawl,23.10184722,93.20138889,23584,Mizoram,2024-09-28,182.95499586500227,9.809999704360962,98.22499753534794,128.48999696411192,"{""type"":""Point"",""coordinates"":[93.20138889,23.10184722]}"
0000000000000000014d,Aizawl,23.25951944,93.15917222,23600,Mizoram,2024-09-28,171.97499577887356,2.4449999406933784,58.16999884881079,84.35499792732298,"{""type"":""Point"",""coordinates"":[93.15917222,23.259519439999995]}"
00000000000000000150,Aizawl,23.32829167,93.12184167,23604,Mizoram,2024-09-28,198.09999533835799,12.139999739825726,84.5199983175844,115.27499734703451,"{""type"":""Point"",""coordinates"":[93.12184167,23.32829167]}"
00000000000000000153,Aizawl,23.35406111,93.04156111,23624,Mizoram,2024-09-28,181.45499635115266,3.309999965131283,88.90999829303473,110.60499804187566,"{""type"":""Point"",""coordinates"":[93.04156111,23.354061110000004]}"
00000000000000000154,Aizawl,23.35958611,93.04477222,23625,Mizoram,2024-09-28,181.45499635115266,3.309999965131283,88.90999829303473,110.60499804187566,"{""type"":""Point"",""coordinates"":[93.04477222,23.359586110000002]}"
00000000000000000210,Aizawl,23.89305556,92.84722222,23529,Mizoram,2024-09-28,126.64999672677368,4.194999834522605,58.119998530484736,97.31999758724123,"{""type"":""Point"",""coordinates"":[92.84722222,23.893055560000004]}"
00000000000000000218,Aizawl,24.49282455444336,93.58643611,23559,Mizoram,2024-09-28,113.81999740656465,23.70499951019883,66.81499848049134,98.0099977068603,"{""type"":""Point"",""coordinates"":[93.58643611,24.492824554443356]}"
00000000000000000266,Aizawl,23.88583333,92.85055556,23526,Mizoram,2024-09-28,126.64999672677368,4.194999834522605,58.119998530484736,97.31999758724123,"{""type"":""Point"",""coordinates"":[92.85055556,23.88583333]}"
00000000000000000169,Kolasib,24.48857222,93.36792222,23565,Mizoram,2024-09-28,123.82499689981341,14.61999947577715,60.309998691082,91.86999760568142,"{""type"":""Point"",""coordinates"":[93.36792222,24.48857222]}"
00000000000000000170,Kolasib,24.70553333,93.33064167,23576,Mizoram,2024-09-28,134.37999692559242,1.309999942779541,66.26999884471297,114.07999735325575,"{""type"":""Point"",""coordinates"":[93.33064167,24.70553333]}"
0000000000000000018f,Kolasib,24.08927222,93.12408611,23671,Mizoram,2024-09-28,126.42999735940248,7.424999810755253,57.98999866005033,100.81499807350338,"{""type"":""Point"",""coordinates"":[93.12408611000001,24.08927222]}"
00000000000000000190,Kolasib,24.10641389,93.12339944,23672,Mizoram,2024-09-28,116.55499683599919,16.01999970152974,61.719998319633305,93.63499732781202,"{""type"":""Point"",""coordinates"":[93.12339944,24.10641389]}"
0000000000000000022c,Kolasib,24.15817222,93.02488611,23687,Mizoram,2024-09-28,113.81499751470983,10.649999782443047,61.87999884970486,88.99499803967774,"{""type"":""Point"",""coordinates"":[93.02488611,24.158172220000004]}"
0000000000000000022d,Kolasib,24.23419444,93.02469167,23688,Mizoram,2024-09-28,113.33999689947814,7.024999923072755,58.65499865729362,88.06499771401286,"{""type"":""Point"",""coordinates"":[93.02469167,24.234194439999996]}"
0000000000000000022e,Kolasib,24.32836667,93.00923056,23689,Mizoram,2024-09-28,113.38999721966684,6.609999810345471,54.384998777881265,81.61499795503914,"{""type"":""Point"",""coordinates"":[93.00923056,24.32836667]}"
000000000000000000ea,Aizawl,24.354658126831055,92.925511,23955,Mizoram,2025-05-29,261.01999340206385,62.74999834224582,75.72999808937311,173.42499533388764,"{""type"":""Point"",""coordinates"":[92.925511,24.354658126831055]}"
0000000000000000026a,Aizawl,23.6868033,92.7251987,23714,Mizoram,2025-05-29,226.54999464843422,65.61499822698534,125.39999729581177,184.2799952896312,"{""type"":""Point"",""coordinates"":[92.7251987,23.686803300000008]}"
000000000000000001a4,Lunglei,23.1414737701416,92.750577,24072,Mizoram,2025-05-29,288.16499275993556,74.64999782759696,202.5699946032837,233.16499378997833,"{""type"":""Point"",""coordinates"":[92.750577,23.1414737701416]}"
000000000000000001ab,Serchhip,23.19340133666992,92.900218,23804,Mizoram,2025-05-29,250.50499444827437,73.44499834347516,174.79499614797533,209.7499955408275,"{""type"":""Point"",""coordinates"":[92.900218,23.19340133666992]}"
00000000000000000238,Serchhip,23.298137,92.857412,23842,Mizoram,2025-05-29,212.304994340986,65.30499834474176,130.72999647352844,169.17999505158514,"{""type"":""Point"",""coordinates"":[92.857412,23.298137]}"
0000000000000000015a,Aizawl,23.758901,92.730863,23722,Mizoram,2025-05-30,337.20999239198864,156.86999647226185,215.45499512925744,297.7699930034578,"{""type"":""Point"",""coordinates"":[92.730863,23.758901000000005]}"
0000000000000000015d,Aizawl,23.730243,92.75602722167967,23720,Mizoram,2025-05-30,337.20999239198864,156.86999647226185,215.45499512925744,297.7699930034578,"{""type"":""Point"",""coordinates"":[92.75602722167969,23.730243000000005]}"
0000000000000000015e,Aizawl,23.336229,92.787113,23734,Mizoram,2025-05-30,431.9049880784005,211.77999327890575,274.20499184541404,376.85998910013586,"{""type"":""Point"",""coordinates"":[92.787113,23.336229000000003]}"
000000000000000001a2,Lunglei,23.105649948120117,92.745979,24105,Mizoram,2025-05-30,464.18998867925256,226.9099945127964,302.45499198604375,406.3949897782877,"{""type"":""Point"",""coordinates"":[92.745979,23.105649948120117]}"
000000000000000001a5,Lunglei,23.1398868560791,92.751646,24074,Mizoram,2025-05-30,464.18998867925256,226.9099945127964,302.45499198604375,406.3949897782877,"{""type"":""Point"",""coordinates"":[92.75164600000001,23.1398868560791]}"
000000000000000001a6,Lunglei,23.183856,92.735346,23750,Mizoram,2025-05-30,464.18998867925256,226.9099945127964,302.45499198604375,406.3949897782877,"{""type"":""Point"",""coordinates"":[92.73534600000002,23.183855999999995]}"
00000000000000000235,Lunglei,23.181806,92.736868,23752,Mizoram,2025-05-30,464.18998867925256,226.9099945127964,302.45499198604375,406.3949897782877,"{""type"":""Point"",""coordinates"":[92.736868,23.181806]}"
000000000000000001aa,Serchhip,23.293453216552734,92.858089,23843,Mizoram,2025-05-30,420.4499903637916,256.7499948432669,291.28499374352396,376.17999115400016,"{""type"":""Point"",""coordinates"":[92.858089,23.293453216552734]}"
000000000000000001ad,Siaha,22.44437599182129,92.947323,23770,Mizoram,2025-05-30,510.3249888168648,274.2799941888079,317.09499328024685,443.18999024666846,"{""type"":""Point"",""coordinates"":[92.947323,22.44437599182129]}"
00000000000000000412,Aizawl,23.76046562194824,92.848969,23951,Mizoram,2025-05-31,400.4749913327396,182.41499566379935,275.45999364648014,355.1849922221154,"{""type"":""Point"",""coordinates"":[92.848969,23.760465621948242]}"
00000000000000000413,Aizawl,23.742469787597656,92.705587,23716,Mizoram,2025-05-31,438.5499897580594,211.8749944185838,299.469992893748,389.9099907465279,"{""type"":""Point"",""coordinates"":[92.705587,23.742469787597656]}"
0000000000000000015f,Champhai,23.148208618164062,93.321183,23942,Mizoram,2025-05-31,373.3699908256531,165.9549946403131,209.27499391697347,334.3849916830659,"{""type"":""Point"",""coordinates"":[93.321183,23.148208618164066]}"
00000000000000000414,Hnahthial,23.077813,92.8984375,23796,Mizoram,2025-05-31,493.629989172332,242.22499429620802,301.90999311674386,446.5349902091548,"{""type"":""Point"",""coordinates"":[92.8984375,23.077813]}"
00000000000000000415,Hnahthial,23.081023,92.897247,23797,Mizoram,2025-05-31,493.629989172332,242.22499429620802,301.90999311674386,446.5349902091548,"{""type"":""Point"",""coordinates"":[92.897247,23.081023000000002]}"
00000000000000000416,Hnahthial,23.08434295654297,92.898597,23798,Mizoram,2025-05-31,493.629989172332,242.22499429620802,301.90999311674386,446.5349902091548,"{""type"":""Point"",""coordinates"":[92.898597,23.084342956542972]}"
00000000000000000417,Hnahthial,22.902089,92.879909,23792,Mizoram,2025-05-31,530.4349869713187,254.58499428257346,310.16999269090593,465.62998870853335,"{""type"":""Point"",""coordinates"":[92.879909,22.902088999999997]}"
00000000000000000418,Hnahthial,22.967715,92.925677,23793,Mizoram,2025-05-31,484.57998852804303,221.2149954251945,279.76999376062304,432.4799895156175,"{""type"":""Point"",""coordinates"":[92.92567700000001,22.967715]}"
0000000000000000045b,Hnahthial,22.971217,92.925544,23794,Mizoram,2025-05-31,484.57998852804303,221.2149954251945,279.76999376062304,432.4799895156175,"{""type"":""Point"",""coordinates"":[92.92554400000002,22.971217]}"
0000000000000000045c,Hnahthial,22.969581604003903,92.925917,23795,Mizoram,2025-05-31,484.57998852804303,221.2149954251945,279.76999376062304,432.4799895156175,"{""type"":""Point"",""coordinates"":[92.925917,22.969581604003903]}"
00000000000000000419,Khawzawl,23.197704315185547,93.163019,23939,Mizoram,2025-05-31,405.5499915173277,180.6049968097359,246.52499514259398,358.6699921907857,"{""type"":""Point"",""coordinates"":[93.16301900000002,23.197704315185547]}"
0000000000000000045d,Khawzawl,23.229764938354492,93.127521,23937,Mizoram,2025-05-31,404.63499014638364,198.43999549001455,265.13999414723366,363.96499108243734,"{""type"":""Point"",""coordinates"":[93.127521,23.229764938354496]}"
0000000000000000041a,Lawngtlai,22.519716262817383,92.891037,23767,Mizoram,2025-05-31,544.8749891482294,234.95999627746642,311.09999534487724,456.46499143447727,"{""type"":""Point"",""coordinates"":[92.891037,22.519716262817383]}"
0000000000000000041b,Lawngtlai,22.54734992980957,92.882032,23775,Mizoram,2025-05-31,544.8749891482294,234.95999627746642,311.09999534487724,456.46499143447727,"{""type"":""Point"",""coordinates"":[92.882032,22.547349929809567]}"
00000000000000000467,Lawngtlai,22.48764991760254,92.886806,23768,Mizoram,2025-05-31,556.9899870399386,235.06499440036714,330.2049927879125,464.76498989295214,"{""type"":""Point"",""coordinates"":[92.88680600000002,22.48764991760254]}"
0000000000000000041c,Lunglei,23.214239,92.740856,23744,Mizoram,2025-05-31,479.3449906287715,205.58999658375978,270.61499538179487,427.1999917346984,"{""type"":""Point"",""coordinates"":[92.740856,23.214239]}"
0000000000000000041d,Lunglei,23.18077087402344,92.735789,23753,Mizoram,2025-05-31,512.074987356551,226.91999457031488,301.56999239791185,454.14998853299767,"{""type"":""Point"",""coordinates"":[92.735789,23.18077087402344]}"
0000000000000000041e,Lunglei,23.173606,92.739793,23754,Mizoram,2025-05-31,512.074987356551,226.91999457031488,301.56999239791185,454.14998853299767,"{""type"":""Point"",""coordinates"":[92.739793,23.173606]}"
0000000000000000041f,Lunglei,23.11422538757324,92.746024,23761,Mizoram,2025-05-31,512.074987356551,226.91999457031488,301.56999239791185,454.14998853299767,"{""type"":""Point"",""coordinates"":[92.74602400000002,23.114225387573242]}"
00000000000000000420,Lunglei,23.11182403564453,92.745097,23762,Mizoram,2025-05-31,512.074987356551,226.91999457031488,301.56999239791185,454.14998853299767,"{""type"":""Point"",""coordinates"":[92.74509700000002,23.11182403564453]}"
00000000000000000421,Lunglei,23.140846252441406,92.751229,23756,Mizoram,2025-05-31,512.074987356551,226.91999457031488,301.56999239791185,454.14998853299767,"{""type"":""Point"",""coordinates"":[92.751229,23.14084625244141]}"
00000000000000000422,Lunglei,22.788323,92.833817,23782,Mizoram,2025-05-31,526.9699881179258,214.0649957191199,274.52999442256987,437.4199897367507,"{""type"":""Point"",""coordinates"":[92.833817,22.788323]}"
00000000000000000423,Lunglei,22.793307,92.819831,23783,Mizoram,2025-05-31,526.9699881179258,214.0649957191199,274.52999442256987,437.4199897367507,"{""type"":""Point"",""coordinates"":[92.819831,22.793306999999995]}"
00000000000000000424,Lunglei,22.892425537109375,92.822937,23791,Mizoram,2025-05-31,518.4499889872968,200.90999542176723,265.9949941402301,451.88499019667506,"{""type"":""Point"",""coordinates"":[92.822937,22.892425537109375]}"
00000000000000000425,Lunglei,22.64108657836914,92.867635,23776,Mizoram,2025-05-31,540.5449855439365,222.1799933500588,298.5199912590906,455.1599878165871,"{""type"":""Point"",""coordinates"":[92.867635,22.641086578369144]}"
00000000000000000426,Lunglei,22.66069221496582,92.855602,23777,Mizoram,2025-05-31,540.5449855439365,222.1799933500588,298.5199912590906,455.1599878165871,"{""type"":""Point"",""coordinates"":[92.855602,22.66069221496582]}"
00000000000000000427,Lunglei,22.688472,92.842907,23778,Mizoram,2025-05-31,540.5449855439365,222.1799933500588,298.5199912590906,455.1599878165871,"{""type"":""Point"",""coordinates"":[92.842907,22.688472]}"
00000000000000000428,Lunglei,22.702165,92.836523,23779,Mizoram,2025-05-31,526.9699881179258,214.0649957191199,274.52999442256987,437.4199897367507,"{""type"":""Point"",""coordinates"":[92.836523,22.702164999999997]}"
00000000000000000429,Lunglei,22.70699882507324,92.841597,23780,Mizoram,2025-05-31,526.9699881179258,214.0649957191199,274.52999442256987,437.4199897367507,"{""type"":""Point"",""coordinates"":[92.841597,22.706998825073242]}"
0000000000000000042a,Lunglei,22.745387,92.841543,23781,Mizoram,2025-05-31,526.9699881179258,214.0649957191199,274.52999442256987,437.4199897367507,"{""type"":""Point"",""coordinates"":[92.841543,22.745387]}"
0000000000000000042b,Saitual,23.527591705322266,92.984969,23949,Mizoram,2025-05-31,374.15999129600823,195.33999487012625,253.53999385423958,339.54499218426645,"{""type"":""Point"",""coordinates"":[92.984969,23.527591705322266]}"
000000000000000001ac,Serchhip,23.322010040283203,92.85822296142578,23808,Mizoram,2025-05-31,467.33498872909695,247.94999467302114,307.1599930534139,415.61999065894634,"{""type"":""Point"",""coordinates"":[92.85822296142578,23.322010040283203]}"
00000000000000000237,Serchhip,23.235715866088867,92.744499,23743,Mizoram,2025-05-31,479.3449906287715,205.58999658375978,270.61499538179487,427.1999917346984,"{""type"":""Point"",""coordinates"":[92.744499,23.235715866088867]}"
0000000000000000042c,Serchhip,23.3071346282959,92.707624,23869,Mizoram,2025-05-31,480.3399864016101,222.1249929992482,281.4949913350865,425.724987433292,"{""type"":""Point"",""coordinates"":[92.70762400000001,23.3071346282959]}"
0000000000000000042d,Serchhip,23.306409,92.706083,23870,Mizoram,2025-05-31,480.3399864016101,222.1249929992482,281.4949913350865,425.724987433292,"{""type"":""Point"",""coordinates"":[92.706083,23.306409000000002]}"
0000000000000000042e,Serchhip,23.306012,92.704212,23871,Mizoram,2025-05-31,480.3399864016101,222.1249929992482,281.4949913350865,425.724987433292,"{""type"":""Point"",""coordinates"":[92.704212,23.306012000000003]}"
0000000000000000042f,Serchhip,23.239797,92.744214,23741,Mizoram,2025-05-31,479.3449906287715,205.58999658375978,270.61499538179487,427.1999917346984,"{""type"":""Point"",""coordinates"":[92.744214,23.239796999999996]}"
00000000000000000430,Serchhip,23.238784790039062,92.744224,23742,Mizoram,2025-05-31,479.3449906287715,205.58999658375978,270.61499538179487,427.1999917346984,"{""type"":""Point"",""coordinates"":[92.744224,23.238784790039066]}"
00000000000000000431,Serchhip,23.316491,92.788798,23737,Mizoram,2025-05-31,480.3399864016101,222.1249929992482,281.4949913350865,425.724987433292,"{""type"":""Point"",""coordinates"":[92.788798,23.316491]}"
00000000000000000432,Serchhip,23.322038650512695,92.859147,23809,Mizoram,2025-05-31,467.33498872909695,247.94999467302114,307.1599930534139,415.61999065894634,"{""type"":""Point"",""coordinates"":[92.859147,23.3220386505127]}"
00000000000000000433,Serchhip,23.319156,92.857722,23810,Mizoram,2025-05-31,467.33498872909695,247.94999467302114,307.1599930534139,415.61999065894634,"{""type"":""Point"",""coordinates"":[92.857722,23.319156000000003]}"
00000000000000000434,Serchhip,23.317543029785156,92.858683,23811,Mizoram,2025-05-31,467.33498872909695,247.94999467302114,307.1599930534139,415.61999065894634,"{""type"":""Point"",""coordinates"":[92.858683,23.31754302978516]}"
00000000000000000435,Serchhip,23.318568,92.852294,23812,Mizoram,2025-05-31,467.33498872909695,247.94999467302114,307.1599930534139,415.61999065894634,"{""type"":""Point"",""coordinates"":[92.852294,23.318568]}"
00000000000000000436,Serchhip,23.319412231445312,92.85541534423828,23814,Mizoram,2025-05-31,467.33498872909695,247.94999467302114,307.1599930534139,415.61999065894634,"{""type"":""Point"",""coordinates"":[92.85541534423828,23.319412231445316]}"
00000000000000000437,Serchhip,23.319184,92.856725,23815,Mizoram,2025-05-31,467.33498872909695,247.94999467302114,307.1599930534139,415.61999065894634,"{""type"":""Point"",""coordinates"":[92.856725,23.319184]}"
00000000000000000438,Serchhip,23.30928611755371,92.850807,23816,Mizoram,2025-05-31,467.33498872909695,247.94999467302114,307.1599930534139,415.61999065894634,"{""type"":""Point"",""coordinates"":[92.85080700000002,23.309286117553714]}"
00000000000000000439,Serchhip,23.31527328491211,92.856524,23819,Mizoram,2025-05-31,467.33498872909695,247.94999467302114,307.1599930534139,415.61999065894634,"{""type"":""Point"",""coordinates"":[92.856524,23.315273284912106]}"
0000000000000000043a,Serchhip,23.311529,92.85443115234376,23820,Mizoram,2025-05-31,467.33498872909695,247.94999467302114,307.1599930534139,415.61999065894634,"{""type"":""Point"",""coordinates"":[92.85443115234376,23.311529]}"
0000000000000000043b,Serchhip,23.316370010375977,92.854172,23821,Mizoram,2025-05-31,467.33498872909695,247.94999467302114,307.1599930534139,415.61999065894634,"{""type"":""Point"",""coordinates"":[92.854172,23.31637001037598]}"
0000000000000000043c,Serchhip,23.310073852539062,92.858498,23822,Mizoram,2025-05-31,467.33498872909695,247.94999467302114,307.1599930534139,415.61999065894634,"{""type"":""Point"",""coordinates"":[92.858498,23.31007385253906]}"
0000000000000000043d,Serchhip,23.309295,92.860017,23823,Mizoram,2025-05-31,467.33498872909695,247.94999467302114,307.1599930534139,415.61999065894634,"{""type"":""Point"",""coordinates"":[92.860017,23.309295]}"
0000000000000000043e,Serchhip,23.308778,92.858357,23825,Mizoram,2025-05-31,467.33498872909695,247.94999467302114,307.1599930534139,415.61999065894634,"{""type"":""Point"",""coordinates"":[92.858357,23.308778]}"
0000000000000000043f,Serchhip,23.30083656311035,92.855693,23826,Mizoram,2025-05-31,467.33498872909695,247.94999467302114,307.1599930534139,415.61999065894634,"{""type"":""Point"",""coordinates"":[92.855693,23.30083656311035]}"
00000000000000000440,Serchhip,23.3007869720459,92.853572,23827,Mizoram,2025-05-31,467.33498872909695,247.94999467302114,307.1599930534139,415.61999065894634,"{""type"":""Point"",""coordinates"":[92.853572,23.300786972045902]}"
00000000000000000441,Serchhip,23.305322647094727,92.852358,23828,Mizoram,2025-05-31,467.33498872909695,247.94999467302114,307.1599930534139,415.61999065894634,"{""type"":""Point"",""coordinates"":[92.852358,23.305322647094727]}"
00000000000000000442,Serchhip,23.298928,92.857435,23831,Mizoram,2025-05-31,470.3949889196083,259.1049945689738,324.40999291371554,416.20498999301344,"{""type"":""Point"",""coordinates"":[92.857435,23.298928000000004]}"
00000000000000000443,Serchhip,23.31084632873535,92.858915,23832,Mizoram,2025-05-31,467.33498872909695,247.94999467302114,307.1599930534139,415.61999065894634,"{""type"":""Point"",""coordinates"":[92.858915,23.310846328735348]}"
00000000000000000444,Serchhip,23.31133460998535,92.858026,23833,Mizoram,2025-05-31,467.33498872909695,247.94999467302114,307.1599930534139,415.61999065894634,"{""type"":""Point"",""coordinates"":[92.858026,23.31133460998535]}"
00000000000000000445,Serchhip,23.305700302124023,92.852802,23835,Mizoram,2025-05-31,467.33498872909695,247.94999467302114,307.1599930534139,415.61999065894634,"{""type"":""Point"",""coordinates"":[92.852802,23.305700302124023]}"
00000000000000000446,Serchhip,23.301381,92.853078,23840,Mizoram,2025-05-31,467.33498872909695,247.94999467302114,307.1599930534139,415.61999065894634,"{""type"":""Point"",""coordinates"":[92.853078,23.301381]}"
00000000000000000447,Serchhip,23.299628,92.855609,23841,Mizoram,2025-05-31,470.3949889196083,259.1049945689738,324.40999291371554,416.20498999301344,"{""type"":""Point"",""coordinates"":[92.855609,23.299628]}"
00000000000000000448,Serchhip,23.301587,92.868485,23849,Mizoram,2025-05-31,467.33498872909695,247.94999467302114,307.1599930534139,415.61999065894634,"{""type"":""Point"",""coordinates"":[92.868485,23.301586999999998]}"
00000000000000000449,Serchhip,23.313996,92.863984,23850,Mizoram,2025-05-31,467.33498872909695,247.94999467302114,307.1599930534139,415.61999065894634,"{""type"":""Point"",""coordinates"":[92.863984,23.313996]}"
0000000000000000044a,Serchhip,23.322799682617188,92.862406,23852,Mizoram,2025-05-31,467.33498872909695,247.94999467302114,307.1599930534139,415.61999065894634,"{""type"":""Point"",""coordinates"":[92.862406,23.322799682617188]}"
0000000000000000044b,Serchhip,23.286141,92.868152,23853,Mizoram,2025-05-31,470.3949889196083,259.1049945689738,324.40999291371554,416.20498999301344,"{""type"":""Point"",""coordinates"":[92.868152,23.286141]}"
0000000000000000044c,Serchhip,23.281219,92.869608,23854,Mizoram,2025-05-31,470.3949889196083,259.1049945689738,324.40999291371554,416.20498999301344,"{""type"":""Point"",""coordinates"":[92.869608,23.281219000000004]}"
0000000000000000044d,Serchhip,23.274148,92.871011,23855,Mizoram,2025-05-31,470.3949889196083,259.1049945689738,324.40999291371554,416.20498999301344,"{""type"":""Point"",""coordinates"":[92.871011,23.274148]}"
0000000000000000044e,Serchhip,23.286735,92.8570327758789,23861,Mizoram,2025-05-31,470.3949889196083,259.1049945689738,324.40999291371554,416.20498999301344,"{""type"":""Point"",""coordinates"":[92.8570327758789,23.286735000000004]}"
0000000000000000044f,Serchhip,23.284564971923828,92.857096,23862,Mizoram,2025-05-31,470.3949889196083,259.1049945689738,324.40999291371554,416.20498999301344,"{""type"":""Point"",""coordinates"":[92.857096,23.284564971923825]}"
00000000000000000450,Serchhip,23.288276,92.830821,23865,Mizoram,2025-05-31,470.3949889196083,259.1049945689738,324.40999291371554,416.20498999301344,"{""type"":""Point"",""coordinates"":[92.830821,23.288275999999996]}"
00000000000000000451,Serchhip,23.198119,92.899566,23805,Mizoram,2025-05-31,461.27999010216445,210.93999564647675,284.3849939899519,414.74499136582017,"{""type"":""Point"",""coordinates"":[92.899566,23.198119]}"
00000000000000000452,Serchhip,23.223594,92.914767,23806,Mizoram,2025-05-31,429.24499161262065,209.88999573886395,279.76999457832426,367.92499234806746,"{""type"":""Point"",""coordinates"":[92.914767,23.223594]}"
00000000000000000453,Serchhip,23.22522735595703,92.912496,23807,Mizoram,2025-05-31,429.24499161262065,209.88999573886395,279.76999457832426,367.92499234806746,"{""type"":""Point"",""coordinates"":[92.912496,23.22522735595703]}"
00000000000000000454,Serchhip,23.24385452270508,92.905242,23860,Mizoram,2025-05-31,429.24499161262065,209.88999573886395,279.76999457832426,367.92499234806746,"{""type"":""Point"",""coordinates"":[92.905242,23.24385452270508]}"
00000000000000000455,Serchhip,23.191499710083008,93.01102447509766,23934,Mizoram,2025-05-31,404.59999066311866,189.31999646313488,253.82999489177018,363.4599917586893,"{""type"":""Point"",""coordinates"":[93.01102447509766,23.191499710083015]}"
00000000000000000456,Serchhip,23.183361053466797,93.066742,23935,Mizoram,2025-05-31,404.59999066311866,189.31999646313488,253.82999489177018,363.4599917586893,"{""type"":""Point"",""coordinates"":[93.06674200000002,23.1833610534668]}"
0000000000000000045e,Serchhip,23.239076614379883,92.745631,23739,Mizoram,2025-05-31,479.3449906287715,205.58999658375978,270.61499538179487,427.1999917346984,"{""type"":""Point"",""coordinates"":[92.745631,23.239076614379886]}"
0000000000000000045f,Serchhip,23.323423385620117,92.860926,23813,Mizoram,2025-05-31,467.33498872909695,247.94999467302114,307.1599930534139,415.61999065894634,"{""type"":""Point"",""coordinates"":[92.860926,23.323423385620117]}"
00000000000000000460,Serchhip,23.101119995117188,92.852784,23817,Mizoram,2025-05-31,461.27999010216445,210.93999564647675,284.3849939899519,414.74499136582017,"{""type"":""Point"",""coordinates"":[92.852784,23.101119995117188]}"
00000000000000000461,Serchhip,23.309913635253903,92.853522,23818,Mizoram,2025-05-31,467.33498872909695,247.94999467302114,307.1599930534139,415.61999065894634,"{""type"":""Point"",""coordinates"":[92.853522,23.309913635253903]}"
00000000000000000462,Serchhip,23.308629,92.860039,23824,Mizoram,2025-05-31,467.33498872909695,247.94999467302114,307.1599930534139,415.61999065894634,"{""type"":""Point"",""coordinates"":[92.860039,23.308629]}"
00000000000000000463,Serchhip,23.298166275024418,92.858694,23845,Mizoram,2025-05-31,470.3949889196083,259.1049945689738,324.40999291371554,416.20498999301344,"{""type"":""Point"",""coordinates"":[92.858694,23.298166275024418]}"
00000000000000000464,Serchhip,23.272548,92.874296,23856,Mizoram,2025-05-31,470.3949889196083,259.1049945689738,324.40999291371554,416.20498999301344,"{""type"":""Point"",""coordinates"":[92.874296,23.272547999999997]}"
00000000000000000465,Serchhip,23.188273,92.898879,23803,Mizoram,2025-05-31,461.27999010216445,210.93999564647675,284.3849939899519,414.74499136582017,"{""type"":""Point"",""coordinates"":[92.898879,23.188273]}"
00000000000000000457,Siaha,22.40421485900879,92.951647,23769,Mizoram,2025-05-31,522.6349884998053,208.33499544579536,305.4349935306236,448.5199900036678,"{""type"":""Point"",""coordinates"":[92.951647,22.40421485900879]}"
00000000000000000458,Siaha,22.49099922180176,92.97075653076172,23772,Mizoram,2025-05-31,522.6349884998053,208.33499544579536,305.4349935306236,448.5199900036678,"{""type"":""Point"",""coordinates"":[92.97075653076172,22.490999221801765]}"
00000000000000000459,Siaha,22.43710708618164,92.946912,23774,Mizoram,2025-05-31,522.6349884998053,208.33499544579536,305.4349935306236,448.5199900036678,"{""type"":""Point"",""coordinates"":[92.946912,22.43710708618164]}"
00000000000000000466,Siaha,22.491822,92.970252,23771,Mizoram,2025-05-31,522.6349884998053,208.33499544579536,305.4349935306236,448.5199900036678,"{""type"":""Point"",""coordinates"":[92.97025200000002,22.491822000000003]}"
000000000000000002b8,Aizawl,24.36571502685547,92.930137,23956,Mizoram,2025-06-01,438.1149891326204,132.684996814467,214.6299946354702,326.5249919304624,"{""type"":""Point"",""coordinates"":[92.930137,24.365715026855465]}"
000000000000000002b9,Aizawl,23.750240325927734,92.736662,23721,Mizoram,2025-06-01,527.2399876518175,190.35499524790794,347.2249917201698,471.9549887524918,"{""type"":""Point"",""coordinates"":[92.736662,23.750240325927738]}"
000000000000000002f4,Aizawl,23.807952,92.834037,23952,Mizoram,2025-06-01,469.33498828019947,162.15499608125538,280.9399927118793,420.34498943854123,"{""type"":""Point"",""coordinates"":[92.834037,23.807952]}"
000000000000000002f5,Aizawl,23.74580192565918,92.717053,23724,Mizoram,2025-06-01,527.2399876518175,190.35499524790794,347.2249917201698,471.9549887524918,"{""type"":""Point"",""coordinates"":[92.717053,23.745801925659183]}"
000000000000000002f6,Aizawl,23.469247,92.744068,23727,Mizoram,2025-06-01,573.9749859953299,164.61999493278563,355.22999079339206,514.254987642169,"{""type"":""Point"",""coordinates"":[92.744068,23.469247]}"
000000000000000002ba,Champhai,23.198136,93.166988,23940,Mizoram,2025-06-01,508.6249896483496,133.4799975110218,323.36999396421015,453.9599904548377,"{""type"":""Point"",""coordinates"":[93.166988,23.198136]}"
000000000000000002bb,Champhai,23.177311,93.198157,23941,Mizoram,2025-06-01,508.6249896483496,133.4799975110218,323.36999396421015,453.9599904548377,"{""type"":""Point"",""coordinates"":[93.198157,23.177311]}"
00000000000000000302,Hnahthial,23.170678,92.899334,23799,Mizoram,2025-06-01,585.0499880984426,178.47999666817486,387.5949922744185,537.6849893778563,"{""type"":""Point"",""coordinates"":[92.899334,23.170678]}"
000000000000000002bc,Khawzawl,23.206600189208984,93.148665,23938,Mizoram,2025-06-01,505.11498723644763,136.59999640192837,344.09999186359346,458.834988348186,"{""type"":""Point"",""coordinates"":[93.148665,23.206600189208988]}"
000000000000000002bd,Khawzawl,23.14788055419922,93.323791,23943,Mizoram,2025-06-01,453.84998842235655,96.85999725572765,274.13499163649976,389.73998974915594,"{""type"":""Point"",""coordinates"":[93.323791,23.14788055419922]}"
000000000000000001a3,Lunglei,23.104623,92.747711,24107,Mizoram,2025-06-01,636.0999845005572,174.36999582126737,401.27999033406377,576.7499857293442,"{""type"":""Point"",""coordinates"":[92.747711,23.104623]}"
000000000000000002be,Lunglei,23.184091,92.738895,24034,Mizoram,2025-06-01,636.0999845005572,174.36999582126737,401.27999033406377,576.7499857293442,"{""type"":""Point"",""coordinates"":[92.738895,23.184091]}"
000000000000000002bf,Lunglei,23.206239,92.491221,23920,Mizoram,2025-06-01,628.064983968623,207.66999500337988,360.049990943633,538.02998645138,"{""type"":""Point"",""coordinates"":[92.49122100000001,23.206239]}"
000000000000000002c0,Lunglei,23.199961,92.488796,23921,Mizoram,2025-06-01,651.5299851577729,198.4699956951663,379.6749907005578,599.5699864225462,"{""type"":""Point"",""coordinates"":[92.488796,23.199961]}"
000000000000000002c1,Lunglei,23.178239822387695,92.491031,23922,Mizoram,2025-06-01,651.5299851577729,198.4699956951663,379.6749907005578,599.5699864225462,"{""type"":""Point"",""coordinates"":[92.491031,23.1782398223877]}"
000000000000000002c2,Lunglei,23.180969,92.488193,23923,Mizoram,2025-06-01,651.5299851577729,198.4699956951663,379.6749907005578,599.5699864225462,"{""type"":""Point"",""coordinates"":[92.488193,23.180969]}"
000000000000000002c3,Lunglei,23.180354,92.486971,23924,Mizoram,2025-06-01,651.5299851577729,198.4699956951663,379.6749907005578,599.5699864225462,"{""type"":""Point"",""coordinates"":[92.486971,23.180354]}"
000000000000000002c4,Lunglei,23.182466,92.487731,23925,Mizoram,2025-06-01,651.5299851577729,198.4699956951663,379.6749907005578,599.5699864225462,"{""type"":""Point"",""coordinates"":[92.487731,23.182466]}"
000000000000000002c5,Lunglei,23.297521,92.689449,23875,Mizoram,2025-06-01,631.5299848448485,200.32499594707042,393.12499064952135,579.4049861757085,"{""type"":""Point"",""coordinates"":[92.689449,23.297521]}"
000000000000000002c6,Lunglei,23.303739547729492,92.672816,23876,Mizoram,2025-06-01,613.424985668622,186.62999568600208,390.4449920710176,557.5499868988991,"{""type"":""Point"",""coordinates"":[92.672816,23.303739547729492]}"
000000000000000002c7,Lunglei,23.304122924804688,92.671521,23877,Mizoram,2025-06-01,613.424985668622,186.62999568600208,390.4449920710176,557.5499868988991,"{""type"":""Point"",""coordinates"":[92.671521,23.304122924804688]}"
000000000000000002c8,Lunglei,23.30610466003418,92.671296,23878,Mizoram,2025-06-01,613.424985668622,186.62999568600208,390.4449920710176,557.5499868988991,"{""type"":""Point"",""coordinates"":[92.671296,23.306104660034176]}"
000000000000000002c9,Lunglei,23.306338,92.666573,23879,Mizoram,2025-06-01,613.424985668622,186.62999568600208,390.4449920710176,557.5499868988991,"{""type"":""Point"",""coordinates"":[92.66657300000001,23.306338000000004]}"
000000000000000002ca,Lunglei,23.3204402923584,92.643229,23880,Mizoram,2025-06-01,613.424985668622,186.62999568600208,390.4449920710176,557.5499868988991,"{""type"":""Point"",""coordinates"":[92.643229,23.320440292358395]}"
000000000000000002cb,Lunglei,23.301901,92.649401,23881,Mizoram,2025-06-01,613.424985668622,186.62999568600208,390.4449920710176,557.5499868988991,"{""type"":""Point"",""coordinates"":[92.649401,23.301901]}"
000000000000000002cc,Lunglei,23.251004,92.6366729736328,23927,Mizoram,2025-06-01,631.5299848448485,200.32499594707042,393.12499064952135,579.4049861757085,"{""type"":""Point"",""coordinates"":[92.6366729736328,23.251003999999995]}"
000000000000000002cd,Lunglei,23.114694,92.743931,23760,Mizoram,2025-06-01,636.0999845005572,174.36999582126737,401.27999033406377,576.7499857293442,"{""type"":""Point"",""coordinates"":[92.743931,23.114694]}"
000000000000000002ce,Lunglei,23.246611,92.655112,23882,Mizoram,2025-06-01,631.5299848448485,200.32499594707042,393.12499064952135,579.4049861757085,"{""type"":""Point"",""coordinates"":[92.65511200000002,23.246610999999998]}"
000000000000000002cf,Lunglei,23.173900604248047,92.611378,23888,Mizoram,2025-06-01,651.004985393025,172.60999674536288,412.7649912480265,600.5249869069085,"{""type"":""Point"",""coordinates"":[92.611378,23.173900604248047]}"
000000000000000002d0,Lunglei,23.17325782775879,92.611929,23889,Mizoram,2025-06-01,651.004985393025,172.60999674536288,412.7649912480265,600.5249869069085,"{""type"":""Point"",""coordinates"":[92.611929,23.173257827758786]}"
000000000000000002d1,Lunglei,23.17251968383789,92.611434,23890,Mizoram,2025-06-01,651.004985393025,172.60999674536288,412.7649912480265,600.5249869069085,"{""type"":""Point"",""coordinates"":[92.611434,23.17251968383789]}"
000000000000000002d2,Lunglei,23.200105,92.584517,23896,Mizoram,2025-06-01,662.079985386692,189.00499529391527,408.73999164812267,605.9849863527343,"{""type"":""Point"",""coordinates"":[92.584517,23.200105]}"
000000000000000002d3,Lunglei,23.204981,92.534603,23917,Mizoram,2025-06-01,641.7599832164124,223.86999436467886,402.25998965650797,575.1449844650924,"{""type"":""Point"",""coordinates"":[92.534603,23.204981]}"
000000000000000002d4,Lunglei,23.206253051757812,92.533605,23918,Mizoram,2025-06-01,641.7599832164124,223.86999436467886,402.25998965650797,575.1449844650924,"{""type"":""Point"",""coordinates"":[92.533605,23.206253051757812]}"
000000000000000002d5,Lunglei,23.209857,92.500587,23919,Mizoram,2025-06-01,641.7599832164124,223.86999436467886,402.25998965650797,575.1449844650924,"{""type"":""Point"",""coordinates"":[92.500587,23.209857]}"
000000000000000002d6,Lunglei,23.2047061920166,92.533825,23926,Mizoram,2025-06-01,641.7599832164124,223.86999436467886,402.25998965650797,575.1449844650924,"{""type"":""Point"",""coordinates"":[92.533825,23.204706192016598]}"
000000000000000002d7,Lunglei,22.866131,92.772713,23784,Mizoram,2025-06-01,638.2249853536487,135.97499765921384,367.29999198485166,570.2999870879576,"{""type"":""Point"",""coordinates"":[92.772713,22.866131]}"
000000000000000002d8,Lunglei,22.903567,92.758702,23785,Mizoram,2025-06-01,677.8649843372405,165.0349970953539,445.40999024547637,617.2149863140658,"{""type"":""Point"",""coordinates"":[92.758702,22.903566999999995]}"
000000000000000002d9,Lunglei,22.903453826904297,92.760096,23786,Mizoram,2025-06-01,677.8649843372405,165.0349970953539,445.40999024547637,617.2149863140658,"{""type"":""Point"",""coordinates"":[92.760096,22.903453826904297]}"
000000000000000002da,Lunglei,22.90461540222168,92.75704956054688,23787,Mizoram,2025-06-01,677.8649843372405,165.0349970953539,445.40999024547637,617.2149863140658,"{""type"":""Point"",""coordinates"":[92.75704956054688,22.904615402221687]}"
000000000000000002db,Lunglei,22.922528,92.752404,23788,Mizoram,2025-06-01,677.8649843372405,165.0349970953539,445.40999024547637,617.2149863140658,"{""type"":""Point"",""coordinates"":[92.752404,22.922528000000003]}"
000000000000000002dc,Lunglei,22.880420684814453,92.821692,23790,Mizoram,2025-06-01,622.4749861536548,131.20999701414257,354.51999156177044,554.7399873705581,"{""type"":""Point"",""coordinates"":[92.821692,22.88042068481445]}"
000000000000000002f7,Lunglei,23.112390518188477,92.745417,24100,Mizoram,2025-06-01,636.0999845005572,174.36999582126737,401.27999033406377,576.7499857293442,"{""type"":""Point"",""coordinates"":[92.745417,23.112390518188477]}"
000000000000000002f8,Lunglei,23.174558,92.612556,23887,Mizoram,2025-06-01,651.004985393025,172.60999674536288,412.7649912480265,600.5249869069085,"{""type"":""Point"",""coordinates"":[92.612556,23.174558]}"
000000000000000002f9,Lunglei,23.17265892028809,92.611828,23891,Mizoram,2025-06-01,651.004985393025,172.60999674536288,412.7649912480265,600.5249869069085,"{""type"":""Point"",""coordinates"":[92.611828,23.17265892028809]}"
000000000000000002fa,Lunglei,23.198272,92.589291,23892,Mizoram,2025-06-01,662.079985386692,189.00499529391527,408.73999164812267,605.9849863527343,"{""type"":""Point"",""coordinates"":[92.589291,23.198272]}"
000000000000000002fb,Lunglei,23.19896125793457,92.590043,23893,Mizoram,2025-06-01,662.079985386692,189.00499529391527,408.73999164812267,605.9849863527343,"{""type"":""Point"",""coordinates"":[92.590043,23.198961257934574]}"
000000000000000002fc,Lunglei,23.199094772338867,92.586671,23894,Mizoram,2025-06-01,662.079985386692,189.00499529391527,408.73999164812267,605.9849863527343,"{""type"":""Point"",""coordinates"":[92.586671,23.19909477233887]}"
000000000000000002fd,Lunglei,23.19941520690918,92.585883,23895,Mizoram,2025-06-01,662.079985386692,189.00499529391527,408.73999164812267,605.9849863527343,"{""type"":""Point"",""coordinates"":[92.585883,23.19941520690918]}"
000000000000000002dd,Serchhip,23.29386329650879,92.741368,23866,Mizoram,2025-06-01,607.224987254478,186.8749948879704,381.1299924692139,556.7549883658066,"{""type"":""Point"",""coordinates"":[92.741368,23.29386329650879]}"
000000000000000002de,Serchhip,23.295774459838867,92.740012,23867,Mizoram,2025-06-01,607.224987254478,186.8749948879704,381.1299924692139,556.7549883658066,"{""type"":""Point"",""coordinates"":[92.740012,23.295774459838864]}"
000000000000000002df,Serchhip,23.302650451660156,92.742945,23868,Mizoram,2025-06-01,603.5549825681373,174.5349944056943,386.31498768460006,547.8949835719541,"{""type"":""Point"",""coordinates"":[92.742945,23.302650451660156]}"
000000000000000002e0,Serchhip,23.300291061401367,92.69577026367188,23872,Mizoram,2025-06-01,613.424985668622,186.62999568600208,390.4449920710176,557.5499868988991,"{""type"":""Point"",""coordinates"":[92.69577026367188,23.300291061401367]}"
000000000000000002e1,Serchhip,23.299806,92.694901,23873,Mizoram,2025-06-01,631.5299848448485,200.32499594707042,393.12499064952135,579.4049861757085,"{""type"":""Point"",""coordinates"":[92.694901,23.299805999999997]}"
000000000000000002e2,Serchhip,23.299312,92.692614,23874,Mizoram,2025-06-01,631.5299848448485,200.32499594707042,393.12499064952135,579.4049861757085,"{""type"":""Point"",""coordinates"":[92.692614,23.299312]}"
000000000000000002e3,Serchhip,23.239137,92.744468,23740,Mizoram,2025-06-01,607.224987254478,186.8749948879704,381.1299924692139,556.7549883658066,"{""type"":""Point"",""coordinates"":[92.744468,23.239137000000003]}"
000000000000000002e4,Serchhip,23.307092666625977,92.856289,23836,Mizoram,2025-06-01,594.4699865542352,173.28999673295766,415.0149915749207,540.9599885381758,"{""type"":""Point"",""coordinates"":[92.856289,23.307092666625977]}"
000000000000000002e5,Serchhip,23.307523727416992,92.857678,23837,Mizoram,2025-06-01,594.4699865542352,173.28999673295766,415.0149915749207,540.9599885381758,"{""type"":""Point"",""coordinates"":[92.857678,23.30752372741699]}"
000000000000000002e6,Serchhip,23.305938720703125,92.857538,23838,Mizoram,2025-06-01,594.4699865542352,173.28999673295766,415.0149915749207,540.9599885381758,"{""type"":""Point"",""coordinates"":[92.857538,23.305938720703125]}"
000000000000000002e7,Serchhip,23.303906,92.853173,23839,Mizoram,2025-06-01,594.4699865542352,173.28999673295766,415.0149915749207,540.9599885381758,"{""type"":""Point"",""coordinates"":[92.853173,23.303906000000005]}"
000000000000000002e8,Serchhip,23.346456,92.851511,23846,Mizoram,2025-06-01,594.4699865542352,173.28999673295766,415.0149915749207,540.9599885381758,"{""type"":""Point"",""coordinates"":[92.851511,23.346456]}"
000000000000000002e9,Serchhip,23.346599578857425,92.854847,23847,Mizoram,2025-06-01,594.4699865542352,173.28999673295766,415.0149915749207,540.9599885381758,"{""type"":""Point"",""coordinates"":[92.854847,23.346599578857422]}"
000000000000000002ea,Serchhip,23.27122688293457,92.874544,23857,Mizoram,2025-06-01,594.1249855058268,174.57499511167407,431.324989954941,539.8599865874276,"{""type"":""Point"",""coordinates"":[92.874544,23.27122688293457]}"
000000000000000002eb,Serchhip,23.27054786682129,92.877577,23858,Mizoram,2025-06-01,594.1249855058268,174.57499511167407,431.324989954941,539.8599865874276,"{""type"":""Point"",""coordinates"":[92.877577,23.270547866821286]}"
000000000000000002ec,Serchhip,23.67700958251953,92.8789520263672,23859,Mizoram,2025-06-01,523.2749871714041,191.40999558474869,336.06499192491174,459.52998875267804,"{""type"":""Point"",""coordinates"":[92.8789520263672,23.677009582519535]}"
000000000000000002ed,Serchhip,23.28144264221191,92.840145,23863,Mizoram,2025-06-01,594.1249855058268,174.57499511167407,431.324989954941,539.8599865874276,"{""type"":""Point"",""coordinates"":[92.84014500000002,23.281442642211914]}"
000000000000000002ee,Serchhip,23.180345,92.900082,23800,Mizoram,2025-06-01,585.0499880984426,178.47999666817486,387.5949922744185,537.6849893778563,"{""type"":""Point"",""coordinates"":[92.900082,23.180345]}"
000000000000000002ef,Serchhip,23.223807,92.944448,23930,Mizoram,2025-06-01,546.9099895814434,170.9249967597425,377.8749927915633,485.1449902821332,"{""type"":""Point"",""coordinates"":[92.944448,23.223807000000004]}"
000000000000000002f0,Serchhip,23.21795082092285,92.998007,23931,Mizoram,2025-06-01,546.9099895814434,170.9249967597425,377.8749927915633,485.1449902821332,"{""type"":""Point"",""coordinates"":[92.998007,23.217950820922848]}"
000000000000000002f1,Serchhip,23.217324,92.99812316894533,23932,Mizoram,2025-06-01,546.9099895814434,170.9249967597425,377.8749927915633,485.1449902821332,"{""type"":""Point"",""coordinates"":[92.99812316894533,23.217324000000005]}"
000000000000000002f2,Serchhip,23.199169158935547,93.000199,23933,Mizoram,2025-06-01,561.3849870758131,166.72999586816877,398.1999907074496,511.5899878293276,"{""type"":""Point"",""coordinates"":[93.000199,23.19916915893555]}"
000000000000000002fe,Serchhip,23.187383,92.89826202392578,23801,Mizoram,2025-06-01,585.0499880984426,178.47999666817486,387.5949922744185,537.6849893778563,"{""type"":""Point"",""coordinates"":[92.89826202392578,23.187383]}"
000000000000000002ff,Serchhip,23.187762,92.898034,23802,Mizoram,2025-06-01,585.0499880984426,178.47999666817486,387.5949922744185,537.6849893778563,"{""type"":""Point"",""coordinates"":[92.898034,23.187762000000003]}"
00000000000000000300,Serchhip,23.23489761352539,92.911307,23928,Mizoram,2025-06-01,546.9099895814434,170.9249967597425,377.8749927915633,485.1449902821332,"{""type"":""Point"",""coordinates"":[92.911307,23.23489761352539]}"
00000000000000000301,Serchhip,23.225619,92.924909,23929,Mizoram,2025-06-01,546.9099895814434,170.9249967597425,377.8749927915633,485.1449902821332,"{""type"":""Point"",""coordinates"":[92.924909,23.225618999999995]}"
00000000000000000303,Serchhip,23.280946731567383,92.83670043945312,23864,Mizoram,2025-06-01,594.1249855058268,174.57499511167407,431.324989954941,539.8599865874276,"{""type"":""Point"",""coordinates"":[92.83670043945312,23.280946731567386]}"
000000000000000002f3,Siaha,22.469737,93.100868,23773,Mizoram,2025-06-01,553.6399864852428,80.77999829500914,314.464991572313,474.30498831067234,"{""type"":""Point"",""coordinates"":[93.100868,22.469737]}"
000000000000000001a1,Lunglei,23.164812088012695,92.743396,24048,Mizoram,2025-06-02,637.3749844506383,126.2249970920384,353.1449916623533,555.714986265637,"{""type"":""Point"",""coordinates"":[92.743396,23.16481208801269]}"
000000000000000001a7,Lunglei,22.895235061645508,92.747812,23789,Mizoram,2025-06-02,635.4549854723737,103.84499818924814,325.25499258283526,526.0399883827195,"{""type"":""Point"",""coordinates"":[92.747812,22.895235061645504]}"
00000000000000000231,Lunglei,23.230113983154297,92.740067,24002,Mizoram,2025-06-02,609.504987180233,132.5199965313077,338.1099931150675,521.8899889625609,"{""type"":""Point"",""coordinates"":[92.740067,23.230113983154297]}"
00000000000000000233,Lunglei,23.226842880249023,92.740266,24004,Mizoram,2025-06-02,609.504987180233,132.5199965313077,338.1099931150675,521.8899889625609,"{""type"":""Point"",""coordinates"":[92.740266,23.226842880249023]}"
00000000000000000276,Lunglei,23.201335,92.734857,24014,Mizoram,2025-06-02,609.504987180233,132.5199965313077,338.1099931150675,521.8899889625609,"{""type"":""Point"",""coordinates"":[92.734857,23.201335000000004]}"
00000000000000000277,Lunglei,23.201614379882812,92.734453,24015,Mizoram,2025-06-02,609.504987180233,132.5199965313077,338.1099931150675,521.8899889625609,"{""type"":""Point"",""coordinates"":[92.734453,23.201614379882812]}"
00000000000000000278,Lunglei,23.201759,92.734328,24016,Mizoram,2025-06-02,609.504987180233,132.5199965313077,338.1099931150675,521.8899889625609,"{""type"":""Point"",""coordinates"":[92.734328,23.201759000000003]}"
000000000000000001a8,Serchhip,23.239287,92.74817657470705,23999,Mizoram,2025-06-02,609.504987180233,132.5199965313077,338.1099931150675,521.8899889625609,"{""type"":""Point"",""coordinates"":[92.74817657470705,23.239287]}"
00000000000000000236,Serchhip,23.23735618591309,92.744978,24000,Mizoram,2025-06-05,637.7149860747159,3.359999865293503,63.064998214133084,444.194990683347,"{""type"":""Point"",""coordinates"":[92.744978,23.23735618591309]}"
000000000000000000e9,Aizawl,24.285871,92.94599151611328,23953,Mizoram,2025-06-14,287.7749916287139,28.43999902624637,28.43999902624637,58.71499807201326,"{""type"":""Point"",""coordinates"":[92.94599151611328,24.285871000000004]}"
00000000000000000206,Aizawl,24.288014,92.946017,23954,Mizoram,2025-06-14,287.7749916287139,28.43999902624637,28.43999902624637,58.71499807201326,"{""type"":""Point"",""coordinates"":[92.946017,24.288014]}"
00000000000000000160,Khawzawl,23.54405212402344,93.155591,23945,Mizoram,2025-06-14,406.0599912153557,15.209999676793814,21.024999622255564,95.62999806459993,"{""type"":""Point"",""coordinates"":[93.155591,23.544052124023445]}"
00000000000000000161,Khawzawl,23.545766,93.147931,23946,Mizoram,2025-06-14,406.0599912153557,15.209999676793814,21.024999622255564,95.62999806459993,"{""type"":""Point"",""coordinates"":[93.147931,23.545766]}"
00000000000000000162,Khawzawl,23.526599884033203,93.192968,23947,Mizoram,2025-06-14,406.0599912153557,15.209999676793814,21.024999622255564,95.62999806459993,"{""type"":""Point"",""coordinates"":[93.192968,23.526599884033203]}"
0000000000000000003a,Chumoukedima,25.7802266,93.93616485595705,25781,Nagaland,2024-09-03,167.7799970768392,69.07499911636114,71.13999907113612,83.15499886218458,"{""type"":""Point"",""coordinates"":[93.93616485595705,25.780226599999995]}"
0000000000000000003b,Chumoukedima,25.7746019,93.9148756,25782,Nagaland,2024-09-03,167.7799970768392,69.07499911636114,71.13999907113612,83.15499886218458,"{""type"":""Point"",""coordinates"":[93.9148756,25.774601900000004]}"
000000000000000001b8,Chumoukedima,25.78529930114746,93.80139923095705,25794,Nagaland,2024-09-03,156.1799964280799,49.16999910864979,50.939999064430594,60.36499867960811,"{""type"":""Point"",""coordinates"":[93.80139923095705,25.78529930114746]}"
0000000000000000023e,Dimapur,25.784170150756836,93.80027770996094,24795,Nagaland,2013-07-16,161.3474962376058,38.37499957997352,42.45999948773533,99.9099978832528,"{""type"":""Point"",""coordinates"":[93.80027770996094,25.784170150756832]}"
0000000000000000023f,Dimapur,25.769390106201172,93.8027801513672,24751,Nagaland,2013-07-16,150.126997301355,27.09999935887754,34.05499919317663,82.36499833501875,"{""type"":""Point"",""coordinates"":[93.8027801513672,25.76939010620117]}"
0000000000000000029a,Dimapur,26.072559356689453,93.9280014038086,25961,Nagaland,2019-05-09,118.31349710933864,0.0,0.4399999938905239,59.049998346716166,"{""type"":""Point"",""coordinates"":[93.9280014038086,26.07255935668946]}"
00000000000000000032,Kohima,25.68002778,94.07266667,25975,Nagaland,2012-07-29,194.72999521251768,19.22499956190586,77.20999824721366,124.66999701596797,"{""type"":""Point"",""coordinates"":[94.07266667000002,25.680027780000003]}"
00000000000000000033,Kohima,25.67005556,94.11299896240234,25976,Nagaland,2012-07-31,189.33999550621957,5.929999874904752,21.974999459460378,109.88499727845192,"{""type"":""Point"",""coordinates"":[94.11299896240234,25.67005556]}"
00000000000000000034,Kohima,25.68436111,94.20497222,25977,Nagaland,2012-08-06,201.34599449578673,34.28999924380332,38.36499910522252,75.98099806997925,"{""type"":""Point"",""coordinates"":[94.20497222,25.684361110000005]}"
00000000000000000035,Kohima,25.68133333,94.20877778,25978,Nagaland,2012-08-07,220.80599405709654,55.14999874867499,57.184998670592904,95.89599760249257,"{""type"":""Point"",""coordinates"":[94.20877778000002,25.681333330000005]}"
00000000000000000036,Kohima,25.67275047302246,94.21136111,25979,Nagaland,2012-08-08,206.8559944378212,23.23999945539981,57.529998699203134,93.47099770978093,"{""type"":""Point"",""coordinates"":[94.21136111,25.672750473022457]}"
000000000000000001b9,Kohima,25.612499237060547,94.127197265625,25793,Nagaland,2024-07-06,356.79999275226146,13.484999800100923,50.564998630434275,190.13499610498548,"{""type"":""Point"",""coordinates"":[94.127197265625,25.612499237060543]}"
000000000000000001bb,Kohima,25.660829544067383,94.102783203125,24466,Nagaland,2008-08-02,188.64599562995136,23.350999453105032,34.74099918920547,71.06599821522832,"{""type"":""Point"",""coordinates"":[94.102783203125,25.660829544067386]}"
000000000000000001bc,Kohima,25.666669845581055,94.1097183227539,24491,Nagaland,2007-08-12,58.164498936384916,9.309999845921993,14.094999723136425,25.349999533966184,"{""type"":""Point"",""coordinates"":[94.10971832275392,25.66666984558106]}"
000000000000000001bd,Kohima,25.669170379638672,94.1072235107422,24516,Nagaland,2008-08-16,199.35599528439343,8.939999854192138,49.61499869264662,137.3549967482686,"{""type"":""Point"",""coordinates"":[94.1072235107422,25.669170379638672]}"
000000000000000001c0,Kohima,25.770055,93.937873,25802,Nagaland,2022-10-15,95.76299796625972,3.5099998861551285,8.629999823868275,33.83499941602349,"{""type"":""Point"",""coordinates"":[93.937873,25.770055]}"
000000000000000001c1,Kohima,25.771451,93.907041,25803,Nagaland,2022-09-30,79.55499808769673,2.214999926276505,29.379999299533665,57.48999855760485,"{""type"":""Point"",""coordinates"":[93.907041,25.771451000000003]}"
000000000000000001c2,Kohima,25.76618333,93.94043611,25853,Nagaland,2023-09-08,81.45499812997878,49.73499890975654,51.41499884985387,56.81499863509089,"{""type"":""Point"",""coordinates"":[93.94043611000001,25.766183330000004]}"
000000000000000001c3,Kohima,25.716110229492188,94.08882904052734,24660,Nagaland,2013-07-03,172.127995563671,36.67499930318445,53.92799881566316,85.69299815036356,"{""type"":""Point"",""coordinates"":[94.08882904052734,25.716110229492184]}"
000000000000000001c4,Kohima,25.7491204,94.0804548,25800,Nagaland,2022-09-25,147.9499958427623,15.009999588131905,27.819999208673835,42.019998957403004,"{""type"":""Point"",""coordinates"":[94.08045480000001,25.7491204]}"
000000000000000001c5,Kohima,25.770064,93.937891,25807,Nagaland,2022-11-12,0.6714999750256538,0.044999998062849045,0.044999998062849045,0.46499998308718204,"{""type"":""Point"",""coordinates"":[93.937891,25.770063999999998]}"
000000000000000001c6,Kohima,25.66754722,94.08075278,25868,Nagaland,2023-10-02,108.07999780960381,7.729999836534262,13.87499971035868,45.624999141320586,"{""type"":""Point"",""coordinates"":[94.08075278,25.667547219999996]}"
000000000000000001c7,Kohima,25.85442778,94.15844444,25907,Nagaland,2018-08-23,158.82999640982598,26.724999414756894,31.32999932114035,87.17999811470509,"{""type"":""Point"",""coordinates"":[94.15844444000001,25.85442778]}"
000000000000000001c8,Kohima,25.857991,94.159346,25908,Nagaland,2018-08-23,158.82999640982598,26.724999414756894,31.32999932114035,87.17999811470509,"{""type"":""Point"",""coordinates"":[94.159346,25.857991]}"
000000000000000001d2,Kohima,25.660900115966797,94.05359649658205,25922,Nagaland,2024-08-23,199.51999527588487,22.589999502524734,50.54999862704426,144.0249965125695,"{""type"":""Point"",""coordinates"":[94.05359649658205,25.6609001159668]}"
00000000000000000293,Kohima,25.74696922302246,93.9816665649414,24708,Nagaland,2013-09-08,94.20499829482287,6.879999878816307,21.089999700896442,48.164999198168516,"{""type"":""Point"",""coordinates"":[93.9816665649414,25.746969223022457]}"
000000000000000002a7,Kohima,25.686250686645508,94.04297222,25936,Nagaland,2025-07-25,65.36999856866896,14.119999762624502,21.274999659508467,30.39999946951866,"{""type"":""Point"",""coordinates"":[94.04297222,25.686250686645504]}"
000000000000000002a8,Kohima,25.71711111,94.08561111,25798,Nagaland,2017-10-29,156.89999702572823,56.58999915421009,56.66499915160239,57.124999144114554,"{""type"":""Point"",""coordinates"":[94.08561111,25.717111109999998]}"
000000000000000002ac,Kohima,25.712031,94.089791,25799,Nagaland,2022-09-12,123.03849653806537,45.60999855771661,75.64499766752124,108.51499688625336,"{""type"":""Point"",""coordinates"":[94.08979100000002,25.712031000000003]}"
000000000000000002ad,Kohima,25.7179491,94.0917724,25801,Nagaland,2022-09-28,115.05499718151987,34.16999914497137,52.90499870572239,68.07999825756997,"{""type"":""Point"",""coordinates"":[94.09177240000001,25.7179491]}"
000000000000000002b5,Kohima,25.73424911499023,94.00119444,25934,Nagaland,2015-07-15,70.79649788234383,32.169998943805695,32.77999892830849,44.63499862048775,"{""type"":""Point"",""coordinates"":[94.00119444,25.734249114990227]}"
000000000000000002b7,Kohima,25.62509167,94.11405278,25940,Nagaland,2015-07-18,166.91499552689493,92.27999774366617,129.1099965972826,135.27999633550644,"{""type"":""Point"",""coordinates"":[94.11405278,25.62509167]}"
00000000000000000240,Mokokchung,26.45277976989746,94.37525939941406,25923,Nagaland,2025-07-08,287.43499438185245,19.35999958217144,52.654999032616615,178.73999638669193,"{""type"":""Point"",""coordinates"":[94.37525939941406,26.45277976989746]}"
0000000000000000024a,Mokokchung,26.4242282,94.3924136,25789,Nagaland,2025-07-05,298.95499437954277,21.029999500140548,129.9099971903488,180.23999624606222,"{""type"":""Point"",""coordinates"":[94.39241360000001,26.424228200000005]}"
0000000000000000029c,Mokokchung,26.4527822,94.375268,25787,Nagaland,2025-07-08,287.43499438185245,19.35999958217144,52.654999032616615,178.73999638669193,"{""type"":""Point"",""coordinates"":[94.375268,26.452782199999998]}"
00000000000000000037,Phek,25.66666667,94.19602778,25980,Nagaland,2012-08-07,217.43549448158592,46.73999892361462,48.99499888531864,90.97049756161869,"{""type"":""Point"",""coordinates"":[94.19602778000001,25.66666667000001]}"
00000000000000000247,Tseminyu,25.8816564,94.1902346,25784,Nagaland,2025-01-19,0.6649999879300594,0.0,0.0,0.17999999597668648,"{""type"":""Point"",""coordinates"":[94.1902346,25.881656399999997]}"
00000000000000000287,Tseminyu,25.881650924682617,94.1902313232422,25932,Nagaland,2025-01-19,0.6649999879300594,0.0,0.0,0.17999999597668648,"{""type"":""Point"",""coordinates"":[94.19023132324222,25.88165092468262]}"
0000000000000000002b,Tuensang,25.899999618530273,94.78916931152344,24968,Nagaland,2009-06-21,87.99499806575477,39.39999910071492,70.0299985036254,71.06499846559018,"{""type"":""Point"",""coordinates"":[94.78916931152344,25.89999961853027]}"
0000000000000000002c,Tuensang,25.886669158935547,94.78639221191406,24950,Nagaland,2009-06-21,87.99499806575477,39.39999910071492,70.0299985036254,71.06499846559018,"{""type"":""Point"",""coordinates"":[94.78639221191406,25.886669158935547]}"
0000000000000000002d,Tuensang,26.34416961669922,94.83332824707033,25487,Nagaland,2009-06-20,216.07499474752694,71.05999868363142,106.2249975092709,111.36999735143036,"{""type"":""Point"",""coordinates"":[94.83332824707034,26.34416961669922]}"
0000000000000000002f,Tuensang,26.22480556,94.81236111,25971,Nagaland,2012-07-03,265.64299368020147,24.074999265372753,42.68299875408411,79.27799779735506,"{""type"":""Point"",""coordinates"":[94.81236111,26.22480556]}"
00000000000000000030,Tuensang,26.26336111,94.81563889,25972,Nagaland,2012-06-30,253.67999413143843,30.20999913662672,31.819999096915126,78.87499791756272,"{""type"":""Point"",""coordinates"":[94.81563889,26.26336111]}"
00000000000000000031,Tuensang,26.18302778,94.81619444,25973,Nagaland,2012-05-25,11.169999714009464,0.6899999715387821,0.7499999701976776,4.474999938160181,"{""type"":""Point"",""coordinates"":[94.81619444,26.183027780000003]}"
000000000000000001be,Tuensang,26.387779235839844,94.8258285522461,25506,Nagaland,2009-08-20,291.17499405611306,40.11499906517565,52.20999878644943,112.69499712996185,"{""type"":""Point"",""coordinates"":[94.8258285522461,26.387779235839844]}"
000000000000000001bf,Tuensang,26.37639045715332,94.84056091308594,25499,Nagaland,2009-06-20,216.07499474752694,71.05999868363142,106.2249975092709,111.36999735143036,"{""type"":""Point"",""coordinates"":[94.84056091308595,26.376390457153324]}"
00000000000000000281,Tuensang,26.387779235839844,94.8258285522461,25505,Nagaland,2009-07-27,172.83999600540847,21.294999685138464,41.824999157339334,71.7249984042719,"{""type"":""Point"",""coordinates"":[94.8258285522461,26.387779235839844]}"
00000000000000000282,Tuensang,26.360830307006836,94.83999633789062,25490,Nagaland,2009-06-04,91.19649797398597,13.369999777525663,15.251499760895967,38.111499248072505,"{""type"":""Point"",""coordinates"":[94.83999633789062,26.360830307006836]}"
00000000000000000283,Tuensang,23.725778,91.645694,24146,Nagaland,2018-05-11,265.7659951103851,27.939999468624592,93.28999859746546,178.84999634698033,"{""type"":""Point"",""coordinates"":[91.645694,23.725778]}"
000000000000000001ba,Wokha,26.111335,94.257114,25796,Nagaland,2024-07-15,212.1249952716753,40.83999941404909,51.67499905731529,57.64499884750694,"{""type"":""Point"",""coordinates"":[94.257114,26.111335]}"
0000000000000000023d,Wokha,26.08945083618164,94.264217,25797,Nagaland,2024-07-23,119.08999700378627,9.594999682158232,44.589998812414706,66.1499983035028,"{""type"":""Point"",""coordinates"":[94.26421700000002,26.08945083618164]}"
00000000000000000245,Wokha,26.10694722,94.25328889,25211,Nagaland,2021-09-18,93.43999804742634,12.954999774694443,38.00499941408634,48.894999250769615,"{""type"":""Point"",""coordinates"":[94.25328889,26.106947220000002]}"
00000000000000000246,Wokha,26.10694722,94.25328889,25963,Nagaland,2021-09-18,93.43999804742634,12.954999774694443,38.00499941408634,48.894999250769615,"{""type"":""Point"",""coordinates"":[94.25328889,26.106947220000002]}"
0000000000000000002e,Tuensang,26.22633333,94.81302778,25970,Nagaland,2012-06-22,207.94999535009265,97.0099975662306,124.53499722015113,174.8049962138757,"{""type"":""Point"",""coordinates"":[94.81302778,26.22633333]}"
000000000000000001c9,Kohima,25.520360946655273,94.1311201,25911,Nagaland,2024-06-01,258.2399947922677,16.084999538958073,43.49499898124486,193.194996654056,"{""type"":""Point"",""coordinates"":[94.1311201,25.520360946655273]}"
000000000000000001ca,Kohima,25.52164077758789,94.13426208496094,25912,Nagaland,2024-06-01,258.2399947922677,16.084999538958073,43.49499898124486,193.194996654056,"{""type"":""Point"",""coordinates"":[94.13426208496094,25.52164077758789]}"
000000000000000001cb,Kohima,25.525094,94.135798,25914,Nagaland,2024-06-01,258.2399947922677,16.084999538958073,43.49499898124486,193.194996654056,"{""type"":""Point"",""coordinates"":[94.135798,25.525094]}"
000000000000000001cc,Kohima,25.538421630859375,94.136039,25915,Nagaland,2024-06-01,258.2399947922677,16.084999538958073,43.49499898124486,193.194996654056,"{""type"":""Point"",""coordinates"":[94.136039,25.53842163085937]}"
000000000000000001cd,Kohima,25.565099716186523,94.1390034,25916,Nagaland,2024-06-01,258.2399947922677,16.084999538958073,43.49499898124486,193.194996654056,"{""type"":""Point"",""coordinates"":[94.13900340000002,25.565099716186523]}"
000000000000000001ce,Kohima,25.62154006958008,94.11219787597656,25918,Nagaland,2024-06-01,252.74499451182783,11.009999986737967,42.26499927882105,201.7049956386909,"{""type"":""Point"",""coordinates"":[94.11219787597656,25.621540069580085]}"
000000000000000001cf,Kohima,25.6291966,94.10176849365234,25919,Nagaland,2024-06-01,252.74499451182783,11.009999986737967,42.26499927882105,201.7049956386909,"{""type"":""Point"",""coordinates"":[94.10176849365234,25.6291966]}"
000000000000000001d0,Kohima,25.638700485229492,94.10978698730467,25920,Nagaland,2024-06-01,252.74499451182783,11.009999986737967,42.26499927882105,201.7049956386909,"{""type"":""Point"",""coordinates"":[94.10978698730467,25.638700485229492]}"
000000000000000001d1,Kohima,25.648759,94.10616302490234,25921,Nagaland,2024-06-01,252.74499451182783,11.009999986737967,42.26499927882105,201.7049956386909,"{""type"":""Point"",""coordinates"":[94.10616302490234,25.64875899999999]}"
00000000000000000284,Kohima,25.6032619,94.1122188,25917,Nagaland,2024-06-01,252.74499451182783,11.009999986737967,42.26499927882105,201.7049956386909,"{""type"":""Point"",""coordinates"":[94.11221880000001,25.6032619]}"
00000000000000000280,Kohima,25.620830535888672,94.11572265625,25931,Nagaland,2025-05-31,279.7999937534332,78.2099987315014,166.3599965767935,214.75499526876956,"{""type"":""Point"",""coordinates"":[94.11572265625,25.620830535888672]}"
0000000000000000003f,Kohima,25.623067,94.114196,25786,Nagaland,2025-07-07,288.60999412462115,35.96999940555543,110.3099977336824,176.3549964921549,"{""type"":""Point"",""coordinates"":[94.114196,25.623067]}"
00000000000000000241,Mokokchung,26.423137,94.382261,25924,Nagaland,2025-07-07,280.81999458838254,27.339999575167894,48.36999907530844,203.41999598406255,"{""type"":""Point"",""coordinates"":[94.382261,26.423137000000004]}"
00000000000000000249,Mokokchung,26.4219453,94.3854377,25788,Nagaland,2025-07-07,280.81999458838254,27.339999575167894,48.36999907530844,203.41999598406255,"{""type"":""Point"",""coordinates"":[94.3854377,26.4219453]}"
0000000000000000024b,Mokokchung,26.42608070373535,94.398916,25790,Nagaland,2025-07-07,280.81999458838254,27.339999575167894,48.36999907530844,203.41999598406255,"{""type"":""Point"",""coordinates"":[94.39891600000001,26.426080703735355]}"
00000000000000000285,Mokokchung,26.421859741210938,94.38520050048828,25925,Nagaland,2025-07-07,280.81999458838254,27.339999575167894,48.36999907530844,203.41999598406255,"{""type"":""Point"",""coordinates"":[94.38520050048828,26.421859741210934]}"
00000000000000000286,Mokokchung,26.42534637451172,94.387013,25926,Nagaland,2025-07-07,280.81999458838254,27.339999575167894,48.36999907530844,203.41999598406255,"{""type"":""Point"",""coordinates"":[94.387013,26.425346374511722]}"
0000000000000000029d,Mokokchung,26.4231373,94.3822611,25785,Nagaland,2025-07-07,280.81999458838254,27.339999575167894,48.36999907530844,203.41999598406255,"{""type"":""Point"",""coordinates"":[94.38226110000001,26.423137300000004]}"
000000000000000001d4,East Sikkim,27.2533846,88.5489504,26745,Sikkim,2021-08-22,290.6099936775863,32.50499929301441,59.27999900840223,171.50499707832932,"{""type"":""Point"",""coordinates"":[88.5489504,27.2533846]}"
000000000000000001d5,East Sikkim,27.24297222,88.47055556,26797,Sikkim,2022-06-15,254.29899501986802,33.179999286308885,52.78999870736152,150.75999634712934,"{""type"":""Point"",""coordinates"":[88.47055556,27.24297221999999]}"
000000000000000001d6,East Sikkim,27.27458333,88.55002778,26736,Sikkim,2021-10-19,266.4749943660572,254.3149946788326,261.35499444324523,261.35499444324523,"{""type"":""Point"",""coordinates"":[88.55002778,27.27458333]}"
000000000000000001d7,East Sikkim,27.32320833,88.60986944,26767,Sikkim,2021-10-19,243.06999522261322,220.95999569445848,228.88999551348388,230.55999547056854,"{""type"":""Point"",""coordinates"":[88.60986944,27.32320833]}"
000000000000000001d8,East Sikkim,27.32663889,88.61016667,26752,Sikkim,2021-06-01,153.20749659650028,24.55249946564436,26.62749942392111,121.8774972166866,"{""type"":""Point"",""coordinates"":[88.61016667000001,27.326638890000005]}"
000000000000000001d9,East Sikkim,27.33972222,88.62055556,26754,Sikkim,2021-06-08,257.5974942278117,50.45999854058027,107.18499778956175,137.3024971112609,"{""type"":""Point"",""coordinates"":[88.62055556,27.339722219999995]}"
000000000000000001da,East Sikkim,27.37055556,88.61611111,26755,Sikkim,2021-06-05,190.7774961385876,32.964999824762344,49.039999358356,75.66749878227711,"{""type"":""Point"",""coordinates"":[88.61611111,27.37055556]}"
000000000000000001db,East Sikkim,27.26063889,88.71438889,26816,Sikkim,2012-06-07,91.24949744902551,24.339999370276928,45.589998693205416,63.074498197995126,"{""type"":""Point"",""coordinates"":[88.71438889,27.260638890000003]}"
000000000000000001dc,East Sikkim,27.26616667,88.72697222,26817,Sikkim,2012-06-07,91.24949744902551,24.339999370276928,45.589998693205416,63.074498197995126,"{""type"":""Point"",""coordinates"":[88.72697222,27.26616667]}"
000000000000000001dd,East Sikkim,27.26544444,88.72252778,26818,Sikkim,2012-06-07,91.24949744902551,24.339999370276928,45.589998693205416,63.074498197995126,"{""type"":""Point"",""coordinates"":[88.72252778,27.26544444]}"
000000000000000001e4,East Sikkim,27.332080841064453,88.50901794433594,26714,Sikkim,2015-07-11,243.0004944158718,13.219999709166586,50.69999868515879,107.24999721441418,"{""type"":""Point"",""coordinates"":[88.50901794433594,27.332080841064453]}"
000000000000000001ef,East Sikkim,27.3699335,88.4859279,26740,Sikkim,2021-08-23,221.84999380353838,32.419998882338405,39.50999869219959,134.94999608397484,"{""type"":""Point"",""coordinates"":[88.4859279,27.369933500000002]}"
00000000000000000288,East Sikkim,27.32888889,88.60777778,26763,Sikkim,2021-05-18,127.24999691173434,4.274999912828207,13.374999735504389,44.64499889872968,"{""type"":""Point"",""coordinates"":[88.60777778,27.32888889]}"
00000000000000000289,East Sikkim,27.25066667,88.53144444,26795,Sikkim,2022-05-12,117.00649740826339,16.619999766349792,23.86999959498644,41.2199991568923,"{""type"":""Point"",""coordinates"":[88.53144444,27.250666669999998]}"
0000000000000000028b,East Sikkim,27.37441667,88.54505556,26819,Sikkim,2012-07-13,219.12149418424815,23.559999492950737,88.79499786533415,142.99499643035233,"{""type"":""Point"",""coordinates"":[88.54505556,27.374416669999995]}"
0000000000000000028c,East Sikkim,27.36977778,88.54466667,26820,Sikkim,2012-07-13,219.12149418424815,23.559999492950737,88.79499786533415,142.99499643035233,"{""type"":""Point"",""coordinates"":[88.54466667,27.369777780000003]}"
00000000000000000296,East Sikkim,27.25352778,88.60377778,26728,Sikkim,2021-10-19,259.43999407067895,239.429994687438,251.44499430805445,251.4899943061173,"{""type"":""Point"",""coordinates"":[88.60377778,27.25352778]}"
00000000000000000297,East Sikkim,27.28666667,88.55347222,26746,Sikkim,2021-08-27,333.039992983453,63.74999897181988,80.13999860733747,118.84999774210155,"{""type"":""Point"",""coordinates"":[88.55347222,27.28666667]}"
000000000000000001e6,Geyzing,27.19950556,88.32696111,26798,Sikkim,2022-08-20,192.05999583285302,43.45999915711582,49.58499906770885,119.02999733947217,"{""type"":""Point"",""coordinates"":[88.32696111,27.199505559999995]}"
000000000000000001d3,Mangan,27.443199157714844,88.60870361328125,26810,Sikkim,2024-07-21,202.35999511461705,8.539999794214964,47.46999916434288,99.25499742385,"{""type"":""Point"",""coordinates"":[88.60870361328125,27.443199157714844]}"
000000000000000001e7,Mangan,27.40251944,88.51868056,26806,Sikkim,2023-10-04,213.70999577268958,83.24499867856503,123.28999758139253,147.95499721542,"{""type"":""Point"",""coordinates"":[88.51868056,27.40251944]}"
000000000000000001e9,Namchi,27.288469314575195,88.3013916015625,26781,Sikkim,2022-07-10,117.67749799415469,0.125,3.9899998754262924,13.894999660551548,"{""type"":""Point"",""coordinates"":[88.3013916015625,27.288469314575195]}"
000000000000000001e3,North Sikkim,27.51444444,88.56777778,26827,Sikkim,2009-05-09,60.1919981809333,9.47999968379736,10.294999662786722,24.164999266155064,"{""type"":""Point"",""coordinates"":[88.56777778,27.514444439999995]}"
0000000000000000028a,North Sikkim,27.61936111,88.66131389,26760,Sikkim,2021-06-18,209.6899953801185,42.1999986814335,63.60499828495085,109.34999752976,"{""type"":""Point"",""coordinates"":[88.66131389,27.61936111]}"
000000000000000001e5,Pakyong,27.21391667,88.60833333,26792,Sikkim,2022-08-25,245.5749944569543,18.469999387860298,110.41999782714993,182.21499615628272,"{""type"":""Point"",""coordinates"":[88.60833333,27.21391667]}"
000000000000000001e8,Pakyong,27.17748333,88.52165833,26802,Sikkim,2023-10-04,304.24999237433076,90.20499777793884,125.48999689146876,153.50499617308378,"{""type"":""Point"",""coordinates"":[88.52165833,27.17748333]}"
000000000000000001e2,Soreng,27.14871944,88.28128889,26784,Sikkim,2022-11-20,0.939999969676137,0.0,0.07499999552965164,0.07499999552965164,"{""type"":""Point"",""coordinates"":[88.28128889,27.148719440000004]}"
000000000000000001ee,South Sikkim,27.3250091,88.4704442,26757,Sikkim,2021-08-23,221.84999380353838,32.419998882338405,39.50999869219959,134.94999608397484,"{""type"":""Point"",""coordinates"":[88.4704442,27.325009100000003]}"
000000000000000001ec,West district,27.29166667,88.22000122070312,26814,Sikkim,2011-06-24,286.1749920081347,88.40499750897288,123.48499678447843,259.44499277696013,"{""type"":""Point"",""coordinates"":[88.22000122070312,27.291666669999998]}"
000000000000000001ed,West district,27.28777778,88.23277778,26815,Sikkim,2011-06-24,286.1749920081347,88.40499750897288,123.48499678447843,259.44499277696013,"{""type"":""Point"",""coordinates"":[88.23277778,27.28777778]}"
000000000000000001df,North Sikkim,27.57502778,88.65402778,26822,Sikkim,2012-06-22,67.15999821480364,34.239999066106975,38.46499896142632,66.12999822292477,"{""type"":""Point"",""coordinates"":[88.65402778,27.57502778]}"
000000000000000001e0,North Sikkim,27.56111111,88.65452778,26823,Sikkim,2012-06-22,67.15999821480364,34.239999066106975,38.46499896142632,66.12999822292477,"{""type"":""Point"",""coordinates"":[88.65452778,27.561111109999995]}"
000000000000000001e1,North Sikkim,27.56941667,88.65272222,26825,Sikkim,2012-06-22,67.15999821480364,34.239999066106975,38.46499896142632,66.12999822292477,"{""type"":""Point"",""coordinates"":[88.65272222,27.569416670000003]}"
000000000000000001de,North Sikkim,27.59027778,88.65394444,26821,Sikkim,2012-06-26,87.15999777335674,9.019999768584967,20.279999556951225,58.74499851837754,"{""type"":""Point"",""coordinates"":[88.65394444,27.590277779999997]}"
00000000000000000038,Dhalai,23.899999618530273,91.75622222,26897,Tripura,2010-06-03,461.0914885159582,84.93999775778502,127.14649700652808,233.90649375598878,"{""type"":""Point"",""coordinates"":[91.75622222,23.899999618530277]}"
000000000000000002a9,Gomati,23.98033332824707,91.475278,26866,Tripura,2018-05-18,336.874991947785,48.82499951869249,94.43499801494181,120.97499747015536,"{""type"":""Point"",""coordinates"":[91.475278,23.980333328247074]}"
000000000000000002aa,Gomati,23.794253,91.553533,26844,Tripura,2018-05-20,288.324993991293,44.899999134242535,92.98499812930822,110.98999750148505,"{""type"":""Point"",""coordinates"":[91.553533,23.794253000000005]}"
000000000000000001ea,South Tripura,23.22966667,91.49532222,26903,Tripura,2021-08-25,247.2349948612973,59.76499900314957,62.599998970516026,112.38499812688679,"{""type"":""Point"",""coordinates"":[91.49532222,23.22966667]}"
000000000000000002b2,South Tripura,23.25229444,91.48825073242188,26904,Tripura,2021-08-25,247.2349948612973,59.76499900314957,62.599998970516026,112.38499812688679,"{""type"":""Point"",""coordinates"":[91.48825073242189,23.25229444]}"
000000000000000001eb,West Tripura,23.854169845581055,91.34361267089844,26850,Tripura,2009-07-10,200.72449522092938,2.149999891407788,10.059999749995768,28.034999188035727,"{""type"":""Point"",""coordinates"":[91.34361267089844,23.854169845581055]}"
