record_id,SlNo,State,District,Latitude,Longitude,event_date,rainfall_24h_mm,rainfall_72h_mm,rainfall_7d_mm,rainfall_15d_mm,label,sample_type
R_POS_1,1771,Arunachal Pradesh,Lower Dibang Valley,28.38919722,95.92776111,2024-04-24,23.919999470934272,50.97499888855964,73.81999820098281,103.73999791406096,1,landslide_event
R_POS_2,1941,Arunachal Pradesh,Lower Dibang Valley,28.38919722,95.92776111,2024-04-24,23.919999470934272,50.97499888855964,73.81999820098281,103.73999791406096,1,landslide_event
R_POS_3,1120,Arunachal Pradesh,Lower Subansiri,27.339267,93.802581,2016-07-16,130.07499702647328,165.66499638184905,307.00499351508915,559.8004866018891,1,landslide_event
R_POS_4,999,Arunachal Pradesh,Lower Subansiri,27.193425,93.780983,2016-07-16,89.23999736644328,133.38499553967267,317.69499241840094,598.1974857123569,1,landslide_event
R_POS_5,1938,Arunachal Pradesh,Papum Pare,27.105253219604492,93.825399,2024-06-18,65.37999863736331,81.84999813418835,159.5049965074286,214.25499514862895,1,landslide_event
R_POS_6,1940,Arunachal Pradesh,Papum Pare,27.12113571166992,93.762164,2024-06-18,57.954998827539384,77.19999843277037,149.82999681774527,214.09499561227855,1,landslide_event
R_POS_7,2078,Arunachal Pradesh,Papum Pare,27.099285125732425,93.614766,2026-03-16,10.584999790415168,46.57999891228974,54.34999877586961,64.16999860014766,1,landslide_event
R_POS_8,878,Arunachal Pradesh,West Kameng,27.018342,92.6355972290039,2016-07-01,62.512498043477535,148.537496432662,178.15249567851424,320.0074925730005,1,landslide_event
R_POS_9,1242,Arunachal Pradesh,Tawang,27.587417,91.886944,2016-04-22,61.769998592324555,89.0899982014671,113.08999725524336,149.4949964415282,1,landslide_event
R_POS_10,1254,Arunachal Pradesh,Tawang,27.591806411743164,91.865028,2016-04-22,61.769998592324555,89.0899982014671,113.08999725524336,149.4949964415282,1,landslide_event
R_POS_11,1258,Arunachal Pradesh,Tawang,27.593139,91.873889,2016-04-22,61.769998592324555,89.0899982014671,113.08999725524336,149.4949964415282,1,landslide_event
R_POS_12,1218,Arunachal Pradesh,Tawang,27.58741667,91.88694444,2016-04-22,61.769998592324555,89.0899982014671,113.08999725524336,149.4949964415282,1,landslide_event
R_POS_13,1241,Arunachal Pradesh,Tawang,27.587417,91.886944,2016-04-22,61.769998592324555,89.0899982014671,113.08999725524336,149.4949964415282,1,landslide_event
R_POS_14,1219,Arunachal Pradesh,Tawang,27.58741667,91.88694444,2016-04-22,61.769998592324555,89.0899982014671,113.08999725524336,149.4949964415282,1,landslide_event
R_POS_15,1246,Arunachal Pradesh,Tawang,27.58941650390625,91.861444,2016-04-23,27.504999054595828,82.48999818321317,109.7599972402677,150.52499640360475,1,landslide_event
R_POS_16,1259,Arunachal Pradesh,Tawang,27.593361,91.879444,2016-04-23,27.504999054595828,82.48999818321317,109.7599972402677,150.52499640360475,1,landslide_event
R_POS_17,1264,Arunachal Pradesh,Tawang,27.596639,91.878972,2016-04-23,27.504999054595828,82.48999818321317,109.7599972402677,150.52499640360475,1,landslide_event
R_POS_18,1265,Arunachal Pradesh,Tawang,27.596639,91.878972,2016-04-23,27.504999054595828,82.48999818321317,109.7599972402677,150.52499640360475,1,landslide_event
R_POS_19,1220,Arunachal Pradesh,Tawang,27.59152778,91.88044444,2016-04-23,27.504999054595828,82.48999818321317,109.7599972402677,150.52499640360475,1,landslide_event
R_POS_20,1251,Arunachal Pradesh,Tawang,27.591388702392575,91.90249633789062,2016-04-23,34.11999902129173,72.54499799571931,96.75499780941756,150.38499667681754,1,landslide_event
R_POS_21,1103,Arunachal Pradesh,Lower Subansiri,27.307071685791016,93.806008,2016-07-17,88.61999805271626,160.51499668508768,232.65999490208924,513.5449879840016,1,landslide_event
R_POS_22,1082,Arunachal Pradesh,Lower Subansiri,27.294885635375977,93.803328,2016-07-17,83.13499877788126,142.6899970844388,212.68999606836587,492.62499184627086,1,landslide_event
R_POS_23,1049,Arunachal Pradesh,Lower Subansiri,27.254756,93.801303,2016-07-17,83.13499877788126,142.6899970844388,212.68999606836587,492.62499184627086,1,landslide_event
R_POS_24,1042,Arunachal Pradesh,Lower Subansiri,27.246131,93.804711,2016-07-17,83.13499877788126,142.6899970844388,212.68999606836587,492.62499184627086,1,landslide_event
R_POS_25,1033,Arunachal Pradesh,Lower Subansiri,27.23995018005371,93.806589,2016-07-17,83.13499877788126,142.6899970844388,212.68999606836587,492.62499184627086,1,landslide_event
R_POS_26,30,Assam,Cachar,24.645417,93.005361,2016-08-31,117.30499757826328,179.9949963092804,210.5799957588315,230.57999512925744,1,landslide_event
R_POS_27,36,Assam,Cachar,24.721920013427734,92.90380859375,2020-06-05,72.61499790474772,159.2749952012673,250.14999199751765,376.2499888744205,1,landslide_event
R_POS_28,243,Assam,Dima Hasao,25.229556,93.15560150146484,2010-04-02,20.247999515384436,128.11299709323794,247.38299440499395,250.32299441006035,1,landslide_event
R_POS_29,521,Assam,Dima Hasao,26.20261001586914,91.14527893066406,2009-08-20,19.109999508596957,105.42999845091254,220.28999590780583,366.46999261528254,1,landslide_event
R_POS_30,783,Assam,Dima Hasao,25.17741584777832,93.00975036621094,2022-05-16,145.2749957051128,286.93999378941953,443.0449889134616,515.4719869652763,1,landslide_event
R_POS_31,656,Assam,Dima Hasao,25.1568056,93.019722,2022-05-13,131.85499715991318,220.4099943228066,232.20999401435256,318.00199161376804,1,landslide_event
R_POS_32,722,Assam,Dima Hasao,25.17638889,93.11613889,2016-05-22,64.84499819204211,80.53999775927514,353.6499914303422,431.66998955607414,1,landslide_event
R_POS_33,813,Assam,Dima Hasao,25.316197,93.006158,2022-06-16,232.28999384865165,320.9549917476252,366.39999090414494,481.5084881959483,1,landslide_event
R_POS_34,672,Assam,Dima Hasao (N.C. Hills),25.15713889,93.01719444,2016-05-27,22.334999577142295,31.909999270923436,112.95999711938202,462.244990542531,1,landslide_event
R_POS_35,643,Assam,Dima Hasao (N.C. Hills),25.24194444,93.14319444,2016-05-22,70.7999985711649,88.06999800540507,342.3749939594418,389.0049928566441,1,landslide_event
R_POS_36,683,Assam,Dima Hasao (N.C. Hills),25.14872222,93.03191667,2016-05-17,204.4749965276569,273.9699951801449,303.48999446164817,339.14499369543046,1,landslide_event
R_POS_37,650,Assam,Dima Hasao (N.C. Hills),25.27480556,93.14555556,2016-05-22,70.7999985711649,88.06999800540507,342.3749939594418,389.0049928566441,1,landslide_event
R_POS_38,709,Assam,Dima Hasao (N.C. Hills),25.20738889,93.12277778,2014-08-20,4.614999920129776,11.239999689161776,120.02499725762756,153.02999630384147,1,landslide_event
R_POS_39,723,Assam,Dima Hasao (N.C. Hills),25.177499771118164,93.02622222,2016-05-22,64.00999837182462,81.66999783553183,351.41499320883304,433.6099912105128,1,landslide_event
R_POS_40,8,Assam,Hailakandi,24.478972,92.682861,2016-05-17,141.76499716378748,178.00999633781612,253.30499388836324,322.91999209858477,1,landslide_event
R_POS_41,15,Assam,Hailakandi,24.51594352722168,92.540889,2016-05-18,229.57499586138871,241.00499569717795,339.4749941090122,400.0749927936122,1,landslide_event
R_POS_42,793,Assam,Kamrup,26.14988889,91.77394444,2025-05-01,48.7449994571507,72.15999869070947,120.8299974417314,159.63499628473073,1,landslide_event
R_POS_43,795,Assam,Kamrup,26.12911111,91.74911111,2012-06-25,196.43499643355608,228.25499568879604,328.94999282527715,514.2599886162207,1,landslide_event
R_POS_44,796,Assam,Kamrup,26.15333333,91.77711111,2012-06-25,196.43499643355608,228.25499568879604,328.94999282527715,514.2599886162207,1,landslide_event
R_POS_45,797,Assam,Kamrup,26.15052778,91.72766667,2012-06-27,32.85999940056354,229.2949958341196,335.87499286420643,541.9149882234633,1,landslide_event
R_POS_46,842,Assam,Kamrup,25.757752,91.252285,2014-07-17,3.084999909624458,42.65499900467694,76.39999798126519,193.9149954477325,1,landslide_event
R_POS_47,844,Assam,Kamrup,25.872268,91.213965,2014-09-23,245.33499533683064,493.2349900715053,536.0399887720123,579.5699877226725,1,landslide_event
R_POS_48,845,Assam,Kamrup,26.2272613,91.6922458,2008-12-26,1.484999980777502,1.484999980777502,1.484999980777502,1.484999980777502,1,landslide_event
R_POS_49,847,Assam,Kamrup,26.246980667114254,91.964383,2025-07-05,45.96999913454056,107.3849971704185,126.8699966100976,203.34999464824796,1,landslide_event
R_POS_50,800,Assam,Kamrup,26.158193,91.755807,2025-06-06,8.33499988168478,51.84499882161617,215.17499434761703,353.22999228164554,1,landslide_event
R_POS_51,474,Assam,Kamrup,26.11266708374023,91.853889,2018-08-24,53.50999924261123,80.70999885443598,88.92499870527536,208.9399956166744,1,landslide_event
R_POS_52,801,Assam,Kamrup,26.16618537902832,91.7146987915039,2025-06-04,43.50999893993139,89.12999774236232,285.7499934975058,381.89999142475426,1,landslide_event
R_POS_53,802,Assam,Kamrup,26.166160583496097,91.713803,2025-06-04,43.50999893993139,89.12999774236232,285.7499934975058,381.89999142475426,1,landslide_event
R_POS_54,776,Assam,Kamrup (Metro),26.191600799560547,91.8036117553711,2022-06-16,268.7649957537651,510.4549902128056,600.2849879311398,681.9924861947075,1,landslide_event
R_POS_55,762,Assam,Kamrup (Metro),26.17672222,91.76525115966795,2017-06-13,137.6549969986081,171.8449961366132,176.13999612256885,246.7104946197942,1,landslide_event
R_POS_56,731,Assam,Kamrup (Metro),26.15805556,91.71258333,2019-07-16,39.47499945759773,67.11999863013625,211.8299951069057,414.6054893797263,1,landslide_event
R_POS_57,730,Assam,Kamrup (Metro),26.19236111,91.78080556,2019-07-10,114.39999708533288,181.9699952797964,238.03999425005168,432.360488332808,1,landslide_event
R_POS_58,773,Assam,Kamrup (Metro),26.19330556,91.77725219726562,2020-06-28,78.32999853231013,191.24999577738345,248.3199945082888,355.4099920708686,1,landslide_event
R_POS_59,504,Assam,Kamrup (Metro),26.177560806274418,91.7658920288086,2017-06-13,137.6549969986081,171.8449961366132,176.13999612256885,246.7104946197942,1,landslide_event
R_POS_60,490,Assam,Kamrup (Metro),26.154279708862305,91.79264068603516,2017-06-13,137.6549969986081,171.8449961366132,176.13999612256885,246.7104946197942,1,landslide_event
R_POS_61,503,Assam,Kamrup (Metro),26.176719665527344,91.76525115966795,2017-06-13,137.6549969986081,171.8449961366132,176.13999612256885,246.7104946197942,1,landslide_event
R_POS_62,488,Assam,Kamrup (Metro),26.1505375,91.72798139,2023-06-17,110.80499789491296,253.2799943499267,320.21499237045646,360.60499145742506,1,landslide_event
R_POS_63,519,Assam,Kamrup (Metro),26.19622039794922,91.76335906982422,2011-03-23,0.0,35.39999961853027,99.61499837320298,129.52499698475003,1,landslide_event
R_POS_64,777,Assam,Kamrup (Metro),26.193220138549805,91.77033233642578,2022-06-16,267.4449936002493,569.3099876036867,658.7399856140837,739.0254831593484,1,landslide_event
R_POS_65,729,Assam,Kamrup (Metro),26.19244444,91.76422222,2016-07-20,30.449999302625656,58.28999869991094,178.959996487014,347.5099938493222,1,landslide_event
R_POS_66,774,Assam,Kamrup (Metro),26.09150556,91.87898611,2020-07-12,54.1199988508597,140.8499969029799,238.419995110482,429.77049052901566,1,landslide_event
R_POS_67,506,Assam,Kamrup (Metro),26.188419342041016,91.85124969482422,2017-06-16,90.44999764859676,151.99999614059925,240.0099938446656,264.37799346260726,1,landslide_event
R_POS_68,775,Assam,Kamrup (Metro),26.21305556,91.69249725341795,2020-06-26,117.14499678928404,152.93499588221312,183.3199951685965,433.12998960446566,1,landslide_event
R_POS_69,843,Assam,Kamrup (Metro),26.23801612854004,91.945953,2025-11-02,22.484999734908342,31.134999502450228,34.54999943450093,35.29999943077564,1,landslide_event
R_POS_70,856,Assam,Kamrup (Metro),26.156633377075195,91.9385757446289,2024-08-08,90.41999783739448,113.5699972063303,173.1349958833307,224.0899945879355,1,landslide_event
R_POS_71,35,Assam,Karimganj,24.710832595825195,92.481167,2010-06-03,121.45999657083304,183.19549508858472,206.51549446489665,423.17548787686974,1,landslide_event
R_POS_72,38,Assam,Karimganj,24.78002778,92.45372222,2020-06-02,115.31099783815444,154.925996998325,300.625993385911,362.4659917019307,1,landslide_event
R_POS_73,39,Assam,Karimganj,24.78380556,92.45563889,2020-06-02,115.31099783815444,154.925996998325,300.625993385911,362.4659917019307,1,landslide_event
R_POS_74,590,Assam,Udalguri,26.89073944091797,92.12068176269533,2021-04-28,7.574999857693911,7.574999857693911,7.904999848455191,27.49999929778278,1,landslide_event
R_POS_75,589,Assam,Udalguri,26.88969039916992,92.1226577758789,2021-04-28,7.574999857693911,7.574999857693911,7.904999848455191,27.49999929778278,1,landslide_event
R_POS_76,852,Assam,West Khasi Hills,25.740148,91.224044,2014-07-18,3.339999858289957,20.124999444931746,61.39999837521464,191.2949956478551,1,landslide_event
R_POS_77,794,Assam,Kamrup,26.10891667,91.74175262451172,2012-06-22,55.29499857965857,109.29499693308026,186.65499512199312,353.29499141778797,1,landslide_event
R_POS_78,798,Assam,Kamrup,26.16405556,91.72827778,2012-06-26,99.06499808002263,226.67499582562596,335.9699927587062,525.3649884052575,1,landslide_event
R_POS_79,808,Assam,Dima Hasao,25.366254806518555,92.823037,2022-05-14,111.54499804601072,234.70499466359615,273.98499355092645,346.52399219945073,1,landslide_event
R_POS_80,805,Assam,Dima Hasao,25.117665,92.847709,2022-05-14,124.06999673787504,257.80999351199716,289.9999931221828,373.4689907440916,1,landslide_event
R_POS_81,632,Assam,Dima Hasao,25.165790557861328,93.00948333740234,2022-05-14,141.66499808430672,268.9299939740449,299.09499315544963,384.8469907557592,1,landslide_event
R_POS_82,633,Assam,Dima Hasao,25.15859031677246,93.0129165649414,2022-05-14,141.66499808430672,268.9299939740449,299.09499315544963,384.8469907557592,1,landslide_event
R_POS_83,624,Assam,Dima Hasao,25.16023063659668,93.0108413696289,2022-05-14,141.66499808430672,268.9299939740449,299.09499315544963,384.8469907557592,1,landslide_event
R_POS_84,787,Assam,Dima Hasao,25.17622947692871,93.01325988769533,2022-05-14,141.66499808430672,268.9299939740449,299.09499315544963,384.8469907557592,1,landslide_event
R_POS_85,779,Assam,Dima Hasao,25.17136001586914,93.01101684570312,2022-05-14,141.66499808430672,268.9299939740449,299.09499315544963,384.8469907557592,1,landslide_event
R_POS_86,647,Assam,Dima Hasao,25.168039321899418,93.02503204345705,2022-05-14,141.66499808430672,268.9299939740449,299.09499315544963,384.8469907557592,1,landslide_event
R_POS_87,640,Assam,Dima Hasao,25.15555953979492,93.021583,2022-05-14,141.66499808430672,268.9299939740449,299.09499315544963,384.8469907557592,1,landslide_event
R_POS_88,666,Assam,Dima Hasao,25.162667,93.009806,2022-05-14,141.66499808430672,268.9299939740449,299.09499315544963,384.8469907557592,1,landslide_event
R_POS_89,649,Assam,Dima Hasao,25.16808319091797,93.024922,2022-05-14,141.66499808430672,268.9299939740449,299.09499315544963,384.8469907557592,1,landslide_event
R_POS_90,664,Assam,Dima Hasao,25.164270401000977,92.99787902832033,2022-05-15,161.11499699950218,259.7349941022694,368.12999120447785,412.9314901093021,1,landslide_event
R_POS_91,623,Assam,Dima Hasao,25.167360305786133,93.00952911376952,2022-05-15,140.73999714292586,272.59499430283904,372.9499911572784,446.5769892213866,1,landslide_event
R_POS_92,785,Assam,Dima Hasao,25.189189910888672,93.02117919921876,2022-05-15,140.73999714292586,272.59499430283904,372.9499911572784,446.5769892213866,1,landslide_event
R_POS_93,655,Assam,Dima Hasao,25.174829483032227,93.019861,2022-05-15,140.73999714292586,272.59499430283904,372.9499911572784,446.5769892213866,1,landslide_event
R_POS_94,667,Assam,Dima Hasao,25.165529251098633,93.02172088623048,2022-05-15,140.73999714292586,272.59499430283904,372.9499911572784,446.5769892213866,1,landslide_event
R_POS_95,642,Assam,Dima Hasao,25.158138275146484,93.024778,2022-05-15,140.73999714292586,272.59499430283904,372.9499911572784,446.5769892213866,1,landslide_event
R_POS_96,778,Assam,Kamrup (Metro),26.187889099121097,91.79492950439452,2022-06-17,205.1299953199923,485.3049881486222,679.0849848194048,796.1999814230949,1,landslide_event
R_POS_97,804,Assam,Kamrup,26.170270919799805,91.697998046875,2025-05-31,105.23999822326005,188.37999722082168,225.72999652754515,340.8499937634915,1,landslide_event
R_POS_98,799,Assam,Kamrup,26.19113889,91.82961111,2025-05-31,123.8149962676689,200.61999507434663,228.2849943106994,354.90999210625887,1,landslide_event
R_POS_99,846,Assam,Kamrup (Metro),26.184324264526367,91.855395,2025-05-31,123.8149962676689,200.61999507434663,228.2849943106994,354.90999210625887,1,landslide_event
R_POS_100,850,Assam,Dima Hasao,25.64851188659668,93.121528,2025-06-05,8.05999980121851,55.18499880377203,267.6149937743321,327.99499250296503,1,landslide_event
R_POS_101,849,Assam,Dima Hasao,25.698139190673828,93.129423,2025-06-05,8.05999980121851,55.18499880377203,267.6149937743321,327.99499250296503,1,landslide_event
R_POS_102,803,Assam,Kamrup,26.1629695892334,91.70590209960938,2025-06-05,42.96499893069267,69.98999848216772,264.9149933885783,356.04499221686274,1,landslide_event
R_POS_103,848,Assam,Kamrup (Metro),26.11956024169922,92.052125,2025-06-05,33.084999434649944,47.17499919980765,242.15999489743265,310.3199930097908,1,landslide_event
R_POS_104,19559,Manipur,Bishnupur,24.524125,93.816333,2024-08-01,71.8649990670383,104.62499845959246,133.31999775674194,227.30999529454857,1,landslide_event
R_POS_105,19560,Manipur,Bishnupur,24.51705551147461,93.817056,2024-08-02,61.33999917656183,98.93499868456274,136.5299977203831,224.97499534953383,1,landslide_event
R_POS_106,18354,Manipur,Chandel,24.406389236450195,94.06582641601562,2007-09-07,65.88499830570072,126.30999705102296,149.85349641181529,224.313494509086,1,landslide_event
R_POS_107,19217,Manipur,Kangpokpi,25.146528244018555,93.941722,2017-06-04,38.42999890446663,62.75699837971479,172.43199578206986,205.78199485410005,1,landslide_event
R_POS_108,18904,Manipur,Noney,24.925199508666992,94.33709716796876,2018-06-06,7.964999794960022,26.429999254643917,56.866998471319675,130.86199646256864,1,landslide_event
R_POS_109,19578,Manipur,Ri-Bhoi,25.67469444,91.88652778,2011-06-26,19.824999567121267,87.8249977575615,100.50499747786672,210.31499495357275,1,landslide_event
R_POS_110,19515,Manipur,Senapati,25.472169876098633,94.15432739257812,2007-09-09,20.364999634213746,64.77999846357852,130.5549967782572,223.1219944898039,1,landslide_event
R_POS_111,19575,Manipur,TAMENGLONG,24.98500061035156,93.52113889,2011-05-31,75.10999798309058,96.87999717518689,104.93499688711016,287.1299943337217,1,landslide_event
R_POS_112,19576,Manipur,TAMENGLONG,24.79083333,93.72333333,2011-07-06,20.02999947965145,73.52999797742814,124.25999651290476,275.8799936603755,1,landslide_event
R_POS_113,18716,Manipur,Tamenglong,24.81722068786621,93.51721954345705,2007-06-16,63.824999135918915,64.30499912146479,148.34499713219702,172.03999634925276,1,landslide_event
R_POS_114,19582,Manipur,Tamenglong,24.86469444,93.62116667,2010-06-08,113.344997827895,199.66999600920823,319.7449938496575,414.90999118052423,1,landslide_event
R_POS_115,19583,Manipur,Tamenglong,24.86297222,93.62397222,2010-06-08,113.344997827895,199.66999600920823,319.7449938496575,414.90999118052423,1,landslide_event
R_POS_116,19584,Manipur,Tamenglong,24.73133333,93.92738889,2010-03-28,39.25499944668263,39.25499944668263,39.98999941535294,42.16999939456582,1,landslide_event
R_POS_117,18803,Manipur,Tamenglong,24.848329544067383,93.45916748046876,2008-06-19,9.904999593272803,18.67499931715429,43.75499919336289,124.15999705716968,1,landslide_event
R_POS_118,18759,Manipur,Tamenglong,24.832780838012695,93.4633331298828,2008-07-01,10.332499743439255,58.20749819278717,169.61249591503292,212.06749459169805,1,landslide_event
R_POS_119,18718,Manipur,Tamenglong,24.817779541015625,93.51583099365234,2007-09-10,15.96499959938228,60.90499857254326,133.10999675281346,232.27049433253703,1,landslide_event
R_POS_120,18997,Manipur,Tamenglong,24.98611068725586,93.50582885742188,2007-08-24,6.754999786615372,26.874999432824552,32.15499936789274,91.3049980616197,1,landslide_event
R_POS_121,18988,Manipur,Tamenglong,24.983806,93.497528,2018-06-22,21.359999541193247,21.359999541193247,38.4399991966784,361.10499100666493,1,landslide_event
R_POS_122,19558,Manipur,Tamenglong,24.979000091552734,93.49600219726562,2024-07-29,94.08999813348056,97.2649980261922,114.98999774083497,184.1649956777692,1,landslide_event
R_POS_123,18802,Manipur,Tamenglong,24.848329544067383,93.45916748046876,2007-09-12,2.244999974966049,11.409999770112336,99.46999769750984,191.7319959336892,1,landslide_event
R_POS_124,19123,Manipur,Tamenglong,25.091777801513672,92.354694,2018-07-11,12.654999792575836,17.194999613799155,42.27999881375581,173.90699617099017,1,landslide_event
R_POS_125,18701,Manipur,Tengnoupal,24.813306,93.243417,2018-08-02,18.649999860674143,62.12999863550067,98.0899976240471,178.88999622967094,1,landslide_event
R_POS_126,18986,Manipur,Ukhrul,24.98352813720703,94.158333,2018-06-12,196.25999487936497,258.34499352425337,265.69499342888594,317.0134922033176,1,landslide_event
R_POS_127,19020,Manipur,Kangpokpi,24.99797248840332,94.020444,2007-08-28,18.11999958008528,57.27499854750931,120.18999665696174,161.76999559719115,1,landslide_event
R_POS_128,19019,Manipur,Tamenglong,24.99694061279297,93.5022201538086,2007-08-28,11.669999718666077,57.19999851286411,84.07499794568866,144.64999662525952,1,landslide_event
R_POS_129,19016,Manipur,Tamenglong,24.993059158325195,93.49749755859376,2007-08-28,17.62499955482781,89.30999719724059,133.70499605312943,178.97499508410692,1,landslide_event
R_POS_130,19011,Manipur,Tamenglong,24.99082946777344,93.50582885742188,2007-08-28,11.669999718666077,57.19999851286411,84.07499794568866,144.64999662525952,1,landslide_event
R_POS_131,19012,Manipur,Tamenglong,24.99082946777344,93.50582885742188,2007-08-28,11.669999718666077,57.19999851286411,84.07499794568866,144.64999662525952,1,landslide_event
R_POS_132,19017,Manipur,Ukhrul,24.99427795410156,94.205917,2007-08-28,38.87499937321991,84.31499833147973,140.75999757181853,178.86499649845064,1,landslide_event
R_POS_133,19600,Manipur,Noney,24.846509,93.573533,2025-05-31,128.7549976296723,190.8899962771684,230.9849953148514,264.9899945342913,1,landslide_event
R_POS_134,19601,Manipur,Noney,24.863924026489254,93.617853,2025-06-05,13.579999771900477,18.089999677613378,244.40999490302056,326.43499322608113,1,landslide_event
R_POS_135,20504,Meghalaya,East Jaintia Hills,25.04805374145508,92.409245,2025-05-11,7.654999913647771,39.32499924860895,46.3149989657104,102.46999774500728,1,landslide_event
R_POS_136,19658,Meghalaya,East Jaintia Hills,25.091779708862305,92.3546905517578,2018-05-07,42.71999939158559,60.07499882765114,111.49499803874642,148.26499714143574,1,landslide_event
R_POS_137,20511,Meghalaya,East Khasi Hills,25.57711111,91.88141667,2010-08-27,37.87999927438795,76.45499833859503,225.12999462056905,330.7199921393767,1,landslide_event
R_POS_138,20512,Meghalaya,East Khasi Hills,25.56183333,91.86855556,2010-06-28,182.1649963399395,308.4599937936291,377.5599928153679,556.3699886035174,1,landslide_event
R_POS_139,20513,Meghalaya,East Khasi Hills,25.57188889,91.90127778,2010-06-28,145.63999747671187,250.4699945840985,317.1799929784611,509.7649890948087,1,landslide_event
R_POS_140,20514,Meghalaya,East Khasi Hills,25.56852778,91.89219444,2010-06-28,182.1649963399395,308.4599937936291,377.5599928153679,556.3699886035174,1,landslide_event
R_POS_141,20488,Meghalaya,East Khasi Hills,25.5667327,91.9146185,2024-10-04,79.46999800950289,114.81499752122907,129.74999724701047,233.7749950280413,1,landslide_event
R_POS_142,20613,Meghalaya,East Khasi Hills,25.65341111,91.89819444,2024-07-01,375.75999166816473,424.61499064415693,499.47498894296587,831.5249811578542,1,landslide_event
R_POS_143,20612,Meghalaya,East Khasi Hills,25.65308889,91.89803889,2024-07-01,375.75999166816473,424.61499064415693,499.47498894296587,831.5249811578542,1,landslide_event
R_POS_144,20391,Meghalaya,East Khasi Hills,25.695552,91.903777,2007-09-15,19.704999465495348,25.54499929957092,228.5649958383292,590.9659860534593,1,landslide_event
R_POS_145,20581,Meghalaya,East Khasi Hills,25.44835090637207,91.59150278,2022-06-15,233.64999495074153,555.8599876984954,767.8849814385176,1090.7794728400186,1,landslide_event
R_POS_146,20582,Meghalaya,East Khasi Hills,25.44743611,91.59103889,2022-06-15,233.64999495074153,555.8599876984954,767.8849814385176,1090.7794728400186,1,landslide_event
R_POS_147,20583,Meghalaya,East Khasi Hills,25.44716111,91.59067778,2022-06-15,233.64999495074153,555.8599876984954,767.8849814385176,1090.7794728400186,1,landslide_event
R_POS_148,19885,Meghalaya,East Khasi Hills,25.28236861,91.73874417,2024-05-30,240.48999490961432,420.4699906744063,510.1349888527766,592.6149865267798,1,landslide_event
R_POS_149,20587,Meghalaya,East Khasi Hills,25.35861111,91.97208333,2022-04-04,85.95499752555043,102.2109971717,107.56099704653025,190.17099472135305,1,landslide_event
R_POS_150,20588,Meghalaya,East Khasi Hills,25.35908333,91.97433333,2022-04-04,85.95499752555043,102.2109971717,107.56099704653025,190.17099472135305,1,landslide_event
R_POS_151,20547,Meghalaya,East Khasi Hills,25.23211111,91.37252778,2019-06-27,266.379995460622,359.3249927563593,368.60999248269945,529.569990648888,1,landslide_event
R_POS_152,20548,Meghalaya,East Khasi Hills,25.22194444,91.38422222,2019-06-27,266.379995460622,359.3249927563593,368.60999248269945,529.569990648888,1,landslide_event
R_POS_153,20551,Meghalaya,East Khasi Hills,25.18688889,91.39855556,2019-06-27,209.3049954827875,348.09999286197126,360.91499260719866,452.8699904708192,1,landslide_event
R_POS_154,19902,Meghalaya,East Khasi Hills,25.300389,91.726722,2009-06-29,97.73999807611108,103.61999804992227,125.62499745376408,217.40999533887953,1,landslide_event
R_POS_155,20204,Meghalaya,East Khasi Hills,25.566669464111328,91.90193939208984,2007-09-08,305.89999283850193,407.99998986162245,463.3999885376543,574.0449861856177,1,landslide_event
R_POS_156,20231,Meghalaya,East Khasi Hills,25.57822036743164,91.86544799804688,2014-09-23,336.6199913918972,478.6649886947125,563.3099866993725,599.8949859021232,1,landslide_event
R_POS_157,19895,Meghalaya,East Khasi Hills,25.29599952697754,91.93199920654295,2022-04-04,157.0449956394732,178.83049516007304,190.54049461707473,286.78049252554774,1,landslide_event
R_POS_158,20550,Meghalaya,East Khasi Hills,25.18766667,91.39816667,2019-06-27,209.3049954827875,348.09999286197126,360.91499260719866,452.8699904708192,1,landslide_event
R_POS_159,20656,Meghalaya,East Khasi Hills,25.566518,91.914509,2025-08-19,19.23999955598265,116.07999813649803,330.12499452009797,405.3699931856245,1,landslide_event
R_POS_160,20542,Meghalaya,East Khasi Hills,25.56663056,91.91370556,2019-07-10,292.83999130129814,373.28498976677656,426.56998831871897,853.1304791755974,1,landslide_event
R_POS_161,20293,Meghalaya,East Khasi Hills,25.625099182128903,91.91179656982422,2024-05-27,221.98999664746225,227.13999651838097,276.55499538686126,345.35999382659793,1,landslide_event
R_POS_162,20638,Meghalaya,Eastern-West Khasi Hill,25.69683611,91.64485556,2024-08-06,46.814998680725694,86.73499719705433,219.54499414842576,279.14499305188656,1,landslide_event
R_POS_163,20647,Meghalaya,Eastern-West Khasi Hill,25.6900691986084,91.6708526611328,2025-06-11,18.15499946475029,24.914999280124903,64.61999867483974,398.28999223560095,1,landslide_event
R_POS_164,20648,Meghalaya,Eastern-West Khasi Hill,25.733262,91.675754,2025-06-11,59.999999328516424,67.019999130629,89.66499841865152,384.06499093119055,1,landslide_event
R_POS_165,20649,Meghalaya,Eastern-West Khasi Hill,25.762051,91.658959,2024-05-29,56.269998613744974,175.84999514184892,276.78999284282327,536.9249861203134,1,landslide_event
R_POS_166,20651,Meghalaya,Eastern-West Khasi Hill,25.791616439819336,91.658242,2024-05-29,56.269998613744974,175.84999514184892,276.78999284282327,536.9249861203134,1,landslide_event
R_POS_167,20621,Meghalaya,Eastern-West Khasi Hill,25.49551944,91.49585278,2025-07-02,49.354998477734625,125.5749981040135,145.1149974744767,246.89999555703253,1,landslide_event
R_POS_168,20635,Meghalaya,Eastern-West Khasi Hill,25.69688611,91.64176667,2025-06-25,31.84999972581863,60.42999859713018,82.44999814964831,299.8199941534549,1,landslide_event
R_POS_169,20636,Meghalaya,Eastern-West Khasi Hill,25.70087778,91.642902,2024-10-08,1.449999950826168,68.81999865174294,189.7999958684668,288.72999365534633,1,landslide_event
R_POS_170,20637,Meghalaya,Eastern-West Khasi Hill,25.69866667,91.64517222,2024-08-06,46.814998680725694,86.73499719705433,219.54499414842576,279.14499305188656,1,landslide_event
R_POS_171,20642,Meghalaya,Eastern-West Khasi Hill,25.68690556,91.64915278,2025-05-28,42.68499917536974,85.07999825756997,133.3949976125732,368.5449924422428,1,landslide_event
R_POS_172,20646,Meghalaya,Eastern-West Khasi Hill,25.68822222,91.66746111,2025-06-11,18.15499946475029,24.914999280124903,64.61999867483974,398.28999223560095,1,landslide_event
R_POS_173,20650,Meghalaya,Eastern-West Khasi Hill,25.77093505859375,91.656497,2024-05-29,56.269998613744974,175.84999514184892,276.78999284282327,536.9249861203134,1,landslide_event
R_POS_174,20652,Meghalaya,Eastern-West Khasi Hill,25.803983688354492,91.659801,2024-08-28,24.56999941635877,63.24999908078462,117.3499979870394,379.85999224800617,1,landslide_event
R_POS_175,20643,Meghalaya,Eastern-West Khasi Hill,25.688833236694336,91.653639,2025-06-25,31.84999972581863,60.42999859713018,82.44999814964831,299.8199941534549,1,landslide_event
R_POS_176,20641,Meghalaya,Eastern-West Khasi Hill,25.68698889,91.64812222,2025-05-28,42.68499917536974,85.07999825756997,133.3949976125732,368.5449924422428,1,landslide_event
R_POS_177,19675,Meghalaya,Jaintia Hills,25.12186050415039,92.388583,2007-07-31,150.3549959473312,259.95499435439706,446.3699912186712,620.3449874389917,1,landslide_event
R_POS_178,20055,Meghalaya,Jaintia Hills,25.435609817504883,91.862056,2009-07-17,15.72499977517873,39.659999390132725,47.49999915808439,214.78999556042257,1,landslide_event
R_POS_179,19681,Meghalaya,Jaintia Hills,25.134194,92.383528,2007-07-31,150.3549959473312,259.95499435439706,446.3699912186712,620.3449874389917,1,landslide_event
R_POS_180,20534,Meghalaya,Ri-Bhoi,26.00361111,92.86361111,2012-07-26,76.51499836146832,89.07999800518155,112.31999736186116,227.3849949305877,1,landslide_event
R_POS_181,20628,Meghalaya,Ri-Bhoi,25.79744444,91.87408611,2024-06-14,87.25499787181616,117.2149971947074,133.21499681659043,266.50999449007213,1,landslide_event
R_POS_182,20629,Meghalaya,Ri-Bhoi,25.80725833,91.87509444,2024-07-14,10.3299997523427,39.89999908953905,125.34999654162677,530.1449869628996,1,landslide_event
R_POS_183,20350,Meghalaya,Ri-Bhoi,25.663444,91.915944,2017-06-17,215.2449957951903,236.31999527662992,413.14499222300947,493.7899905964732,1,landslide_event
R_POS_184,20469,Meghalaya,Ri-Bhoi,26.002939224243164,91.8669204711914,2014-09-23,198.83499678969383,352.1399934962392,382.8599926866591,428.8199917767197,1,landslide_event
R_POS_185,20460,Meghalaya,Ri-Bhoi,25.97256088256836,91.86241912841795,2014-10-05,0.0,0.1349999960511922,14.708999732509255,439.328991336748,1,landslide_event
R_POS_186,20452,Meghalaya,Ri-Bhoi,25.95846939086914,91.85405731201172,2014-09-23,247.1899949684739,412.22499161586165,457.71499037370086,516.9849888272583,1,landslide_event
R_POS_187,20496,Meghalaya,Ri-Bhoi,25.8090877532959,91.875238,2025-07-06,32.774999253451824,73.59499841742218,134.13499650731683,313.3349941102788,1,landslide_event
R_POS_188,20497,Meghalaya,Ri-Bhoi,25.781246185302734,91.874475,2024-07-06,9.794999822974203,86.43999797292054,472.78498669713736,588.6349835637957,1,landslide_event
R_POS_189,20538,Meghalaya,Ri-Bhoi,25.67469444,91.88652778,2011-06-26,19.824999567121267,87.8249977575615,100.50499747786672,210.31499495357275,1,landslide_event
R_POS_190,20474,Meghalaya,Ri-Bhoi,26.025470733642575,91.87158203125,2014-09-20,47.609998889267445,51.499998811632395,82.88499831780791,176.46999581344426,1,landslide_event
R_POS_191,20655,Meghalaya,South West Garo Hills,25.56742286682129,89.979711,2026-07-13,66.529998566024,89.87999818753451,137.09499704372138,212.76999534107745,1,landslide_event
R_POS_192,20595,Meghalaya,South West Khasi Hills,25.37129167,91.48003056,2024-06-15,233.054996015504,429.70999000873417,451.7149893557653,597.159985284321,1,landslide_event
R_POS_193,20491,Meghalaya,South West Khasi Hills,25.29966926574707,91.4610824584961,2024-06-15,255.38999699801207,459.6949934931472,499.844992573373,591.484989660792,1,landslide_event
R_POS_194,20492,Meghalaya,South West Khasi Hills,25.29667091369629,91.4598617553711,2024-06-17,307.4249947378412,562.8149917358533,788.6749877911061,879.1449851952493,1,landslide_event
R_POS_195,20493,Meghalaya,South West Khasi Hills,25.29750061035156,91.461669921875,2024-06-17,307.4249947378412,562.8149917358533,788.6749877911061,879.1449851952493,1,landslide_event
R_POS_196,20495,Meghalaya,South West Khasi Hills,25.297779083251953,91.459716796875,2024-06-15,255.38999699801207,459.6949934931472,499.844992573373,591.484989660792,1,landslide_event
R_POS_197,20494,Meghalaya,South West Khasi Hills,25.29738998413086,91.4620132446289,2024-06-17,307.4249947378412,562.8149917358533,788.6749877911061,879.1449851952493,1,landslide_event
R_POS_198,19914,Meghalaya,South West Khasi Hills,25.3145809173584,91.45242309570312,2013-08-06,75.59499850589782,82.43999837245792,163.13549623079598,273.87049396149814,1,landslide_event
R_POS_199,20108,Meghalaya,West Garo Hills,25.51028060913086,90.21678161621094,2007-07-27,130.6249971240759,188.39499575644732,223.0849951654673,303.9399935444817,1,landslide_event
R_POS_200,20578,Meghalaya,West Garo Hills,25.38163333,90.06033889,2022-06-09,148.72999674081802,260.7349944487214,302.5949932700023,308.71849316265434,1,landslide_event
R_POS_201,20486,Meghalaya,West Jaintia Hills,25.47704743,92.16831285,2020-05-25,92.40499829687178,118.6999976746738,221.8999952916056,276.05499379802495,1,landslide_event
R_POS_202,20489,Meghalaya,West Jaintia Hills,25.28422636,92.11294194,2020-06-26,276.5299948947504,416.4699921002611,423.2599917864427,525.0149891190231,1,landslide_event
R_POS_203,20592,Meghalaya,West Jaintia Hills,25.41955556,92.16194444,2023-08-10,4.149999970570207,14.074999812990429,86.21999814361334,163.86599721759558,1,landslide_event
R_POS_204,20524,Meghalaya,West Khasi Hills,25.36497222,91.02411111,2012-05-01,39.8819989785552,65.981998343952,124.54699526168406,249.61199337989092,1,landslide_event
R_POS_205,20535,Meghalaya,West Khasi Hills,25.53086111,91.29780556,2012-08-21,181.26999464817345,200.76499422360212,224.27999390289187,312.6699915518984,1,landslide_event
R_POS_206,20591,Meghalaya,West Khasi Hills,25.52901389,91.26188611,2023-06-17,96.70499773789196,421.4149923818186,521.1299892636016,579.44498817157,1,landslide_event
R_POS_207,20376,Meghalaya,West Khasi Hills,25.686250686645508,91.118358,2007-09-15,28.874999328516424,73.77499856054783,285.77499340474606,647.7014859151095,1,landslide_event
R_POS_208,20390,Meghalaya,West Khasi Hills,25.6948299407959,91.1183624267578,2007-09-15,28.874999328516424,73.77499856054783,285.77499340474606,647.7014859151095,1,landslide_event
R_POS_209,19737,Meghalaya,West Khasi Hills,25.201000213623047,91.23400115966795,2008-08-12,50.47999869380146,119.78999658394604,207.12999447248876,286.74949301127344,1,landslide_event
R_POS_210,19739,Meghalaya,West Khasi Hills,25.20282936096191,91.2090835571289,2008-08-10,69.30999789014459,74.76999775413424,179.73999535478652,270.76949347928166,1,landslide_event
R_POS_211,20112,Meghalaya,West Khasi Hills,25.519729614257812,91.28443145751952,2007-07-25,304.4399913335219,315.75499105546623,533.9149874532595,732.5949841570109,1,landslide_event
R_POS_212,20064,Meghalaya,West Khasi Hills,25.444650650024418,91.34622192382812,2007-07-17,158.15499620418996,191.22499559167773,242.45499392692,307.72499255556613,1,landslide_event
R_POS_213,20014,Meghalaya,West Khasi Hills,25.388029098510746,91.4697723388672,2007-06-16,130.09999692440033,143.59999675489962,457.14999073185027,740.3429856151342,1,landslide_event
R_POS_214,20033,Meghalaya,West Khasi Hills,25.400230407714844,91.51589965820312,2007-06-16,144.5299969315529,182.85999628156424,519.0649891691282,745.7799829822034,1,landslide_event
R_POS_215,20096,Meghalaya,West Khasi Hills,25.50334930419922,91.2833480834961,2007-07-25,304.4399913335219,315.75499105546623,533.9149874532595,732.5949841570109,1,landslide_event
R_POS_216,20114,Meghalaya,West Khasi Hills,25.52079963684082,91.25984954833984,2007-07-25,304.4399913335219,315.75499105546623,533.9149874532595,732.5949841570109,1,landslide_event
R_POS_217,19924,Meghalaya,East Khasi Hills,25.32083320617676,91.92749786376952,2007-07-19,318.38499312102795,444.79999097716063,473.3049902608618,540.834989416413,1,landslide_event
R_POS_218,19917,Meghalaya,East Khasi Hills,25.315176010131836,91.923021,2007-07-19,318.38499312102795,444.79999097716063,473.3049902608618,540.834989416413,1,landslide_event
R_POS_219,20097,Meghalaya,East Khasi Hills,25.50368056,91.72342222,2007-07-19,253.21499546431005,391.9449922041967,478.94999066833407,572.9549884051085,1,landslide_event
R_POS_220,20099,Meghalaya,West Khasi Hills,25.506669998168945,91.2831802368164,2007-07-19,183.65999720990655,298.024995431304,354.29499443620443,447.46499273367226,1,landslide_event
R_POS_221,19916,Meghalaya,West Khasi Hills,25.31488037109375,91.33367156982422,2007-07-19,287.06999385356903,460.32499116193503,493.57499014865607,604.0399873983115,1,landslide_event
R_POS_222,19923,Meghalaya,West Khasi Hills,25.318479537963867,91.45262145996094,2007-07-19,333.5999937057495,521.5849899761379,572.5599892670289,650.9449875848368,1,landslide_event
R_POS_223,19915,Meghalaya,West Khasi Hills,25.31488037109375,91.44912719726562,2007-07-19,333.5999937057495,521.5849899761379,572.5599892670289,650.9449875848368,1,landslide_event
R_POS_224,20038,Meghalaya,East Khasi Hills,25.40791702270508,91.998889,2007-08-18,12.41499960422516,39.75499899126589,99.23499749042094,148.03499640710652,1,landslide_event
R_POS_225,20036,Meghalaya,South Garo hills,25.403061,90.724166,2007-08-18,13.909999763593078,70.62499800138175,180.18999547977,226.7649943018332,1,landslide_event
R_POS_226,20047,Meghalaya,West Khasi Hills,25.424999237060547,91.40499877929688,2007-08-18,9.454999811947346,62.05499856173992,147.4749967372045,188.5599958440289,1,landslide_event
R_POS_227,20035,Meghalaya,West Khasi Hills,25.40130043029785,91.45854949951172,2007-08-18,9.454999811947346,62.05499856173992,147.4749967372045,188.5599958440289,1,landslide_event
R_POS_228,20037,Meghalaya,West Khasi Hills,25.40546989440918,91.53711700439452,2007-08-18,8.264999737031758,76.95999829936773,159.87499694060534,197.89999578054992,1,landslide_event
R_POS_229,20142,Meghalaya,East Khasi Hills,25.54261016845703,92.10867309570312,2009-07-01,190.41549401078373,258.9454930899665,279.6804925473407,319.4804916391149,1,landslide_event
R_POS_230,20148,Meghalaya,East Khasi Hills,25.54327964782715,92.1047821044922,2009-07-01,190.41549401078373,258.9454930899665,279.6804925473407,319.4804916391149,1,landslide_event
R_POS_231,20144,Meghalaya,East Khasi Hills,25.542640686035156,92.10214233398438,2009-07-01,190.41549401078373,258.9454930899665,279.6804925473407,319.4804916391149,1,landslide_event
R_POS_232,20141,Meghalaya,East Khasi Hills,25.54231071472168,92.0999984741211,2009-07-01,195.32199659571052,274.946994535625,306.6769938925281,347.9219933990389,1,landslide_event
R_POS_233,20143,Meghalaya,Jaintia Hills,25.54261016845703,92.09841918945312,2009-07-01,195.32199659571052,274.946994535625,306.6769938925281,347.9219933990389,1,landslide_event
R_POS_234,20521,Meghalaya,Jaintia Hills,25.05108333,92.40219444,2010-04-22,201.81499451957643,562.669986021705,650.1549842879176,733.9299825010821,1,landslide_event
R_POS_235,20522,Meghalaya,Jaintia Hills,25.04305556,92.42041667,2010-04-22,201.81499451957643,562.669986021705,650.1549842879176,733.9299825010821,1,landslide_event
R_POS_236,20523,Meghalaya,Jaintia Hills,25.04222222,92.44127778,2010-04-22,201.81499451957643,562.669986021705,650.1549842879176,733.9299825010821,1,landslide_event
R_POS_237,20517,Meghalaya,Jaintia Hills,25.13561111,92.38050079345705,2010-04-22,317.42999399919063,654.7849871795624,737.1299851918593,874.7499827453867,1,landslide_event
R_POS_238,20518,Meghalaya,Jaintia Hills,25.13486111,92.38200378417967,2010-04-22,317.42999399919063,654.7849871795624,737.1299851918593,874.7499827453867,1,landslide_event
R_POS_239,20519,Meghalaya,Jaintia Hills,25.12383333,92.38519444,2010-04-22,317.42999399919063,654.7849871795624,737.1299851918593,874.7499827453867,1,landslide_event
R_POS_240,20520,Meghalaya,Jaintia Hills,25.07533333,92.36341667,2010-04-22,261.60999376513064,549.1699845949188,643.65998272039,753.0899802558124,1,landslide_event
R_POS_241,20525,Meghalaya,Jaintia Hills,25.26361111,92.38557778,2012-06-26,288.0399941802025,324.79999345354736,385.089991052635,669.4149853717536,1,landslide_event
R_POS_242,20526,Meghalaya,Jaintia Hills,25.26005556,92.38863889,2012-06-26,288.0399941802025,324.79999345354736,385.089991052635,669.4149853717536,1,landslide_event
R_POS_243,20527,Meghalaya,Jaintia Hills,25.14702778,92.37883333,2012-06-26,281.7299949452281,312.5249942652881,379.89499287027866,724.4799852548167,1,landslide_event
R_POS_244,20528,Meghalaya,Jaintia Hills,25.14702778,92.37883333,2012-06-26,281.7299949452281,312.5249942652881,379.89499287027866,724.4799852548167,1,landslide_event
R_POS_245,20529,Meghalaya,Jaintia Hills,25.14341667,92.37805556,2012-06-26,281.7299949452281,312.5249942652881,379.89499287027866,724.4799852548167,1,landslide_event
R_POS_246,20530,Meghalaya,Jaintia Hills,25.13427778,92.38511111,2012-06-26,281.7299949452281,312.5249942652881,379.89499287027866,724.4799852548167,1,landslide_event
R_POS_247,20531,Meghalaya,Jaintia Hills,25.09022222,92.35805556,2012-06-26,281.64999245107174,309.5299919815734,374.56999059021473,714.8649818524718,1,landslide_event
R_POS_248,20532,Meghalaya,Jaintia Hills,25.09055556,92.35972222,2012-06-26,281.64999245107174,309.5299919815734,374.56999059021473,714.8649818524718,1,landslide_event
R_POS_249,20533,Meghalaya,Jaintia Hills,25.08772222,92.36086111,2012-06-26,281.64999245107174,309.5299919815734,374.56999059021473,714.8649818524718,1,landslide_event
R_POS_250,20553,Meghalaya,West Jaintia Hills,25.44233333,92.19447222,2020-05-26,250.59499444626272,306.44499314948916,419.7149904696271,465.5149893639609,1,landslide_event
R_POS_251,20554,Meghalaya,West Jaintia Hills,25.44177778,92.19558333,2020-05-26,250.59499444626272,306.44499314948916,419.7149904696271,465.5149893639609,1,landslide_event
R_POS_252,20557,Meghalaya,West Jaintia Hills,25.43505556,92.19836111,2020-05-26,250.59499444626272,306.44499314948916,419.7149904696271,465.5149893639609,1,landslide_event
R_POS_253,20559,Meghalaya,West Jaintia Hills,25.45075035095215,92.19452778,2020-05-26,250.59499444626272,306.44499314948916,419.7149904696271,465.5149893639609,1,landslide_event
R_POS_254,20490,Meghalaya,West Jaintia Hills,25.2842285,92.11314877,2020-05-26,177.77499724179506,279.79999516531825,376.03999308124185,468.7849912745878,1,landslide_event
R_POS_255,20487,Meghalaya,West Jaintia Hills,25.46307925,92.25426106,2020-05-26,266.1549959303811,321.4799949908629,396.1199935255572,460.82499196659774,1,landslide_event
R_POS_256,20558,Meghalaya,West Jaintia Hills,25.44741667,92.20138889,2020-05-26,266.1549959303811,321.4799949908629,396.1199935255572,460.82499196659774,1,landslide_event
R_POS_257,20560,Meghalaya,West Jaintia Hills,25.45351667,92.18784722,2020-05-26,250.59499444626272,306.44499314948916,419.7149904696271,465.5149893639609,1,landslide_event
R_POS_258,20575,Meghalaya,South Garo Hills,25.36103333,91.64700833,2022-06-17,473.7599879838526,776.5749811939895,1198.3149741822854,1574.6199655523524,1,landslide_event
R_POS_259,20579,Meghalaya,South Garo Hills,25.45939722,90.70860278,2022-06-17,336.38999159634113,470.1099887145683,740.0449810726568,1051.9999758508056,1,landslide_event
R_POS_260,20580,Meghalaya,South Garo Hills,25.45903056,90.70813333,2022-06-17,336.38999159634113,470.1099887145683,740.0449810726568,1051.9999758508056,1,landslide_event
R_POS_261,20577,Meghalaya,South Garo Hills,25.21022222,90.63220278,2022-06-17,293.95499320793897,446.4549892889336,615.1599859753624,888.0849787089974,1,landslide_event
R_POS_262,19995,Meghalaya,East Jaintia Hills,25.37539167,92.431275,2024-05-28,111.45999770611525,147.9349969886243,153.83999681472778,195.96999599132687,1,landslide_event
R_POS_263,20607,Meghalaya,East Khasi Hills,25.34508889,91.60050278,2024-05-28,158.2549957074225,236.0049939751625,250.87499352544543,333.86499170865864,1,landslide_event
R_POS_264,20605,Meghalaya,East Khasi Hills,25.44693056,91.74096667,2024-05-28,156.64999614842236,238.58499484695497,262.9349944777787,351.9999926779419,1,landslide_event
R_POS_265,20606,Meghalaya,East Khasi Hills,25.41384722,91.67856111,2024-05-28,150.58499647211283,223.36999500356615,255.7449939604849,325.46999231446534,1,landslide_event
R_POS_266,20600,Meghalaya,East Khasi Hills,25.630403,91.8899195,2024-05-28,176.85499519389123,253.634993522428,358.8699907204136,447.01998905837536,1,landslide_event
R_POS_267,20601,Meghalaya,East Khasi Hills,25.630858,91.887601,2024-05-28,176.85499519389123,253.634993522428,358.8699907204136,447.01998905837536,1,landslide_event
R_POS_268,20599,Meghalaya,East Khasi Hills,25.62790278,91.88801944,2024-05-28,176.85499519389123,253.634993522428,358.8699907204136,447.01998905837536,1,landslide_event
R_POS_269,20644,Meghalaya,Eastern-West Khasi Hill,25.68798889,91.65838889,2024-05-28,173.8649965468794,238.00999579019845,331.97999355755746,414.9199911952019,1,landslide_event
R_POS_270,20645,Meghalaya,Eastern-West Khasi Hill,25.68804931640625,91.6665267944336,2024-05-28,173.8649965468794,238.00999579019845,331.97999355755746,414.9199911952019,1,landslide_event
R_POS_271,20594,Meghalaya,South West Khasi Hills,25.39295833,91.55163333,2024-05-28,141.56499711237848,228.09499500785023,244.3799943486229,343.0349923754111,1,landslide_event
R_POS_272,20596,Meghalaya,South West Khasi Hills,25.40288611,91.43424167,2024-05-28,161.73999614454806,263.1149925570935,297.9549916991964,382.934989460744,1,landslide_event
R_POS_273,20593,Meghalaya,Eastern-West Khasi Hill,25.55256111,91.61870278,2024-06-28,34.254999295808375,59.93999880645424,95.45499814581126,696.7649843012914,1,landslide_event
R_POS_274,20625,Meghalaya,Ri-Bhoi,25.68591944,91.90256667,2024-06-30,218.8599944077432,248.31999382004145,326.6099925301969,645.7749872040004,1,landslide_event
R_POS_275,20616,Meghalaya,Ri-Bhoi,25.67517222,91.89830017089844,2024-06-30,229.1999960467219,253.74999546073377,326.4349938184023,699.5599848795682,1,landslide_event
R_POS_276,20624,Meghalaya,Ri-Bhoi,25.68255833,91.90111389,2024-06-30,218.8599944077432,248.31999382004145,326.6099925301969,645.7749872040004,1,landslide_event
R_POS_277,20619,Meghalaya,Ri-Bhoi,25.67546111,91.89726944,2024-06-30,229.1999960467219,253.74999546073377,326.4349938184023,699.5599848795682,1,landslide_event
R_POS_278,20603,Meghalaya,East Khasi Hills,25.65057222,91.89351389,2024-07-02,189.89999470114708,419.099990747869,479.60498929582536,765.4849821347743,1,landslide_event
R_POS_279,20604,Meghalaya,East Khasi Hills,25.64887222,91.89692778,2024-07-02,189.89999470114708,419.099990747869,479.60498929582536,765.4849821347743,1,landslide_event
R_POS_280,20602,Meghalaya,East Khasi Hills,25.641242,91.894137,2024-07-02,189.89999470114708,419.099990747869,479.60498929582536,765.4849821347743,1,landslide_event
R_POS_281,20597,Meghalaya,West Khasi Hills,25.531739,91.296177,2024-07-02,149.7799960076809,393.7549906671047,447.28998937271535,849.3399796914309,1,landslide_event
R_POS_282,20630,Meghalaya,West Khasi Hills,25.62269444,91.16914444,2024-07-02,125.80499770492315,294.80499366112053,353.3349922588095,723.3399829845876,1,landslide_event
R_POS_283,20632,Meghalaya,West Khasi Hills,25.66156667,91.13485278,2024-07-02,125.80499770492315,294.80499366112053,353.3349922588095,723.3399829845876,1,landslide_event
R_POS_284,20598,Meghalaya,West Khasi Hills,25.540056228637695,91.314142,2024-07-02,153.7499970793724,430.16499000787735,480.40498883090913,863.6199805866927,1,landslide_event
R_POS_285,20631,Meghalaya,West Khasi Hills,25.61276111,91.17375278,2024-07-02,125.80499770492315,294.80499366112053,353.3349922588095,723.3399829845876,1,landslide_event
R_POS_286,20633,Meghalaya,Eastern-West Khasi Hill,25.69150833,91.64160833,2025-05-29,103.489998139441,131.534997491166,188.15999635402113,440.17999124806374,1,landslide_event
R_POS_287,20618,Meghalaya,East Khasi Hills,25.30127778,91.92198889,2025-05-30,133.10499631799755,173.66499548591673,247.00999355968088,499.1849874416366,1,landslide_event
R_POS_288,20499,Meghalaya,East Khasi Hills,25.465167,91.824944,2025-05-30,182.2049960643053,222.77499493211508,276.31499346066266,575.0599866397679,1,landslide_event
R_POS_289,20501,Meghalaya,East Khasi Hills,25.43480556,91.85952778,2025-05-30,182.2049960643053,222.77499493211508,276.31499346066266,575.0599866397679,1,landslide_event
R_POS_290,20502,Meghalaya,East Khasi Hills,25.48716667,91.81936111,2025-05-30,182.2049960643053,222.77499493211508,276.31499346066266,575.0599866397679,1,landslide_event
R_POS_291,20503,Meghalaya,East Khasi Hills,25.45689582824707,91.826145,2025-05-30,182.2049960643053,222.77499493211508,276.31499346066266,575.0599866397679,1,landslide_event
R_POS_292,20500,Meghalaya,East Khasi Hills,25.422278,91.867694,2025-05-30,182.2049960643053,222.77499493211508,276.31499346066266,575.0599866397679,1,landslide_event
R_POS_293,20609,Meghalaya,Eastern-West Khasi Hill,25.65443889,91.62390833,2025-05-30,169.3449965044856,212.02999567985535,274.72499442938715,497.49999037291855,1,landslide_event
R_POS_294,20610,Meghalaya,Eastern-West Khasi Hill,25.65443889,91.63345833,2025-05-30,169.3449965044856,212.02999567985535,274.72499442938715,497.49999037291855,1,landslide_event
R_POS_295,20611,Meghalaya,Eastern-West Khasi Hill,25.65977222,91.63440556,2025-05-30,169.3449965044856,212.02999567985535,274.72499442938715,497.49999037291855,1,landslide_event
R_POS_296,20634,Meghalaya,Eastern-West Khasi Hill,25.69517778,91.64123611,2025-05-30,169.3449965044856,212.02999567985535,274.72499442938715,497.49999037291855,1,landslide_event
R_POS_297,20639,Meghalaya,Eastern-West Khasi Hill,25.69523333,91.64426944,2025-05-30,169.3449965044856,212.02999567985535,274.72499442938715,497.49999037291855,1,landslide_event
R_POS_298,20640,Meghalaya,Eastern-West Khasi Hill,25.69463611,91.64577778,2025-05-30,169.3449965044856,212.02999567985535,274.72499442938715,497.49999037291855,1,landslide_event
R_POS_299,20615,Meghalaya,Ri-Bhoi,25.67032222,91.90487222,2025-05-30,190.85999500844628,216.9099945994094,275.5049934750423,485.1249884963035,1,landslide_event
R_POS_300,20626,Meghalaya,Ri-Bhoi,25.71165556,91.89512778,2025-05-30,170.38499701861292,199.0599964540452,262.9149948293343,500.4799901526422,1,landslide_event
R_POS_301,20627,Meghalaya,Ri-Bhoi,25.75297778,91.88535278,2025-05-30,170.38499701861292,199.0599964540452,262.9149948293343,500.4799901526422,1,landslide_event
R_POS_302,20614,Meghalaya,Ri-Bhoi,25.663150787353516,91.90180278,2025-05-30,190.85999500844628,216.9099945994094,275.5049934750423,485.1249884963035,1,landslide_event
R_POS_303,20620,Meghalaya,Ri-Bhoi,25.67761389,91.89865833,2025-05-30,201.22999499272555,232.6049942644313,299.01999240461737,530.1299858922139,1,landslide_event
R_POS_304,20622,Meghalaya,South West Khasi Hills,25.28247222,91.36413333,2025-05-30,159.5849963054061,182.63999578356743,250.8099941276014,556.8749861046672,1,landslide_event
R_POS_305,20608,Meghalaya,South West Khasi Hills,25.619397,91.6170425415039,2025-05-30,169.3449965044856,212.02999567985535,274.72499442938715,497.49999037291855,1,landslide_event
R_POS_306,20623,Meghalaya,South West Khasi Hills,25.28090556,91.36584722,2025-05-30,159.5849963054061,182.63999578356743,250.8099941276014,556.8749861046672,1,landslide_event
R_POS_307,20617,Meghalaya,East Khasi Hills,25.42315556,91.86329167,2025-05-31,155.5299974307418,297.32999350875616,349.2699920712039,629.3899861387908,1,landslide_event
R_POS_308,20653,Meghalaya,Eastern-West Khasi Hill,25.700668334960938,91.596815,2025-05-31,120.30499711167069,234.04499491583556,315.97499329131097,577.11498847045,1,landslide_event
R_POS_309,20654,Meghalaya,Eastern-West Khasi Hill,25.73945426940918,91.572107,2025-05-31,120.30499711167069,234.04499491583556,315.97499329131097,577.11498847045,1,landslide_event
R_POS_310,23976,Mizoram,Aizawl,23.70213889,92.71822222,2011-05-22,40.144999565556645,48.37999939639121,128.87499748170376,155.0249967239797,1,landslide_event
R_POS_311,22921,Mizoram,Aizawl,23.73053889,92.716019,2018-06-22,4.339999921619892,4.339999921619892,27.654999002814293,385.52998922765255,1,landslide_event
R_POS_312,23950,Mizoram,Aizawl,23.700835,92.877449,2025-06-15,104.44999655522406,115.60999614186584,168.50499433279035,399.3899895912036,1,landslide_event
R_POS_313,23957,Mizoram,Aizawl,23.74751853942871,92.853155,2025-06-15,104.44999655522406,115.60999614186584,168.50499433279035,399.3899895912036,1,landslide_event
R_POS_314,22970,Mizoram,Aizawl,24.18561111,92.94536111,2013-08-15,65.34499803371727,73.14499775879085,121.4599968837574,235.7009938806295,1,landslide_event
R_POS_315,22994,Mizoram,Aizawl,23.86638889,92.88138889,2022-10-02,42.73949904087931,47.879498860798776,102.74449786636978,144.88449664320797,1,landslide_event
R_POS_316,23010,Mizoram,Aizawl,23.57166667,92.71083333,2023-06-09,124.73499763663858,192.7799967909232,215.18499641679227,281.1754947435111,1,landslide_event
R_POS_317,23014,Mizoram,Aizawl,23.54380556,92.70136111,2023-08-06,154.46999735478312,168.54999700002372,253.5744949588552,327.029492828995,1,landslide_event
R_POS_318,23016,Mizoram,Aizawl,23.53986111,92.70063889,2023-08-06,154.46999735478312,168.54999700002372,253.5744949588552,327.029492828995,1,landslide_event
R_POS_319,23019,Mizoram,Aizawl,23.52972222,92.69611111,2023-08-03,44.69999902602285,78.69899807218462,101.25399746466428,252.9239931832999,1,landslide_event
R_POS_320,23020,Mizoram,Aizawl,23.49991667,92.70136111,2023-06-02,10.089499738998713,40.48949932679534,52.64449893962592,66.76949857547879,1,landslide_event
R_POS_321,23021,Mizoram,Aizawl,23.5,92.70111111,2023-08-09,41.57999899983406,194.8699962645769,266.2549946140498,338.6039935769513,1,landslide_event
R_POS_322,22948,Mizoram,Aizawl,23.59944444,92.72019444,2023-06-09,124.73499763663858,192.7799967909232,215.18499641679227,281.1754947435111,1,landslide_event
R_POS_323,22949,Mizoram,Aizawl,23.51980556,92.70066667,2023-08-13,2.699999932199717,37.039999418891966,242.759995569475,363.9644926376641,1,landslide_event
R_POS_324,22953,Mizoram,Aizawl,24.27138889,92.95999908447266,2023-07-24,103.49499768484384,122.09999703615904,145.7649964131415,203.9199949102476,1,landslide_event
R_POS_325,23095,Mizoram,Aizawl,23.73305556,92.75,2024-07-22,42.45999886095524,97.59499809145927,137.4799972679466,229.17499554902315,1,landslide_event
R_POS_326,23109,Mizoram,Aizawl,23.73888889,92.71472222,2024-08-21,193.2749951276928,301.4849931234494,436.1699893977493,474.2099884999916,1,landslide_event
R_POS_327,23117,Mizoram,Aizawl,23.74194444,92.71305556,2024-08-21,193.2749951276928,301.4849931234494,436.1699893977493,474.2099884999916,1,landslide_event
R_POS_328,23118,Mizoram,Aizawl,23.74388889,92.71222222,2024-07-20,55.13499923050403,77.97499874047935,137.94999767374247,189.52499663829803,1,landslide_event
R_POS_329,23129,Mizoram,Aizawl,23.69777778,92.71944444,2024-09-20,1.1449999511241913,2.01499995123595,30.884999189525843,122.33499755337834,1,landslide_event
R_POS_330,23130,Mizoram,Aizawl,23.69972222,92.71749877929688,2024-06-20,7.494999854825437,53.59999909810722,86.57999818213284,160.7249962026253,1,landslide_event
R_POS_331,23172,Mizoram,Aizawl,23.58694444,92.81749725341795,2024-08-25,16.779999669641256,80.3899979442358,333.66499163303524,514.0549879912287,1,landslide_event
R_POS_332,23210,Mizoram,Aizawl,23.61583333,92.79111111,2023-09-23,1.694999948143959,29.819999262690544,156.3649964230135,270.034993362613,1,landslide_event
R_POS_333,23215,Mizoram,Aizawl,23.62361111,92.78888889,2024-08-28,12.88499973155558,29.699999349191785,139.8749964814633,534.9049874925986,1,landslide_event
R_POS_334,23222,Mizoram,Aizawl,23.60111111,92.75888889,2024-05-26,89.22999861836433,107.08499826397748,112.55499808769672,129.86999761033803,1,landslide_event
R_POS_335,23251,Mizoram,Aizawl,23.5625,92.70777778,2024-08-25,15.429999800398946,80.10499870963395,384.1299912724644,558.1749864406884,1,landslide_event
R_POS_336,23252,Mizoram,Aizawl,23.56555556,92.7074966430664,2024-07-19,6.189999808557332,28.83999954443425,56.64499887265265,161.07999632600695,1,landslide_event
R_POS_337,23265,Mizoram,Aizawl,23.53805556,92.71861111,2024-05-29,67.87999826855958,278.2149936687201,330.6899928804487,352.53499229904264,1,landslide_event
R_POS_338,23334,Mizoram,Aizawl,23.54166667,92.66472222,2023-08-12,2.7999999364838004,39.92999955359846,281.4299932019785,394.598990435712,1,landslide_event
R_POS_339,23348,Mizoram,Aizawl,23.52694444,92.65444444,2024-09-20,1.4249999793246388,3.5299999229609966,36.60499920975417,132.87499629799277,1,landslide_event
R_POS_340,23350,Mizoram,Aizawl,23.52583333,92.63861111,2024-06-02,2.3699999190866947,3.9099998958408833,298.32999388873577,383.1999917402863,1,landslide_event
R_POS_341,23430,Mizoram,Aizawl,23.66194444,92.85416667,2024-11-12,0.0,0.0,10.124999782070518,10.244999779388309,1,landslide_event
R_POS_342,23472,Mizoram,Aizawl,23.73027778,92.76861111,2024-08-28,6.76999974809587,21.17499945126474,118.26499725412576,515.8249871907756,1,landslide_event
R_POS_343,23489,Mizoram,Aizawl,23.70333333,92.87638889,2024-07-18,11.924999937415125,62.82999935001135,117.71499799657612,157.2149971295148,1,landslide_event
R_POS_344,23494,Mizoram,Aizawl,23.73361111,92.84833333,2024-06-07,30.339998956769705,30.339998956769705,44.73499894700944,404.2099877987057,1,landslide_event
R_POS_345,23495,Mizoram,Aizawl,23.73361111,92.85305556,2024-08-28,3.0299999164417386,15.709999625571072,102.39999766927212,467.6699901064858,1,landslide_event
R_POS_346,23509,Mizoram,Aizawl,23.77166667,92.84805556,2023-07-23,70.25499914586544,107.24999868497252,137.03499798011035,175.07999720424414,1,landslide_event
R_POS_347,23535,Mizoram,Aizawl,24.04531667,93.49220278,2024-10-07,10.679999809712172,12.394999761134386,50.41999927442521,143.97999722324312,1,landslide_event
R_POS_348,23536,Mizoram,Aizawl,24.090024948120117,93.54191667,2024-10-07,34.94999913871288,38.27499908953905,66.49999855831265,157.81499737128615,1,landslide_event
R_POS_349,23597,Mizoram,Aizawl,23.25986389,93.16155278,2024-10-28,0.0,0.5999999828636646,39.54999924544245,47.21499914675951,1,landslide_event
R_POS_350,23598,Mizoram,Aizawl,23.25828611,93.15288333,2024-11-28,0.9199999747797848,0.9199999747797848,0.9199999747797848,0.9199999747797848,1,landslide_event
R_POS_351,23599,Mizoram,Aizawl,23.26126111,93.15070556,2024-11-28,0.9199999747797848,0.9199999747797848,0.9199999747797848,0.9199999747797848,1,landslide_event
R_POS_352,23623,Mizoram,Aizawl,23.34297778,93.057775,2024-09-13,12.319999728351831,41.27999910339713,65.1099984832108,116.33499706536531,1,landslide_event
R_POS_353,23681,Mizoram,Aizawl,23.24454722,93.17027222,2024-07-19,6.384999871253967,24.37999935541302,33.95499920938164,108.56999743916094,1,landslide_event
R_POS_354,23986,Mizoram,Aizawl,23.468799591064453,92.7208023071289,2025-01-02,0.0,0.0,0.0,6.0099998991936445,1,landslide_event
R_POS_355,23995,Mizoram,Aizawl,23.494600296020508,92.70439910888672,2024-08-25,17.659999748691916,79.45999776851386,344.49999107792974,517.0299869552255,1,landslide_event
R_POS_356,22177,Mizoram,Aizawl,23.751693725585938,92.731528,2007-09-08,267.3799939500168,326.4549928372726,394.07349119801074,533.8084882078692,1,landslide_event
R_POS_357,22755,Mizoram,Aizawl,23.64638889,92.72638889,2023-10-02,41.79999844729901,61.58499794546515,95.9399974886328,252.3049939116463,1,landslide_event
R_POS_358,23012,Mizoram,Aizawl,23.58591667,92.71777778,2023-07-25,15.384999349713326,62.289998275227845,117.01999660301954,161.72499556280673,1,landslide_event
R_POS_359,23013,Mizoram,Aizawl,23.55944444,92.70833333,2023-07-06,116.74499715864658,150.18499625846744,152.81849623378366,188.82349546719345,1,landslide_event
R_POS_360,23018,Mizoram,Aizawl,23.53333333,92.69722222,2023-08-02,41.03399922233075,86.9889978216961,105.43899730686098,248.51899316348135,1,landslide_event
R_POS_361,23530,Mizoram,Aizawl,23.88361111,92.85305556,2024-08-17,77.94499833509326,118.95999754965304,127.48999727517366,239.07499414961785,1,landslide_event
R_POS_362,23534,Mizoram,Aizawl,24.05808333,93.49808333,2024-10-07,10.679999809712172,12.394999761134386,50.41999927442521,143.97999722324312,1,landslide_event
R_POS_363,23539,Mizoram,Aizawl,24.12715278,93.53351389,2024-10-07,47.39999875146896,51.16499860305339,89.14999753050506,182.21999553684145,1,landslide_event
R_POS_364,23979,Mizoram,Aizawl,23.60830556,92.85058333,2016-09-17,138.74499829579145,142.48499817959964,232.98499628994617,243.77499599847943,1,landslide_event
R_POS_365,22919,Mizoram,Aizawl,23.70827778,92.71711111,2022-07-23,48.069999041967094,69.54999865870923,102.50999807100744,198.6049961457029,1,landslide_event
R_POS_366,23011,Mizoram,Aizawl,23.58388889,92.71722222,2023-08-08,68.56999838724732,223.03999574203044,275.02449464425445,348.6944922907278,1,landslide_event
R_POS_367,23015,Mizoram,Aizawl,23.54027778,92.70138889,2023-08-06,154.46999735478312,168.54999700002372,253.5744949588552,327.029492828995,1,landslide_event
R_POS_368,23017,Mizoram,Aizawl,23.53499984741211,92.69694444,2023-07-28,1.5399999655783176,36.534999292343855,115.09499715920538,182.0849947882816,1,landslide_event
R_POS_369,23023,Mizoram,Aizawl,23.78138889,92.67638889,2023-10-25,36.229999270290136,68.43499860260636,68.43499860260636,75.0749982856214,1,landslide_event
R_POS_370,23105,Mizoram,Aizawl,23.76388889,92.73388889,2024-09-26,62.61499869916588,81.18999809864908,110.23499690555036,137.40999654121697,1,landslide_event
R_POS_371,23723,Mizoram,Aizawl,23.755925,92.726753,2025-05-24,16.16999949887395,27.00499934889376,55.28499889932573,68.46999833546579,1,landslide_event
R_POS_372,23715,Mizoram,Aizawl,23.7002691,92.7181685,2025-05-13,7.379999622702599,10.08499950915575,11.924999423325062,99.54499736148864,1,landslide_event
R_POS_373,22157,Mizoram,Aizawl,23.74416732788086,92.730472,2007-09-08,267.3799939500168,326.4549928372726,394.07349119801074,533.8084882078692,1,landslide_event
R_POS_374,23971,Mizoram,Aizawl,23.74150833,92.70785833,2023-06-04,0.0,17.408499672077596,83.95349836256355,118.54349783342332,1,landslide_event
R_POS_375,22917,Mizoram,Aizawl,23.65530556,92.70249938964844,2022-04-05,0.0199999995529651,0.654999990016222,0.8089999854564667,33.87399913277477,1,landslide_event
R_POS_376,23970,Mizoram,Aizawl,23.71688889,92.72083333,2022-07-26,15.989999789744616,85.61499822326005,114.814997673966,179.10499613080174,1,landslide_event
R_POS_377,22907,Mizoram,Hnahthial,22.91452778,92.89333333,2022-11-14,0.0,0.0,0.0,0.006000000052154,1,landslide_event
R_POS_378,23944,Mizoram,Khawzawl,23.486306,93.220639,2025-06-12,4.319999925792217,64.08999793231487,78.2599975541234,391.72999150212854,1,landslide_event
R_POS_379,23024,Mizoram,Kolasib,23.93194444,92.65222222,2023-09-17,24.364999424666166,56.494998283684254,164.2549966312945,201.5999956522137,1,landslide_event
R_POS_380,23026,Mizoram,Kolasib,23.05805556,92.67583333,2023-08-12,17.654999762773514,35.779999420046806,341.00499042868614,441.9319890141487,1,landslide_event
R_POS_381,23028,Mizoram,Kolasib,23.05222222,92.67027778,2023-09-12,41.76999916136265,49.51499895658344,99.7199980719015,227.54499475006017,1,landslide_event
R_POS_382,23030,Mizoram,Kolasib,23.03016667,92.67336111,2023-09-12,41.76999916136265,49.51499895658344,99.7199980719015,227.54499475006017,1,landslide_event
R_POS_383,23031,Mizoram,Kolasib,23.02280556,92.67255556,2023-09-17,83.87999797053635,93.10999771021308,161.2849964844063,272.3299939446151,1,landslide_event
R_POS_384,23566,Mizoram,Kolasib,24.54263333,93.39741944,2024-08-18,106.02999746054412,154.81499608419836,181.40999542735517,337.9099927395582,1,landslide_event
R_POS_385,23573,Mizoram,Kolasib,24.73838889,93.30909722,2024-08-18,120.08499784767628,152.92999684810638,191.22999561578035,334.5399923492223,1,landslide_event
R_POS_386,23575,Mizoram,Kolasib,24.716224670410156,93.32551389,2024-08-18,120.08499784767628,152.92999684810638,191.22999561578035,334.5399923492223,1,landslide_event
R_POS_387,23578,Mizoram,Kolasib,24.60853333,93.41668333,2024-08-18,114.24999606329948,138.174995216541,167.4049945799634,321.2999901343137,1,landslide_event
R_POS_388,23622,Mizoram,Kolasib,23.535600662231445,93.10656944,2024-09-13,18.09999941289425,73.71999725792557,78.68999720644206,141.1899956939742,1,landslide_event
R_POS_389,23637,Mizoram,Kolasib,24.599425,93.30004722,2024-08-24,26.35999933537096,37.284999321214855,191.02999559417367,293.209993516095,1,landslide_event
R_POS_390,23657,Mizoram,Kolasib,23.631219,93.118033,2024-08-15,35.97499888762832,45.944998662918806,61.23999848309904,279.5249933898449,1,landslide_event
R_POS_391,23660,Mizoram,Kolasib,23.62418333,93.14208611,2024-08-15,35.97499888762832,45.944998662918806,61.23999848309904,279.5249933898449,1,landslide_event
R_POS_392,23686,Mizoram,Kolasib,24.15364444,93.02183611,2024-06-07,24.24499903898686,27.42999892216176,32.53999875485897,294.50499161332846,1,landslide_event
R_POS_393,23702,Mizoram,Kolasib,24.62604722,93.22583889,2024-06-12,11.464999958872797,16.589999869465828,30.674999564886093,194.03999642375857,1,landslide_event
R_POS_394,23704,Mizoram,Kolasib,24.57747459411621,93.19104766845705,2024-10-22,4.474999888800085,20.239999934099615,34.65999952238053,121.02499788533896,1,landslide_event
R_POS_395,23706,Mizoram,Kolasib,24.57159996032715,93.17273056,2024-06-12,10.679999707266688,13.629999663680792,24.884999410249293,167.30999579746276,1,landslide_event
R_POS_396,23709,Mizoram,Kolasib,24.576799392700195,93.106075,2024-06-12,10.679999707266688,13.629999663680792,24.884999410249293,167.30999579746276,1,landslide_event
R_POS_397,23027,Mizoram,Kolasib,23.04750061035156,92.67166667,2023-09-12,41.76999916136265,49.51499895658344,99.7199980719015,227.54499475006017,1,landslide_event
R_POS_398,23564,Mizoram,Kolasib,24.450124740600582,93.35963889,2024-08-08,36.78999896068126,123.0549967829138,186.37999561615288,357.16999242361635,1,landslide_event
R_POS_399,23567,Mizoram,Kolasib,24.60002222,93.37166389,2024-10-21,0.0849999971687793,29.259999122470617,31.579999048262835,82.7799976374954,1,landslide_event
R_POS_400,23568,Mizoram,Kolasib,24.60067222,93.37223056,2024-10-21,0.0199999995529651,22.62499916739762,26.139999011531472,76.49999797716737,1,landslide_event
R_POS_401,23577,Mizoram,Kolasib,24.60719444,93.46784722,2024-08-19,61.94499832764268,147.37499494757503,172.95999436732382,326.3649899652228,1,landslide_event
R_POS_402,23612,Mizoram,Kolasib,23.56332778,93.10553333,2024-10-22,3.654999867081642,6.4399998020380735,8.089999815449119,65.92999888584018,1,landslide_event
R_POS_403,23025,Mizoram,Kolasib,23.93027778,92.65249633789062,2023-09-17,24.364999424666166,56.494998283684254,164.2549966312945,201.5999956522137,1,landslide_event
R_POS_404,23032,Mizoram,Kolasib,23.00638889,92.67691667,2023-07-23,11.264999771490691,70.37499887682498,107.1049979077652,148.8899969868362,1,landslide_event
R_POS_405,23037,Mizoram,Kolasib,23.91777778,92.73805556,2023-09-27,16.01999966800213,16.1049996688962,98.27999747544528,265.25499259866774,1,landslide_event
R_POS_406,23038,Mizoram,Kolasib,23.89638889,92.73638889,2023-09-27,16.479999616742134,16.479999616742134,60.5699985018,247.13999478053304,1,landslide_event
R_POS_407,23629,Mizoram,Kolasib,23.03821667,93.12529444,2024-09-17,1.105000028386712,32.23999907169491,124.46999804116786,180.76999665703624,1,landslide_event
R_POS_408,24003,Mizoram,Lunglei,23.229731,92.73967742919922,2025-05-24,3.09499984793365,17.89499949477613,50.4699988886714,77.15999856870621,1,landslide_event
R_POS_409,24005,Mizoram,Lunglei,23.225357055664062,92.74038696289062,2025-06-06,0.4299999848008156,61.074998278170824,399.1849913932383,626.0049863420427,1,landslide_event
R_POS_410,23948,Mizoram,Saitual,23.667552947998047,92.89259338378906,2025-06-15,98.2999974405393,104.42499728407712,169.03999598510563,390.2549907770008,1,landslide_event
R_POS_411,23830,Mizoram,Serchhip,23.304746,92.862109,2025-06-08,25.93999932706356,26.05999932065606,214.6299962569028,630.2499869158491,1,landslide_event
R_POS_412,23088,Mizoram,Aizawl,23.60861111,92.85055556,2024-05-28,209.23999594151977,288.8349946625531,319.09999405033886,331.46499376930296,1,landslide_event
R_POS_413,23096,Mizoram,Aizawl,23.73222222,92.75,2024-05-28,243.9749959334731,354.0849936977029,390.2649931013584,401.35999282076955,1,landslide_event
R_POS_414,23097,Mizoram,Aizawl,23.73194444,92.75,2024-05-28,243.9749959334731,354.0849936977029,390.2649931013584,401.35999282076955,1,landslide_event
R_POS_415,23098,Mizoram,Aizawl,23.74083333,92.74111111,2024-05-28,243.9749959334731,354.0849936977029,390.2649931013584,401.35999282076955,1,landslide_event
R_POS_416,23115,Mizoram,Aizawl,23.74916667,92.69416667,2024-05-28,262.954995887354,387.8949923431501,409.429992089048,424.9099916135892,1,landslide_event
R_POS_417,23121,Mizoram,Aizawl,23.69277778,92.72055556,2024-05-28,239.5199938826263,328.74999250099063,350.8599919816479,362.5149916643277,1,landslide_event
R_POS_418,23132,Mizoram,Aizawl,23.70972222,92.72222222,2024-05-28,243.9749959334731,354.0849936977029,390.2649931013584,401.35999282076955,1,landslide_event
R_POS_419,23133,Mizoram,Aizawl,23.69944444,92.71972222,2024-05-28,239.5199938826263,328.74999250099063,350.8599919816479,362.5149916643277,1,landslide_event
R_POS_420,23145,Mizoram,Aizawl,23.66416667,92.72055556,2024-05-28,239.5199938826263,328.74999250099063,350.8599919816479,362.5149916643277,1,landslide_event
R_POS_421,23146,Mizoram,Aizawl,23.66055556,92.72527778,2024-05-28,239.5199938826263,328.74999250099063,350.8599919816479,362.5149916643277,1,landslide_event
R_POS_422,23147,Mizoram,Aizawl,23.65999984741211,92.72638889,2024-05-28,239.5199938826263,328.74999250099063,350.8599919816479,362.5149916643277,1,landslide_event
R_POS_423,23148,Mizoram,Aizawl,23.65527778,92.72694444,2024-05-28,239.5199938826263,328.74999250099063,350.8599919816479,362.5149916643277,1,landslide_event
R_POS_424,23149,Mizoram,Aizawl,23.65138889,92.72694444,2024-05-28,239.5199938826263,328.74999250099063,350.8599919816479,362.5149916643277,1,landslide_event
R_POS_425,23150,Mizoram,Aizawl,23.64555556,92.72444444,2024-05-28,239.5199938826263,328.74999250099063,350.8599919816479,362.5149916643277,1,landslide_event
R_POS_426,23152,Mizoram,Aizawl,23.64444444,92.72527778,2024-05-28,239.5199938826263,328.74999250099063,350.8599919816479,362.5149916643277,1,landslide_event
R_POS_427,23153,Mizoram,Aizawl,23.64166667,92.72416667,2024-05-28,239.5199938826263,328.74999250099063,350.8599919816479,362.5149916643277,1,landslide_event
R_POS_428,23154,Mizoram,Aizawl,23.64083333,92.72472222,2024-05-28,239.5199938826263,328.74999250099063,350.8599919816479,362.5149916643277,1,landslide_event
R_POS_429,23155,Mizoram,Aizawl,23.637500762939453,92.72277778,2024-05-28,239.5199938826263,328.74999250099063,350.8599919816479,362.5149916643277,1,landslide_event
R_POS_430,23160,Mizoram,Aizawl,23.62611111,92.72638889,2024-05-28,239.5199938826263,328.74999250099063,350.8599919816479,362.5149916643277,1,landslide_event
R_POS_431,23161,Mizoram,Aizawl,23.63249969482422,92.72388889,2024-05-28,239.5199938826263,328.74999250099063,350.8599919816479,362.5149916643277,1,landslide_event
R_POS_432,23163,Mizoram,Aizawl,23.62972222,92.72555556,2024-05-28,239.5199938826263,328.74999250099063,350.8599919816479,362.5149916643277,1,landslide_event
R_POS_433,23167,Mizoram,Aizawl,23.61611111,92.71722222,2024-05-28,239.5199938826263,328.74999250099063,350.8599919816479,362.5149916643277,1,landslide_event
R_POS_434,23170,Mizoram,Aizawl,23.61861111,92.72611111,2024-05-28,239.5199938826263,328.74999250099063,350.8599919816479,362.5149916643277,1,landslide_event
R_POS_435,23171,Mizoram,Aizawl,23.60555556,92.7249984741211,2024-05-28,239.5199938826263,328.74999250099063,350.8599919816479,362.5149916643277,1,landslide_event
R_POS_436,23177,Mizoram,Aizawl,23.59194444,92.75055556,2024-05-28,210.2799956202507,297.87499352544546,333.0549928583205,349.6999923111871,1,landslide_event
R_POS_437,23184,Mizoram,Aizawl,23.60861111,92.80972222,2024-05-28,209.23999594151977,288.8349946625531,319.09999405033886,331.46499376930296,1,landslide_event
R_POS_438,23188,Mizoram,Aizawl,23.60972222,92.80916667,2024-05-28,209.23999594151977,288.8349946625531,319.09999405033886,331.46499376930296,1,landslide_event
R_POS_439,23192,Mizoram,Aizawl,23.61222222,92.80527778,2024-05-28,209.23999594151977,288.8349946625531,319.09999405033886,331.46499376930296,1,landslide_event
R_POS_440,23193,Mizoram,Aizawl,23.61138889,92.80333333,2024-05-28,209.23999594151977,288.8349946625531,319.09999405033886,331.46499376930296,1,landslide_event
R_POS_441,23207,Mizoram,Aizawl,23.61611111,92.79777778,2024-05-28,239.5199938826263,328.74999250099063,350.8599919816479,362.5149916643277,1,landslide_event
R_POS_442,23208,Mizoram,Aizawl,23.61472222,92.79583333,2024-05-28,239.5199938826263,328.74999250099063,350.8599919816479,362.5149916643277,1,landslide_event
R_POS_443,23209,Mizoram,Aizawl,23.614999771118164,92.79222222,2024-05-28,239.5199938826263,328.74999250099063,350.8599919816479,362.5149916643277,1,landslide_event
R_POS_444,23211,Mizoram,Aizawl,23.61861111,92.79000091552734,2024-05-28,239.5199938826263,328.74999250099063,350.8599919816479,362.5149916643277,1,landslide_event
R_POS_445,23214,Mizoram,Aizawl,23.62333333,92.78888889,2024-05-28,239.5199938826263,328.74999250099063,350.8599919816479,362.5149916643277,1,landslide_event
R_POS_446,23216,Mizoram,Aizawl,23.62527778,92.78638889,2024-05-28,239.5199938826263,328.74999250099063,350.8599919816479,362.5149916643277,1,landslide_event
R_POS_447,23229,Mizoram,Aizawl,23.59527778,92.71722222,2024-05-28,210.2799956202507,297.87499352544546,333.0549928583205,349.6999923111871,1,landslide_event
R_POS_448,23230,Mizoram,Aizawl,23.59055556,92.71611111,2024-05-28,210.2799956202507,297.87499352544546,333.0549928583205,349.6999923111871,1,landslide_event
R_POS_449,23246,Mizoram,Aizawl,23.57138889,92.70972222,2024-05-28,210.2799956202507,297.87499352544546,333.0549928583205,349.6999923111871,1,landslide_event
R_POS_450,23247,Mizoram,Aizawl,23.57055556,92.70888889,2024-05-28,210.2799956202507,297.87499352544546,333.0549928583205,349.6999923111871,1,landslide_event
R_POS_451,23248,Mizoram,Aizawl,23.57027778,92.70722222,2024-05-28,210.2799956202507,297.87499352544546,333.0549928583205,349.6999923111871,1,landslide_event
R_POS_452,23249,Mizoram,Aizawl,23.55388889,92.70472222,2024-05-28,210.2799956202507,297.87499352544546,333.0549928583205,349.6999923111871,1,landslide_event
R_POS_453,23250,Mizoram,Aizawl,23.55444444,92.70527778,2024-05-28,210.2799956202507,297.87499352544546,333.0549928583205,349.6999923111871,1,landslide_event
R_POS_454,23253,Mizoram,Aizawl,23.549999237060547,92.70444444,2024-05-28,210.2799956202507,297.87499352544546,333.0549928583205,349.6999923111871,1,landslide_event
R_POS_455,23264,Mizoram,Aizawl,23.53555556,92.72333333,2024-05-28,210.2799956202507,297.87499352544546,333.0549928583205,349.6999923111871,1,landslide_event
R_POS_456,23272,Mizoram,Aizawl,23.54833333,92.71083333,2024-05-28,210.2799956202507,297.87499352544546,333.0549928583205,349.6999923111871,1,landslide_event
R_POS_457,23277,Mizoram,Aizawl,23.54888889,92.70555556,2024-05-28,210.2799956202507,297.87499352544546,333.0549928583205,349.6999923111871,1,landslide_event
R_POS_458,23278,Mizoram,Aizawl,23.545000076293945,92.70333333,2024-05-28,210.2799956202507,297.87499352544546,333.0549928583205,349.6999923111871,1,landslide_event
R_POS_459,23279,Mizoram,Aizawl,23.54027778,92.70138889,2024-05-28,210.2799956202507,297.87499352544546,333.0549928583205,349.6999923111871,1,landslide_event
R_POS_460,23283,Mizoram,Aizawl,23.53694444,92.69750213623048,2024-05-28,224.67999517917633,324.5049931500107,353.0799923669547,374.7849920280278,1,landslide_event
R_POS_461,23284,Mizoram,Aizawl,23.53611111,92.69777778,2024-05-28,224.67999517917633,324.5049931500107,353.0799923669547,374.7849920280278,1,landslide_event
R_POS_462,23289,Mizoram,Aizawl,23.53027778,92.69666667,2024-05-28,224.67999517917633,324.5049931500107,353.0799923669547,374.7849920280278,1,landslide_event
R_POS_463,23290,Mizoram,Aizawl,23.52861111,92.69750213623048,2024-05-28,224.67999517917633,324.5049931500107,353.0799923669547,374.7849920280278,1,landslide_event
R_POS_464,23291,Mizoram,Aizawl,23.52777778,92.69861111,2024-05-28,224.67999517917633,324.5049931500107,353.0799923669547,374.7849920280278,1,landslide_event
R_POS_465,23294,Mizoram,Aizawl,23.52277778,92.70277778,2024-05-28,210.2799956202507,297.87499352544546,333.0549928583205,349.6999923111871,1,landslide_event
R_POS_466,23297,Mizoram,Aizawl,23.51444444,92.69805556,2024-05-28,224.67999517917633,324.5049931500107,353.0799923669547,374.7849920280278,1,landslide_event
R_POS_467,23299,Mizoram,Aizawl,23.51055556,92.69972222,2024-05-28,224.67999517917633,324.5049931500107,353.0799923669547,374.7849920280278,1,landslide_event
R_POS_468,23301,Mizoram,Aizawl,23.50694444,92.69638889,2024-05-28,224.67999517917633,324.5049931500107,353.0799923669547,374.7849920280278,1,landslide_event
R_POS_469,23303,Mizoram,Aizawl,23.50527778,92.69750213623048,2024-05-28,224.67999517917633,324.5049931500107,353.0799923669547,374.7849920280278,1,landslide_event
R_POS_470,23306,Mizoram,Aizawl,23.55027778,92.70444444,2024-05-28,210.2799956202507,297.87499352544546,333.0549928583205,349.6999923111871,1,landslide_event
R_POS_471,23316,Mizoram,Aizawl,23.54305556,92.70055556,2024-05-28,210.2799956202507,297.87499352544546,333.0549928583205,349.6999923111871,1,landslide_event
R_POS_472,23321,Mizoram,Aizawl,23.53972222,92.69944444,2024-05-28,224.67999517917633,324.5049931500107,353.0799923669547,374.7849920280278,1,landslide_event
R_POS_473,23322,Mizoram,Aizawl,23.53777778,92.69833333,2024-05-28,224.67999517917633,324.5049931500107,353.0799923669547,374.7849920280278,1,landslide_event
R_POS_474,23327,Mizoram,Aizawl,23.54277778,92.67638889,2024-05-28,224.67999517917633,324.5049931500107,353.0799923669547,374.7849920280278,1,landslide_event
R_POS_475,23331,Mizoram,Aizawl,23.54277778,92.67472222,2024-05-28,224.67999517917633,324.5049931500107,353.0799923669547,374.7849920280278,1,landslide_event
R_POS_476,23333,Mizoram,Aizawl,23.54333333,92.66472222,2024-05-28,224.67999517917633,324.5049931500107,353.0799923669547,374.7849920280278,1,landslide_event
R_POS_477,23336,Mizoram,Aizawl,23.53944444,92.66527778,2024-05-28,224.67999517917633,324.5049931500107,353.0799923669547,374.7849920280278,1,landslide_event
R_POS_478,23338,Mizoram,Aizawl,23.53888889,92.6624984741211,2024-05-28,224.67999517917633,324.5049931500107,353.0799923669547,374.7849920280278,1,landslide_event
R_POS_479,23345,Mizoram,Aizawl,23.53944444,92.65888889,2024-05-28,224.67999517917633,324.5049931500107,353.0799923669547,374.7849920280278,1,landslide_event
R_POS_480,23346,Mizoram,Aizawl,23.53611111,92.65527778,2024-05-28,224.67999517917633,324.5049931500107,353.0799923669547,374.7849920280278,1,landslide_event
R_POS_481,23351,Mizoram,Aizawl,23.45083333,92.68250274658205,2024-05-28,223.6049959845841,314.53499309998006,349.01999192871153,363.97499155811965,1,landslide_event
R_POS_482,23360,Mizoram,Aizawl,23.44805556,92.68333333,2024-05-28,223.6049959845841,314.53499309998006,349.01999192871153,363.97499155811965,1,landslide_event
R_POS_483,23362,Mizoram,Aizawl,23.44333333,92.68527778,2024-05-28,223.6049959845841,314.53499309998006,349.01999192871153,363.97499155811965,1,landslide_event
R_POS_484,23365,Mizoram,Aizawl,23.42722222,92.71277778,2024-05-28,228.88499461114407,298.38499331939965,338.7749927053228,353.3649922097102,1,landslide_event
R_POS_485,23367,Mizoram,Aizawl,23.41694444,92.71805556,2024-05-28,228.88499461114407,298.38499331939965,338.7749927053228,353.3649922097102,1,landslide_event
R_POS_486,23373,Mizoram,Aizawl,23.40999984741211,92.74944444,2024-05-28,228.88499461114407,298.38499331939965,338.7749927053228,353.3649922097102,1,landslide_event
R_POS_487,23388,Mizoram,Aizawl,23.37972222,92.75166667,2024-05-28,238.57499591261148,317.9899937296286,357.2899927943945,373.1899926401675,1,landslide_event
R_POS_488,23396,Mizoram,Aizawl,23.35694444,92.77027778,2024-05-28,238.57499591261148,317.9899937296286,357.2899927943945,373.1899926401675,1,landslide_event
R_POS_489,23397,Mizoram,Aizawl,23.35638889,92.77027778,2024-05-28,238.57499591261148,317.9899937296286,357.2899927943945,373.1899926401675,1,landslide_event
R_POS_490,23401,Mizoram,Aizawl,23.39166667,92.75527778,2024-05-28,238.57499591261148,317.9899937296286,357.2899927943945,373.1899926401675,1,landslide_event
R_POS_491,23410,Mizoram,Aizawl,23.43194444,92.76083333,2024-05-28,228.88499461114407,298.38499331939965,338.7749927053228,353.3649922097102,1,landslide_event
R_POS_492,23414,Mizoram,Aizawl,23.44138889,92.77888889,2024-05-28,228.88499461114407,298.38499331939965,338.7749927053228,353.3649922097102,1,landslide_event
R_POS_493,23420,Mizoram,Aizawl,23.48555556,92.70305556,2024-05-28,228.88499461114407,298.38499331939965,338.7749927053228,353.3649922097102,1,landslide_event
R_POS_494,23421,Mizoram,Aizawl,23.49083333,92.70555556,2024-05-28,228.88499461114407,298.38499331939965,338.7749927053228,353.3649922097102,1,landslide_event
R_POS_495,23427,Mizoram,Aizawl,23.49861111,92.70388889,2024-05-28,228.88499461114407,298.38499331939965,338.7749927053228,353.3649922097102,1,landslide_event
R_POS_496,23431,Mizoram,Aizawl,23.68277778,92.85749816894533,2024-05-28,209.23999594151977,288.8349946625531,319.09999405033886,331.46499376930296,1,landslide_event
R_POS_497,23432,Mizoram,Aizawl,23.68305556,92.85749816894533,2024-05-28,209.23999594151977,288.8349946625531,319.09999405033886,331.46499376930296,1,landslide_event
R_POS_498,23436,Mizoram,Aizawl,23.68638889,92.85833333,2024-05-28,209.23999594151977,288.8349946625531,319.09999405033886,331.46499376930296,1,landslide_event
R_POS_499,23438,Mizoram,Aizawl,23.69472222,92.85972222,2024-05-28,209.23999594151977,288.8349946625531,319.09999405033886,331.46499376930296,1,landslide_event
R_POS_500,23439,Mizoram,Aizawl,23.71416667,92.85805556,2024-05-28,230.77499259263277,320.4599895514548,368.3199886502698,375.1899884259328,1,landslide_event
R_POS_501,23442,Mizoram,Aizawl,23.72722222,92.85472222,2024-05-28,230.77499259263277,320.4599895514548,368.3199886502698,375.1899884259328,1,landslide_event
R_POS_502,23443,Mizoram,Aizawl,23.72972222,92.85305556,2024-05-28,230.77499259263277,320.4599895514548,368.3199886502698,375.1899884259328,1,landslide_event
R_POS_503,23446,Mizoram,Aizawl,23.73111111,92.84638889,2024-05-28,230.77499259263277,320.4599895514548,368.3199886502698,375.1899884259328,1,landslide_event
R_POS_504,23447,Mizoram,Aizawl,23.73361111,92.84305556,2024-05-28,230.77499259263277,320.4599895514548,368.3199886502698,375.1899884259328,1,landslide_event
R_POS_505,23459,Mizoram,Aizawl,23.73833333,92.81333333,2024-05-28,230.77499259263277,320.4599895514548,368.3199886502698,375.1899884259328,1,landslide_event
R_POS_506,23461,Mizoram,Aizawl,23.73472222,92.81333333,2024-05-28,230.77499259263277,320.4599895514548,368.3199886502698,375.1899884259328,1,landslide_event
R_POS_507,23465,Mizoram,Aizawl,23.729999542236328,92.75833333,2024-05-28,243.9749959334731,354.0849936977029,390.2649931013584,401.35999282076955,1,landslide_event
R_POS_508,23468,Mizoram,Aizawl,23.73055556,92.75861111,2024-05-28,243.9749959334731,354.0849936977029,390.2649931013584,401.35999282076955,1,landslide_event
R_POS_509,23481,Mizoram,Aizawl,23.72222222,92.79861111,2024-05-28,243.9749959334731,354.0849936977029,390.2649931013584,401.35999282076955,1,landslide_event
R_POS_510,23498,Mizoram,Aizawl,23.73583333,92.85194444,2024-05-28,230.77499259263277,320.4599895514548,368.3199886502698,375.1899884259328,1,landslide_event
R_POS_511,23507,Mizoram,Aizawl,23.77750015258789,92.84833333,2024-05-28,230.77499259263277,320.4599895514548,368.3199886502698,375.1899884259328,1,landslide_event
R_POS_512,23508,Mizoram,Aizawl,23.77833333,92.84666667,2024-05-28,230.77499259263277,320.4599895514548,368.3199886502698,375.1899884259328,1,landslide_event
R_POS_513,23512,Mizoram,Aizawl,23.77361111,92.84944444,2024-05-28,230.77499259263277,320.4599895514548,368.3199886502698,375.1899884259328,1,landslide_event
R_POS_514,23517,Mizoram,Aizawl,23.82638889,92.8324966430664,2024-05-28,244.64499512314796,342.53499257564545,379.0449914596975,399.8399908021093,1,landslide_event
R_POS_515,23521,Mizoram,Aizawl,23.84777778,92.83694444,2024-05-28,244.64499512314796,342.53499257564545,379.0449914596975,399.8399908021093,1,landslide_event
R_POS_516,23582,Mizoram,Aizawl,23.10172778,93.20231944,2024-05-28,137.40999706834555,197.57499584835023,317.0499937897548,342.1799932802096,1,landslide_event
R_POS_517,23588,Mizoram,Aizawl,23.09561111,93.20786389,2024-05-28,136.08999722450972,210.61499534919855,284.9349934486672,302.13999313674867,1,landslide_event
R_POS_518,23596,Mizoram,Aizawl,23.11097526550293,93.21260278,2024-05-28,137.40999706834555,197.57499584835023,317.0499937897548,342.1799932802096,1,landslide_event
R_POS_519,23728,Mizoram,Aizawl,23.410771,92.753123,2024-05-28,228.88499461114407,298.38499331939965,338.7749927053228,353.3649922097102,1,landslide_event
R_POS_520,22811,Mizoram,Aizawl,23.77305556,92.74361111,2024-05-28,243.9749959334731,354.0849936977029,390.2649931013584,401.35999282076955,1,landslide_event
R_POS_521,22701,Mizoram,Aizawl,23.73888889,92.69638889,2024-05-28,262.954995887354,387.8949923431501,409.429992089048,424.9099916135892,1,landslide_event
R_POS_522,22702,Mizoram,Aizawl,23.73947222,92.69666667,2024-05-28,262.954995887354,387.8949923431501,409.429992089048,424.9099916135892,1,landslide_event
R_POS_523,22704,Mizoram,Aizawl,23.74066667,92.69336111,2024-05-28,262.954995887354,387.8949923431501,409.429992089048,424.9099916135892,1,landslide_event
R_POS_524,22764,Mizoram,Aizawl,23.6200008392334,92.72472222,2024-05-28,239.5199938826263,328.74999250099063,350.8599919816479,362.5149916643277,1,landslide_event
R_POS_525,22707,Mizoram,Aizawl,23.74116667,92.69455556,2024-05-28,262.954995887354,387.8949923431501,409.429992089048,424.9099916135892,1,landslide_event
R_POS_526,22709,Mizoram,Aizawl,23.73386111,92.69491667,2024-05-28,262.954995887354,387.8949923431501,409.429992089048,424.9099916135892,1,landslide_event
R_POS_527,22710,Mizoram,Aizawl,23.72669444,92.69519444,2024-05-28,262.954995887354,387.8949923431501,409.429992089048,424.9099916135892,1,landslide_event
R_POS_528,22714,Mizoram,Aizawl,23.73305556,92.69944444,2024-05-28,262.954995887354,387.8949923431501,409.429992089048,424.9099916135892,1,landslide_event
R_POS_529,22715,Mizoram,Aizawl,23.74972222,92.69833333,2024-05-28,262.954995887354,387.8949923431501,409.429992089048,424.9099916135892,1,landslide_event
R_POS_530,22716,Mizoram,Aizawl,23.73111111,92.70222222,2024-05-28,243.9749959334731,354.0849936977029,390.2649931013584,401.35999282076955,1,landslide_event
R_POS_531,22717,Mizoram,Aizawl,23.73111111,92.70388889,2024-05-28,243.9749959334731,354.0849936977029,390.2649931013584,401.35999282076955,1,landslide_event
R_POS_532,22718,Mizoram,Aizawl,23.73333333,92.70527778,2024-05-28,243.9749959334731,354.0849936977029,390.2649931013584,401.35999282076955,1,landslide_event
R_POS_533,22720,Mizoram,Aizawl,23.73583333,92.69777778,2024-05-28,262.954995887354,387.8949923431501,409.429992089048,424.9099916135892,1,landslide_event
R_POS_534,22721,Mizoram,Aizawl,23.73132778,92.70821944,2024-05-28,243.9749959334731,354.0849936977029,390.2649931013584,401.35999282076955,1,landslide_event
R_POS_535,22722,Mizoram,Aizawl,23.72428333,92.70737778,2024-05-28,243.9749959334731,354.0849936977029,390.2649931013584,401.35999282076955,1,landslide_event
R_POS_536,22723,Mizoram,Aizawl,23.72276944,92.70664978027344,2024-05-28,243.9749959334731,354.0849936977029,390.2649931013584,401.35999282076955,1,landslide_event
R_POS_537,22724,Mizoram,Aizawl,23.71446389,92.71146389,2024-05-28,243.9749959334731,354.0849936977029,390.2649931013584,401.35999282076955,1,landslide_event
R_POS_538,22725,Mizoram,Aizawl,23.71581111,92.7093505859375,2024-05-28,243.9749959334731,354.0849936977029,390.2649931013584,401.35999282076955,1,landslide_event
R_POS_539,22726,Mizoram,Aizawl,23.71595001220703,92.70879444,2024-05-28,243.9749959334731,354.0849936977029,390.2649931013584,401.35999282076955,1,landslide_event
R_POS_540,22730,Mizoram,Aizawl,23.71721667,92.70777778,2024-05-28,243.9749959334731,354.0849936977029,390.2649931013584,401.35999282076955,1,landslide_event
R_POS_541,22731,Mizoram,Aizawl,23.71697222,92.70817222,2024-05-28,243.9749959334731,354.0849936977029,390.2649931013584,401.35999282076955,1,landslide_event
R_POS_542,22732,Mizoram,Aizawl,23.71305556,92.70895833,2024-05-28,243.9749959334731,354.0849936977029,390.2649931013584,401.35999282076955,1,landslide_event
R_POS_543,22733,Mizoram,Aizawl,23.71523056,92.71529167,2024-05-28,243.9749959334731,354.0849936977029,390.2649931013584,401.35999282076955,1,landslide_event
R_POS_544,22737,Mizoram,Aizawl,23.71638889,92.72111111,2024-05-28,243.9749959334731,354.0849936977029,390.2649931013584,401.35999282076955,1,landslide_event
R_POS_545,22738,Mizoram,Aizawl,23.71444444,92.72861111,2024-05-28,243.9749959334731,354.0849936977029,390.2649931013584,401.35999282076955,1,landslide_event
R_POS_546,22741,Mizoram,Aizawl,23.71571389,92.72659722,2024-05-28,243.9749959334731,354.0849936977029,390.2649931013584,401.35999282076955,1,landslide_event
R_POS_547,22742,Mizoram,Aizawl,23.710399627685547,92.72237778,2024-05-28,243.9749959334731,354.0849936977029,390.2649931013584,401.35999282076955,1,landslide_event
R_POS_548,22743,Mizoram,Aizawl,23.71865833,92.72335278,2024-05-28,243.9749959334731,354.0849936977029,390.2649931013584,401.35999282076955,1,landslide_event
R_POS_549,22745,Mizoram,Aizawl,23.709999084472656,92.71611111,2024-05-28,243.9749959334731,354.0849936977029,390.2649931013584,401.35999282076955,1,landslide_event
R_POS_550,22747,Mizoram,Aizawl,23.70666667,92.71444444,2024-05-28,243.9749959334731,354.0849936977029,390.2649931013584,401.35999282076955,1,landslide_event
R_POS_551,22748,Mizoram,Aizawl,23.70527778,92.71138889,2024-05-28,243.9749959334731,354.0849936977029,390.2649931013584,401.35999282076955,1,landslide_event
R_POS_552,22750,Mizoram,Aizawl,23.70027778,92.71611111,2024-05-28,243.9749959334731,354.0849936977029,390.2649931013584,401.35999282076955,1,landslide_event
R_POS_553,22751,Mizoram,Aizawl,23.69972222,92.71694444,2024-05-28,239.5199938826263,328.74999250099063,350.8599919816479,362.5149916643277,1,landslide_event
R_POS_554,22756,Mizoram,Aizawl,23.64638889,92.72527778,2024-05-28,239.5199938826263,328.74999250099063,350.8599919816479,362.5149916643277,1,landslide_event
R_POS_555,22757,Mizoram,Aizawl,23.63111111,92.72388889,2024-05-28,239.5199938826263,328.74999250099063,350.8599919816479,362.5149916643277,1,landslide_event
R_POS_556,22758,Mizoram,Aizawl,23.63055556,92.72305556,2024-05-28,239.5199938826263,328.74999250099063,350.8599919816479,362.5149916643277,1,landslide_event
R_POS_557,22759,Mizoram,Aizawl,23.62833333,92.72333333,2024-05-28,239.5199938826263,328.74999250099063,350.8599919816479,362.5149916643277,1,landslide_event
R_POS_558,22760,Mizoram,Aizawl,23.62277778,92.72444444,2024-05-28,239.5199938826263,328.74999250099063,350.8599919816479,362.5149916643277,1,landslide_event
R_POS_559,22761,Mizoram,Aizawl,23.62194444,92.72305556,2024-05-28,239.5199938826263,328.74999250099063,350.8599919816479,362.5149916643277,1,landslide_event
R_POS_560,22762,Mizoram,Aizawl,23.62083333,92.72250366210938,2024-05-28,239.5199938826263,328.74999250099063,350.8599919816479,362.5149916643277,1,landslide_event
R_POS_561,22763,Mizoram,Aizawl,23.61916667,92.72250366210938,2024-05-28,239.5199938826263,328.74999250099063,350.8599919816479,362.5149916643277,1,landslide_event
R_POS_562,22765,Mizoram,Aizawl,23.61972222,92.72527778,2024-05-28,239.5199938826263,328.74999250099063,350.8599919816479,362.5149916643277,1,landslide_event
R_POS_563,22766,Mizoram,Aizawl,23.62027778,92.72555556,2024-05-28,239.5199938826263,328.74999250099063,350.8599919816479,362.5149916643277,1,landslide_event
R_POS_564,22767,Mizoram,Aizawl,23.62027778,92.72611111,2024-05-28,239.5199938826263,328.74999250099063,350.8599919816479,362.5149916643277,1,landslide_event
R_POS_565,22768,Mizoram,Aizawl,23.62111111,92.72444444,2024-05-28,239.5199938826263,328.74999250099063,350.8599919816479,362.5149916643277,1,landslide_event
R_POS_566,22771,Mizoram,Aizawl,23.67583333,92.71499633789062,2024-05-28,239.5199938826263,328.74999250099063,350.8599919816479,362.5149916643277,1,landslide_event
R_POS_567,22772,Mizoram,Aizawl,23.67472222,92.71722222,2024-05-28,239.5199938826263,328.74999250099063,350.8599919816479,362.5149916643277,1,landslide_event
R_POS_568,22773,Mizoram,Aizawl,23.67444444,92.71472222,2024-05-28,239.5199938826263,328.74999250099063,350.8599919816479,362.5149916643277,1,landslide_event
R_POS_569,22774,Mizoram,Aizawl,23.67388889,92.71472222,2024-05-28,239.5199938826263,328.74999250099063,350.8599919816479,362.5149916643277,1,landslide_event
R_POS_570,22775,Mizoram,Aizawl,23.672069,92.7099293,2024-05-28,239.5199938826263,328.74999250099063,350.8599919816479,362.5149916643277,1,landslide_event
R_POS_571,22776,Mizoram,Aizawl,23.684301376342773,92.715511,2024-05-28,239.5199938826263,328.74999250099063,350.8599919816479,362.5149916643277,1,landslide_event
R_POS_572,22779,Mizoram,Aizawl,23.70305556,92.72055556,2024-05-28,243.9749959334731,354.0849936977029,390.2649931013584,401.35999282076955,1,landslide_event
R_POS_573,22782,Mizoram,Aizawl,23.690000534057617,92.72361111,2024-05-28,239.5199938826263,328.74999250099063,350.8599919816479,362.5149916643277,1,landslide_event
R_POS_574,22783,Mizoram,Aizawl,23.68361111,92.72277778,2024-05-28,239.5199938826263,328.74999250099063,350.8599919816479,362.5149916643277,1,landslide_event
R_POS_575,22788,Mizoram,Aizawl,23.66027778,92.72694444,2024-05-28,239.5199938826263,328.74999250099063,350.8599919816479,362.5149916643277,1,landslide_event
R_POS_576,22790,Mizoram,Aizawl,23.64388889,92.72583333,2024-05-28,239.5199938826263,328.74999250099063,350.8599919816479,362.5149916643277,1,landslide_event
R_POS_577,22791,Mizoram,Aizawl,23.635000228881836,92.72361111,2024-05-28,239.5199938826263,328.74999250099063,350.8599919816479,362.5149916643277,1,landslide_event
R_POS_578,22793,Mizoram,Aizawl,23.46777778,92.74111111,2024-05-28,228.88499461114407,298.38499331939965,338.7749927053228,353.3649922097102,1,landslide_event
R_POS_579,22799,Mizoram,Aizawl,23.51361111,92.69833333,2024-05-28,224.67999517917633,324.5049931500107,353.0799923669547,374.7849920280278,1,landslide_event
R_POS_580,22800,Mizoram,Aizawl,23.53666667,92.69750213623048,2024-05-28,224.67999517917633,324.5049931500107,353.0799923669547,374.7849920280278,1,landslide_event
R_POS_581,22801,Mizoram,Aizawl,23.54166667,92.70194444,2024-05-28,210.2799956202507,297.87499352544546,333.0549928583205,349.6999923111871,1,landslide_event
R_POS_582,22803,Mizoram,Aizawl,23.52944444,92.72944444,2024-05-28,210.2799956202507,297.87499352544546,333.0549928583205,349.6999923111871,1,landslide_event
R_POS_583,22804,Mizoram,Aizawl,23.53083333,92.73055556,2024-05-28,210.2799956202507,297.87499352544546,333.0549928583205,349.6999923111871,1,landslide_event
R_POS_584,22805,Mizoram,Aizawl,23.53111111,92.73361111,2024-05-28,210.2799956202507,297.87499352544546,333.0549928583205,349.6999923111871,1,landslide_event
R_POS_585,22806,Mizoram,Aizawl,23.53083333,92.73333333,2024-05-28,210.2799956202507,297.87499352544546,333.0549928583205,349.6999923111871,1,landslide_event
R_POS_586,22807,Mizoram,Aizawl,23.56388889,92.70805556,2024-05-28,210.2799956202507,297.87499352544546,333.0549928583205,349.6999923111871,1,landslide_event
R_POS_587,22808,Mizoram,Aizawl,23.56416667,92.70805556,2024-05-28,210.2799956202507,297.87499352544546,333.0549928583205,349.6999923111871,1,landslide_event
R_POS_588,22809,Mizoram,Aizawl,23.565000534057617,92.70777778,2024-05-28,210.2799956202507,297.87499352544546,333.0549928583205,349.6999923111871,1,landslide_event
R_POS_589,22810,Mizoram,Aizawl,23.56666667,92.70888889,2024-05-28,210.2799956202507,297.87499352544546,333.0549928583205,349.6999923111871,1,landslide_event
R_POS_590,22814,Mizoram,Aizawl,23.74861111,92.73861111,2024-05-28,243.9749959334731,354.0849936977029,390.2649931013584,401.35999282076955,1,landslide_event
R_POS_591,22815,Mizoram,Aizawl,23.61000061035156,92.72083333,2024-05-28,239.5199938826263,328.74999250099063,350.8599919816479,362.5149916643277,1,landslide_event
R_POS_592,22816,Mizoram,Aizawl,23.60666667,92.72305556,2024-05-28,239.5199938826263,328.74999250099063,350.8599919816479,362.5149916643277,1,landslide_event
R_POS_593,22817,Mizoram,Aizawl,23.592500686645508,92.71666667,2024-05-28,210.2799956202507,297.87499352544546,333.0549928583205,349.6999923111871,1,landslide_event
R_POS_594,22818,Mizoram,Aizawl,23.58722222,92.71361111,2024-05-28,210.2799956202507,297.87499352544546,333.0549928583205,349.6999923111871,1,landslide_event
R_POS_595,22819,Mizoram,Aizawl,23.57694444,92.71305556,2024-05-28,210.2799956202507,297.87499352544546,333.0549928583205,349.6999923111871,1,landslide_event
R_POS_596,22821,Mizoram,Aizawl,23.58138889,92.71416667,2024-05-28,210.2799956202507,297.87499352544546,333.0549928583205,349.6999923111871,1,landslide_event
R_POS_597,22822,Mizoram,Aizawl,23.58694444,92.71749877929688,2024-05-28,210.2799956202507,297.87499352544546,333.0549928583205,349.6999923111871,1,landslide_event
R_POS_598,22823,Mizoram,Aizawl,23.58555556,92.71583333,2024-05-28,210.2799956202507,297.87499352544546,333.0549928583205,349.6999923111871,1,landslide_event
R_POS_599,22824,Mizoram,Aizawl,23.58583333,92.71638889,2024-05-28,210.2799956202507,297.87499352544546,333.0549928583205,349.6999923111871,1,landslide_event
R_POS_600,22825,Mizoram,Aizawl,23.58638889,92.71583333,2024-05-28,210.2799956202507,297.87499352544546,333.0549928583205,349.6999923111871,1,landslide_event
R_POS_601,22826,Mizoram,Aizawl,23.65388889,92.72444444,2024-05-28,239.5199938826263,328.74999250099063,350.8599919816479,362.5149916643277,1,landslide_event
R_POS_602,22827,Mizoram,Aizawl,23.65416667,92.71777778,2024-05-28,239.5199938826263,328.74999250099063,350.8599919816479,362.5149916643277,1,landslide_event
R_POS_603,22829,Mizoram,Aizawl,23.65416667,92.69000244140624,2024-05-28,253.2799956053495,373.5099918041378,391.2849912298843,408.5599911045283,1,landslide_event
R_POS_604,22831,Mizoram,Aizawl,23.66083333,92.67277778,2024-05-28,253.2799956053495,373.5099918041378,391.2849912298843,408.5599911045283,1,landslide_event
R_POS_605,22833,Mizoram,Aizawl,23.65861111,92.70583333,2024-05-28,239.5199938826263,328.74999250099063,350.8599919816479,362.5149916643277,1,landslide_event
R_POS_606,22834,Mizoram,Aizawl,23.68143611,92.72144167,2024-05-28,239.5199938826263,328.74999250099063,350.8599919816479,362.5149916643277,1,landslide_event
R_POS_607,22794,Mizoram,Aizawl,23.46805556,92.71638889,2024-05-28,228.88499461114407,298.38499331939965,338.7749927053228,353.3649922097102,1,landslide_event
R_POS_608,22797,Mizoram,Aizawl,23.489999771118164,92.70555556,2024-05-28,228.88499461114407,298.38499331939965,338.7749927053228,353.3649922097102,1,landslide_event
R_POS_609,22798,Mizoram,Aizawl,23.49722222,92.70333333,2024-05-28,228.88499461114407,298.38499331939965,338.7749927053228,353.3649922097102,1,landslide_event
R_POS_610,22812,Mizoram,Aizawl,23.77472222,92.76194444,2024-05-28,243.9749959334731,354.0849936977029,390.2649931013584,401.35999282076955,1,landslide_event
R_POS_611,22813,Mizoram,Aizawl,23.77361111,92.76111111,2024-05-28,243.9749959334731,354.0849936977029,390.2649931013584,401.35999282076955,1,landslide_event
R_POS_612,22849,Mizoram,Aizawl,23.76083333,92.84750366210938,2024-05-28,230.77499259263277,320.4599895514548,368.3199886502698,375.1899884259328,1,landslide_event
R_POS_613,22850,Mizoram,Aizawl,23.86972222,92.87611111,2024-05-28,244.64499512314796,342.53499257564545,379.0449914596975,399.8399908021093,1,landslide_event
R_POS_614,22836,Mizoram,Aizawl,23.72694444,92.79527778,2024-05-28,243.9749959334731,354.0849936977029,390.2649931013584,401.35999282076955,1,landslide_event
R_POS_615,22837,Mizoram,Aizawl,23.73277778,92.79722222,2024-05-28,243.9749959334731,354.0849936977029,390.2649931013584,401.35999282076955,1,landslide_event
R_POS_616,22838,Mizoram,Aizawl,23.73416667,92.79861111,2024-05-28,243.9749959334731,354.0849936977029,390.2649931013584,401.35999282076955,1,landslide_event
R_POS_617,22839,Mizoram,Aizawl,23.74555556,92.79444444,2024-05-28,243.9749959334731,354.0849936977029,390.2649931013584,401.35999282076955,1,landslide_event
R_POS_618,22840,Mizoram,Aizawl,23.73666667,92.79722222,2024-05-28,243.9749959334731,354.0849936977029,390.2649931013584,401.35999282076955,1,landslide_event
R_POS_619,22844,Mizoram,Aizawl,23.73555556,92.80027778,2024-05-28,243.9749959334731,354.0849936977029,390.2649931013584,401.35999282076955,1,landslide_event
R_POS_620,22848,Mizoram,Aizawl,23.73305556,92.84777778,2024-05-28,230.77499259263277,320.4599895514548,368.3199886502698,375.1899884259328,1,landslide_event
R_POS_621,23103,Mizoram,Aizawl,23.76972222,92.74472222,2024-05-28,243.9749959334731,354.0849936977029,390.2649931013584,401.35999282076955,1,landslide_event
R_POS_622,23178,Mizoram,Aizawl,23.594999313354492,92.81611111,2024-05-28,206.9399943202734,281.71499291434884,324.41499218530953,340.3849922027439,1,landslide_event
R_POS_623,23189,Mizoram,Aizawl,23.61361111,92.80777778,2024-05-28,209.23999594151977,288.8349946625531,319.09999405033886,331.46499376930296,1,landslide_event
R_POS_624,23231,Mizoram,Aizawl,23.59027778,92.71583333,2024-05-28,210.2799956202507,297.87499352544546,333.0549928583205,349.6999923111871,1,landslide_event
R_POS_625,23505,Mizoram,Aizawl,23.77777778,92.847900390625,2024-05-28,230.77499259263277,320.4599895514548,368.3199886502698,375.1899884259328,1,landslide_event
R_POS_626,22728,Mizoram,Aizawl,23.71740833,92.70644167,2024-05-28,243.9749959334731,354.0849936977029,390.2649931013584,401.35999282076955,1,landslide_event
R_POS_627,22703,Mizoram,Aizawl,23.74027778,92.69722222,2024-05-28,262.954995887354,387.8949923431501,409.429992089048,424.9099916135892,1,landslide_event
R_POS_628,22711,Mizoram,Aizawl,23.73361111,92.69388889,2024-05-28,262.954995887354,387.8949923431501,409.429992089048,424.9099916135892,1,landslide_event
R_POS_629,22712,Mizoram,Aizawl,23.73472222,92.69499969482422,2024-05-28,262.954995887354,387.8949923431501,409.429992089048,424.9099916135892,1,landslide_event
R_POS_630,22727,Mizoram,Aizawl,23.717500686645508,92.70666667,2024-05-28,243.9749959334731,354.0849936977029,390.2649931013584,401.35999282076955,1,landslide_event
R_POS_631,22729,Mizoram,Aizawl,23.71735556,92.70753333,2024-05-28,243.9749959334731,354.0849936977029,390.2649931013584,401.35999282076955,1,landslide_event
R_POS_632,22736,Mizoram,Aizawl,23.71138889,92.72444444,2024-05-28,243.9749959334731,354.0849936977029,390.2649931013584,401.35999282076955,1,landslide_event
R_POS_633,22749,Mizoram,Aizawl,23.70416667,92.71222222,2024-05-28,243.9749959334731,354.0849936977029,390.2649931013584,401.35999282076955,1,landslide_event
R_POS_634,22754,Mizoram,Aizawl,23.64333333,92.73444444,2024-05-28,239.5199938826263,328.74999250099063,350.8599919816479,362.5149916643277,1,landslide_event
R_POS_635,22802,Mizoram,Aizawl,23.54277778,92.70333333,2024-05-28,210.2799956202507,297.87499352544546,333.0549928583205,349.6999923111871,1,landslide_event
R_POS_636,23712,Mizoram,Aizawl,23.57722222,92.71222222,2024-05-28,210.2799956202507,297.87499352544546,333.0549928583205,349.6999923111871,1,landslide_event
R_POS_637,22820,Mizoram,Aizawl,23.58027778,92.71499633789062,2024-05-28,210.2799956202507,297.87499352544546,333.0549928583205,349.6999923111871,1,landslide_event
R_POS_638,22830,Mizoram,Aizawl,23.66055556,92.67277778,2024-05-28,253.2799956053495,373.5099918041378,391.2849912298843,408.5599911045283,1,landslide_event
R_POS_639,22832,Mizoram,Aizawl,23.65777778,92.67444444,2024-05-28,253.2799956053495,373.5099918041378,391.2849912298843,408.5599911045283,1,landslide_event
R_POS_640,22795,Mizoram,Aizawl,23.47249984741211,92.71444444,2024-05-28,228.88499461114407,298.38499331939965,338.7749927053228,353.3649922097102,1,landslide_event
R_POS_641,22851,Mizoram,Aizawl,23.80750556,92.83417222,2024-05-28,244.64499512314796,342.53499257564545,379.0449914596975,399.8399908021093,1,landslide_event
R_POS_642,22841,Mizoram,Aizawl,23.73638889,92.79805556,2024-05-28,243.9749959334731,354.0849936977029,390.2649931013584,401.35999282076955,1,landslide_event
R_POS_643,22842,Mizoram,Aizawl,23.73583333,92.79888889,2024-05-28,243.9749959334731,354.0849936977029,390.2649931013584,401.35999282076955,1,landslide_event
R_POS_644,22843,Mizoram,Aizawl,23.73638889,92.8000030517578,2024-05-28,243.9749959334731,354.0849936977029,390.2649931013584,401.35999282076955,1,landslide_event
R_POS_645,22845,Mizoram,Aizawl,23.71972222,92.79777778,2024-05-28,243.9749959334731,354.0849936977029,390.2649931013584,401.35999282076955,1,landslide_event
R_POS_646,23254,Mizoram,Aizawl,23.53222222,92.73500061035156,2024-05-28,210.2799956202507,297.87499352544546,333.0549928583205,349.6999923111871,1,landslide_event
R_POS_647,23285,Mizoram,Aizawl,23.53555556,92.69694444,2024-05-28,224.67999517917633,324.5049931500107,353.0799923669547,374.7849920280278,1,landslide_event
R_POS_648,23300,Mizoram,Aizawl,23.50861111,92.69805556,2024-05-28,224.67999517917633,324.5049931500107,353.0799923669547,374.7849920280278,1,landslide_event
R_POS_649,22769,Mizoram,Aizawl,23.68743333,92.72129167,2024-05-28,239.5199938826263,328.74999250099063,350.8599919816479,362.5149916643277,1,landslide_event
R_POS_650,22770,Mizoram,Aizawl,23.67694444,92.71722222,2024-05-28,239.5199938826263,328.74999250099063,350.8599919816479,362.5149916643277,1,landslide_event
R_POS_651,22778,Mizoram,Aizawl,23.70416667,92.72000122070312,2024-05-28,243.9749959334731,354.0849936977029,390.2649931013584,401.35999282076955,1,landslide_event
R_POS_652,22828,Mizoram,Aizawl,23.655000686645508,92.71444444,2024-05-28,239.5199938826263,328.74999250099063,350.8599919816479,362.5149916643277,1,landslide_event
R_POS_653,22846,Mizoram,Aizawl,23.72222222,92.80138889,2024-05-28,230.77499259263277,320.4599895514548,368.3199886502698,375.1899884259328,1,landslide_event
R_POS_654,22835,Mizoram,Aizawl,23.73555556,92.78833333,2024-05-28,243.9749959334731,354.0849936977029,390.2649931013584,401.35999282076955,1,landslide_event
R_POS_655,23707,Mizoram,Kolasib,24.56925833,93.177275,2024-05-28,191.5499962540343,242.21499529108405,250.82999502774328,293.14499442465603,1,landslide_event
R_POS_656,23710,Mizoram,Kolasib,24.52607536315918,93.05379167,2024-05-28,190.5099948309362,257.7199933938682,274.18999298196286,315.3549918420613,1,landslide_event
R_POS_657,23692,Mizoram,Kolasib,24.42589950561523,93.13580556,2024-05-28,217.92999501153827,264.16499379184097,280.95499345846474,318.14999271929264,1,landslide_event
R_POS_658,22852,Mizoram,Serchhip,23.47694444,92.857846,2024-05-28,226.62499419599771,288.98499299865216,342.05499212723225,358.14499165210873,1,landslide_event
R_POS_659,22853,Mizoram,Serchhip,23.471041,92.8550262451172,2024-05-28,226.62499419599771,288.98499299865216,342.05499212723225,358.14499165210873,1,landslide_event
R_POS_660,22854,Mizoram,Serchhip,23.465558,92.855991,2024-05-28,226.62499419599771,288.98499299865216,342.05499212723225,358.14499165210873,1,landslide_event
R_POS_661,22855,Mizoram,Serchhip,23.463164,92.854672,2024-05-28,226.62499419599771,288.98499299865216,342.05499212723225,358.14499165210873,1,landslide_event
R_POS_662,22856,Mizoram,Serchhip,23.312589645385746,92.85641479492188,2024-05-28,248.05999659001827,314.3399944482371,355.7749935379252,371.6949932193384,1,landslide_event
R_POS_663,22857,Mizoram,Serchhip,23.288812,92.864763,2024-05-28,247.25999346747992,317.06499193701893,342.8999912291765,362.4949907027185,1,landslide_event
R_POS_664,22858,Mizoram,Serchhip,23.281264,92.869279,2024-05-28,247.25999346747992,317.06499193701893,342.8999912291765,362.4949907027185,1,landslide_event
R_POS_665,22859,Mizoram,Serchhip,23.379441,92.844081,2024-05-28,248.05999659001827,314.3399944482371,355.7749935379252,371.6949932193384,1,landslide_event
R_POS_666,22860,Mizoram,Serchhip,23.38150978088379,92.844938,2024-05-28,248.05999659001827,314.3399944482371,355.7749935379252,371.6949932193384,1,landslide_event
R_POS_667,22861,Mizoram,Serchhip,23.38217544555664,92.843876,2024-05-28,248.05999659001827,314.3399944482371,355.7749935379252,371.6949932193384,1,landslide_event
R_POS_668,22862,Mizoram,Serchhip,23.38277244567871,92.845187,2024-05-28,248.05999659001827,314.3399944482371,355.7749935379252,371.6949932193384,1,landslide_event
R_POS_669,22863,Mizoram,Serchhip,23.381532669067383,92.854115,2024-05-28,248.05999659001827,314.3399944482371,355.7749935379252,371.6949932193384,1,landslide_event
R_POS_670,22864,Mizoram,Serchhip,23.387941360473633,92.842291,2024-05-28,248.05999659001827,314.3399944482371,355.7749935379252,371.6949932193384,1,landslide_event
R_POS_671,22865,Mizoram,Serchhip,23.237077,92.910043,2024-05-28,231.71499566920104,299.2399939224124,328.7499930644408,350.7299926960841,1,landslide_event
R_POS_672,22866,Mizoram,Serchhip,23.126631,93.064946,2024-05-28,178.08999524451792,254.2099931454286,314.68999068345875,340.94998998753726,1,landslide_event
R_POS_673,23140,Mizoram,Aizawl,23.69361111,92.72250366210938,2024-06-28,31.844999447464943,58.94999908655882,202.51499628741297,289.0949944695458,1,landslide_event
R_POS_674,23488,Mizoram,Aizawl,23.71111111,92.87861111,2024-06-28,34.34499915316701,58.93999844789505,244.57499356381595,319.72499162051827,1,landslide_event
R_POS_675,23506,Mizoram,Aizawl,23.77400016784668,92.8479995727539,2024-06-28,34.34499915316701,58.93999844789505,244.57499356381595,319.72499162051827,1,landslide_event
R_POS_676,23581,Mizoram,Aizawl,23.10851389,93.20974731445312,2024-06-28,31.93999926187098,54.24999885447323,170.8649958651513,223.19499479513615,1,landslide_event
R_POS_677,23099,Mizoram,Aizawl,23.74916667,92.7375030517578,2024-06-30,86.70999870076776,116.76499820128085,216.57499565090984,442.1299908198416,1,landslide_event
R_POS_678,23119,Mizoram,Aizawl,23.74722222,92.71805556,2024-07-02,244.4949928447604,331.2049915455282,396.544990488328,669.2649844922125,1,landslide_event
R_POS_679,23138,Mizoram,Aizawl,23.70249938964844,92.72138889,2024-07-02,244.4949928447604,331.2049915455282,396.544990488328,669.2649844922125,1,landslide_event
R_POS_680,23139,Mizoram,Aizawl,23.69805556,92.72277778,2024-07-02,254.79999566823244,389.4799915403128,448.4299906268716,645.5949869258329,1,landslide_event
R_POS_681,23435,Mizoram,Aizawl,23.71388889,92.85722222,2024-07-02,191.97999618388712,287.299992794171,346.239991242066,583.0549850650132,1,landslide_event
R_POS_682,23460,Mizoram,Aizawl,23.73694444,92.81361111,2024-07-02,191.97999618388712,287.299992794171,346.239991242066,583.0549850650132,1,landslide_event
R_POS_683,23470,Mizoram,Aizawl,23.72916667,92.76583333,2024-07-02,244.4949928447604,331.2049915455282,396.544990488328,669.2649844922125,1,landslide_event
R_POS_684,23473,Mizoram,Aizawl,23.73222222,92.76555556,2024-07-02,244.4949928447604,331.2049915455282,396.544990488328,669.2649844922125,1,landslide_event
R_POS_685,23477,Mizoram,Aizawl,23.737499237060547,92.78805556,2024-07-02,244.4949928447604,331.2049915455282,396.544990488328,669.2649844922125,1,landslide_event
R_POS_686,23480,Mizoram,Aizawl,23.73388889,92.79388889,2024-07-02,244.4949928447604,331.2049915455282,396.544990488328,669.2649844922125,1,landslide_event
R_POS_687,23482,Mizoram,Aizawl,23.72138889,92.79944444,2024-07-02,244.4949928447604,331.2049915455282,396.544990488328,669.2649844922125,1,landslide_event
R_POS_688,23483,Mizoram,Aizawl,23.72138889,92.85777778,2024-07-02,191.97999618388712,287.299992794171,346.239991242066,583.0549850650132,1,landslide_event
R_POS_689,23484,Mizoram,Aizawl,23.72083333,92.86472222,2024-07-02,191.97999618388712,287.299992794171,346.239991242066,583.0549850650132,1,landslide_event
R_POS_690,23487,Mizoram,Aizawl,23.71166667,92.87833333,2024-07-02,191.97999618388712,287.299992794171,346.239991242066,583.0549850650132,1,landslide_event
R_POS_691,23496,Mizoram,Aizawl,23.73500061035156,92.85666667,2024-07-02,191.97999618388712,287.299992794171,346.239991242066,583.0549850650132,1,landslide_event
R_POS_692,23497,Mizoram,Aizawl,23.73666667,92.85611111,2024-07-02,191.97999618388712,287.299992794171,346.239991242066,583.0549850650132,1,landslide_event
R_POS_693,23501,Mizoram,Aizawl,23.76111111,92.84777778,2024-07-02,191.97999618388712,287.299992794171,346.239991242066,583.0549850650132,1,landslide_event
R_POS_694,23502,Mizoram,Aizawl,23.76166667,92.85083333,2024-07-02,191.97999618388712,287.299992794171,346.239991242066,583.0549850650132,1,landslide_event
R_POS_695,23519,Mizoram,Aizawl,23.83277778,92.8324966430664,2024-07-02,156.22999734058976,228.66999612003565,281.6449949378148,551.0249901264906,1,landslide_event
R_POS_696,23523,Mizoram,Aizawl,23.86222222,92.83666667,2024-07-02,156.22999734058976,228.66999612003565,281.6449949378148,551.0249901264906,1,landslide_event
R_POS_697,23528,Mizoram,Aizawl,23.89138889,92.84888889,2024-07-02,156.22999734058976,228.66999612003565,281.6449949378148,551.0249901264906,1,landslide_event
R_POS_698,23540,Mizoram,Aizawl,24.17180556,93.54406667,2024-07-02,127.13999761641026,137.53999730572104,271.7599949790165,365.5699926922098,1,landslide_event
R_POS_699,23541,Mizoram,Aizawl,24.18291667,93.53441944,2024-07-02,127.13999761641026,137.53999730572104,271.7599949790165,365.5699926922098,1,landslide_event
R_POS_700,23542,Mizoram,Aizawl,24.18566111,93.53935278,2024-07-02,127.13999761641026,137.53999730572104,271.7599949790165,365.5699926922098,1,landslide_event
R_POS_701,23543,Mizoram,Aizawl,24.24449722,93.55275833,2024-07-02,133.92999736964703,147.1649969164282,294.07499495334923,367.7799935126677,1,landslide_event
R_POS_702,23544,Mizoram,Aizawl,24.24755556,93.54809722,2024-07-02,133.92999736964703,147.1649969164282,294.07499495334923,367.7799935126677,1,landslide_event
R_POS_703,23580,Mizoram,Aizawl,23.09758333,93.21623333,2024-07-02,63.51499863527715,99.94499773345888,167.86999568343165,312.76999227236956,1,landslide_event
R_POS_704,23583,Mizoram,Aizawl,23.10192489624023,93.20426111,2024-07-02,62.6999984793365,92.86999772675335,147.1199965812266,306.34999269712716,1,landslide_event
R_POS_705,23587,Mizoram,Aizawl,23.09759444,93.21089444,2024-07-02,63.51499863527715,99.94499773345888,167.86999568343165,312.76999227236956,1,landslide_event
R_POS_706,23590,Mizoram,Aizawl,23.10100556,93.19393611,2024-07-02,83.8249976420775,132.12999676261097,192.71499483752996,316.4049926456064,1,landslide_event
R_POS_707,23591,Mizoram,Aizawl,23.10074722,93.18785278,2024-07-02,83.8249976420775,132.12999676261097,192.71499483752996,316.4049926456064,1,landslide_event
R_POS_708,23592,Mizoram,Aizawl,23.09954722,93.18600278,2024-07-02,81.33999820705503,134.9749977653846,192.70999640692023,324.49999303370714,1,landslide_event
R_POS_709,23595,Mizoram,Aizawl,23.09830093383789,93.17597222,2024-07-02,81.33999820705503,134.9749977653846,192.70999640692023,324.49999303370714,1,landslide_event
R_POS_710,23601,Mizoram,Aizawl,23.27598056,93.14351667,2024-07-02,104.2849975414574,138.80999722797424,176.1249961219728,298.07999269198626,1,landslide_event
R_POS_711,23603,Mizoram,Aizawl,23.28107452392578,93.144075,2024-07-02,104.2849975414574,138.80999722797424,176.1249961219728,298.07999269198626,1,landslide_event
R_POS_712,23605,Mizoram,Aizawl,23.33529167,93.11214167,2024-07-02,126.34999703615904,162.55999610573053,197.14499485958368,297.6349926162511,1,landslide_event
R_POS_713,23682,Mizoram,Aizawl,23.20960722,93.13104722,2024-07-02,104.2849975414574,138.80999722797424,176.1249961219728,298.07999269198626,1,landslide_event
R_POS_714,23683,Mizoram,Aizawl,23.21068583,93.1212325,2024-07-02,104.2849975414574,138.80999722797424,176.1249961219728,298.07999269198626,1,landslide_event
R_POS_715,23196,Mizoram,Aizawl,23.60972222,92.79972222,2024-07-02,254.79999566823244,389.4799915403128,448.4299906268716,645.5949869258329,1,landslide_event
R_POS_716,23503,Mizoram,Aizawl,23.76527778,92.8499984741211,2024-07-02,191.97999618388712,287.299992794171,346.239991242066,583.0549850650132,1,landslide_event
R_POS_717,23504,Mizoram,Aizawl,23.76861111,92.85138889,2024-07-02,191.97999618388712,287.299992794171,346.239991242066,583.0549850650132,1,landslide_event
R_POS_718,23520,Mizoram,Aizawl,23.83888889,92.83194444,2024-07-02,156.22999734058976,228.66999612003565,281.6449949378148,551.0249901264906,1,landslide_event
R_POS_719,23524,Mizoram,Aizawl,23.87694444,92.83999633789062,2024-07-02,156.22999734058976,228.66999612003565,281.6449949378148,551.0249901264906,1,landslide_event
R_POS_720,23532,Mizoram,Aizawl,23.76972222,92.76000213623048,2024-07-02,244.4949928447604,331.2049915455282,396.544990488328,669.2649844922125,1,landslide_event
R_POS_721,23137,Mizoram,Aizawl,23.70277778,92.72083333,2024-07-02,244.4949928447604,331.2049915455282,396.544990488328,669.2649844922125,1,landslide_event
R_POS_722,23476,Mizoram,Aizawl,23.73794444,92.78613889,2024-07-02,244.4949928447604,331.2049915455282,396.544990488328,669.2649844922125,1,landslide_event
R_POS_723,23553,Mizoram,Aizawl,24.32773611,93.57937222,2024-07-02,128.7549973251298,141.8999970573932,267.81499389372766,369.2149918861687,1,landslide_event
R_POS_724,23602,Mizoram,Aizawl,23.27663889,93.1437530517578,2024-07-02,104.2849975414574,138.80999722797424,176.1249961219728,298.07999269198626,1,landslide_event
R_POS_725,23569,Mizoram,Kolasib,24.60372222,93.37223056,2024-07-02,98.62999757751822,139.09499678388238,258.5849937386811,380.90999040938914,1,landslide_event
R_POS_726,23570,Mizoram,Kolasib,24.66895556,93.33700556,2024-07-02,98.62999757751822,139.09499678388238,258.5849937386811,380.90999040938914,1,landslide_event
R_POS_727,23574,Mizoram,Kolasib,24.72074444,93.30899167,2024-07-02,80.38499782979488,114.30499719828369,243.0249944189563,360.7899917084724,1,landslide_event
R_POS_728,23643,Mizoram,Kolasib,24.02782222,93.28944444,2024-07-02,158.21999593824148,182.69999524578452,298.164992261678,473.4849880123511,1,landslide_event
R_POS_729,23644,Mizoram,Kolasib,24.04014167,93.29149627685548,2024-07-02,158.21999593824148,182.69999524578452,298.164992261678,473.4849880123511,1,landslide_event
R_POS_730,23645,Mizoram,Kolasib,24.03980278,93.29373889,2024-07-02,158.21999593824148,182.69999524578452,298.164992261678,473.4849880123511,1,landslide_event
R_POS_731,23646,Mizoram,Kolasib,24.05823611,93.28901944,2024-07-02,158.21999593824148,182.69999524578452,298.164992261678,473.4849880123511,1,landslide_event
R_POS_732,23663,Mizoram,Kolasib,24.04014167,93.29149627685548,2024-07-02,158.21999593824148,182.69999524578452,298.164992261678,473.4849880123511,1,landslide_event
R_POS_733,23667,Mizoram,Kolasib,24.57151389,93.141725,2024-07-02,139.7099969573319,170.98499626014382,300.5849936436862,483.6399895437062,1,landslide_event
R_POS_734,23668,Mizoram,Kolasib,24.56917222,93.14073611,2024-07-02,139.7099969573319,170.98499626014382,300.5849936436862,483.6399895437062,1,landslide_event
R_POS_735,23608,Mizoram,Kolasib,23.50882222,93.09170278,2024-07-02,185.7799968170002,239.8549958942458,303.89999475330114,415.3499927856028,1,landslide_event
R_POS_736,23648,Mizoram,Kolasib,24.12428889,93.318525,2024-07-02,163.28499572910368,180.41499544493857,295.7249937001616,483.6749889589846,1,landslide_event
R_POS_737,23669,Mizoram,Kolasib,24.56060028076172,93.13071389,2024-07-07,22.13999943807721,31.599999237805605,204.61499548424035,452.08999001421034,1,landslide_event
R_POS_738,23670,Mizoram,Kolasib,24.55987778,93.12541667,2024-07-07,22.13999943807721,31.599999237805605,204.61499548424035,452.08999001421034,1,landslide_event
R_POS_739,23673,Mizoram,Kolasib,24.10710778,93.11535444,2024-07-07,34.594999354332685,40.17499917373061,267.25999369472265,438.0099906269461,1,landslide_event
R_POS_740,23693,Mizoram,Kolasib,24.44347778,93.15817778,2024-07-07,17.354999555274844,22.244999485090375,161.66499691735953,442.10998935997486,1,landslide_event
R_POS_741,23695,Mizoram,Kolasib,24.44857778,93.15738611,2024-07-07,17.354999555274844,22.244999485090375,161.66499691735953,442.10998935997486,1,landslide_event
R_POS_742,23708,Mizoram,Kolasib,24.57296389,93.17700556,2024-07-07,22.13999943807721,31.599999237805605,204.61499548424035,452.08999001421034,1,landslide_event
R_POS_743,23705,Mizoram,Kolasib,24.56062778,93.18938889,2024-07-07,22.13999943807721,31.599999237805605,204.61499548424035,452.08999001421034,1,landslide_event
R_POS_744,23627,Mizoram,Kolasib,23.36966389,93.04609444,2024-07-09,45.92499921191484,70.02999856043607,112.35499717760833,325.11499172169715,1,landslide_event
R_POS_745,23662,Mizoram,Kolasib,23.56672222,93.13764444,2024-07-09,21.51499956101179,33.81499932706356,59.47499902546406,293.20499441213906,1,landslide_event
R_POS_746,23664,Mizoram,Kolasib,24.56771111,93.14291667,2024-07-09,35.019998976029456,57.15999841410667,141.64999744016677,404.95999105554074,1,landslide_event
R_POS_747,23665,Mizoram,Kolasib,24.57467222,93.14389722,2024-07-09,35.019998976029456,57.15999841410667,141.64999744016677,404.95999105554074,1,landslide_event
R_POS_748,23666,Mizoram,Kolasib,24.57470833,93.13897222,2024-07-09,35.019998976029456,57.15999841410667,141.64999744016677,404.95999105554074,1,landslide_event
R_POS_749,23691,Mizoram,Kolasib,24.40520278,93.06672222,2024-07-09,17.66499950364232,70.62999819777906,119.3649968104437,387.0649908091873,1,landslide_event
R_POS_750,23626,Mizoram,Kolasib,23.36556111,93.05125278,2024-07-09,45.92499921191484,70.02999856043607,112.35499717760833,325.11499172169715,1,landslide_event
R_POS_751,23632,Mizoram,Kolasib,24.55205833,93.25569167,2024-07-09,13.609999735839663,32.019999246113,86.00999760534614,349.9099910892546,1,landslide_event
R_POS_752,23679,Mizoram,Aizawl,23.24231111,93.17726667,2024-07-17,17.994999484159052,23.704999380744994,28.709999294020236,127.0899971369654,1,landslide_event
R_POS_753,23685,Mizoram,Kolasib,23.504575,93.23805236816406,2024-07-17,61.31999881565571,72.86499841976911,78.55499822366983,128.70499711390585,1,landslide_event
R_POS_754,23699,Mizoram,Kolasib,24.65409167,93.204625,2024-07-17,6.799999833106995,12.94999971985817,33.63499918952584,137.18499634880573,1,landslide_event
R_POS_755,23700,Mizoram,Kolasib,24.65018056,93.20256667,2024-07-17,6.799999833106995,12.94999971985817,33.63499918952584,137.18499634880573,1,landslide_event
R_POS_756,23701,Mizoram,Kolasib,24.627300262451172,93.20404444,2024-07-17,6.799999833106995,12.94999971985817,33.63499918952584,137.18499634880573,1,landslide_event
R_POS_757,23684,Mizoram,Kolasib,23.49216111,93.23695373535156,2024-07-17,23.97499942500144,38.93999904114753,48.67999887187034,122.98999676853418,1,landslide_event
R_POS_758,23545,Mizoram,Aizawl,24.28840278,93.58591389,2024-08-13,5.314999923110008,10.94999971613288,97.7899975925684,316.9149930756539,1,landslide_event
R_POS_759,23546,Mizoram,Aizawl,24.29982222,93.59040833,2024-08-13,5.314999923110008,10.94999971613288,97.7899975925684,316.9149930756539,1,landslide_event
R_POS_760,23547,Mizoram,Aizawl,24.30768611,93.58120556,2024-08-13,5.379999861121178,16.159999588504434,108.97999813314529,320.3799921767786,1,landslide_event
R_POS_761,23549,Mizoram,Aizawl,24.33915833,93.66233611,2024-08-13,6.159999825060368,16.859999579377472,99.74999777879566,311.0549931731075,1,landslide_event
R_POS_762,23550,Mizoram,Aizawl,24.33331944,93.65702778,2024-08-13,6.159999825060368,16.859999579377472,99.74999777879566,311.0549931731075,1,landslide_event
R_POS_763,23552,Mizoram,Aizawl,24.330900192260746,93.66054444,2024-08-13,6.159999825060368,16.859999579377472,99.74999777879566,311.0549931731075,1,landslide_event
R_POS_764,23554,Mizoram,Aizawl,24.39255556,93.65468611,2024-08-13,6.159999825060368,16.859999579377472,99.74999777879566,311.0549931731075,1,landslide_event
R_POS_765,23558,Mizoram,Aizawl,24.48458889,93.58781944,2024-08-13,8.319999855011702,22.97499947994947,103.54499767161906,313.2499926323071,1,landslide_event
R_POS_766,23560,Mizoram,Aizawl,24.51785556,93.55086944,2024-08-13,10.33999965339899,26.17999928258359,61.279998612590134,258.8799946391955,1,landslide_event
R_POS_767,23548,Mizoram,Aizawl,24.30711944,93.59375833,2024-08-13,5.379999861121178,16.159999588504434,108.97999813314529,320.3799921767786,1,landslide_event
R_POS_768,23556,Mizoram,Aizawl,24.49112222,93.62215556,2024-08-13,11.72499980404973,25.764999464154243,68.70999877993017,278.5399936698377,1,landslide_event
R_POS_769,23606,Mizoram,Kolasib,23.41421944,93.10569167,2024-08-13,15.204999826848509,20.934999726712704,58.39999868348241,311.8549936870113,1,landslide_event
R_POS_770,23572,Mizoram,Kolasib,24.76606111,93.30076667,2024-08-13,2.009999930858612,6.82499972730875,63.83499870635569,315.8899924289435,1,landslide_event
R_POS_771,23613,Mizoram,Kolasib,23.56785011291504,93.10472222,2024-09-12,9.879999698139727,65.4199976446107,73.39999745320529,132.0349960885942,1,landslide_event
R_POS_772,23615,Mizoram,Kolasib,23.56233889,93.11890833,2024-09-12,9.879999698139727,65.4199976446107,73.39999745320529,132.0349960885942,1,landslide_event
R_POS_773,23619,Mizoram,Kolasib,23.56145278,93.10908889,2024-09-12,9.879999698139727,65.4199976446107,73.39999745320529,132.0349960885942,1,landslide_event
R_POS_774,23609,Mizoram,Kolasib,23.54130278,93.10256944,2024-09-12,9.879999698139727,65.4199976446107,73.39999745320529,132.0349960885942,1,landslide_event
R_POS_775,23610,Mizoram,Kolasib,23.54600556,93.09247222,2024-09-12,4.959999792277813,18.809999572113156,56.42999931238592,102.02999825030564,1,landslide_event
R_POS_776,23611,Mizoram,Kolasib,23.54286944,93.08539722,2024-09-12,4.959999792277813,18.809999572113156,56.42999931238592,102.02999825030564,1,landslide_event
R_POS_777,23614,Mizoram,Kolasib,23.56413333,93.11378889,2024-09-12,9.879999698139727,65.4199976446107,73.39999745320529,132.0349960885942,1,landslide_event
R_POS_778,23617,Mizoram,Kolasib,23.56238611,93.12376667,2024-09-12,9.879999698139727,65.4199976446107,73.39999745320529,132.0349960885942,1,landslide_event
R_POS_779,23618,Mizoram,Kolasib,23.56404167,93.10752222,2024-09-12,9.879999698139727,65.4199976446107,73.39999745320529,132.0349960885942,1,landslide_event
R_POS_780,23620,Mizoram,Kolasib,23.55881111,93.10900556,2024-09-12,9.879999698139727,65.4199976446107,73.39999745320529,132.0349960885942,1,landslide_event
R_POS_781,23680,Mizoram,Aizawl,23.24500833,93.17587222,2024-09-24,12.899999506771564,26.18499907851219,35.784998904913664,182.1349952854216,1,landslide_event
R_POS_782,23630,Mizoram,Kolasib,23.54294167,93.23821667,2024-09-24,11.179999727755783,13.34999967738986,20.269999343901873,104.13999727368356,1,landslide_event
R_POS_783,23638,Mizoram,Kolasib,24.60921944,93.30050278,2024-09-24,7.584999912418425,37.74999917577952,37.879999169148505,74.32999803777784,1,landslide_event
R_POS_784,23640,Mizoram,Kolasib,24.64528611,93.28593611,2024-09-24,6.834999766200781,32.58999916538596,32.77499916218221,75.81999806221575,1,landslide_event
R_POS_785,23641,Mizoram,Kolasib,24.02205833,93.29369167,2024-09-24,14.144999668002129,36.629999184049666,37.214999162591994,133.5649966476485,1,landslide_event
R_POS_786,23642,Mizoram,Kolasib,23.01689167,93.283175,2024-09-24,13.1549997292459,32.57499912008643,47.2699988046661,180.1749955583364,1,landslide_event
R_POS_787,23652,Mizoram,Kolasib,24.297775268554688,93.34159722,2024-09-24,15.354999713599682,30.16499926429242,30.254999260418117,99.74499764479695,1,landslide_event
R_POS_788,23654,Mizoram,Kolasib,24.35137778,93.34095556,2024-09-24,10.889999689534308,24.3999993391335,25.24499930813909,93.11499824281782,1,landslide_event
R_POS_789,23677,Mizoram,Kolasib,24.10743611,93.09532222,2024-09-24,18.109999433159828,27.11499918997288,29.139999128878117,104.57999802194536,1,landslide_event
R_POS_790,23703,Mizoram,Kolasib,24.586050033569336,93.21056389,2024-09-24,11.914999820291996,36.554999246262014,38.28999922517687,84.11499851290137,1,landslide_event
R_POS_791,23711,Mizoram,Kolasib,24.458325,93.09439167,2024-09-24,10.609999682754278,18.514999570325017,21.404999466612935,95.76999748125672,1,landslide_event
R_POS_792,23675,Mizoram,Kolasib,24.11104722,93.10374167,2024-09-24,20.56499938108027,31.91499900817871,33.454998943954706,122.66499705798924,1,landslide_event
R_POS_793,23676,Mizoram,Kolasib,24.10506389,93.09593611,2024-09-24,18.109999433159828,27.11499918997288,29.139999128878117,104.57999802194536,1,landslide_event
R_POS_794,23678,Mizoram,Kolasib,24.10687222,93.08849722,2024-09-24,18.109999433159828,27.11499918997288,29.139999128878117,104.57999802194536,1,landslide_event
R_POS_795,23647,Mizoram,Kolasib,24.09210556,93.29866667,2024-09-24,14.144999668002129,36.629999184049666,37.214999162591994,133.5649966476485,1,landslide_event
R_POS_796,23674,Mizoram,Kolasib,24.10015917,93.10461389,2024-09-24,20.56499938108027,31.91499900817871,33.454998943954706,122.66499705798924,1,landslide_event
R_POS_797,23295,Mizoram,Aizawl,23.51944444,92.70055556,2024-09-25,92.98999675735833,94.85499669145791,100.57999653182924,139.44499528594315,1,landslide_event
R_POS_798,23499,Mizoram,Aizawl,23.74416667,92.85555556,2024-09-25,64.42999846488237,65.1649984382093,95.89999778103083,120.21999736502768,1,landslide_event
R_POS_799,23500,Mizoram,Aizawl,23.74361111,92.85416667,2024-09-25,64.42999846488237,65.1649984382093,95.89999778103083,120.21999736502768,1,landslide_event
R_POS_800,23525,Mizoram,Aizawl,23.87777778,92.84083333,2024-09-25,56.9399985447526,59.37499847449362,88.09999789949507,118.6349970009178,1,landslide_event
R_POS_801,23522,Mizoram,Aizawl,23.85194444,92.83305556,2024-09-25,56.9399985447526,59.37499847449362,88.09999789949507,118.6349970009178,1,landslide_event
R_POS_802,23531,Mizoram,Aizawl,23.88527778,92.85749816894533,2024-09-25,56.9399985447526,59.37499847449362,88.09999789949507,118.6349970009178,1,landslide_event
R_POS_803,23527,Mizoram,Aizawl,23.89277778,92.85083333,2024-09-28,4.194999834522605,58.119998530484736,97.31999758724125,126.64999672677368,1,landslide_event
R_POS_804,23533,Mizoram,Aizawl,24.03503889,93.54139444,2024-09-28,1.094999976456165,65.95499942731112,105.69499838445336,133.2399977548048,1,landslide_event
R_POS_805,23537,Mizoram,Aizawl,24.10864167,93.54198333,2024-09-28,2.3949999660253525,68.44999832846224,118.4699970120564,149.3699962263927,1,landslide_event
R_POS_806,23538,Mizoram,Aizawl,24.12682222,93.54013889,2024-09-28,2.3949999660253525,68.44999832846224,118.4699970120564,149.3699962263927,1,landslide_event
R_POS_807,23551,Mizoram,Aizawl,24.33300556,93.65357222,2024-09-28,11.144999767653644,61.84499890729785,103.00999837368728,128.409997693263,1,landslide_event
R_POS_808,23562,Mizoram,Aizawl,24.52308611,93.57206944,2024-09-28,6.9749998934566975,69.98999813571572,109.84499694034456,129.62999637052417,1,landslide_event
R_POS_809,23563,Mizoram,Aizawl,24.48338333,93.58848056,2024-09-28,23.70499951019883,66.81499848049134,98.0099977068603,113.81999740656464,1,landslide_event
R_POS_810,23584,Mizoram,Aizawl,23.10184722,93.20138889,2024-09-28,9.809999704360962,98.22499753534794,128.48999696411192,182.95499586500227,1,landslide_event
R_POS_811,23600,Mizoram,Aizawl,23.25951944,93.15917222,2024-09-28,2.4449999406933784,58.16999884881079,84.35499792732298,171.97499577887356,1,landslide_event
R_POS_812,23604,Mizoram,Aizawl,23.32829167,93.12184167,2024-09-28,12.139999739825726,84.5199983175844,115.27499734703451,198.099995338358,1,landslide_event
R_POS_813,23624,Mizoram,Aizawl,23.35406111,93.04156111,2024-09-28,3.309999965131283,88.90999829303473,110.60499804187566,181.45499635115263,1,landslide_event
R_POS_814,23625,Mizoram,Aizawl,23.35958611,93.04477222,2024-09-28,3.309999965131283,88.90999829303473,110.60499804187566,181.45499635115263,1,landslide_event
R_POS_815,23529,Mizoram,Aizawl,23.89305556,92.84722222,2024-09-28,4.194999834522605,58.119998530484736,97.31999758724125,126.64999672677368,1,landslide_event
R_POS_816,23559,Mizoram,Aizawl,24.49282455444336,93.58643611,2024-09-28,23.70499951019883,66.81499848049134,98.0099977068603,113.81999740656464,1,landslide_event
R_POS_817,23526,Mizoram,Aizawl,23.88583333,92.85055556,2024-09-28,4.194999834522605,58.119998530484736,97.31999758724125,126.64999672677368,1,landslide_event
R_POS_818,23565,Mizoram,Kolasib,24.48857222,93.36792222,2024-09-28,14.61999947577715,60.309998691082,91.86999760568142,123.8249968998134,1,landslide_event
R_POS_819,23576,Mizoram,Kolasib,24.70553333,93.33064167,2024-09-28,1.309999942779541,66.26999884471297,114.07999735325576,134.37999692559242,1,landslide_event
R_POS_820,23671,Mizoram,Kolasib,24.08927222,93.12408611,2024-09-28,7.424999810755253,57.98999866005033,100.81499807350338,126.42999735940248,1,landslide_event
R_POS_821,23672,Mizoram,Kolasib,24.10641389,93.12339944,2024-09-28,16.01999970152974,61.719998319633305,93.63499732781202,116.5549968359992,1,landslide_event
R_POS_822,23687,Mizoram,Kolasib,24.15817222,93.02488611,2024-09-28,10.649999782443048,61.87999884970486,88.99499803967774,113.81499751470984,1,landslide_event
R_POS_823,23688,Mizoram,Kolasib,24.23419444,93.02469167,2024-09-28,7.024999923072755,58.65499865729362,88.06499771401286,113.33999689947814,1,landslide_event
R_POS_824,23689,Mizoram,Kolasib,24.32836667,93.00923056,2024-09-28,6.609999810345471,54.384998777881265,81.61499795503914,113.38999721966684,1,landslide_event
R_POS_825,23955,Mizoram,Aizawl,24.354658126831055,92.925511,2025-05-29,62.74999834224582,75.72999808937311,173.42499533388764,261.01999340206385,1,landslide_event
R_POS_826,23714,Mizoram,Aizawl,23.6868033,92.7251987,2025-05-29,65.61499822698534,125.39999729581176,184.2799952896312,226.54999464843425,1,landslide_event
R_POS_827,24072,Mizoram,Lunglei,23.1414737701416,92.750577,2025-05-29,74.64999782759696,202.5699946032837,233.16499378997833,288.16499275993556,1,landslide_event
R_POS_828,23804,Mizoram,Serchhip,23.19340133666992,92.900218,2025-05-29,73.44499834347516,174.79499614797533,209.7499955408275,250.50499444827437,1,landslide_event
R_POS_829,23842,Mizoram,Serchhip,23.298137,92.857412,2025-05-29,65.30499834474176,130.72999647352844,169.17999505158514,212.304994340986,1,landslide_event
R_POS_830,23722,Mizoram,Aizawl,23.758901,92.730863,2025-05-30,156.86999647226185,215.45499512925744,297.7699930034578,337.20999239198864,1,landslide_event
R_POS_831,23720,Mizoram,Aizawl,23.730243,92.75602722167967,2025-05-30,156.86999647226185,215.45499512925744,297.7699930034578,337.20999239198864,1,landslide_event
R_POS_832,23734,Mizoram,Aizawl,23.336229,92.787113,2025-05-30,211.77999327890575,274.20499184541404,376.85998910013586,431.9049880784005,1,landslide_event
R_POS_833,24105,Mizoram,Lunglei,23.105649948120117,92.745979,2025-05-30,226.9099945127964,302.45499198604375,406.3949897782877,464.18998867925256,1,landslide_event
R_POS_834,24074,Mizoram,Lunglei,23.1398868560791,92.751646,2025-05-30,226.9099945127964,302.45499198604375,406.3949897782877,464.18998867925256,1,landslide_event
R_POS_835,23750,Mizoram,Lunglei,23.183856,92.735346,2025-05-30,226.9099945127964,302.45499198604375,406.3949897782877,464.18998867925256,1,landslide_event
R_POS_836,23752,Mizoram,Lunglei,23.181806,92.736868,2025-05-30,226.9099945127964,302.45499198604375,406.3949897782877,464.18998867925256,1,landslide_event
R_POS_837,23843,Mizoram,Serchhip,23.293453216552734,92.858089,2025-05-30,256.7499948432669,291.28499374352396,376.17999115400016,420.4499903637916,1,landslide_event
R_POS_838,23770,Mizoram,Siaha,22.44437599182129,92.947323,2025-05-30,274.2799941888079,317.09499328024685,443.18999024666846,510.3249888168648,1,landslide_event
R_POS_839,23951,Mizoram,Aizawl,23.76046562194824,92.848969,2025-05-31,182.41499566379937,275.45999364648014,355.1849922221154,400.4749913327396,1,landslide_event
R_POS_840,23716,Mizoram,Aizawl,23.742469787597656,92.705587,2025-05-31,211.8749944185838,299.469992893748,389.9099907465279,438.5499897580594,1,landslide_event
R_POS_841,23942,Mizoram,Champhai,23.148208618164062,93.321183,2025-05-31,165.9549946403131,209.27499391697347,334.3849916830659,373.3699908256531,1,landslide_event
R_POS_842,23796,Mizoram,Hnahthial,23.077813,92.8984375,2025-05-31,242.224994296208,301.90999311674386,446.5349902091548,493.629989172332,1,landslide_event
R_POS_843,23797,Mizoram,Hnahthial,23.081023,92.897247,2025-05-31,242.224994296208,301.90999311674386,446.5349902091548,493.629989172332,1,landslide_event
R_POS_844,23798,Mizoram,Hnahthial,23.08434295654297,92.898597,2025-05-31,242.224994296208,301.90999311674386,446.5349902091548,493.629989172332,1,landslide_event
R_POS_845,23792,Mizoram,Hnahthial,22.902089,92.879909,2025-05-31,254.58499428257343,310.16999269090593,465.62998870853335,530.4349869713187,1,landslide_event
R_POS_846,23793,Mizoram,Hnahthial,22.967715,92.925677,2025-05-31,221.2149954251945,279.76999376062304,432.4799895156175,484.57998852804303,1,landslide_event
R_POS_847,23794,Mizoram,Hnahthial,22.971217,92.925544,2025-05-31,221.2149954251945,279.76999376062304,432.4799895156175,484.57998852804303,1,landslide_event
R_POS_848,23795,Mizoram,Hnahthial,22.969581604003903,92.925917,2025-05-31,221.2149954251945,279.76999376062304,432.4799895156175,484.57998852804303,1,landslide_event
R_POS_849,23939,Mizoram,Khawzawl,23.197704315185547,93.163019,2025-05-31,180.6049968097359,246.524995142594,358.6699921907857,405.5499915173277,1,landslide_event
R_POS_850,23937,Mizoram,Khawzawl,23.229764938354492,93.127521,2025-05-31,198.43999549001455,265.13999414723366,363.96499108243734,404.6349901463837,1,landslide_event
R_POS_851,23767,Mizoram,Lawngtlai,22.519716262817383,92.891037,2025-05-31,234.9599962774664,311.09999534487724,456.46499143447727,544.8749891482294,1,landslide_event
R_POS_852,23775,Mizoram,Lawngtlai,22.54734992980957,92.882032,2025-05-31,234.9599962774664,311.09999534487724,456.46499143447727,544.8749891482294,1,landslide_event
R_POS_853,23768,Mizoram,Lawngtlai,22.48764991760254,92.886806,2025-05-31,235.0649944003671,330.2049927879125,464.76498989295214,556.9899870399386,1,landslide_event
R_POS_854,23744,Mizoram,Lunglei,23.214239,92.740856,2025-05-31,205.58999658375976,270.61499538179487,427.1999917346984,479.3449906287715,1,landslide_event
R_POS_855,23753,Mizoram,Lunglei,23.18077087402344,92.735789,2025-05-31,226.91999457031488,301.56999239791185,454.14998853299767,512.074987356551,1,landslide_event
R_POS_856,23754,Mizoram,Lunglei,23.173606,92.739793,2025-05-31,226.91999457031488,301.56999239791185,454.14998853299767,512.074987356551,1,landslide_event
R_POS_857,23761,Mizoram,Lunglei,23.11422538757324,92.746024,2025-05-31,226.91999457031488,301.56999239791185,454.14998853299767,512.074987356551,1,landslide_event
R_POS_858,23762,Mizoram,Lunglei,23.11182403564453,92.745097,2025-05-31,226.91999457031488,301.56999239791185,454.14998853299767,512.074987356551,1,landslide_event
R_POS_859,23756,Mizoram,Lunglei,23.140846252441406,92.751229,2025-05-31,226.91999457031488,301.56999239791185,454.14998853299767,512.074987356551,1,landslide_event
R_POS_860,23782,Mizoram,Lunglei,22.788323,92.833817,2025-05-31,214.0649957191199,274.52999442256987,437.4199897367507,526.9699881179258,1,landslide_event
R_POS_861,23783,Mizoram,Lunglei,22.793307,92.819831,2025-05-31,214.0649957191199,274.52999442256987,437.4199897367507,526.9699881179258,1,landslide_event
R_POS_862,23791,Mizoram,Lunglei,22.892425537109375,92.822937,2025-05-31,200.90999542176723,265.9949941402301,451.88499019667506,518.4499889872968,1,landslide_event
R_POS_863,23776,Mizoram,Lunglei,22.64108657836914,92.867635,2025-05-31,222.1799933500588,298.5199912590906,455.1599878165871,540.5449855439365,1,landslide_event
R_POS_864,23777,Mizoram,Lunglei,22.66069221496582,92.855602,2025-05-31,222.1799933500588,298.5199912590906,455.1599878165871,540.5449855439365,1,landslide_event
R_POS_865,23778,Mizoram,Lunglei,22.688472,92.842907,2025-05-31,222.1799933500588,298.5199912590906,455.1599878165871,540.5449855439365,1,landslide_event
R_POS_866,23779,Mizoram,Lunglei,22.702165,92.836523,2025-05-31,214.0649957191199,274.52999442256987,437.4199897367507,526.9699881179258,1,landslide_event
R_POS_867,23780,Mizoram,Lunglei,22.70699882507324,92.841597,2025-05-31,214.0649957191199,274.52999442256987,437.4199897367507,526.9699881179258,1,landslide_event
R_POS_868,23781,Mizoram,Lunglei,22.745387,92.841543,2025-05-31,214.0649957191199,274.52999442256987,437.4199897367507,526.9699881179258,1,landslide_event
R_POS_869,23949,Mizoram,Saitual,23.527591705322266,92.984969,2025-05-31,195.33999487012625,253.5399938542396,339.54499218426645,374.15999129600823,1,landslide_event
R_POS_870,23808,Mizoram,Serchhip,23.322010040283203,92.85822296142578,2025-05-31,247.9499946730211,307.1599930534139,415.61999065894634,467.33498872909695,1,landslide_event
R_POS_871,23743,Mizoram,Serchhip,23.235715866088867,92.744499,2025-05-31,205.58999658375976,270.61499538179487,427.1999917346984,479.3449906287715,1,landslide_event
R_POS_872,23869,Mizoram,Serchhip,23.3071346282959,92.707624,2025-05-31,222.1249929992482,281.4949913350865,425.724987433292,480.3399864016101,1,landslide_event
R_POS_873,23870,Mizoram,Serchhip,23.306409,92.706083,2025-05-31,222.1249929992482,281.4949913350865,425.724987433292,480.3399864016101,1,landslide_event
R_POS_874,23871,Mizoram,Serchhip,23.306012,92.704212,2025-05-31,222.1249929992482,281.4949913350865,425.724987433292,480.3399864016101,1,landslide_event
R_POS_875,23741,Mizoram,Serchhip,23.239797,92.744214,2025-05-31,205.58999658375976,270.61499538179487,427.1999917346984,479.3449906287715,1,landslide_event
R_POS_876,23742,Mizoram,Serchhip,23.238784790039062,92.744224,2025-05-31,205.58999658375976,270.61499538179487,427.1999917346984,479.3449906287715,1,landslide_event
R_POS_877,23737,Mizoram,Serchhip,23.316491,92.788798,2025-05-31,222.1249929992482,281.4949913350865,425.724987433292,480.3399864016101,1,landslide_event
R_POS_878,23809,Mizoram,Serchhip,23.322038650512695,92.859147,2025-05-31,247.9499946730211,307.1599930534139,415.61999065894634,467.33498872909695,1,landslide_event
R_POS_879,23810,Mizoram,Serchhip,23.319156,92.857722,2025-05-31,247.9499946730211,307.1599930534139,415.61999065894634,467.33498872909695,1,landslide_event
R_POS_880,23811,Mizoram,Serchhip,23.317543029785156,92.858683,2025-05-31,247.9499946730211,307.1599930534139,415.61999065894634,467.33498872909695,1,landslide_event
R_POS_881,23812,Mizoram,Serchhip,23.318568,92.852294,2025-05-31,247.9499946730211,307.1599930534139,415.61999065894634,467.33498872909695,1,landslide_event
R_POS_882,23814,Mizoram,Serchhip,23.319412231445312,92.85541534423828,2025-05-31,247.9499946730211,307.1599930534139,415.61999065894634,467.33498872909695,1,landslide_event
R_POS_883,23815,Mizoram,Serchhip,23.319184,92.856725,2025-05-31,247.9499946730211,307.1599930534139,415.61999065894634,467.33498872909695,1,landslide_event
R_POS_884,23816,Mizoram,Serchhip,23.30928611755371,92.850807,2025-05-31,247.9499946730211,307.1599930534139,415.61999065894634,467.33498872909695,1,landslide_event
R_POS_885,23819,Mizoram,Serchhip,23.31527328491211,92.856524,2025-05-31,247.9499946730211,307.1599930534139,415.61999065894634,467.33498872909695,1,landslide_event
R_POS_886,23820,Mizoram,Serchhip,23.311529,92.85443115234376,2025-05-31,247.9499946730211,307.1599930534139,415.61999065894634,467.33498872909695,1,landslide_event
R_POS_887,23821,Mizoram,Serchhip,23.316370010375977,92.854172,2025-05-31,247.9499946730211,307.1599930534139,415.61999065894634,467.33498872909695,1,landslide_event
R_POS_888,23822,Mizoram,Serchhip,23.310073852539062,92.858498,2025-05-31,247.9499946730211,307.1599930534139,415.61999065894634,467.33498872909695,1,landslide_event
R_POS_889,23823,Mizoram,Serchhip,23.309295,92.860017,2025-05-31,247.9499946730211,307.1599930534139,415.61999065894634,467.33498872909695,1,landslide_event
R_POS_890,23825,Mizoram,Serchhip,23.308778,92.858357,2025-05-31,247.9499946730211,307.1599930534139,415.61999065894634,467.33498872909695,1,landslide_event
R_POS_891,23826,Mizoram,Serchhip,23.30083656311035,92.855693,2025-05-31,247.9499946730211,307.1599930534139,415.61999065894634,467.33498872909695,1,landslide_event
R_POS_892,23827,Mizoram,Serchhip,23.3007869720459,92.853572,2025-05-31,247.9499946730211,307.1599930534139,415.61999065894634,467.33498872909695,1,landslide_event
R_POS_893,23828,Mizoram,Serchhip,23.305322647094727,92.852358,2025-05-31,247.9499946730211,307.1599930534139,415.61999065894634,467.33498872909695,1,landslide_event
R_POS_894,23831,Mizoram,Serchhip,23.298928,92.857435,2025-05-31,259.1049945689738,324.40999291371554,416.20498999301344,470.3949889196083,1,landslide_event
R_POS_895,23832,Mizoram,Serchhip,23.31084632873535,92.858915,2025-05-31,247.9499946730211,307.1599930534139,415.61999065894634,467.33498872909695,1,landslide_event
R_POS_896,23833,Mizoram,Serchhip,23.31133460998535,92.858026,2025-05-31,247.9499946730211,307.1599930534139,415.61999065894634,467.33498872909695,1,landslide_event
R_POS_897,23835,Mizoram,Serchhip,23.305700302124023,92.852802,2025-05-31,247.9499946730211,307.1599930534139,415.61999065894634,467.33498872909695,1,landslide_event
R_POS_898,23840,Mizoram,Serchhip,23.301381,92.853078,2025-05-31,247.9499946730211,307.1599930534139,415.61999065894634,467.33498872909695,1,landslide_event
R_POS_899,23841,Mizoram,Serchhip,23.299628,92.855609,2025-05-31,259.1049945689738,324.40999291371554,416.20498999301344,470.3949889196083,1,landslide_event
R_POS_900,23849,Mizoram,Serchhip,23.301587,92.868485,2025-05-31,247.9499946730211,307.1599930534139,415.61999065894634,467.33498872909695,1,landslide_event
R_POS_901,23850,Mizoram,Serchhip,23.313996,92.863984,2025-05-31,247.9499946730211,307.1599930534139,415.61999065894634,467.33498872909695,1,landslide_event
R_POS_902,23852,Mizoram,Serchhip,23.322799682617188,92.862406,2025-05-31,247.9499946730211,307.1599930534139,415.61999065894634,467.33498872909695,1,landslide_event
R_POS_903,23853,Mizoram,Serchhip,23.286141,92.868152,2025-05-31,259.1049945689738,324.40999291371554,416.20498999301344,470.3949889196083,1,landslide_event
R_POS_904,23854,Mizoram,Serchhip,23.281219,92.869608,2025-05-31,259.1049945689738,324.40999291371554,416.20498999301344,470.3949889196083,1,landslide_event
R_POS_905,23855,Mizoram,Serchhip,23.274148,92.871011,2025-05-31,259.1049945689738,324.40999291371554,416.20498999301344,470.3949889196083,1,landslide_event
R_POS_906,23861,Mizoram,Serchhip,23.286735,92.8570327758789,2025-05-31,259.1049945689738,324.40999291371554,416.20498999301344,470.3949889196083,1,landslide_event
R_POS_907,23862,Mizoram,Serchhip,23.284564971923828,92.857096,2025-05-31,259.1049945689738,324.40999291371554,416.20498999301344,470.3949889196083,1,landslide_event
R_POS_908,23865,Mizoram,Serchhip,23.288276,92.830821,2025-05-31,259.1049945689738,324.40999291371554,416.20498999301344,470.3949889196083,1,landslide_event
R_POS_909,23805,Mizoram,Serchhip,23.198119,92.899566,2025-05-31,210.93999564647677,284.3849939899519,414.74499136582017,461.2799901021645,1,landslide_event
R_POS_910,23806,Mizoram,Serchhip,23.223594,92.914767,2025-05-31,209.88999573886397,279.76999457832426,367.92499234806746,429.24499161262065,1,landslide_event
R_POS_911,23807,Mizoram,Serchhip,23.22522735595703,92.912496,2025-05-31,209.88999573886397,279.76999457832426,367.92499234806746,429.24499161262065,1,landslide_event
R_POS_912,23860,Mizoram,Serchhip,23.24385452270508,92.905242,2025-05-31,209.88999573886397,279.76999457832426,367.92499234806746,429.24499161262065,1,landslide_event
R_POS_913,23934,Mizoram,Serchhip,23.191499710083008,93.01102447509766,2025-05-31,189.31999646313488,253.82999489177016,363.4599917586893,404.59999066311866,1,landslide_event
R_POS_914,23935,Mizoram,Serchhip,23.183361053466797,93.066742,2025-05-31,189.31999646313488,253.82999489177016,363.4599917586893,404.59999066311866,1,landslide_event
R_POS_915,23739,Mizoram,Serchhip,23.239076614379883,92.745631,2025-05-31,205.58999658375976,270.61499538179487,427.1999917346984,479.3449906287715,1,landslide_event
R_POS_916,23813,Mizoram,Serchhip,23.323423385620117,92.860926,2025-05-31,247.9499946730211,307.1599930534139,415.61999065894634,467.33498872909695,1,landslide_event
R_POS_917,23817,Mizoram,Serchhip,23.101119995117188,92.852784,2025-05-31,210.93999564647677,284.3849939899519,414.74499136582017,461.2799901021645,1,landslide_event
R_POS_918,23818,Mizoram,Serchhip,23.309913635253903,92.853522,2025-05-31,247.9499946730211,307.1599930534139,415.61999065894634,467.33498872909695,1,landslide_event
R_POS_919,23824,Mizoram,Serchhip,23.308629,92.860039,2025-05-31,247.9499946730211,307.1599930534139,415.61999065894634,467.33498872909695,1,landslide_event
R_POS_920,23845,Mizoram,Serchhip,23.298166275024418,92.858694,2025-05-31,259.1049945689738,324.40999291371554,416.20498999301344,470.3949889196083,1,landslide_event
R_POS_921,23856,Mizoram,Serchhip,23.272548,92.874296,2025-05-31,259.1049945689738,324.40999291371554,416.20498999301344,470.3949889196083,1,landslide_event
R_POS_922,23803,Mizoram,Serchhip,23.188273,92.898879,2025-05-31,210.93999564647677,284.3849939899519,414.74499136582017,461.2799901021645,1,landslide_event
R_POS_923,23769,Mizoram,Siaha,22.40421485900879,92.951647,2025-05-31,208.33499544579536,305.4349935306236,448.5199900036678,522.6349884998053,1,landslide_event
R_POS_924,23772,Mizoram,Siaha,22.49099922180176,92.97075653076172,2025-05-31,208.33499544579536,305.4349935306236,448.5199900036678,522.6349884998053,1,landslide_event
R_POS_925,23774,Mizoram,Siaha,22.43710708618164,92.946912,2025-05-31,208.33499544579536,305.4349935306236,448.5199900036678,522.6349884998053,1,landslide_event
R_POS_926,23771,Mizoram,Siaha,22.491822,92.970252,2025-05-31,208.33499544579536,305.4349935306236,448.5199900036678,522.6349884998053,1,landslide_event
R_POS_927,23956,Mizoram,Aizawl,24.36571502685547,92.930137,2025-06-01,132.684996814467,214.6299946354702,326.5249919304624,438.1149891326204,1,landslide_event
R_POS_928,23721,Mizoram,Aizawl,23.750240325927734,92.736662,2025-06-01,190.3549952479079,347.2249917201698,471.9549887524918,527.2399876518175,1,landslide_event
R_POS_929,23952,Mizoram,Aizawl,23.807952,92.834037,2025-06-01,162.15499608125538,280.9399927118793,420.3449894385412,469.33498828019947,1,landslide_event
R_POS_930,23724,Mizoram,Aizawl,23.74580192565918,92.717053,2025-06-01,190.3549952479079,347.2249917201698,471.9549887524918,527.2399876518175,1,landslide_event
R_POS_931,23727,Mizoram,Aizawl,23.469247,92.744068,2025-06-01,164.61999493278563,355.22999079339206,514.254987642169,573.9749859953299,1,landslide_event
R_POS_932,23940,Mizoram,Champhai,23.198136,93.166988,2025-06-01,133.4799975110218,323.36999396421015,453.9599904548377,508.6249896483496,1,landslide_event
R_POS_933,23941,Mizoram,Champhai,23.177311,93.198157,2025-06-01,133.4799975110218,323.36999396421015,453.9599904548377,508.6249896483496,1,landslide_event
R_POS_934,23799,Mizoram,Hnahthial,23.170678,92.899334,2025-06-01,178.47999666817486,387.5949922744185,537.6849893778563,585.0499880984426,1,landslide_event
R_POS_935,23938,Mizoram,Khawzawl,23.206600189208984,93.148665,2025-06-01,136.59999640192837,344.09999186359346,458.834988348186,505.1149872364476,1,landslide_event
R_POS_936,23943,Mizoram,Khawzawl,23.14788055419922,93.323791,2025-06-01,96.85999725572763,274.13499163649976,389.73998974915594,453.84998842235655,1,landslide_event
R_POS_937,24107,Mizoram,Lunglei,23.104623,92.747711,2025-06-01,174.36999582126737,401.27999033406377,576.7499857293442,636.0999845005572,1,landslide_event
R_POS_938,24034,Mizoram,Lunglei,23.184091,92.738895,2025-06-01,174.36999582126737,401.27999033406377,576.7499857293442,636.0999845005572,1,landslide_event
R_POS_939,23920,Mizoram,Lunglei,23.206239,92.491221,2025-06-01,207.66999500337988,360.049990943633,538.02998645138,628.064983968623,1,landslide_event
R_POS_940,23921,Mizoram,Lunglei,23.199961,92.488796,2025-06-01,198.4699956951663,379.6749907005578,599.5699864225462,651.5299851577729,1,landslide_event
R_POS_941,23922,Mizoram,Lunglei,23.178239822387695,92.491031,2025-06-01,198.4699956951663,379.6749907005578,599.5699864225462,651.5299851577729,1,landslide_event
R_POS_942,23923,Mizoram,Lunglei,23.180969,92.488193,2025-06-01,198.4699956951663,379.6749907005578,599.5699864225462,651.5299851577729,1,landslide_event
R_POS_943,23924,Mizoram,Lunglei,23.180354,92.486971,2025-06-01,198.4699956951663,379.6749907005578,599.5699864225462,651.5299851577729,1,landslide_event
R_POS_944,23925,Mizoram,Lunglei,23.182466,92.487731,2025-06-01,198.4699956951663,379.6749907005578,599.5699864225462,651.5299851577729,1,landslide_event
R_POS_945,23875,Mizoram,Lunglei,23.297521,92.689449,2025-06-01,200.3249959470704,393.12499064952135,579.4049861757085,631.5299848448485,1,landslide_event
R_POS_946,23876,Mizoram,Lunglei,23.303739547729492,92.672816,2025-06-01,186.62999568600208,390.4449920710176,557.5499868988991,613.424985668622,1,landslide_event
R_POS_947,23877,Mizoram,Lunglei,23.304122924804688,92.671521,2025-06-01,186.62999568600208,390.4449920710176,557.5499868988991,613.424985668622,1,landslide_event
R_POS_948,23878,Mizoram,Lunglei,23.30610466003418,92.671296,2025-06-01,186.62999568600208,390.4449920710176,557.5499868988991,613.424985668622,1,landslide_event
R_POS_949,23879,Mizoram,Lunglei,23.306338,92.666573,2025-06-01,186.62999568600208,390.4449920710176,557.5499868988991,613.424985668622,1,landslide_event
R_POS_950,23880,Mizoram,Lunglei,23.3204402923584,92.643229,2025-06-01,186.62999568600208,390.4449920710176,557.5499868988991,613.424985668622,1,landslide_event
R_POS_951,23881,Mizoram,Lunglei,23.301901,92.649401,2025-06-01,186.62999568600208,390.4449920710176,557.5499868988991,613.424985668622,1,landslide_event
R_POS_952,23927,Mizoram,Lunglei,23.251004,92.6366729736328,2025-06-01,200.3249959470704,393.12499064952135,579.4049861757085,631.5299848448485,1,landslide_event
R_POS_953,23760,Mizoram,Lunglei,23.114694,92.743931,2025-06-01,174.36999582126737,401.27999033406377,576.7499857293442,636.0999845005572,1,landslide_event
R_POS_954,23882,Mizoram,Lunglei,23.246611,92.655112,2025-06-01,200.3249959470704,393.12499064952135,579.4049861757085,631.5299848448485,1,landslide_event
R_POS_955,23888,Mizoram,Lunglei,23.173900604248047,92.611378,2025-06-01,172.60999674536288,412.7649912480265,600.5249869069085,651.004985393025,1,landslide_event
R_POS_956,23889,Mizoram,Lunglei,23.17325782775879,92.611929,2025-06-01,172.60999674536288,412.7649912480265,600.5249869069085,651.004985393025,1,landslide_event
R_POS_957,23890,Mizoram,Lunglei,23.17251968383789,92.611434,2025-06-01,172.60999674536288,412.7649912480265,600.5249869069085,651.004985393025,1,landslide_event
R_POS_958,23896,Mizoram,Lunglei,23.200105,92.584517,2025-06-01,189.00499529391527,408.73999164812267,605.9849863527343,662.079985386692,1,landslide_event
R_POS_959,23917,Mizoram,Lunglei,23.204981,92.534603,2025-06-01,223.8699943646789,402.259989656508,575.1449844650924,641.7599832164124,1,landslide_event
R_POS_960,23918,Mizoram,Lunglei,23.206253051757812,92.533605,2025-06-01,223.8699943646789,402.259989656508,575.1449844650924,641.7599832164124,1,landslide_event
R_POS_961,23919,Mizoram,Lunglei,23.209857,92.500587,2025-06-01,223.8699943646789,402.259989656508,575.1449844650924,641.7599832164124,1,landslide_event
R_POS_962,23926,Mizoram,Lunglei,23.2047061920166,92.533825,2025-06-01,223.8699943646789,402.259989656508,575.1449844650924,641.7599832164124,1,landslide_event
R_POS_963,23784,Mizoram,Lunglei,22.866131,92.772713,2025-06-01,135.97499765921384,367.29999198485166,570.2999870879576,638.2249853536487,1,landslide_event
R_POS_964,23785,Mizoram,Lunglei,22.903567,92.758702,2025-06-01,165.0349970953539,445.4099902454764,617.2149863140658,677.8649843372405,1,landslide_event
R_POS_965,23786,Mizoram,Lunglei,22.903453826904297,92.760096,2025-06-01,165.0349970953539,445.4099902454764,617.2149863140658,677.8649843372405,1,landslide_event
R_POS_966,23787,Mizoram,Lunglei,22.90461540222168,92.75704956054688,2025-06-01,165.0349970953539,445.4099902454764,617.2149863140658,677.8649843372405,1,landslide_event
R_POS_967,23788,Mizoram,Lunglei,22.922528,92.752404,2025-06-01,165.0349970953539,445.4099902454764,617.2149863140658,677.8649843372405,1,landslide_event
R_POS_968,23790,Mizoram,Lunglei,22.880420684814453,92.821692,2025-06-01,131.20999701414257,354.51999156177044,554.7399873705581,622.4749861536548,1,landslide_event
R_POS_969,24100,Mizoram,Lunglei,23.112390518188477,92.745417,2025-06-01,174.36999582126737,401.27999033406377,576.7499857293442,636.0999845005572,1,landslide_event
R_POS_970,23887,Mizoram,Lunglei,23.174558,92.612556,2025-06-01,172.60999674536288,412.7649912480265,600.5249869069085,651.004985393025,1,landslide_event
R_POS_971,23891,Mizoram,Lunglei,23.17265892028809,92.611828,2025-06-01,172.60999674536288,412.7649912480265,600.5249869069085,651.004985393025,1,landslide_event
R_POS_972,23892,Mizoram,Lunglei,23.198272,92.589291,2025-06-01,189.00499529391527,408.73999164812267,605.9849863527343,662.079985386692,1,landslide_event
R_POS_973,23893,Mizoram,Lunglei,23.19896125793457,92.590043,2025-06-01,189.00499529391527,408.73999164812267,605.9849863527343,662.079985386692,1,landslide_event
R_POS_974,23894,Mizoram,Lunglei,23.199094772338867,92.586671,2025-06-01,189.00499529391527,408.73999164812267,605.9849863527343,662.079985386692,1,landslide_event
R_POS_975,23895,Mizoram,Lunglei,23.19941520690918,92.585883,2025-06-01,189.00499529391527,408.73999164812267,605.9849863527343,662.079985386692,1,landslide_event
R_POS_976,23866,Mizoram,Serchhip,23.29386329650879,92.741368,2025-06-01,186.8749948879704,381.1299924692139,556.7549883658066,607.224987254478,1,landslide_event
R_POS_977,23867,Mizoram,Serchhip,23.295774459838867,92.740012,2025-06-01,186.8749948879704,381.1299924692139,556.7549883658066,607.224987254478,1,landslide_event
R_POS_978,23868,Mizoram,Serchhip,23.302650451660156,92.742945,2025-06-01,174.5349944056943,386.31498768460006,547.8949835719541,603.5549825681373,1,landslide_event
R_POS_979,23872,Mizoram,Serchhip,23.300291061401367,92.69577026367188,2025-06-01,186.62999568600208,390.4449920710176,557.5499868988991,613.424985668622,1,landslide_event
R_POS_980,23873,Mizoram,Serchhip,23.299806,92.694901,2025-06-01,200.3249959470704,393.12499064952135,579.4049861757085,631.5299848448485,1,landslide_event
R_POS_981,23874,Mizoram,Serchhip,23.299312,92.692614,2025-06-01,200.3249959470704,393.12499064952135,579.4049861757085,631.5299848448485,1,landslide_event
R_POS_982,23740,Mizoram,Serchhip,23.239137,92.744468,2025-06-01,186.8749948879704,381.1299924692139,556.7549883658066,607.224987254478,1,landslide_event
R_POS_983,23836,Mizoram,Serchhip,23.307092666625977,92.856289,2025-06-01,173.28999673295766,415.0149915749207,540.9599885381758,594.4699865542352,1,landslide_event
R_POS_984,23837,Mizoram,Serchhip,23.307523727416992,92.857678,2025-06-01,173.28999673295766,415.0149915749207,540.9599885381758,594.4699865542352,1,landslide_event
R_POS_985,23838,Mizoram,Serchhip,23.305938720703125,92.857538,2025-06-01,173.28999673295766,415.0149915749207,540.9599885381758,594.4699865542352,1,landslide_event
R_POS_986,23839,Mizoram,Serchhip,23.303906,92.853173,2025-06-01,173.28999673295766,415.0149915749207,540.9599885381758,594.4699865542352,1,landslide_event
R_POS_987,23846,Mizoram,Serchhip,23.346456,92.851511,2025-06-01,173.28999673295766,415.0149915749207,540.9599885381758,594.4699865542352,1,landslide_event
R_POS_988,23847,Mizoram,Serchhip,23.346599578857425,92.854847,2025-06-01,173.28999673295766,415.0149915749207,540.9599885381758,594.4699865542352,1,landslide_event
R_POS_989,23857,Mizoram,Serchhip,23.27122688293457,92.874544,2025-06-01,174.57499511167407,431.324989954941,539.8599865874276,594.1249855058268,1,landslide_event
R_POS_990,23858,Mizoram,Serchhip,23.27054786682129,92.877577,2025-06-01,174.57499511167407,431.324989954941,539.8599865874276,594.1249855058268,1,landslide_event
R_POS_991,23859,Mizoram,Serchhip,23.67700958251953,92.8789520263672,2025-06-01,191.40999558474869,336.06499192491174,459.5299887526781,523.2749871714041,1,landslide_event
R_POS_992,23863,Mizoram,Serchhip,23.28144264221191,92.840145,2025-06-01,174.57499511167407,431.324989954941,539.8599865874276,594.1249855058268,1,landslide_event
R_POS_993,23800,Mizoram,Serchhip,23.180345,92.900082,2025-06-01,178.47999666817486,387.5949922744185,537.6849893778563,585.0499880984426,1,landslide_event
R_POS_994,23930,Mizoram,Serchhip,23.223807,92.944448,2025-06-01,170.9249967597425,377.8749927915633,485.1449902821332,546.9099895814434,1,landslide_event
R_POS_995,23931,Mizoram,Serchhip,23.21795082092285,92.998007,2025-06-01,170.9249967597425,377.8749927915633,485.1449902821332,546.9099895814434,1,landslide_event
R_POS_996,23932,Mizoram,Serchhip,23.217324,92.99812316894533,2025-06-01,170.9249967597425,377.8749927915633,485.1449902821332,546.9099895814434,1,landslide_event
R_POS_997,23933,Mizoram,Serchhip,23.199169158935547,93.000199,2025-06-01,166.72999586816877,398.1999907074496,511.5899878293276,561.3849870758131,1,landslide_event
R_POS_998,23801,Mizoram,Serchhip,23.187383,92.89826202392578,2025-06-01,178.47999666817486,387.5949922744185,537.6849893778563,585.0499880984426,1,landslide_event
R_POS_999,23802,Mizoram,Serchhip,23.187762,92.898034,2025-06-01,178.47999666817486,387.5949922744185,537.6849893778563,585.0499880984426,1,landslide_event
R_POS_1000,23928,Mizoram,Serchhip,23.23489761352539,92.911307,2025-06-01,170.9249967597425,377.8749927915633,485.1449902821332,546.9099895814434,1,landslide_event
R_POS_1001,23929,Mizoram,Serchhip,23.225619,92.924909,2025-06-01,170.9249967597425,377.8749927915633,485.1449902821332,546.9099895814434,1,landslide_event
R_POS_1002,23864,Mizoram,Serchhip,23.280946731567383,92.83670043945312,2025-06-01,174.57499511167407,431.324989954941,539.8599865874276,594.1249855058268,1,landslide_event
R_POS_1003,23773,Mizoram,Siaha,22.469737,93.100868,2025-06-01,80.77999829500914,314.464991572313,474.30498831067234,553.6399864852428,1,landslide_event
R_POS_1004,24048,Mizoram,Lunglei,23.164812088012695,92.743396,2025-06-02,126.2249970920384,353.1449916623533,555.714986265637,637.3749844506383,1,landslide_event
R_POS_1005,23789,Mizoram,Lunglei,22.895235061645508,92.747812,2025-06-02,103.84499818924814,325.25499258283526,526.0399883827195,635.4549854723737,1,landslide_event
R_POS_1006,24002,Mizoram,Lunglei,23.230113983154297,92.740067,2025-06-02,132.5199965313077,338.1099931150675,521.8899889625609,609.504987180233,1,landslide_event
R_POS_1007,24004,Mizoram,Lunglei,23.226842880249023,92.740266,2025-06-02,132.5199965313077,338.1099931150675,521.8899889625609,609.504987180233,1,landslide_event
R_POS_1008,24014,Mizoram,Lunglei,23.201335,92.734857,2025-06-02,132.5199965313077,338.1099931150675,521.8899889625609,609.504987180233,1,landslide_event
R_POS_1009,24015,Mizoram,Lunglei,23.201614379882812,92.734453,2025-06-02,132.5199965313077,338.1099931150675,521.8899889625609,609.504987180233,1,landslide_event
R_POS_1010,24016,Mizoram,Lunglei,23.201759,92.734328,2025-06-02,132.5199965313077,338.1099931150675,521.8899889625609,609.504987180233,1,landslide_event
R_POS_1011,23999,Mizoram,Serchhip,23.239287,92.74817657470705,2025-06-02,132.5199965313077,338.1099931150675,521.8899889625609,609.504987180233,1,landslide_event
R_POS_1012,24000,Mizoram,Serchhip,23.23735618591309,92.744978,2025-06-05,3.359999865293503,63.06499821413309,444.194990683347,637.7149860747159,1,landslide_event
R_POS_1013,23953,Mizoram,Aizawl,24.285871,92.94599151611328,2025-06-14,28.43999902624637,28.43999902624637,58.71499807201326,287.7749916287139,1,landslide_event
R_POS_1014,23954,Mizoram,Aizawl,24.288014,92.946017,2025-06-14,28.43999902624637,28.43999902624637,58.71499807201326,287.7749916287139,1,landslide_event
R_POS_1015,23945,Mizoram,Khawzawl,23.54405212402344,93.155591,2025-06-14,15.209999676793814,21.024999622255564,95.62999806459992,406.0599912153557,1,landslide_event
R_POS_1016,23946,Mizoram,Khawzawl,23.545766,93.147931,2025-06-14,15.209999676793814,21.024999622255564,95.62999806459992,406.0599912153557,1,landslide_event
R_POS_1017,23947,Mizoram,Khawzawl,23.526599884033203,93.192968,2025-06-14,15.209999676793814,21.024999622255564,95.62999806459992,406.0599912153557,1,landslide_event
R_POS_1018,25781,Nagaland,Chumoukedima,25.7802266,93.93616485595705,2024-09-03,69.07499911636114,71.13999907113612,83.15499886218458,167.7799970768392,1,landslide_event
R_POS_1019,25782,Nagaland,Chumoukedima,25.7746019,93.9148756,2024-09-03,69.07499911636114,71.13999907113612,83.15499886218458,167.7799970768392,1,landslide_event
R_POS_1020,25794,Nagaland,Chumoukedima,25.78529930114746,93.80139923095705,2024-09-03,49.16999910864979,50.939999064430594,60.36499867960811,156.1799964280799,1,landslide_event
R_POS_1021,24795,Nagaland,Dimapur,25.784170150756836,93.80027770996094,2013-07-16,38.37499957997352,42.45999948773533,99.9099978832528,161.3474962376058,1,landslide_event
R_POS_1022,24751,Nagaland,Dimapur,25.769390106201172,93.8027801513672,2013-07-16,27.09999935887754,34.05499919317663,82.36499833501875,150.126997301355,1,landslide_event
R_POS_1023,25961,Nagaland,Dimapur,26.072559356689453,93.9280014038086,2019-05-09,0.0,0.4399999938905239,59.049998346716166,118.31349710933864,1,landslide_event
R_POS_1024,25975,Nagaland,Kohima,25.68002778,94.07266667,2012-07-29,19.22499956190586,77.20999824721366,124.66999701596797,194.72999521251768,1,landslide_event
R_POS_1025,25976,Nagaland,Kohima,25.67005556,94.11299896240234,2012-07-31,5.929999874904752,21.974999459460378,109.88499727845192,189.33999550621957,1,landslide_event
R_POS_1026,25977,Nagaland,Kohima,25.68436111,94.20497222,2012-08-06,34.28999924380332,38.36499910522252,75.98099806997925,201.34599449578673,1,landslide_event
R_POS_1027,25978,Nagaland,Kohima,25.68133333,94.20877778,2012-08-07,55.14999874867499,57.184998670592904,95.89599760249256,220.80599405709657,1,landslide_event
R_POS_1028,25979,Nagaland,Kohima,25.67275047302246,94.21136111,2012-08-08,23.23999945539981,57.529998699203134,93.47099770978092,206.8559944378212,1,landslide_event
R_POS_1029,25793,Nagaland,Kohima,25.612499237060547,94.127197265625,2024-07-06,13.484999800100924,50.564998630434275,190.13499610498548,356.79999275226146,1,landslide_event
R_POS_1030,24466,Nagaland,Kohima,25.660829544067383,94.102783203125,2008-08-02,23.350999453105032,34.74099918920547,71.06599821522832,188.64599562995136,1,landslide_event
R_POS_1031,24491,Nagaland,Kohima,25.666669845581055,94.1097183227539,2007-08-12,9.309999845921991,14.094999723136423,25.349999533966184,58.16449893638491,1,landslide_event
R_POS_1032,24516,Nagaland,Kohima,25.669170379638672,94.1072235107422,2008-08-16,8.939999854192138,49.61499869264662,137.3549967482686,199.35599528439343,1,landslide_event
R_POS_1033,25802,Nagaland,Kohima,25.770055,93.937873,2022-10-15,3.5099998861551285,8.629999823868275,33.83499941602349,95.76299796625972,1,landslide_event
R_POS_1034,25803,Nagaland,Kohima,25.771451,93.907041,2022-09-30,2.214999926276505,29.379999299533665,57.48999855760485,79.55499808769673,1,landslide_event
R_POS_1035,25853,Nagaland,Kohima,25.76618333,93.94043611,2023-09-08,49.73499890975654,51.41499884985387,56.81499863509089,81.45499812997878,1,landslide_event
R_POS_1036,24660,Nagaland,Kohima,25.716110229492188,94.08882904052734,2013-07-03,36.67499930318445,53.92799881566316,85.69299815036356,172.127995563671,1,landslide_event
R_POS_1037,25800,Nagaland,Kohima,25.7491204,94.0804548,2022-09-25,15.009999588131905,27.819999208673835,42.01999895740301,147.9499958427623,1,landslide_event
R_POS_1038,25807,Nagaland,Kohima,25.770064,93.937891,2022-11-12,0.044999998062849,0.044999998062849,0.464999983087182,0.6714999750256538,1,landslide_event
R_POS_1039,25868,Nagaland,Kohima,25.66754722,94.08075278,2023-10-02,7.729999836534262,13.87499971035868,45.624999141320586,108.0799978096038,1,landslide_event
R_POS_1040,25907,Nagaland,Kohima,25.85442778,94.15844444,2018-08-23,26.724999414756898,31.32999932114035,87.17999811470509,158.82999640982598,1,landslide_event
R_POS_1041,25908,Nagaland,Kohima,25.857991,94.159346,2018-08-23,26.724999414756898,31.32999932114035,87.17999811470509,158.82999640982598,1,landslide_event
R_POS_1042,25922,Nagaland,Kohima,25.660900115966797,94.05359649658205,2024-08-23,22.589999502524737,50.54999862704426,144.0249965125695,199.51999527588487,1,landslide_event
R_POS_1043,24708,Nagaland,Kohima,25.74696922302246,93.9816665649414,2013-09-08,6.879999878816307,21.08999970089644,48.16499919816851,94.20499829482289,1,landslide_event
R_POS_1044,25936,Nagaland,Kohima,25.686250686645508,94.04297222,2025-07-25,14.119999762624502,21.274999659508467,30.39999946951866,65.36999856866896,1,landslide_event
R_POS_1045,25798,Nagaland,Kohima,25.71711111,94.08561111,2017-10-29,56.58999915421009,56.66499915160239,57.124999144114554,156.89999702572825,1,landslide_event
R_POS_1046,25799,Nagaland,Kohima,25.712031,94.089791,2022-09-12,45.60999855771661,75.64499766752124,108.51499688625336,123.03849653806536,1,landslide_event
R_POS_1047,25801,Nagaland,Kohima,25.7179491,94.0917724,2022-09-28,34.16999914497137,52.90499870572239,68.07999825756997,115.05499718151988,1,landslide_event
R_POS_1048,25934,Nagaland,Kohima,25.73424911499023,94.00119444,2015-07-15,32.169998943805695,32.77999892830849,44.63499862048775,70.79649788234383,1,landslide_event
R_POS_1049,25940,Nagaland,Kohima,25.62509167,94.11405278,2015-07-18,92.27999774366616,129.1099965972826,135.27999633550644,166.91499552689493,1,landslide_event
R_POS_1050,25923,Nagaland,Mokokchung,26.45277976989746,94.37525939941406,2025-07-08,19.35999958217144,52.654999032616615,178.73999638669193,287.43499438185245,1,landslide_event
R_POS_1051,25789,Nagaland,Mokokchung,26.4242282,94.3924136,2025-07-05,21.029999500140548,129.9099971903488,180.23999624606225,298.95499437954277,1,landslide_event
R_POS_1052,25787,Nagaland,Mokokchung,26.4527822,94.375268,2025-07-08,19.35999958217144,52.654999032616615,178.73999638669193,287.43499438185245,1,landslide_event
R_POS_1053,25980,Nagaland,Phek,25.66666667,94.19602778,2012-08-07,46.73999892361462,48.99499888531864,90.97049756161869,217.43549448158592,1,landslide_event
R_POS_1054,25784,Nagaland,Tseminyu,25.8816564,94.1902346,2025-01-19,0.0,0.0,0.1799999959766864,0.6649999879300594,1,landslide_event
R_POS_1055,25932,Nagaland,Tseminyu,25.881650924682617,94.1902313232422,2025-01-19,0.0,0.0,0.1799999959766864,0.6649999879300594,1,landslide_event
R_POS_1056,24968,Nagaland,Tuensang,25.899999618530273,94.78916931152344,2009-06-21,39.39999910071492,70.0299985036254,71.06499846559018,87.99499806575477,1,landslide_event
R_POS_1057,24950,Nagaland,Tuensang,25.886669158935547,94.78639221191406,2009-06-21,39.39999910071492,70.0299985036254,71.06499846559018,87.99499806575477,1,landslide_event
R_POS_1058,25487,Nagaland,Tuensang,26.34416961669922,94.83332824707033,2009-06-20,71.05999868363142,106.2249975092709,111.36999735143036,216.07499474752697,1,landslide_event
R_POS_1059,25971,Nagaland,Tuensang,26.22480556,94.81236111,2012-07-03,24.074999265372753,42.68299875408411,79.27799779735506,265.64299368020147,1,landslide_event
R_POS_1060,25972,Nagaland,Tuensang,26.26336111,94.81563889,2012-06-30,30.20999913662672,31.81999909691513,78.87499791756272,253.67999413143843,1,landslide_event
R_POS_1061,25973,Nagaland,Tuensang,26.18302778,94.81619444,2012-05-25,0.6899999715387821,0.7499999701976776,4.474999938160181,11.169999714009464,1,landslide_event
R_POS_1062,25506,Nagaland,Tuensang,26.387779235839844,94.8258285522461,2009-08-20,40.11499906517565,52.20999878644943,112.69499712996183,291.17499405611306,1,landslide_event
R_POS_1063,25499,Nagaland,Tuensang,26.37639045715332,94.84056091308594,2009-06-20,71.05999868363142,106.2249975092709,111.36999735143036,216.07499474752697,1,landslide_event
R_POS_1064,25505,Nagaland,Tuensang,26.387779235839844,94.8258285522461,2009-07-27,21.294999685138464,41.824999157339334,71.7249984042719,172.83999600540847,1,landslide_event
R_POS_1065,25490,Nagaland,Tuensang,26.360830307006836,94.83999633789062,2009-06-04,13.369999777525663,15.251499760895967,38.111499248072505,91.19649797398596,1,landslide_event
R_POS_1066,24146,Nagaland,Tuensang,23.725778,91.645694,2018-05-11,27.939999468624592,93.28999859746546,178.84999634698033,265.7659951103851,1,landslide_event
R_POS_1067,25796,Nagaland,Wokha,26.111335,94.257114,2024-07-15,40.83999941404909,51.67499905731529,57.64499884750694,212.1249952716753,1,landslide_event
R_POS_1068,25797,Nagaland,Wokha,26.08945083618164,94.264217,2024-07-23,9.594999682158232,44.589998812414706,66.1499983035028,119.08999700378628,1,landslide_event
R_POS_1069,25211,Nagaland,Wokha,26.10694722,94.25328889,2021-09-18,12.954999774694445,38.00499941408634,48.894999250769615,93.43999804742634,1,landslide_event
R_POS_1070,25963,Nagaland,Wokha,26.10694722,94.25328889,2021-09-18,12.954999774694445,38.00499941408634,48.894999250769615,93.43999804742634,1,landslide_event
R_POS_1071,25970,Nagaland,Tuensang,26.22633333,94.81302778,2012-06-22,97.0099975662306,124.53499722015113,174.8049962138757,207.94999535009265,1,landslide_event
R_POS_1072,25911,Nagaland,Kohima,25.520360946655273,94.1311201,2024-06-01,16.084999538958073,43.49499898124486,193.194996654056,258.2399947922677,1,landslide_event
R_POS_1073,25912,Nagaland,Kohima,25.52164077758789,94.13426208496094,2024-06-01,16.084999538958073,43.49499898124486,193.194996654056,258.2399947922677,1,landslide_event
R_POS_1074,25914,Nagaland,Kohima,25.525094,94.135798,2024-06-01,16.084999538958073,43.49499898124486,193.194996654056,258.2399947922677,1,landslide_event
R_POS_1075,25915,Nagaland,Kohima,25.538421630859375,94.136039,2024-06-01,16.084999538958073,43.49499898124486,193.194996654056,258.2399947922677,1,landslide_event
R_POS_1076,25916,Nagaland,Kohima,25.565099716186523,94.1390034,2024-06-01,16.084999538958073,43.49499898124486,193.194996654056,258.2399947922677,1,landslide_event
R_POS_1077,25918,Nagaland,Kohima,25.62154006958008,94.11219787597656,2024-06-01,11.009999986737968,42.26499927882105,201.7049956386909,252.74499451182783,1,landslide_event
R_POS_1078,25919,Nagaland,Kohima,25.6291966,94.10176849365234,2024-06-01,11.009999986737968,42.26499927882105,201.7049956386909,252.74499451182783,1,landslide_event
R_POS_1079,25920,Nagaland,Kohima,25.638700485229492,94.10978698730467,2024-06-01,11.009999986737968,42.26499927882105,201.7049956386909,252.74499451182783,1,landslide_event
R_POS_1080,25921,Nagaland,Kohima,25.648759,94.10616302490234,2024-06-01,11.009999986737968,42.26499927882105,201.7049956386909,252.74499451182783,1,landslide_event
R_POS_1081,25917,Nagaland,Kohima,25.6032619,94.1122188,2024-06-01,11.009999986737968,42.26499927882105,201.7049956386909,252.74499451182783,1,landslide_event
R_POS_1082,25931,Nagaland,Kohima,25.620830535888672,94.11572265625,2025-05-31,78.2099987315014,166.3599965767935,214.75499526876956,279.7999937534332,1,landslide_event
R_POS_1083,25786,Nagaland,Kohima,25.623067,94.114196,2025-07-07,35.96999940555543,110.3099977336824,176.3549964921549,288.60999412462115,1,landslide_event
R_POS_1084,25924,Nagaland,Mokokchung,26.423137,94.382261,2025-07-07,27.339999575167894,48.36999907530844,203.41999598406255,280.81999458838254,1,landslide_event
R_POS_1085,25788,Nagaland,Mokokchung,26.4219453,94.3854377,2025-07-07,27.339999575167894,48.36999907530844,203.41999598406255,280.81999458838254,1,landslide_event
R_POS_1086,25790,Nagaland,Mokokchung,26.42608070373535,94.398916,2025-07-07,27.339999575167894,48.36999907530844,203.41999598406255,280.81999458838254,1,landslide_event
R_POS_1087,25925,Nagaland,Mokokchung,26.421859741210938,94.38520050048828,2025-07-07,27.339999575167894,48.36999907530844,203.41999598406255,280.81999458838254,1,landslide_event
R_POS_1088,25926,Nagaland,Mokokchung,26.42534637451172,94.387013,2025-07-07,27.339999575167894,48.36999907530844,203.41999598406255,280.81999458838254,1,landslide_event
R_POS_1089,25785,Nagaland,Mokokchung,26.4231373,94.3822611,2025-07-07,27.339999575167894,48.36999907530844,203.41999598406255,280.81999458838254,1,landslide_event
R_POS_1090,26745,Sikkim,East Sikkim,27.2533846,88.5489504,2021-08-22,32.50499929301441,59.27999900840223,171.50499707832932,290.6099936775863,1,landslide_event
R_POS_1091,26797,Sikkim,East Sikkim,27.24297222,88.47055556,2022-06-15,33.179999286308885,52.78999870736152,150.75999634712934,254.298995019868,1,landslide_event
R_POS_1092,26736,Sikkim,East Sikkim,27.27458333,88.55002778,2021-10-19,254.3149946788326,261.35499444324523,261.35499444324523,266.4749943660572,1,landslide_event
R_POS_1093,26767,Sikkim,East Sikkim,27.32320833,88.60986944,2021-10-19,220.95999569445848,228.88999551348388,230.55999547056857,243.0699952226132,1,landslide_event
R_POS_1094,26752,Sikkim,East Sikkim,27.32663889,88.61016667,2021-06-01,24.55249946564436,26.62749942392111,121.8774972166866,153.20749659650028,1,landslide_event
R_POS_1095,26754,Sikkim,East Sikkim,27.33972222,88.62055556,2021-06-08,50.45999854058027,107.18499778956176,137.3024971112609,257.5974942278117,1,landslide_event
R_POS_1096,26755,Sikkim,East Sikkim,27.37055556,88.61611111,2021-06-05,32.964999824762344,49.039999358356,75.66749878227711,190.7774961385876,1,landslide_event
R_POS_1097,26816,Sikkim,East Sikkim,27.26063889,88.71438889,2012-06-07,24.339999370276928,45.589998693205416,63.074498197995126,91.24949744902553,1,landslide_event
R_POS_1098,26817,Sikkim,East Sikkim,27.26616667,88.72697222,2012-06-07,24.339999370276928,45.589998693205416,63.074498197995126,91.24949744902553,1,landslide_event
R_POS_1099,26818,Sikkim,East Sikkim,27.26544444,88.72252778,2012-06-07,24.339999370276928,45.589998693205416,63.074498197995126,91.24949744902553,1,landslide_event
R_POS_1100,26714,Sikkim,East Sikkim,27.332080841064453,88.50901794433594,2015-07-11,13.219999709166586,50.69999868515879,107.24999721441418,243.0004944158718,1,landslide_event
R_POS_1101,26740,Sikkim,East Sikkim,27.3699335,88.4859279,2021-08-23,32.419998882338405,39.50999869219959,134.94999608397484,221.8499938035384,1,landslide_event
R_POS_1102,26763,Sikkim,East Sikkim,27.32888889,88.60777778,2021-05-18,4.274999912828207,13.374999735504389,44.64499889872968,127.24999691173434,1,landslide_event
R_POS_1103,26795,Sikkim,East Sikkim,27.25066667,88.53144444,2022-05-12,16.619999766349792,23.86999959498644,41.2199991568923,117.0064974082634,1,landslide_event
R_POS_1104,26819,Sikkim,East Sikkim,27.37441667,88.54505556,2012-07-13,23.559999492950737,88.79499786533415,142.99499643035233,219.12149418424815,1,landslide_event
R_POS_1105,26820,Sikkim,East Sikkim,27.36977778,88.54466667,2012-07-13,23.559999492950737,88.79499786533415,142.99499643035233,219.12149418424815,1,landslide_event
R_POS_1106,26728,Sikkim,East Sikkim,27.25352778,88.60377778,2021-10-19,239.429994687438,251.44499430805445,251.4899943061173,259.43999407067895,1,landslide_event
R_POS_1107,26746,Sikkim,East Sikkim,27.28666667,88.55347222,2021-08-27,63.74999897181988,80.13999860733747,118.84999774210156,333.039992983453,1,landslide_event
R_POS_1108,26798,Sikkim,Geyzing,27.19950556,88.32696111,2022-08-20,43.45999915711582,49.58499906770885,119.02999733947216,192.05999583285305,1,landslide_event
R_POS_1109,26810,Sikkim,Mangan,27.443199157714844,88.60870361328125,2024-07-21,8.539999794214964,47.46999916434288,99.25499742385,202.35999511461705,1,landslide_event
R_POS_1110,26806,Sikkim,Mangan,27.40251944,88.51868056,2023-10-04,83.24499867856503,123.28999758139253,147.95499721542,213.7099957726896,1,landslide_event
R_POS_1111,26781,Sikkim,Namchi,27.288469314575195,88.3013916015625,2022-07-10,0.125,3.989999875426293,13.894999660551548,117.67749799415468,1,landslide_event
R_POS_1112,26827,Sikkim,North Sikkim,27.51444444,88.56777778,2009-05-09,9.47999968379736,10.294999662786722,24.164999266155064,60.1919981809333,1,landslide_event
R_POS_1113,26760,Sikkim,North Sikkim,27.61936111,88.66131389,2021-06-18,42.1999986814335,63.60499828495085,109.34999752976,209.6899953801185,1,landslide_event
R_POS_1114,26792,Sikkim,Pakyong,27.21391667,88.60833333,2022-08-25,18.469999387860295,110.41999782714991,182.21499615628272,245.5749944569543,1,landslide_event
R_POS_1115,26802,Sikkim,Pakyong,27.17748333,88.52165833,2023-10-04,90.20499777793884,125.48999689146876,153.50499617308378,304.24999237433076,1,landslide_event
R_POS_1116,26784,Sikkim,Soreng,27.14871944,88.28128889,2022-11-20,0.0,0.0749999955296516,0.0749999955296516,0.939999969676137,1,landslide_event
R_POS_1117,26757,Sikkim,South Sikkim,27.3250091,88.4704442,2021-08-23,32.419998882338405,39.50999869219959,134.94999608397484,221.8499938035384,1,landslide_event
R_POS_1118,26814,Sikkim,West district,27.29166667,88.22000122070312,2011-06-24,88.40499750897288,123.48499678447844,259.44499277696013,286.1749920081347,1,landslide_event
R_POS_1119,26815,Sikkim,West district,27.28777778,88.23277778,2011-06-24,88.40499750897288,123.48499678447844,259.44499277696013,286.1749920081347,1,landslide_event
R_POS_1120,26822,Sikkim,North Sikkim,27.57502778,88.65402778,2012-06-22,34.239999066106975,38.46499896142632,66.12999822292477,67.15999821480364,1,landslide_event
R_POS_1121,26823,Sikkim,North Sikkim,27.56111111,88.65452778,2012-06-22,34.239999066106975,38.46499896142632,66.12999822292477,67.15999821480364,1,landslide_event
R_POS_1122,26825,Sikkim,North Sikkim,27.56941667,88.65272222,2012-06-22,34.239999066106975,38.46499896142632,66.12999822292477,67.15999821480364,1,landslide_event
R_POS_1123,26821,Sikkim,North Sikkim,27.59027778,88.65394444,2012-06-26,9.019999768584968,20.279999556951225,58.74499851837754,87.15999777335674,1,landslide_event
R_POS_1124,26897,Tripura,Dhalai,23.899999618530273,91.75622222,2010-06-03,84.93999775778502,127.14649700652808,233.9064937559888,461.0914885159582,1,landslide_event
R_POS_1125,26866,Tripura,Gomati,23.98033332824707,91.475278,2018-05-18,48.82499951869249,94.4349980149418,120.97499747015536,336.874991947785,1,landslide_event
R_POS_1126,26844,Tripura,Gomati,23.794253,91.553533,2018-05-20,44.899999134242535,92.98499812930822,110.98999750148504,288.324993991293,1,landslide_event
R_POS_1127,26903,Tripura,South Tripura,23.22966667,91.49532222,2021-08-25,59.76499900314957,62.599998970516026,112.3849981268868,247.2349948612973,1,landslide_event
R_POS_1128,26904,Tripura,South Tripura,23.25229444,91.48825073242188,2021-08-25,59.76499900314957,62.599998970516026,112.3849981268868,247.2349948612973,1,landslide_event
R_POS_1129,26850,Tripura,West Tripura,23.854169845581055,91.34361267089844,2009-07-10,2.149999891407788,10.059999749995768,28.034999188035727,200.72449522092936,1,landslide_event
R_NEG_1130,1771,Arunachal Pradesh,Lower Dibang Valley,28.38919722,95.92776111,2024-04-17,30.339999610558152,34.67999951168895,41.47499938309193,95.58499841578303,0,control
R_NEG_1131,1941,Arunachal Pradesh,Lower Dibang Valley,28.38919722,95.92776111,2024-04-17,30.339999610558152,34.67999951168895,41.47499938309193,95.58499841578303,0,control
R_NEG_1132,1120,Arunachal Pradesh,Lower Subansiri,27.339267,93.802581,2016-07-09,95.08999821171165,138.69499682821333,280.8849930819124,425.9054890498519,0,control
R_NEG_1133,999,Arunachal Pradesh,Lower Subansiri,27.193425,93.780983,2016-07-09,146.984997946769,255.4999946951866,378.51999204419553,475.1824895441532,0,control
R_NEG_1134,1938,Arunachal Pradesh,Papum Pare,27.105253219604492,93.825399,2024-06-11,20.11999951209873,25.704999342560768,57.88999858498573,356.24498984310776,0,control
R_NEG_1135,1940,Arunachal Pradesh,Papum Pare,27.12113571166992,93.762164,2024-06-11,13.394999950192869,31.579999568872154,65.75499891210347,341.0149924205616,0,control
R_NEG_1136,2078,Arunachal Pradesh,Papum Pare,27.099285125732425,93.614766,2026-03-09,0.0049999998882412,0.0049999998882412,1.209999960847199,14.659999687224628,0,control
R_NEG_1137,878,Arunachal Pradesh,West Kameng,27.018342,92.6355972290039,2016-06-24,52.634998792782426,81.21999794337898,128.70999711100012,303.82999330665916,0,control
R_NEG_1138,30,Assam,Cachar,24.645417,93.005361,2016-08-24,0.3949999883770942,3.434999890625477,18.134999433532357,62.41499814298004,0,control
R_NEG_1139,36,Assam,Cachar,24.721920013427734,92.90380859375,2020-05-29,14.55499965324998,84.46499782335013,109.4349971730262,189.8649956556037,0,control
R_NEG_1140,243,Assam,Dima Hasao,25.229556,93.15560150146484,2010-03-26,4.2849999740719795,7.104999981820583,7.104999981820583,18.844999758526683,0,control
R_NEG_1141,521,Assam,Dima Hasao,26.20261001586914,91.14527893066406,2009-08-13,116.98999743256718,136.10999702755362,168.25999638903886,314.82699344400316,0,control
R_NEG_1142,783,Assam,Dima Hasao,25.17741584777832,93.00975036621094,2022-05-09,11.799999691545963,11.799999691545963,73.13999802898616,109.15199697669595,0,control
R_NEG_1143,656,Assam,Dima Hasao,25.1568056,93.019722,2022-05-06,0.0399999991059303,36.32999896723777,85.75199760030955,97.98199727665632,0,control
R_NEG_1144,813,Assam,Dima Hasao,25.316197,93.006158,2022-06-09,21.68499972485006,28.829999558627605,111.85999763570726,133.02349702455103,0,control
R_NEG_1145,672,Assam,Dima Hasao (N.C. Hills),25.15713889,93.01719444,2016-05-20,17.65999946370721,180.28999623190612,360.80999308731407,372.47499279957265,0,control
R_NEG_1146,683,Assam,Dima Hasao (N.C. Hills),25.14872222,93.03191667,2016-05-10,0.2149999924004078,2.209999960847199,26.869999531656504,123.4194970233366,0,control
R_NEG_1147,709,Assam,Dima Hasao (N.C. Hills),25.20738889,93.12277778,2014-08-13,5.60999983549118,9.104999735951424,34.42999898362905,74.35799810662866,0,control
R_NEG_1148,8,Assam,Hailakandi,24.478972,92.682861,2016-05-10,0.2349999919533729,2.7899999506771564,55.92499853298068,112.70049701537936,0,control
R_NEG_1149,15,Assam,Hailakandi,24.51594352722168,92.540889,2016-05-11,11.2249998152256,17.079999580979347,53.60499897971749,144.5529963998124,0,control
R_NEG_1150,793,Assam,Kamrup,26.14988889,91.77394444,2025-04-24,3.56999983265996,16.434999372810125,33.994999004527926,100.42499750014396,0,control
R_NEG_1151,795,Assam,Kamrup,26.12911111,91.74911111,2012-06-18,7.034999795258045,77.35999818891287,189.39499564655125,360.3199911769479,0,control
R_NEG_1152,796,Assam,Kamrup,26.15333333,91.77711111,2012-06-18,7.034999795258045,77.35999818891287,189.39499564655125,360.3199911769479,0,control
R_NEG_1153,797,Assam,Kamrup,26.15052778,91.72766667,2012-06-20,53.99999835342169,61.03499814867973,219.85499460808933,341.47499166987836,0,control
R_NEG_1154,842,Assam,Kamrup,25.757752,91.252285,2014-07-10,18.154999469406903,122.8099974123761,129.89499727264047,321.00399205926806,0,control
R_NEG_1155,845,Assam,Kamrup,26.2272613,91.6922458,2008-12-19,0.0,0.0,0.0,0.0,0,control
R_NEG_1156,847,Assam,Kamrup,26.246980667114254,91.964383,2025-06-28,12.769999653100967,14.964999601244926,76.5299980500713,192.1399955200031,0,control
R_NEG_1157,800,Assam,Kamrup,26.158193,91.755807,2025-05-30,154.9149961490184,182.36999612208456,232.10499528050423,347.549992473796,0,control
R_NEG_1158,474,Assam,Kamrup,26.11266708374023,91.853889,2018-08-17,10.124999596737323,30.274998889304698,120.01499691139908,189.23999556992203,0,control
R_NEG_1159,801,Assam,Kamrup,26.16618537902832,91.7146987915039,2025-05-28,27.45499997306615,50.16499966196716,91.12999882828444,228.16499599069357,0,control
R_NEG_1160,802,Assam,Kamrup,26.166160583496097,91.713803,2025-05-28,27.45499997306615,50.16499966196716,91.12999882828444,228.16499599069357,0,control
R_NEG_1161,776,Assam,Kamrup (Metro),26.191600799560547,91.8036117553711,2022-06-09,52.09499870240688,77.17499811202288,120.77999722585082,174.18249545618892,0,control
R_NEG_1162,731,Assam,Kamrup (Metro),26.15805556,91.71258333,2019-07-09,112.4899974660948,153.60499667096883,198.59499571751803,378.3904900178313,0,control
R_NEG_1163,730,Assam,Kamrup (Metro),26.19236111,91.78080556,2019-07-03,16.03499973937869,90.0004968456924,193.6054941052571,250.6854927027598,0,control
R_NEG_1164,773,Assam,Kamrup (Metro),26.19330556,91.77725219726562,2020-06-21,16.97499981429428,49.20999907609075,106.56999784242362,293.46999303717166,0,control
R_NEG_1165,488,Assam,Kamrup (Metro),26.1505375,91.72798139,2023-06-10,56.56499842554331,85.2649977458641,85.62999772559851,131.06099669542164,0,control
R_NEG_1166,519,Assam,Kamrup (Metro),26.19622039794922,91.76335906982422,2011-03-16,0.1499999910593032,0.1499999910593032,29.909998611547053,30.08599862176925,0,control
R_NEG_1167,777,Assam,Kamrup (Metro),26.193220138549805,91.77033233642578,2022-06-09,49.92999882157892,78.26499785389751,117.11499660369007,154.37049631867558,0,control
R_NEG_1168,729,Assam,Kamrup (Metro),26.19244444,91.76422222,2016-07-13,7.779999935999513,22.54999954625964,152.83499775547534,306.51949472539127,0,control
R_NEG_1169,774,Assam,Kamrup (Metro),26.09150556,91.87898611,2020-07-05,64.48499849997461,97.33999823965132,132.23549772240222,394.74049183912575,0,control
R_NEG_1170,506,Assam,Kamrup (Metro),26.188419342041016,91.85124969482422,2017-06-09,12.659999464638531,12.784999464638531,29.63999927509576,150.44799645617604,0,control
R_NEG_1171,775,Assam,Kamrup (Metro),26.21305556,91.69249725341795,2020-06-19,45.12999911606312,132.5449969433248,191.7799954749644,424.6899905866012,0,control
R_NEG_1172,843,Assam,Kamrup (Metro),26.23801612854004,91.945953,2025-10-26,0.0,0.7499999962747097,0.7499999962747097,10.63499991223216,0,control
R_NEG_1173,856,Assam,Kamrup (Metro),26.156633377075195,91.9385757446289,2024-08-01,6.399999877437949,35.59499923326075,55.15999866370112,133.29999680258334,0,control
R_NEG_1174,35,Assam,Karimganj,24.710832595825195,92.481167,2010-05-27,16.704999573528767,64.27999825309962,195.9899939345196,387.2499910388142,0,control
R_NEG_1175,38,Assam,Karimganj,24.78002778,92.45372222,2020-05-26,95.11499823629856,114.70999753754586,148.3199966736138,247.9349938677624,0,control
R_NEG_1176,39,Assam,Karimganj,24.78380556,92.45563889,2020-05-26,95.11499823629856,114.70999753754586,148.3199966736138,247.9349938677624,0,control
R_NEG_1177,590,Assam,Udalguri,26.89073944091797,92.12068176269533,2021-04-21,0.1049999967217445,2.364999935030937,11.40499964170158,29.154999243095517,0,control
R_NEG_1178,589,Assam,Udalguri,26.88969039916992,92.1226577758789,2021-04-21,0.1049999967217445,2.364999935030937,11.40499964170158,29.154999243095517,0,control
R_NEG_1179,852,Assam,West Khasi Hills,25.740148,91.224044,2014-07-11,24.879999321885407,101.01999809686096,132.5499972067773,328.0639918940142,0,control
R_NEG_1180,19559,Manipur,Bishnupur,24.524125,93.816333,2024-07-25,4.334999871440232,27.584999413229525,88.44499762915075,162.90499612595886,0,control
R_NEG_1181,19560,Manipur,Bishnupur,24.51705551147461,93.817056,2024-07-26,9.20999974384904,17.11999958846718,89.12499766238034,161.53499610256404,0,control
R_NEG_1182,18354,Manipur,Chandel,24.406389236450195,94.06582641601562,2007-08-31,6.9449998857453465,14.629999577999117,73.83999814931303,148.44499664381146,0,control
R_NEG_1183,19217,Manipur,Kangpokpi,25.146528244018555,93.941722,2017-05-28,6.434999831952155,17.789999541826546,26.5699993558228,83.57499813754112,0,control
R_NEG_1184,18904,Manipur,Noney,24.925199508666992,94.33709716796876,2018-05-30,28.66499899327755,28.804998993873596,31.18499893322587,79.56999784521759,0,control
R_NEG_1185,19578,Manipur,Ri-Bhoi,25.67469444,91.88652778,2011-06-19,2.479999958537519,36.6049989098683,81.57999781798571,186.7249954836443,0,control
R_NEG_1186,19515,Manipur,Senapati,25.472169876098633,94.15432739257812,2007-09-02,9.7669998081401,39.29699901584536,88.75199788436294,158.8569960957393,0,control
R_NEG_1187,19575,Manipur,TAMENGLONG,24.98500061035156,93.52113889,2011-05-24,82.09499894361943,131.43999791238457,185.02499732654545,190.43999724183232,0,control
R_NEG_1188,19576,Manipur,TAMENGLONG,24.79083333,93.72333333,2011-06-29,19.35499945934862,60.59999899659306,121.06999742239714,209.8849956672639,0,control
R_NEG_1189,18716,Manipur,Tamenglong,24.81722068786621,93.51721954345705,2007-06-09,13.299999488517642,20.20999933499843,22.11999928858131,36.55499893054366,0,control
R_NEG_1190,19582,Manipur,Tamenglong,24.86469444,93.62116667,2010-06-01,20.249999484047297,41.919998926110566,104.91999713424592,200.65999524109063,0,control
R_NEG_1191,19583,Manipur,Tamenglong,24.86297222,93.62397222,2010-06-01,20.249999484047297,41.919998926110566,104.91999713424592,200.65999524109063,0,control
R_NEG_1192,19584,Manipur,Tamenglong,24.73133333,93.92738889,2010-03-21,0.0,0.0,2.1699999794363976,2.399999970570206,0,control
R_NEG_1193,18803,Manipur,Tamenglong,24.848329544067383,93.45916748046876,2008-06-12,13.394999640993774,35.24499922990799,81.10499787237495,97.50499731395394,0,control
R_NEG_1194,18759,Manipur,Tamenglong,24.832780838012695,93.4633331298828,2008-06-24,31.244999818503857,44.94999942462891,67.59999864082783,127.5099977441132,0,control
R_NEG_1195,18718,Manipur,Tamenglong,24.817779541015625,93.51583099365234,2007-09-03,43.05999850202352,58.91549833584577,103.21049713063984,198.17549481987953,0,control
R_NEG_1196,18997,Manipur,Tamenglong,24.98611068725586,93.50582885742188,2007-08-17,5.294999914243817,33.98999919369817,59.83999868575483,97.15999827347696,0,control
R_NEG_1197,18988,Manipur,Tamenglong,24.983806,93.497528,2018-06-15,95.149997305125,262.9899935359135,338.7699915012345,394.64148978795856,0,control
R_NEG_1198,19558,Manipur,Tamenglong,24.979000091552734,93.49600219726562,2024-07-22,54.914998169988394,57.17999812029302,66.16499800980091,135.99499634001404,0,control
R_NEG_1199,18802,Manipur,Tamenglong,24.848329544067383,93.45916748046876,2007-09-05,19.45499941240996,75.23499834351242,99.69699780829252,250.5319940187037,0,control
R_NEG_1200,19123,Manipur,Tamenglong,25.091777801513672,92.354694,2018-07-04,50.68499884009361,100.51699779741466,137.20199705753475,233.02199535351247,0,control
R_NEG_1201,18701,Manipur,Tengnoupal,24.813306,93.243417,2018-07-26,41.41499932855368,68.86999892443419,85.88999848999083,112.43999816291034,0,control
R_NEG_1202,18986,Manipur,Ukhrul,24.98352813720703,94.158333,2018-06-05,11.769999742507936,36.20999905932695,53.40349873807281,78.15849831607193,0,control
R_NEG_1203,20504,Meghalaya,East Jaintia Hills,25.04805374145508,92.409245,2025-05-04,0.539999975822866,3.479999861679971,50.78999873902649,173.96499616652727,0,control
R_NEG_1204,19658,Meghalaya,East Jaintia Hills,25.091779708862305,92.3546905517578,2018-04-30,35.889999544247985,55.39999899454415,67.97499875538051,85.50499815586954,0,control
R_NEG_1205,20511,Meghalaya,East Khasi Hills,25.57711111,91.88141667,2010-08-20,72.76999837625772,113.34499742183834,126.9899970991537,226.61999483872205,0,control
R_NEG_1206,20512,Meghalaya,East Khasi Hills,25.56183333,91.86855556,2010-06-21,65.21499793697149,93.60999711137264,149.83999635931104,476.7299878625199,0,control
R_NEG_1207,20513,Meghalaya,East Khasi Hills,25.57188889,91.90127778,2010-06-21,79.05499915964901,118.83999830391258,168.74499686714262,502.52499131765217,0,control
R_NEG_1208,20514,Meghalaya,East Khasi Hills,25.56852778,91.89219444,2010-06-21,65.21499793697149,93.60999711137264,149.83999635931104,476.7299878625199,0,control
R_NEG_1209,20488,Meghalaya,East Khasi Hills,25.5667327,91.9146185,2024-09-27,21.534999451600015,91.38999807834624,104.27999778371304,170.63499624002725,0,control
R_NEG_1210,20613,Meghalaya,East Khasi Hills,25.65341111,91.89819444,2024-06-24,36.72999922372401,40.66499916650355,285.87999283894897,577.6199867203832,0,control
R_NEG_1211,20612,Meghalaya,East Khasi Hills,25.65308889,91.89803889,2024-06-24,36.72999922372401,40.66499916650355,285.87999283894897,577.6199867203832,0,control
R_NEG_1212,19885,Meghalaya,East Khasi Hills,25.28236861,91.73874417,2024-05-23,0.3049999885261059,0.674999981187284,82.5549976695329,91.9349975148216,0,control
R_NEG_1213,20587,Meghalaya,East Khasi Hills,25.35861111,91.97208333,2022-03-28,0.0,74.1249979287386,82.60999767482281,82.68999767303467,0,control
R_NEG_1214,20588,Meghalaya,East Khasi Hills,25.35908333,91.97433333,2022-03-28,0.0,74.1249979287386,82.60999767482281,82.68999767303467,0,control
R_NEG_1215,19902,Meghalaya,East Khasi Hills,25.300389,91.726722,2009-06-22,17.899999728426337,33.73999942652881,73.20499849040061,153.48499642964453,0,control
R_NEG_1216,20204,Meghalaya,East Khasi Hills,25.566669464111328,91.90193939208984,2007-09-01,6.064999893307686,49.724999375641346,98.20499817933889,200.16499502956867,0,control
R_NEG_1217,19895,Meghalaya,East Khasi Hills,25.29599952697754,91.93199920654295,2022-03-28,0.0,83.69999805092812,96.239997908473,96.239997908473,0,control
R_NEG_1218,20656,Meghalaya,East Khasi Hills,25.566518,91.914509,2025-08-12,104.19999842811376,110.14999837893993,153.1299975020811,249.84499490633607,0,control
R_NEG_1219,20542,Meghalaya,East Khasi Hills,25.56663056,91.91370556,2019-07-03,2.749999925494194,8.120499804615974,417.365490837954,456.0404900899157,0,control
R_NEG_1220,20293,Meghalaya,East Khasi Hills,25.625099182128903,91.91179656982422,2024-05-20,16.189999571070075,48.42499881982803,69.10999843012542,213.80999675486237,0,control
R_NEG_1221,20638,Meghalaya,Eastern-West Khasi Hill,25.69683611,91.64485556,2024-07-30,57.609998376108706,82.88499795924872,88.63999785017222,294.46499234996736,0,control
R_NEG_1222,20647,Meghalaya,Eastern-West Khasi Hill,25.6900691986084,91.6708526611328,2025-06-04,39.86999940872192,108.98999839648604,351.28499353304505,536.9749909276143,0,control
R_NEG_1223,20648,Meghalaya,Eastern-West Khasi Hill,25.733262,91.675754,2025-06-04,20.11499933153391,74.6349977478385,303.4349922183901,502.5799879040569,0,control
R_NEG_1224,20635,Meghalaya,Eastern-West Khasi Hill,25.69688611,91.64176667,2025-06-18,10.654999759048223,57.369998913258314,226.69999580457807,274.37999498844147,0,control
R_NEG_1225,20636,Meghalaya,Eastern-West Khasi Hill,25.70087778,91.642902,2024-10-01,6.469999791122973,9.149999772198498,90.8649981589988,132.80499718617648,0,control
R_NEG_1226,20637,Meghalaya,Eastern-West Khasi Hill,25.69866667,91.64517222,2024-07-30,57.609998376108706,82.88499795924872,88.63999785017222,294.46499234996736,0,control
R_NEG_1227,20642,Meghalaya,Eastern-West Khasi Hill,25.68690556,91.64915278,2025-05-21,101.0199991799891,134.49499832838774,252.0199948940426,362.39499233290553,0,control
R_NEG_1228,20646,Meghalaya,Eastern-West Khasi Hill,25.68822222,91.66746111,2025-06-04,39.86999940872192,108.98999839648604,351.28499353304505,536.9749909276143,0,control
R_NEG_1229,20652,Meghalaya,Eastern-West Khasi Hill,25.803983688354492,91.659801,2024-08-21,37.80999915767461,214.06499534565955,277.3299938933924,369.95499141700566,0,control
R_NEG_1230,20643,Meghalaya,Eastern-West Khasi Hill,25.688833236694336,91.653639,2025-06-18,10.654999759048223,57.369998913258314,226.69999580457807,274.37999498844147,0,control
R_NEG_1231,20641,Meghalaya,Eastern-West Khasi Hill,25.68698889,91.64812222,2025-05-21,101.0199991799891,134.49499832838774,252.0199948940426,362.39499233290553,0,control
R_NEG_1232,19675,Meghalaya,Jaintia Hills,25.12186050415039,92.388583,2007-07-24,62.8899986827746,81.84499826095998,192.44999585393816,268.9749937802553,0,control
R_NEG_1233,20055,Meghalaya,Jaintia Hills,25.435609817504883,91.862056,2009-07-10,2.0749999582767487,18.254999609664083,72.81999842263758,527.0339902034029,0,control
R_NEG_1234,19681,Meghalaya,Jaintia Hills,25.134194,92.383528,2007-07-24,62.8899986827746,81.84499826095998,192.44999585393816,268.9749937802553,0,control
R_NEG_1235,20534,Meghalaya,Ri-Bhoi,26.00361111,92.86361111,2012-07-19,5.84999983292073,27.879999372176822,117.97499744594096,173.03999553527683,0,control
R_NEG_1236,20628,Meghalaya,Ri-Bhoi,25.79744444,91.87408611,2024-06-07,7.7549998909235,19.679999673739076,135.8549977056682,433.114990381524,0,control
R_NEG_1237,20629,Meghalaya,Ri-Bhoi,25.80725833,91.87509444,2024-07-07,44.0049986615777,134.8399961218238,406.6799901556224,563.6349869100377,0,control
R_NEG_1238,20350,Meghalaya,Ri-Bhoi,25.663444,91.915944,2017-06-10,40.45499952509999,53.86999924853444,70.78499875031412,195.30999535601583,0,control
R_NEG_1239,20460,Meghalaya,Ri-Bhoi,25.97256088256836,91.86241912841795,2014-09-28,0.7549999803304672,12.969999969005585,399.29999233037233,495.01498970761895,0,control
R_NEG_1240,20496,Meghalaya,Ri-Bhoi,25.8090877532959,91.875238,2025-06-29,11.45499987155199,100.47499887831508,174.01499766577035,329.6799942981452,0,control
R_NEG_1241,20497,Meghalaya,Ri-Bhoi,25.781246185302734,91.874475,2024-06-29,58.54999801144004,85.92999717686325,157.6449956279248,524.9399876100942,0,control
R_NEG_1242,20538,Meghalaya,Ri-Bhoi,25.67469444,91.88652778,2011-06-19,2.479999958537519,36.6049989098683,81.57999781798571,186.7249954836443,0,control
R_NEG_1243,20474,Meghalaya,Ri-Bhoi,26.025470733642575,91.87158203125,2014-09-13,13.199999779462814,21.834999531507492,86.56499761156738,182.37849590275437,0,control
R_NEG_1244,20655,Meghalaya,South West Garo Hills,25.56742286682129,89.979711,2026-07-06,10.304999749176204,25.80499973986298,75.87999830953777,114.2799976784736,0,control
R_NEG_1245,20595,Meghalaya,South West Khasi Hills,25.37129167,91.48003056,2024-06-08,7.689999743364751,33.29499892517924,149.95499578490853,519.6099869748577,0,control
R_NEG_1246,20491,Meghalaya,South West Khasi Hills,25.29966926574707,91.4610824584961,2024-06-08,10.154999785125256,26.69499933719635,99.97999689728022,493.42998535744846,0,control
R_NEG_1247,20492,Meghalaya,South West Khasi Hills,25.29667091369629,91.4598617553711,2024-06-10,23.85499936155975,34.009999146685004,72.25999825261533,513.2299848608673,0,control
R_NEG_1248,20493,Meghalaya,South West Khasi Hills,25.29750061035156,91.461669921875,2024-06-10,23.85499936155975,34.009999146685004,72.25999825261533,513.2299848608673,0,control
R_NEG_1249,20495,Meghalaya,South West Khasi Hills,25.297779083251953,91.459716796875,2024-06-08,10.154999785125256,26.69499933719635,99.97999689728022,493.42998535744846,0,control
R_NEG_1250,20494,Meghalaya,South West Khasi Hills,25.29738998413086,91.4620132446289,2024-06-10,23.85499936155975,34.009999146685004,72.25999825261533,513.2299848608673,0,control
R_NEG_1251,19914,Meghalaya,South West Khasi Hills,25.3145809173584,91.45242309570312,2013-07-30,24.85999915935099,52.449998864904046,122.8749972563237,184.49499556981027,0,control
R_NEG_1252,20108,Meghalaya,West Garo Hills,25.51028060913086,90.21678161621094,2007-07-20,25.299999803304672,59.499999122694135,92.44499832298608,185.4299964532256,0,control
R_NEG_1253,20578,Meghalaya,West Garo Hills,25.38163333,90.06033889,2022-06-02,5.403499931097031,5.403499931097031,5.718499921262264,158.5884971320629,0,control
R_NEG_1254,20486,Meghalaya,West Jaintia Hills,25.47704743,92.16831285,2020-05-18,0.3899999866262078,10.84499969240278,45.79999889433384,116.80999723169953,0,control
R_NEG_1255,20489,Meghalaya,West Jaintia Hills,25.28422636,92.11294194,2020-06-19,9.169999867677689,47.289999011904,72.12499826215208,235.17999332211912,0,control
R_NEG_1256,20592,Meghalaya,West Jaintia Hills,25.41955556,92.16194444,2023-08-03,14.229999826289712,18.475999761372805,69.37599905114621,240.05599537678063,0,control
R_NEG_1257,20524,Meghalaya,West Khasi Hills,25.36497222,91.02411111,2012-04-24,29.34999792277813,29.34999792277813,137.30999631993473,268.2199933202937,0,control
R_NEG_1258,20535,Meghalaya,West Khasi Hills,25.53086111,91.29780556,2012-08-14,1.6649999702349303,36.03499881271273,85.66999774239957,188.7309957947582,0,control
R_NEG_1259,20591,Meghalaya,West Khasi Hills,25.52901389,91.26188611,2023-06-10,45.604998936876655,77.89999818243086,84.54499824903905,102.33999756723642,0,control
R_NEG_1260,19737,Meghalaya,West Khasi Hills,25.201000213623047,91.23400115966795,2008-08-05,23.824999693781137,44.14999935403466,81.16449856944382,374.72949248272926,0,control
R_NEG_1261,19739,Meghalaya,West Khasi Hills,25.20282936096191,91.2090835571289,2008-08-03,20.324999660253525,38.824499167501926,80.37449844554067,424.2194911465049,0,control
R_NEG_1262,20112,Meghalaya,West Khasi Hills,25.519729614257812,91.28443145751952,2007-07-18,262.83499639481306,295.87999565154314,337.68499474972486,444.9799925405532,0,control
R_NEG_1263,20064,Meghalaya,West Khasi Hills,25.444650650024418,91.34622192382812,2007-07-10,38.08499885722995,47.58499860018492,90.34999765828252,120.56249701511116,0,control
R_NEG_1264,20014,Meghalaya,West Khasi Hills,25.388029098510746,91.4697723388672,2007-06-09,330.08999507687986,353.81499428488314,437.2899930682034,587.9329893980175,0,control
R_NEG_1265,20033,Meghalaya,West Khasi Hills,25.400230407714844,91.51589965820312,2007-06-09,291.10499300062656,308.73499240353703,380.104990654625,481.87498822715133,0,control
R_NEG_1266,20096,Meghalaya,West Khasi Hills,25.50334930419922,91.2833480834961,2007-07-18,262.83499639481306,295.87999565154314,337.68499474972486,444.9799925405532,0,control
R_NEG_1267,20114,Meghalaya,West Khasi Hills,25.52079963684082,91.25984954833984,2007-07-18,262.83499639481306,295.87999565154314,337.68499474972486,444.9799925405532,0,control
R_NEG_1268,23976,Mizoram,Aizawl,23.70213889,92.71822222,2011-05-15,18.649999864399433,22.419999789446592,41.63999903574586,79.39799750689417,0,control
R_NEG_1269,22921,Mizoram,Aizawl,23.73053889,92.716019,2018-06-15,51.36499869823456,150.66999581083655,378.18498933687806,480.2444866122678,0,control
R_NEG_1270,22970,Mizoram,Aizawl,24.18561111,92.94536111,2013-08-08,23.909999954514205,41.93999934569001,103.34099776018412,187.62099515553564,0,control
R_NEG_1271,22994,Mizoram,Aizawl,23.86638889,92.88138889,2022-09-25,16.66999955382198,24.85499932151288,55.22499845456332,160.96999609284103,0,control
R_NEG_1272,23014,Mizoram,Aizawl,23.54380556,92.70136111,2023-07-30,26.519999058917165,27.554999040439725,96.60499706771223,165.60499501693994,0,control
R_NEG_1273,23016,Mizoram,Aizawl,23.53986111,92.70063889,2023-07-30,26.519999058917165,27.554999040439725,96.60499706771223,165.60499501693994,0,control
R_NEG_1274,23019,Mizoram,Aizawl,23.52972222,92.69611111,2023-07-27,13.90499960631132,42.40999908279627,142.30999601166695,183.84999475255609,0,control
R_NEG_1275,23020,Mizoram,Aizawl,23.49991667,92.70136111,2023-05-26,4.619999870657921,11.069999696686864,12.229999685660005,118.6349970009178,0,control
R_NEG_1276,22953,Mizoram,Aizawl,24.27138889,92.95999908447266,2023-07-17,23.17499922309071,49.754998669959605,68.28499819990247,185.1549966558814,0,control
R_NEG_1277,23095,Mizoram,Aizawl,23.73305556,92.75,2024-07-15,27.044999539852142,56.09499904979021,73.05999854393303,439.85498953051865,0,control
R_NEG_1278,23109,Mizoram,Aizawl,23.73888889,92.71472222,2024-08-14,6.604999779723585,12.809999651275575,26.699999257922173,194.38499527052045,0,control
R_NEG_1279,23117,Mizoram,Aizawl,23.74194444,92.71305556,2024-08-14,6.604999779723585,12.809999651275575,26.699999257922173,194.38499527052045,0,control
R_NEG_1280,23118,Mizoram,Aizawl,23.74388889,92.71222222,2024-07-13,29.04999950993806,32.84999943245202,78.41999850608408,417.0399899389595,0,control
R_NEG_1281,23130,Mizoram,Aizawl,23.69972222,92.71749877929688,2024-06-13,37.13999902177602,49.18999857921153,86.76499770116061,109.01999720651656,0,control
R_NEG_1282,23210,Mizoram,Aizawl,23.61583333,92.79111111,2023-09-16,0.0,38.2049989849329,102.31499730050564,176.27999546099454,0,control
R_NEG_1283,23222,Mizoram,Aizawl,23.60111111,92.75888889,2024-05-19,10.80999969691038,10.80999969691038,10.80999969691038,90.59499741531909,0,control
R_NEG_1284,23252,Mizoram,Aizawl,23.56555556,92.7074966430664,2024-07-12,0.1850000023841858,22.01999944075942,103.1649974724278,529.9999865796417,0,control
R_NEG_1285,23334,Mizoram,Aizawl,23.54166667,92.66472222,2023-08-05,26.58999934885651,71.28999837487936,126.30399684794249,241.39899400714785,0,control
R_NEG_1286,23430,Mizoram,Aizawl,23.66194444,92.85416667,2024-11-05,3.1099999137222767,3.1099999137222767,3.2299999110400677,35.21499918960035,0,control
R_NEG_1287,23489,Mizoram,Aizawl,23.70333333,92.87638889,2024-07-11,1.53999993391335,16.56999959796667,39.619999126531184,382.999990507029,0,control
R_NEG_1288,23494,Mizoram,Aizawl,23.73361111,92.84833333,2024-05-31,0.1199999973177909,71.25499707460403,344.1299890242517,375.4349884232506,0,control
R_NEG_1289,23509,Mizoram,Aizawl,23.77166667,92.84805556,2023-07-16,15.994999690912664,33.74999940954149,50.14499904960394,205.7359966849908,0,control
R_NEG_1290,23598,Mizoram,Aizawl,23.25828611,93.15288333,2024-11-21,0.0,0.0,0.0,4.744999896734953,0,control
R_NEG_1291,23599,Mizoram,Aizawl,23.26126111,93.15070556,2024-11-21,0.0,0.0,0.0,4.744999896734953,0,control
R_NEG_1292,23623,Mizoram,Aizawl,23.34297778,93.057775,2024-09-06,27.56499919295311,49.85499875154346,68.96999810542911,148.6549961157143,0,control
R_NEG_1293,23681,Mizoram,Aizawl,23.24454722,93.17027222,2024-07-12,2.365000009536743,22.004999727010727,76.97999823931605,235.26999496202916,0,control
R_NEG_1294,23986,Mizoram,Aizawl,23.468799591064453,92.7208023071289,2024-12-26,0.0749999955296516,0.0749999955296516,6.0099998991936445,6.0099998991936445,0,control
R_NEG_1295,22177,Mizoram,Aizawl,23.751693725585938,92.731528,2007-09-01,43.95349883660674,86.39349794201553,160.08349674008787,281.9534933408722,0,control
R_NEG_1296,22755,Mizoram,Aizawl,23.64638889,92.72638889,2023-09-25,0.0,1.694999948143959,121.98999753687532,258.67999372351915,0,control
R_NEG_1297,23012,Mizoram,Aizawl,23.58591667,92.71777778,2023-07-18,11.089999906718733,19.92999970726669,52.5449989521876,210.51499498076737,0,control
R_NEG_1298,23013,Mizoram,Aizawl,23.55944444,92.70833333,2023-06-29,2.0349999517202377,27.014999435283244,30.42499935720116,192.2249959334731,0,control
R_NEG_1299,23018,Mizoram,Aizawl,23.53333333,92.69722222,2023-07-26,34.99499932676554,82.04499821644276,151.66999571863562,192.6449945680797,0,control
R_NEG_1300,23530,Mizoram,Aizawl,23.88361111,92.85305556,2024-08-10,1.3749999776482582,13.844999682158232,89.5349974213168,211.04499448183924,0,control
R_NEG_1301,23979,Mizoram,Aizawl,23.60830556,92.85058333,2016-09-10,0.2549999952316284,4.644999846816063,10.50499971397221,118.78999737184496,0,control
R_NEG_1302,22919,Mizoram,Aizawl,23.70827778,92.71711111,2022-07-16,3.814999915659427,3.814999915659427,93.8749981429428,239.44799485243857,0,control
R_NEG_1303,23011,Mizoram,Aizawl,23.58388889,92.71722222,2023-08-01,26.29449941683561,52.81449847575277,75.59449757635593,183.0594946332276,0,control
R_NEG_1304,23015,Mizoram,Aizawl,23.54027778,92.70138889,2023-07-30,26.519999058917165,27.554999040439725,96.60499706771223,165.60499501693994,0,control
R_NEG_1305,23017,Mizoram,Aizawl,23.53499984741211,92.69694444,2023-07-21,58.97499784827232,73.64999729953706,91.1899968199432,118.04999617021532,0,control
R_NEG_1306,23023,Mizoram,Aizawl,23.78138889,92.67638889,2023-10-18,0.0,0.0,6.6399996830150485,35.89499900210649,0,control
R_NEG_1307,23105,Mizoram,Aizawl,23.76388889,92.73388889,2024-09-19,2.140000054612756,2.215000052936375,26.70999964512885,114.40499798581004,0,control
R_NEG_1308,23723,Mizoram,Aizawl,23.755925,92.726753,2025-05-17,0.6849999837577343,3.6099999137222767,13.694999422878029,40.074998650699854,0,control
R_NEG_1309,23715,Mizoram,Aizawl,23.7002691,92.7181685,2025-05-06,1.8399999141693115,4.549999818205833,59.34499810356647,91.874997748062,0,control
R_NEG_1310,22157,Mizoram,Aizawl,23.74416732788086,92.730472,2007-09-01,43.95349883660674,86.39349794201553,160.08349674008787,281.9534933408722,0,control
R_NEG_1311,23971,Mizoram,Aizawl,23.74150833,92.70785833,2023-05-28,7.1249999068677425,19.65999963507056,27.91499951854348,110.62999776564538,0,control
R_NEG_1312,22917,Mizoram,Aizawl,23.65530556,92.70249938964844,2022-03-29,0.0149999996647238,33.064999147318304,33.064999147318304,33.064999147318304,0,control
R_NEG_1313,23970,Mizoram,Aizawl,23.71688889,92.72083333,2022-07-19,7.229999884963036,32.9599994122982,37.87499926239252,204.569996336475,0,control
R_NEG_1314,22907,Mizoram,Hnahthial,22.91452778,92.89333333,2022-11-07,0.0,0.0,0.006000000052154,37.14599892124534,0,control
R_NEG_1315,23024,Mizoram,Kolasib,23.93194444,92.65222222,2023-09-10,0.599999999627471,28.989999240264297,36.94499904848635,189.3999964063987,0,control
R_NEG_1316,23026,Mizoram,Kolasib,23.05805556,92.67583333,2023-08-05,85.5999975912273,122.4599972255528,166.40199650265276,303.20699341222644,0,control
R_NEG_1317,23028,Mizoram,Kolasib,23.05222222,92.67027778,2023-09-05,13.944999647326767,64.47499819844961,136.78499637078494,280.9399921465665,0,control
R_NEG_1318,23030,Mizoram,Kolasib,23.03016667,92.67336111,2023-09-05,13.944999647326767,64.47499819844961,136.78499637078494,280.9399921465665,0,control
R_NEG_1319,23031,Mizoram,Kolasib,23.02280556,92.67255556,2023-09-10,7.744999795220792,31.534999450668693,68.48499874398112,256.00499301124364,0,control
R_NEG_1320,23622,Mizoram,Kolasib,23.535600662231445,93.10656944,2024-09-06,7.284999815747142,30.669999366626143,62.84499849565327,157.82999642472714,0,control
R_NEG_1321,23686,Mizoram,Kolasib,24.15364444,93.02183611,2024-05-31,1.2249999828636646,74.94499794673175,260.17999291419983,292.60999201238155,0,control
R_NEG_1322,23702,Mizoram,Kolasib,24.62604722,93.22583889,2024-06-05,0.7349999845027924,12.97999989427626,36.364999380894005,308.4999930439517,0,control
R_NEG_1323,23704,Mizoram,Kolasib,24.57747459411621,93.19104766845705,2024-10-15,0.0,0.0599999986588954,60.29499873518944,169.91499661561102,0,control
R_NEG_1324,23706,Mizoram,Kolasib,24.57159996032715,93.17273056,2024-06-05,2.579999938607216,24.979999298229817,37.94499908015132,288.7749941078946,0,control
R_NEG_1325,23709,Mizoram,Kolasib,24.576799392700195,93.106075,2024-06-05,2.579999938607216,24.979999298229817,37.94499908015132,288.7749941078946,0,control
R_NEG_1326,23027,Mizoram,Kolasib,23.04750061035156,92.67166667,2023-09-05,13.944999647326767,64.47499819844961,136.78499637078494,280.9399921465665,0,control
R_NEG_1327,23564,Mizoram,Kolasib,24.450124740600582,93.35963889,2024-08-01,51.474999099969864,172.09499679226428,173.5349967526272,276.56499419081956,0,control
R_NEG_1328,23567,Mizoram,Kolasib,24.60002222,93.37166389,2024-10-14,0.0,28.824999118223783,49.919998640194535,162.34499578457326,0,control
R_NEG_1329,23568,Mizoram,Kolasib,24.60067222,93.37223056,2024-10-14,0.0,13.079999800771477,47.31999906338751,169.5099959289655,0,control
R_NEG_1330,23577,Mizoram,Kolasib,24.60719444,93.46784722,2024-08-12,13.444999814033508,18.329999677836895,119.54499691724776,337.099991703406,0,control
R_NEG_1331,23612,Mizoram,Kolasib,23.56332778,93.10553333,2024-10-15,0.2699999958276748,9.570000186562538,47.57999928854406,98.49499788787216,0,control
R_NEG_1332,23025,Mizoram,Kolasib,23.93027778,92.65249633789062,2023-09-10,0.599999999627471,28.989999240264297,36.94499904848635,189.3999964063987,0,control
R_NEG_1333,23032,Mizoram,Kolasib,23.00638889,92.67691667,2023-07-16,14.339999481104314,28.684999114833772,54.76999859698117,87.28199770860374,0,control
R_NEG_1334,23037,Mizoram,Kolasib,23.91777778,92.73805556,2023-09-20,131.02999635785818,171.40499515738338,211.1199940023944,331.1899909004569,0,control
R_NEG_1335,23038,Mizoram,Kolasib,23.89638889,92.73638889,2023-09-20,100.21999776363371,152.86499701440334,189.63999608904123,325.9899934120476,0,control
R_NEG_1336,23629,Mizoram,Kolasib,23.03821667,93.12529444,2024-09-10,53.10499929264188,58.6049992851913,81.28499858547002,127.46499743871392,0,control
R_NEG_1337,24003,Mizoram,Lunglei,23.229731,92.73967742919922,2025-05-17,2.3599999798461795,8.67999985255301,26.829999675042927,27.649999639950693,0,control
R_NEG_1338,25781,Nagaland,Chumoukedima,25.7802266,93.93616485595705,2024-08-27,10.259999834001064,15.17999967560172,65.93499857466668,172.54999660793692,0,control
R_NEG_1339,25782,Nagaland,Chumoukedima,25.7746019,93.9148756,2024-08-27,10.259999834001064,15.17999967560172,65.93499857466668,172.54999660793692,0,control
R_NEG_1340,25794,Nagaland,Chumoukedima,25.78529930114746,93.80139923095705,2024-08-27,13.399999719113111,21.169999595731497,65.00499859079719,186.14499539416283,0,control
R_NEG_1341,24795,Nagaland,Dimapur,25.784170150756836,93.80027770996094,2013-07-09,7.38999982830137,25.429999171756208,64.8349982779473,117.71249702014028,0,control
R_NEG_1342,24751,Nagaland,Dimapur,25.769390106201172,93.8027801513672,2013-07-09,4.804999969899654,21.544999891892076,66.83999899029732,121.07199821900576,0,control
R_NEG_1343,25961,Nagaland,Dimapur,26.072559356689453,93.9280014038086,2019-05-02,8.408499646931887,31.00349911302328,60.55349871329963,76.13849834445864,0,control
R_NEG_1344,25975,Nagaland,Kohima,25.68002778,94.07266667,2012-07-22,26.93499918282032,42.06999888829887,69.5449981810525,112.25999705959111,0,control
R_NEG_1345,25976,Nagaland,Kohima,25.67005556,94.11299896240234,2012-07-24,47.97499881964177,74.14999835100025,99.17999764811248,139.63499651942402,0,control
R_NEG_1346,25977,Nagaland,Kohima,25.68436111,94.20497222,2012-07-30,2.544999936595559,68.64499795809388,124.90999645460396,188.15499528776857,0,control
R_NEG_1347,25979,Nagaland,Kohima,25.67275047302246,94.21136111,2012-08-01,32.84099903423339,35.38599897082895,118.91099652741104,216.09099437389523,0,control
R_NEG_1348,25793,Nagaland,Kohima,25.612499237060547,94.127197265625,2024-06-29,23.30999941378832,114.55499750096352,163.63499669078735,212.09499541576952,0,control
R_NEG_1349,24466,Nagaland,Kohima,25.660829544067383,94.102783203125,2008-07-26,30.949999504722655,36.22999936528504,67.85999859310687,159.33499641995877,0,control
R_NEG_1350,24491,Nagaland,Kohima,25.666669845581055,94.1097183227539,2007-08-05,1.9049999751150608,15.479999740608037,27.659499482251704,218.42949540540576,0,control
R_NEG_1351,24516,Nagaland,Kohima,25.669170379638672,94.1072235107422,2008-08-09,5.4949999041855335,17.68999962694943,60.01999855041504,142.9109967648983,0,control
R_NEG_1352,25802,Nagaland,Kohima,25.770055,93.937873,2022-10-08,1.499999962747097,3.229999914765358,62.917998532764614,120.40799709036946,0,control
R_NEG_1353,25803,Nagaland,Kohima,25.771451,93.907041,2022-09-23,15.869999656453729,22.724999459460378,34.89999925531447,128.3449965044856,0,control
R_NEG_1354,25853,Nagaland,Kohima,25.76618333,93.94043611,2023-09-01,2.4649999802932143,6.809999900870025,20.989999633282423,94.14499800279737,0,control
R_NEG_1355,24660,Nagaland,Kohima,25.716110229492188,94.08882904052734,2013-06-26,14.759999508969486,45.88999856449664,88.40499733388424,106.94499696604908,0,control
R_NEG_1356,25800,Nagaland,Kohima,25.7491204,94.0804548,2022-09-18,2.1649999395012856,13.159999773837626,80.46499767154455,145.0299959667027,0,control
R_NEG_1357,25807,Nagaland,Kohima,25.770064,93.937891,2022-11-05,0.0,0.1249999962747097,0.2064999919384718,76.65649832226336,0,control
R_NEG_1358,25868,Nagaland,Kohima,25.66754722,94.08075278,2023-09-25,3.179999911226332,5.444999849423766,62.09999866038561,95.15499787591398,0,control
R_NEG_1359,25907,Nagaland,Kohima,25.85442778,94.15844444,2018-08-16,11.004999709315598,36.54499901179224,59.35499833896756,115.84449721779674,0,control
R_NEG_1360,25908,Nagaland,Kohima,25.857991,94.159346,2018-08-16,11.004999709315598,36.54499901179224,59.35499833896756,115.84449721779674,0,control
R_NEG_1361,25922,Nagaland,Kohima,25.660900115966797,94.05359649658205,2024-08-16,15.154999695718288,34.36499937810004,48.794998987577856,152.62999622896314,0,control
R_NEG_1362,24708,Nagaland,Kohima,25.74696922302246,93.9816665649414,2013-09-01,18.47499966807663,22.684999628923833,64.21999877225608,128.5099969971925,0,control
R_NEG_1363,25936,Nagaland,Kohima,25.686250686645508,94.04297222,2025-07-18,0.9149999804794788,15.939999573864045,33.70999911241233,184.20999565627423,0,control
R_NEG_1364,25798,Nagaland,Kohima,25.71711111,94.08561111,2017-10-22,70.10499846749008,93.64999796077608,97.17499790992588,135.01999708637595,0,control
R_NEG_1365,25799,Nagaland,Kohima,25.712031,94.089791,2022-09-05,25.53999939188361,27.91499936208129,33.25349924527109,80.83349808584899,0,control
R_NEG_1366,25801,Nagaland,Kohima,25.7179491,94.0917724,2022-09-21,10.76999983843416,14.19999974872917,39.63999913819134,131.32999638374895,0,control
R_NEG_1367,25934,Nagaland,Kohima,25.73424911499023,94.00119444,2015-07-08,9.029999756254256,24.2349992711097,29.851499143987898,53.25149857997894,0,control
R_NEG_1368,25940,Nagaland,Kohima,25.62509167,94.11405278,2015-07-11,4.934999861754477,15.469999561086295,31.634999191388488,47.279998848214746,0,control
R_NEG_1369,25923,Nagaland,Mokokchung,26.45277976989746,94.37525939941406,2025-07-01,46.169999218545854,50.329999055713415,72.06999899074435,269.36499458551407,0,control
R_NEG_1370,25789,Nagaland,Mokokchung,26.4242282,94.3924136,2025-06-28,1.639999970793724,3.389999955892563,78.21999869681895,269.5499943001196,0,control
R_NEG_1371,25787,Nagaland,Mokokchung,26.4527822,94.375268,2025-07-01,46.169999218545854,50.329999055713415,72.06999899074435,269.36499458551407,0,control
R_NEG_1372,25784,Nagaland,Tseminyu,25.8816564,94.1902346,2025-01-12,0.1799999959766864,0.1799999959766864,0.6649999879300594,0.6699999878183007,0,control
R_NEG_1373,25932,Nagaland,Tseminyu,25.881650924682617,94.1902313232422,2025-01-12,0.1799999959766864,0.1799999959766864,0.6649999879300594,0.6699999878183007,0,control
R_NEG_1374,24968,Nagaland,Tuensang,25.899999618530273,94.78916931152344,2009-06-14,0.0,0.0700000002980232,16.1999996220693,177.9934955816716,0,control
R_NEG_1375,24950,Nagaland,Tuensang,25.886669158935547,94.78639221191406,2009-06-14,0.0,0.0700000002980232,16.1999996220693,177.9934955816716,0,control
R_NEG_1376,25487,Nagaland,Tuensang,26.34416961669922,94.83332824707033,2009-06-13,10.379999694414437,21.174999396316707,101.03499738499522,143.4264965783805,0,control
R_NEG_1377,25971,Nagaland,Tuensang,26.22480556,94.81236111,2012-06-26,33.279999170452356,47.0549988206476,171.58999604079872,244.86999442987144,0,control
R_NEG_1378,25972,Nagaland,Tuensang,26.26336111,94.81563889,2012-06-23,92.02999778930098,128.32499704509974,175.95499612111598,216.58499514311552,0,control
R_NEG_1379,25973,Nagaland,Tuensang,26.18302778,94.81619444,2012-05-18,0.1899999938905239,0.6449999772012234,4.1099998280406,20.229999425821006,0,control
R_NEG_1380,25506,Nagaland,Tuensang,26.387779235839844,94.8258285522461,2009-08-13,73.39999882504344,122.15999818779528,156.64999717194587,294.82649455964565,0,control
R_NEG_1381,25499,Nagaland,Tuensang,26.37639045715332,94.84056091308594,2009-06-13,10.379999694414437,21.174999396316707,101.03499738499522,143.4264965783805,0,control
R_NEG_1382,25505,Nagaland,Tuensang,26.387779235839844,94.8258285522461,2009-07-20,10.724999740719795,25.499999328516424,64.15499808453023,278.77499326784164,0,control
R_NEG_1383,25490,Nagaland,Tuensang,26.360830307006836,94.83999633789062,2009-05-28,1.1299999989569187,20.55999938491732,47.06499890610576,83.00499805994332,0,control
R_NEG_1384,24146,Nagaland,Tuensang,23.725778,91.645694,2018-05-04,8.889999779872596,46.14599915780127,90.2759986203164,206.9309960976243,0,control
R_NEG_1385,25796,Nagaland,Wokha,26.111335,94.257114,2024-07-08,6.814999811351299,17.36499948427081,131.07499679550529,280.6049927994609,0,control
R_NEG_1386,25797,Nagaland,Wokha,26.08945083618164,94.264217,2024-07-16,7.734999796375632,35.824999114498496,51.61499876808375,204.07499572914097,0,control
R_NEG_1387,25211,Nagaland,Wokha,26.10694722,94.25328889,2021-09-11,1.0799999758601189,26.134999313391745,44.54499879665673,125.75699706282468,0,control
R_NEG_1388,25963,Nagaland,Wokha,26.10694722,94.25328889,2021-09-11,1.0799999758601189,26.134999313391745,44.54499879665673,125.75699706282468,0,control
R_NEG_1389,26745,Sikkim,East Sikkim,27.2533846,88.5489504,2021-08-15,39.744999141432345,85.97999726328999,104.12999698054044,191.52599510736763,0,control
R_NEG_1390,26736,Sikkim,East Sikkim,27.27458333,88.55002778,2021-10-12,0.0,0.4550000019371509,5.079999923706055,36.03149898443371,0,control
R_NEG_1391,26767,Sikkim,East Sikkim,27.32320833,88.60986944,2021-10-12,0.0,1.534999966621399,11.134999759495258,65.68949858564883,0,control
R_NEG_1392,26752,Sikkim,East Sikkim,27.32663889,88.61016667,2021-05-25,17.369999516755342,23.514999460428953,35.81999925523996,82.29999802447855,0,control
R_NEG_1393,26755,Sikkim,East Sikkim,27.37055556,88.61611111,2021-05-29,36.519999384880066,88.46499799378216,111.97999745421112,145.609996734187,0,control
R_NEG_1394,26816,Sikkim,East Sikkim,27.26063889,88.71438889,2012-05-31,8.374999740161002,25.204999257810417,31.504999122582376,65.27999803703278,0,control
R_NEG_1395,26817,Sikkim,East Sikkim,27.26616667,88.72697222,2012-05-31,8.374999740161002,25.204999257810417,31.504999122582376,65.27999803703278,0,control
R_NEG_1396,26818,Sikkim,East Sikkim,27.26544444,88.72252778,2012-05-31,8.374999740161002,25.204999257810417,31.504999122582376,65.27999803703278,0,control
R_NEG_1397,26714,Sikkim,East Sikkim,27.332080841064453,88.50901794433594,2015-07-04,15.679999506101012,30.16049919836223,116.0204972885549,227.9254955658689,0,control
R_NEG_1398,26740,Sikkim,East Sikkim,27.3699335,88.4859279,2021-08-16,43.88999891281128,79.73499789275229,115.38499700464308,204.0809948882088,0,control
R_NEG_1399,26763,Sikkim,East Sikkim,27.32888889,88.60777778,2021-05-11,9.074999751523135,22.434999519959092,61.68499841913581,144.956496858038,0,control
R_NEG_1400,26795,Sikkim,East Sikkim,27.25066667,88.53144444,2022-05-05,5.894999846816063,14.364999696612358,74.88149827998132,90.64149771537632,0,control
R_NEG_1401,26819,Sikkim,East Sikkim,27.37441667,88.54505556,2012-07-06,32.47499891370535,54.58999808970839,103.63649686425924,269.36649300251156,0,control
R_NEG_1402,26820,Sikkim,East Sikkim,27.36977778,88.54466667,2012-07-06,32.47499891370535,54.58999808970839,103.63649686425924,269.36649300251156,0,control
R_NEG_1403,26728,Sikkim,East Sikkim,27.25352778,88.60377778,2021-10-12,0.0,0.3899999931454658,6.194999821484089,43.74049889668822,0,control
R_NEG_1404,26746,Sikkim,East Sikkim,27.28666667,88.55347222,2021-08-20,26.77499971538782,71.48999935761094,180.42999679315835,260.42499430291355,0,control
R_NEG_1405,26798,Sikkim,Geyzing,27.19950556,88.32696111,2022-08-13,51.16999835520983,52.56499831750989,77.78999785054475,189.02499586064368,0,control
R_NEG_1406,26810,Sikkim,Mangan,27.443199157714844,88.60870361328125,2024-07-14,11.894999638199806,77.1799980700016,95.48499759472908,204.05499469768256,0,control
R_NEG_1407,26806,Sikkim,Mangan,27.40251944,88.51868056,2023-09-27,5.3699998408555984,5.734999842941761,63.22999859601259,74.51499845832586,0,control
R_NEG_1408,26781,Sikkim,Namchi,27.288469314575195,88.3013916015625,2022-07-03,4.509999942034483,43.47749949246645,104.50749831274152,226.7774952976033,0,control
R_NEG_1409,26827,Sikkim,North Sikkim,27.51444444,88.56777778,2009-05-02,13.991999585181476,40.416998744010925,44.90199865400791,59.93699835240841,0,control
R_NEG_1410,26760,Sikkim,North Sikkim,27.61936111,88.66131389,2021-06-11,29.904999345541,50.43499890714884,114.30499752610922,196.08049611002207,0,control
R_NEG_1411,26792,Sikkim,Pakyong,27.21391667,88.60833333,2022-08-18,27.46499950066209,30.744999427348375,88.16499787941575,155.33999649155885,0,control
R_NEG_1412,26802,Sikkim,Pakyong,27.17748333,88.52165833,2023-09-27,7.414999831467867,31.65999897569418,153.8949961848557,163.41999595239758,0,control
R_NEG_1413,26784,Sikkim,Soreng,27.14871944,88.28128889,2022-11-13,0.0,0.6049999762326479,0.8649999741464853,0.8694999744184315,0,control
R_NEG_1414,26757,Sikkim,South Sikkim,27.3250091,88.4704442,2021-08-16,43.88999891281128,79.73499789275229,115.38499700464308,204.0809948882088,0,control
R_NEG_1415,26814,Sikkim,West district,27.29166667,88.22000122070312,2011-06-17,47.60499837435782,56.4199981559068,63.10999806411564,90.20499737747014,0,control
R_NEG_1416,26815,Sikkim,West district,27.28777778,88.23277778,2011-06-17,47.60499837435782,56.4199981559068,63.10999806411564,90.20499737747014,0,control
R_NEG_1417,26897,Tripura,Dhalai,23.899999618530273,91.75622222,2010-05-27,131.50499626714736,189.03999482747167,271.01499288063496,292.1149925654754,0,control
R_NEG_1418,26866,Tripura,Gomati,23.98033332824707,91.475278,2018-05-11,15.47499970626086,117.34499708097428,225.2849943060428,321.48549149464816,0,control
R_NEG_1419,26844,Tripura,Gomati,23.794253,91.553533,2018-05-13,8.584999685175717,37.26999895554036,177.09499631542712,313.1639923006296,0,control
R_NEG_1420,26903,Tripura,South Tripura,23.22966667,91.49532222,2021-08-18,24.03499961271882,81.55999827198684,141.31499664857984,200.62499521207064,0,control
R_NEG_1421,26904,Tripura,South Tripura,23.25229444,91.48825073242188,2021-08-18,24.03499961271882,81.55999827198684,141.31499664857984,200.62499521207064,0,control
R_NEG_1422,26850,Tripura,West Tripura,23.854169845581055,91.34361267089844,2009-07-03,53.76499863900244,131.67949734907597,184.4194955872372,241.25949427951127,0,control
R_NEG_1423,19924,Meghalaya,East Khasi Hills,25.32083320617676,91.92749786376952,2007-07-12,16.09999958332628,28.934999412856996,63.50999919697642,105.87299831211568,0,control
R_NEG_1424,19917,Meghalaya,East Khasi Hills,25.315176010131836,91.923021,2007-07-12,16.09999958332628,28.934999412856996,63.50999919697642,105.87299831211568,0,control
R_NEG_1425,20097,Meghalaya,East Khasi Hills,25.50368056,91.72342222,2007-07-12,52.41999865882099,53.289998647756875,90.4149975301698,218.75599489361048,0,control
R_NEG_1426,20099,Meghalaya,West Khasi Hills,25.506669998168945,91.2831802368164,2007-07-12,4.829999916255474,38.124999274499714,63.349998937919736,159.29799680691212,0,control
R_NEG_1427,19916,Meghalaya,West Khasi Hills,25.31488037109375,91.33367156982422,2007-07-12,32.589999300427735,78.54499790538102,94.76499745994806,139.61349657084793,0,control
R_NEG_1428,19923,Meghalaya,West Khasi Hills,25.318479537963867,91.45262145996094,2007-07-12,40.05499892681837,48.90499874483794,60.49999848380685,104.62449749931692,0,control
R_NEG_1429,19915,Meghalaya,West Khasi Hills,25.31488037109375,91.44912719726562,2007-07-12,40.05499892681837,48.90499874483794,60.49999848380685,104.62449749931692,0,control
R_NEG_1430,20038,Meghalaya,East Khasi Hills,25.40791702270508,91.998889,2007-08-11,29.369999404996634,30.95499934628606,65.19499844126403,273.3439929485321,0,control
R_NEG_1431,20036,Meghalaya,South Garo hills,25.403061,90.724166,2007-08-11,22.90999910235405,23.729999095201492,66.98499798774719,383.4439906552434,0,control
R_NEG_1432,20047,Meghalaya,West Khasi Hills,25.424999237060547,91.40499877929688,2007-08-11,24.709999291226268,31.179999185726047,49.174998788163066,297.84749399032444,0,control
R_NEG_1433,20035,Meghalaya,West Khasi Hills,25.40130043029785,91.45854949951172,2007-08-11,24.709999291226268,31.179999185726047,49.174998788163066,297.84749399032444,0,control
R_NEG_1434,20037,Meghalaya,West Khasi Hills,25.40546989440918,91.53711700439452,2007-08-11,19.674999371171,32.189999014139175,48.01999853178859,310.07349233329296,0,control
R_NEG_1435,19020,Manipur,Kangpokpi,24.99797248840332,94.020444,2007-08-21,5.994999873451889,22.64999947231263,34.08499913010746,52.984998662024736,0,control
R_NEG_1436,19019,Manipur,Tamenglong,24.99694061279297,93.5022201538086,2007-08-21,6.264999865554273,10.569999819621444,44.55999901331961,86.08499843906611,0,control
R_NEG_1437,19016,Manipur,Tamenglong,24.993059158325195,93.49749755859376,2007-08-21,7.979999868199229,12.294999776408076,37.52499917708337,61.779998750425875,0,control
R_NEG_1438,19011,Manipur,Tamenglong,24.99082946777344,93.50582885742188,2007-08-21,6.264999865554273,10.569999819621444,44.55999901331961,86.08499843906611,0,control
R_NEG_1439,19012,Manipur,Tamenglong,24.99082946777344,93.50582885742188,2007-08-21,6.264999865554273,10.569999819621444,44.55999901331961,86.08499843906611,0,control
R_NEG_1440,19017,Manipur,Ukhrul,24.99427795410156,94.205917,2007-08-21,1.4899999722838402,6.459999803453684,22.054999379441146,51.699998524039984,0,control
R_NEG_1441,20142,Meghalaya,East Khasi Hills,25.54261016845703,92.10867309570312,2009-06-24,31.939999170601368,34.85999914910644,40.29499900713563,76.13499800674617,0,control
R_NEG_1442,20148,Meghalaya,East Khasi Hills,25.54327964782715,92.1047821044922,2009-06-24,31.939999170601368,34.85999914910644,40.29499900713563,76.13499800674617,0,control
R_NEG_1443,20144,Meghalaya,East Khasi Hills,25.542640686035156,92.10214233398438,2009-06-24,31.939999170601368,34.85999914910644,40.29499900713563,76.13499800674617,0,control
R_NEG_1444,20141,Meghalaya,East Khasi Hills,25.54231071472168,92.0999984741211,2009-06-24,27.589999727904797,31.434999603778124,35.92999955359846,79.7299985177815,0,control
R_NEG_1445,20143,Meghalaya,Jaintia Hills,25.54261016845703,92.09841918945312,2009-06-24,27.589999727904797,31.434999603778124,35.92999955359846,79.7299985177815,0,control
R_NEG_1446,20521,Meghalaya,Jaintia Hills,25.05108333,92.40219444,2010-04-15,3.979999859817326,63.974998713470995,83.86999821197242,317.614493817091,0,control
R_NEG_1447,20522,Meghalaya,Jaintia Hills,25.04305556,92.42041667,2010-04-15,3.979999859817326,63.974998713470995,83.86999821197242,317.614493817091,0,control
R_NEG_1448,20523,Meghalaya,Jaintia Hills,25.04222222,92.44127778,2010-04-15,3.979999859817326,63.974998713470995,83.86999821197242,317.614493817091,0,control
R_NEG_1449,20517,Meghalaya,Jaintia Hills,25.13561111,92.38050079345705,2010-04-15,1.93000003695488,96.24999876320362,137.61999755352736,336.9984918553382,0,control
R_NEG_1450,20518,Meghalaya,Jaintia Hills,25.13486111,92.38200378417967,2010-04-15,1.93000003695488,96.24999876320362,137.61999755352736,336.9984918553382,0,control
R_NEG_1451,20519,Meghalaya,Jaintia Hills,25.12383333,92.38519444,2010-04-15,1.93000003695488,96.24999876320362,137.61999755352736,336.9984918553382,0,control
R_NEG_1452,20520,Meghalaya,Jaintia Hills,25.07533333,92.36341667,2010-04-15,2.054999962449074,89.92499799653888,109.42999753542244,343.50149217247963,0,control
R_NEG_1453,794,Assam,Kamrup,26.10891667,91.74175262451172,2012-06-15,109.80999738071114,167.47499624080956,192.3749957140535,362.5204915124923,0,control
R_NEG_1454,25970,Nagaland,Tuensang,26.22633333,94.81302778,2012-06-15,12.089999726042151,27.52999937813729,40.62999902199954,156.31199572142214,0,control
R_NEG_1455,26822,Sikkim,North Sikkim,27.57502778,88.65402778,2012-06-15,0.9449999965727328,0.9499999964609742,1.3749999850988388,12.258999816142024,0,control
R_NEG_1456,26823,Sikkim,North Sikkim,27.56111111,88.65452778,2012-06-15,0.9449999965727328,0.9499999964609742,1.3749999850988388,12.258999816142024,0,control
R_NEG_1457,26825,Sikkim,North Sikkim,27.56941667,88.65272222,2012-06-15,0.9449999965727328,0.9499999964609742,1.3749999850988388,12.258999816142024,0,control
R_NEG_1458,798,Assam,Kamrup,26.16405556,91.72827778,2012-06-19,25.934999361634254,38.564999118447304,206.0399953592569,311.84999267943203,0,control
R_NEG_1459,20525,Meghalaya,Jaintia Hills,25.26361111,92.38557778,2012-06-19,52.794998285360634,57.094998189248145,301.444993307814,430.1949901776388,0,control
R_NEG_1460,20526,Meghalaya,Jaintia Hills,25.26005556,92.38863889,2012-06-19,52.794998285360634,57.094998189248145,301.444993307814,430.1949901776388,0,control
R_NEG_1461,20527,Meghalaya,Jaintia Hills,25.14702778,92.37883333,2012-06-19,59.4849986769259,63.7699986025691,359.1149921119213,465.14998973254114,0,control
R_NEG_1462,20528,Meghalaya,Jaintia Hills,25.14702778,92.37883333,2012-06-19,59.4849986769259,63.7699986025691,359.1149921119213,465.14998973254114,0,control
R_NEG_1463,20529,Meghalaya,Jaintia Hills,25.14341667,92.37805556,2012-06-19,59.4849986769259,63.7699986025691,359.1149921119213,465.14998973254114,0,control
R_NEG_1464,20530,Meghalaya,Jaintia Hills,25.13427778,92.38511111,2012-06-19,59.4849986769259,63.7699986025691,359.1149921119213,465.14998973254114,0,control
R_NEG_1465,20531,Meghalaya,Jaintia Hills,25.09022222,92.35805556,2012-06-19,82.39999795425683,93.59499770775436,355.0299909822643,432.5749890776351,0,control
R_NEG_1466,20532,Meghalaya,Jaintia Hills,25.09055556,92.35972222,2012-06-19,82.39999795425683,93.59499770775436,355.0299909822643,432.5749890776351,0,control
R_NEG_1467,20533,Meghalaya,Jaintia Hills,25.08772222,92.36086111,2012-06-19,82.39999795425683,93.59499770775436,355.0299909822643,432.5749890776351,0,control
R_NEG_1468,26821,Sikkim,North Sikkim,27.59027778,88.65394444,2012-06-19,6.8249998185783625,29.434999216347933,30.384999212808907,32.59499916061759,0,control
R_NEG_1469,844,Assam,Kamrup,25.872268,91.213965,2014-09-16,1.5149999260902405,21.70499959588051,37.129999093711376,115.27949704788624,0,control
R_NEG_1470,20231,Meghalaya,East Khasi Hills,25.57822036743164,91.86544799804688,2014-09-16,16.50499960500747,26.299999453127384,36.50499916821718,118.47799717448652,0,control
R_NEG_1471,20469,Meghalaya,Ri-Bhoi,26.002939224243164,91.8669204711914,2014-09-16,6.349999912083149,31.38499950617552,44.34499912522733,137.2934966897592,0,control
R_NEG_1472,20452,Meghalaya,Ri-Bhoi,25.95846939086914,91.85405731201172,2014-09-16,7.72499986179173,25.73999933619052,58.66499845404178,154.75149644445628,0,control
R_NEG_1473,1242,Arunachal Pradesh,Tawang,27.587417,91.886944,2016-04-15,17.564999900758266,17.87999988347292,40.76499916333705,74.29449841100723,0,control
R_NEG_1474,1254,Arunachal Pradesh,Tawang,27.591806411743164,91.865028,2016-04-15,17.564999900758266,17.87999988347292,40.76499916333705,74.29449841100723,0,control
R_NEG_1475,1258,Arunachal Pradesh,Tawang,27.593139,91.873889,2016-04-15,17.564999900758266,17.87999988347292,40.76499916333705,74.29449841100723,0,control
R_NEG_1476,1218,Arunachal Pradesh,Tawang,27.58741667,91.88694444,2016-04-15,17.564999900758266,17.87999988347292,40.76499916333705,74.29449841100723,0,control
R_NEG_1477,1241,Arunachal Pradesh,Tawang,27.587417,91.886944,2016-04-15,17.564999900758266,17.87999988347292,40.76499916333705,74.29449841100723,0,control
R_NEG_1478,1219,Arunachal Pradesh,Tawang,27.58741667,91.88694444,2016-04-15,17.564999900758266,17.87999988347292,40.76499916333705,74.29449841100723,0,control
R_NEG_1479,1246,Arunachal Pradesh,Tawang,27.58941650390625,91.861444,2016-04-16,5.624999925494194,19.1449998319149,38.13499918580055,74.76949837896973,0,control
R_NEG_1480,1259,Arunachal Pradesh,Tawang,27.593361,91.879444,2016-04-16,5.624999925494194,19.1449998319149,38.13499918580055,74.76949837896973,0,control
R_NEG_1481,1264,Arunachal Pradesh,Tawang,27.596639,91.878972,2016-04-16,5.624999925494194,19.1449998319149,38.13499918580055,74.76949837896973,0,control
R_NEG_1482,1265,Arunachal Pradesh,Tawang,27.596639,91.878972,2016-04-16,5.624999925494194,19.1449998319149,38.13499918580055,74.76949837896973,0,control
R_NEG_1483,1220,Arunachal Pradesh,Tawang,27.59152778,91.88044444,2016-04-16,5.624999925494194,19.1449998319149,38.13499918580055,74.76949837896973,0,control
R_NEG_1484,1251,Arunachal Pradesh,Tawang,27.591388702392575,91.90249633789062,2016-04-16,4.414999875240028,15.764999539591372,50.24499892536551,86.48449826333672,0,control
R_NEG_1485,722,Assam,Dima Hasao,25.17638889,93.11613889,2016-05-15,57.23499844968319,86.92999788653105,96.95499765779824,157.25599641818553,0,control
R_NEG_1486,643,Assam,Dima Hasao (N.C. Hills),25.24194444,93.14319444,2016-05-15,23.27499956265092,50.21499898843467,57.36499884631485,141.437996850349,0,control
R_NEG_1487,650,Assam,Dima Hasao (N.C. Hills),25.27480556,93.14555556,2016-05-15,23.27499956265092,50.21499898843467,57.36499884631485,141.437996850349,0,control
R_NEG_1488,723,Assam,Dima Hasao (N.C. Hills),25.177499771118164,93.02622222,2016-05-15,69.494998652488,97.81999796070158,99.32499792519955,170.84449618589133,0,control
R_NEG_1489,1103,Arunachal Pradesh,Lower Subansiri,27.307071685791016,93.806008,2016-07-10,112.98999782651664,157.1599966045469,246.29499459825456,453.6754885688424,0,control
R_NEG_1490,1082,Arunachal Pradesh,Lower Subansiri,27.294885635375977,93.803328,2016-07-10,106.61499808076768,135.25999777950346,237.4699958721176,447.1099917255342,0,control
R_NEG_1491,1049,Arunachal Pradesh,Lower Subansiri,27.254756,93.801303,2016-07-10,106.61499808076768,135.25999777950346,237.4699958721176,447.1099917255342,0,control
R_NEG_1492,1042,Arunachal Pradesh,Lower Subansiri,27.246131,93.804711,2016-07-10,106.61499808076768,135.25999777950346,237.4699958721176,447.1099917255342,0,control
R_NEG_1493,1033,Arunachal Pradesh,Lower Subansiri,27.23995018005371,93.806589,2016-07-10,106.61499808076768,135.25999777950346,237.4699958721176,447.1099917255342,0,control
R_NEG_1494,762,Assam,Kamrup (Metro),26.17672222,91.76525115966795,2017-06-06,3.1649999916553497,14.064999868161976,58.230498858727515,167.77049587480724,0,control
R_NEG_1495,504,Assam,Kamrup (Metro),26.177560806274418,91.7658920288086,2017-06-06,3.1649999916553497,14.064999868161976,58.230498858727515,167.77049587480724,0,control
R_NEG_1496,490,Assam,Kamrup (Metro),26.154279708862305,91.79264068603516,2017-06-06,3.1649999916553497,14.064999868161976,58.230498858727515,167.77049587480724,0,control
R_NEG_1497,503,Assam,Kamrup (Metro),26.176719665527344,91.76525115966795,2017-06-06,3.1649999916553497,14.064999868161976,58.230498858727515,167.77049587480724,0,control
R_NEG_1498,20547,Meghalaya,East Khasi Hills,25.23211111,91.37252778,2019-06-20,7.759999857284129,54.70499858353287,162.93999808467925,172.694997953251,0,control
R_NEG_1499,20548,Meghalaya,East Khasi Hills,25.22194444,91.38422222,2019-06-20,7.759999857284129,54.70499858353287,162.93999808467925,172.694997953251,0,control
R_NEG_1500,20551,Meghalaya,East Khasi Hills,25.18688889,91.39855556,2019-06-20,14.54999969061464,40.28499928768724,95.28999780397862,144.23499694745988,0,control
R_NEG_1501,20550,Meghalaya,East Khasi Hills,25.18766667,91.39816667,2019-06-20,14.54999969061464,40.28499928768724,95.28999780397862,144.23499694745988,0,control
R_NEG_1502,20553,Meghalaya,West Jaintia Hills,25.44233333,92.19447222,2020-05-19,25.49999948125333,35.78499918524176,71.02999838069081,140.3299967693165,0,control
R_NEG_1503,20554,Meghalaya,West Jaintia Hills,25.44177778,92.19558333,2020-05-19,25.49999948125333,35.78499918524176,71.02999838069081,140.3299967693165,0,control
R_NEG_1504,20557,Meghalaya,West Jaintia Hills,25.43505556,92.19836111,2020-05-19,25.49999948125333,35.78499918524176,71.02999838069081,140.3299967693165,0,control
R_NEG_1505,20559,Meghalaya,West Jaintia Hills,25.45075035095215,92.19452778,2020-05-19,25.49999948125333,35.78499918524176,71.02999838069081,140.3299967693165,0,control
R_NEG_1506,20490,Meghalaya,West Jaintia Hills,25.2842285,92.11314877,2020-05-19,13.474999446421862,38.81999876350165,105.48499764874578,153.38999696820974,0,control
R_NEG_1507,20487,Meghalaya,West Jaintia Hills,25.46307925,92.25426106,2020-05-19,20.904999636113644,35.394999329932034,85.0549980904907,149.064996461384,0,control
R_NEG_1508,20558,Meghalaya,West Jaintia Hills,25.44741667,92.20138889,2020-05-19,20.904999636113644,35.394999329932034,85.0549980904907,149.064996461384,0,control
R_NEG_1509,20560,Meghalaya,West Jaintia Hills,25.45351667,92.18784722,2020-05-19,25.49999948125333,35.78499918524176,71.02999838069081,140.3299967693165,0,control
R_NEG_1510,808,Assam,Dima Hasao,25.366254806518555,92.823037,2022-05-07,0.2949999868869781,0.9149999525398016,56.93899894785136,102.50899799633773,0,control
R_NEG_1511,805,Assam,Dima Hasao,25.117665,92.847709,2022-05-07,0.0049999998882412,2.3999999463558197,72.88899804558605,100.3639972396195,0,control
R_NEG_1512,632,Assam,Dima Hasao,25.165790557861328,93.00948333740234,2022-05-07,0.0,3.0849999468773603,73.6269980641082,97.98199727665632,0,control
R_NEG_1513,633,Assam,Dima Hasao,25.15859031677246,93.0129165649414,2022-05-07,0.0,3.0849999468773603,73.6269980641082,97.98199727665632,0,control
R_NEG_1514,624,Assam,Dima Hasao,25.16023063659668,93.0108413696289,2022-05-07,0.0,3.0849999468773603,73.6269980641082,97.98199727665632,0,control
R_NEG_1515,787,Assam,Dima Hasao,25.17622947692871,93.01325988769533,2022-05-07,0.0,3.0849999468773603,73.6269980641082,97.98199727665632,0,control
R_NEG_1516,779,Assam,Dima Hasao,25.17136001586914,93.01101684570312,2022-05-07,0.0,3.0849999468773603,73.6269980641082,97.98199727665632,0,control
R_NEG_1517,647,Assam,Dima Hasao,25.168039321899418,93.02503204345705,2022-05-07,0.0,3.0849999468773603,73.6269980641082,97.98199727665632,0,control
R_NEG_1518,640,Assam,Dima Hasao,25.15555953979492,93.021583,2022-05-07,0.0,3.0849999468773603,73.6269980641082,97.98199727665632,0,control
R_NEG_1519,666,Assam,Dima Hasao,25.162667,93.009806,2022-05-07,0.0,3.0849999468773603,73.6269980641082,97.98199727665632,0,control
R_NEG_1520,649,Assam,Dima Hasao,25.16808319091797,93.024922,2022-05-07,0.0,3.0849999468773603,73.6269980641082,97.98199727665632,0,control
R_NEG_1521,664,Assam,Dima Hasao,25.164270401000977,92.99787902832033,2022-05-08,2.2299999110400677,2.2299999110400677,46.276498853228986,73.61649776436388,0,control
R_NEG_1522,623,Assam,Dima Hasao,25.167360305786133,93.00952911376952,2022-05-08,1.3249999471008778,1.364999946206808,72.42699805181473,98.76199723314494,0,control
R_NEG_1523,785,Assam,Dima Hasao,25.189189910888672,93.02117919921876,2022-05-08,1.3249999471008778,1.364999946206808,72.42699805181473,98.76199723314494,0,control
R_NEG_1524,655,Assam,Dima Hasao,25.174829483032227,93.019861,2022-05-08,1.3249999471008778,1.364999946206808,72.42699805181473,98.76199723314494,0,control
R_NEG_1525,667,Assam,Dima Hasao,25.165529251098633,93.02172088623048,2022-05-08,1.3249999471008778,1.364999946206808,72.42699805181473,98.76199723314494,0,control
R_NEG_1526,642,Assam,Dima Hasao,25.158138275146484,93.024778,2022-05-08,1.3249999471008778,1.364999946206808,72.42699805181473,98.76199723314494,0,control
R_NEG_1527,20581,Meghalaya,East Khasi Hills,25.44835090637207,91.59150278,2022-06-08,33.16499928385019,152.3699949355796,339.71449115592986,352.424490775913,0,control
R_NEG_1528,20582,Meghalaya,East Khasi Hills,25.44743611,91.59103889,2022-06-08,33.16499928385019,152.3699949355796,339.71449115592986,352.424490775913,0,control
R_NEG_1529,20583,Meghalaya,East Khasi Hills,25.44716111,91.59067778,2022-06-08,33.16499928385019,152.3699949355796,339.71449115592986,352.424490775913,0,control
R_NEG_1530,26797,Sikkim,East Sikkim,27.24297222,88.47055556,2022-06-08,68.91499887406826,107.1949981302023,136.74399782158434,175.1439969036728,0,control
R_NEG_1531,778,Assam,Kamrup (Metro),26.187889099121097,91.79492950439452,2022-06-10,38.999999061226845,55.539998597465456,112.80499677266926,141.11049632821232,0,control
R_NEG_1532,20575,Meghalaya,South Garo Hills,25.36103333,91.64700833,2022-06-10,77.2499986756593,141.71499810926616,367.6649919208139,437.72649035416543,0,control
R_NEG_1533,20579,Meghalaya,South Garo Hills,25.45939722,90.70860278,2022-06-10,73.98499879613519,154.00999708287418,302.7349950578064,333.2569940285757,0,control
R_NEG_1534,20580,Meghalaya,South Garo Hills,25.45903056,90.70813333,2022-06-10,73.98499879613519,154.00999708287418,302.7349950578064,333.2569940285757,0,control
R_NEG_1535,20577,Meghalaya,South Garo Hills,25.21022222,90.63220278,2022-06-10,49.93499907106161,142.97499630507082,254.29999332968143,329.15299152676016,0,control
R_NEG_1536,19995,Meghalaya,East Jaintia Hills,25.37539167,92.431275,2024-05-21,14.179999767802656,27.59999946970493,46.55499906092882,98.17499763704836,0,control
R_NEG_1537,20607,Meghalaya,East Khasi Hills,25.34508889,91.60050278,2024-05-21,3.729999953880906,40.14499892760068,83.86999817099422,181.3249960578978,0,control
R_NEG_1538,20605,Meghalaya,East Khasi Hills,25.44693056,91.74096667,2024-05-21,10.214999690651894,75.86499817483127,97.41999793611468,172.14999593235552,0,control
R_NEG_1539,20606,Meghalaya,East Khasi Hills,25.41384722,91.67856111,2024-05-21,5.2049998408183455,53.52499866113067,73.11499826144427,252.2199953952804,0,control
R_NEG_1540,20600,Meghalaya,East Khasi Hills,25.630403,91.8899195,2024-05-21,40.639999125152826,94.8349980339408,125.5849975598976,188.46499602496624,0,control
R_NEG_1541,20601,Meghalaya,East Khasi Hills,25.630858,91.887601,2024-05-21,40.639999125152826,94.8349980339408,125.5849975598976,188.46499602496624,0,control
R_NEG_1542,20599,Meghalaya,East Khasi Hills,25.62790278,91.88801944,2024-05-21,40.639999125152826,94.8349980339408,125.5849975598976,188.46499602496624,0,control
R_NEG_1543,20644,Meghalaya,Eastern-West Khasi Hill,25.68798889,91.65838889,2024-05-21,35.519999135285616,85.03499751724303,102.5549970883876,188.9149944465607,0,control
R_NEG_1544,20645,Meghalaya,Eastern-West Khasi Hill,25.68804931640625,91.6665267944336,2024-05-21,35.519999135285616,85.03499751724303,102.5549970883876,188.9149944465607,0,control
R_NEG_1545,20594,Meghalaya,South West Khasi Hills,25.39295833,91.55163333,2024-05-21,3.8749998724088073,52.904998923651874,98.80999802052976,238.48999552056193,0,control
R_NEG_1546,20596,Meghalaya,South West Khasi Hills,25.40288611,91.43424167,2024-05-21,2.9549999237060547,46.83999864477664,86.46499769762158,238.82499438337985,0,control
R_NEG_1547,23088,Mizoram,Aizawl,23.60861111,92.85055556,2024-05-21,10.024999804794788,21.984999522566795,21.984999522566795,60.599998818710446,0,control
R_NEG_1548,23096,Mizoram,Aizawl,23.73222222,92.75,2024-05-21,3.3499999959021807,13.424999721348286,13.599999716505408,37.42499927338213,0,control
R_NEG_1549,23097,Mizoram,Aizawl,23.73194444,92.75,2024-05-21,3.3499999959021807,13.424999721348286,13.599999716505408,37.42499927338213,0,control
R_NEG_1550,23098,Mizoram,Aizawl,23.74083333,92.74111111,2024-05-21,3.3499999959021807,13.424999721348286,13.599999716505408,37.42499927338213,0,control
R_NEG_1551,23115,Mizoram,Aizawl,23.74916667,92.69416667,2024-05-21,1.5299999667331576,15.794999525882304,15.974999524652958,35.62499905470759,0,control
R_NEG_1552,23121,Mizoram,Aizawl,23.69277778,92.72055556,2024-05-21,3.119999887421727,13.929999584332108,13.929999584332108,41.629998937249184,0,control
R_NEG_1553,23132,Mizoram,Aizawl,23.70972222,92.72222222,2024-05-21,3.3499999959021807,13.424999721348286,13.599999716505408,37.42499927338213,0,control
R_NEG_1554,23133,Mizoram,Aizawl,23.69944444,92.71972222,2024-05-21,3.119999887421727,13.929999584332108,13.929999584332108,41.629998937249184,0,control
R_NEG_1555,23145,Mizoram,Aizawl,23.66416667,92.72055556,2024-05-21,3.119999887421727,13.929999584332108,13.929999584332108,41.629998937249184,0,control
R_NEG_1556,23146,Mizoram,Aizawl,23.66055556,92.72527778,2024-05-21,3.119999887421727,13.929999584332108,13.929999584332108,41.629998937249184,0,control
R_NEG_1557,23147,Mizoram,Aizawl,23.65999984741211,92.72638889,2024-05-21,3.119999887421727,13.929999584332108,13.929999584332108,41.629998937249184,0,control
R_NEG_1558,23148,Mizoram,Aizawl,23.65527778,92.72694444,2024-05-21,3.119999887421727,13.929999584332108,13.929999584332108,41.629998937249184,0,control
R_NEG_1559,23149,Mizoram,Aizawl,23.65138889,92.72694444,2024-05-21,3.119999887421727,13.929999584332108,13.929999584332108,41.629998937249184,0,control
R_NEG_1560,23150,Mizoram,Aizawl,23.64555556,92.72444444,2024-05-21,3.119999887421727,13.929999584332108,13.929999584332108,41.629998937249184,0,control
R_NEG_1561,23152,Mizoram,Aizawl,23.64444444,92.72527778,2024-05-21,3.119999887421727,13.929999584332108,13.929999584332108,41.629998937249184,0,control
R_NEG_1562,23153,Mizoram,Aizawl,23.64166667,92.72416667,2024-05-21,3.119999887421727,13.929999584332108,13.929999584332108,41.629998937249184,0,control
R_NEG_1563,23154,Mizoram,Aizawl,23.64083333,92.72472222,2024-05-21,3.119999887421727,13.929999584332108,13.929999584332108,41.629998937249184,0,control
R_NEG_1564,23155,Mizoram,Aizawl,23.637500762939453,92.72277778,2024-05-21,3.119999887421727,13.929999584332108,13.929999584332108,41.629998937249184,0,control
R_NEG_1565,23160,Mizoram,Aizawl,23.62611111,92.72638889,2024-05-21,3.119999887421727,13.929999584332108,13.929999584332108,41.629998937249184,0,control
R_NEG_1566,23161,Mizoram,Aizawl,23.63249969482422,92.72388889,2024-05-21,3.119999887421727,13.929999584332108,13.929999584332108,41.629998937249184,0,control
R_NEG_1567,23163,Mizoram,Aizawl,23.62972222,92.72555556,2024-05-21,3.119999887421727,13.929999584332108,13.929999584332108,41.629998937249184,0,control
R_NEG_1568,23167,Mizoram,Aizawl,23.61611111,92.71722222,2024-05-21,3.119999887421727,13.929999584332108,13.929999584332108,41.629998937249184,0,control
R_NEG_1569,23170,Mizoram,Aizawl,23.61861111,92.72611111,2024-05-21,3.119999887421727,13.929999584332108,13.929999584332108,41.629998937249184,0,control
R_NEG_1570,23171,Mizoram,Aizawl,23.60555556,92.7249984741211,2024-05-21,3.119999887421727,13.929999584332108,13.929999584332108,41.629998937249184,0,control
R_NEG_1571,23177,Mizoram,Aizawl,23.59194444,92.75055556,2024-05-21,5.5099999606609344,21.844999418593943,21.844999418593943,61.859998722560704,0,control
R_NEG_1572,23184,Mizoram,Aizawl,23.60861111,92.80972222,2024-05-21,10.024999804794788,21.984999522566795,21.984999522566795,60.599998818710446,0,control
R_NEG_1573,23188,Mizoram,Aizawl,23.60972222,92.80916667,2024-05-21,10.024999804794788,21.984999522566795,21.984999522566795,60.599998818710446,0,control
R_NEG_1574,23192,Mizoram,Aizawl,23.61222222,92.80527778,2024-05-21,10.024999804794788,21.984999522566795,21.984999522566795,60.599998818710446,0,control
R_NEG_1575,23193,Mizoram,Aizawl,23.61138889,92.80333333,2024-05-21,10.024999804794788,21.984999522566795,21.984999522566795,60.599998818710446,0,control
R_NEG_1576,23207,Mizoram,Aizawl,23.61611111,92.79777778,2024-05-21,3.119999887421727,13.929999584332108,13.929999584332108,41.629998937249184,0,control
R_NEG_1577,23208,Mizoram,Aizawl,23.61472222,92.79583333,2024-05-21,3.119999887421727,13.929999584332108,13.929999584332108,41.629998937249184,0,control
R_NEG_1578,23209,Mizoram,Aizawl,23.614999771118164,92.79222222,2024-05-21,3.119999887421727,13.929999584332108,13.929999584332108,41.629998937249184,0,control
R_NEG_1579,23211,Mizoram,Aizawl,23.61861111,92.79000091552734,2024-05-21,3.119999887421727,13.929999584332108,13.929999584332108,41.629998937249184,0,control
R_NEG_1580,23214,Mizoram,Aizawl,23.62333333,92.78888889,2024-05-21,3.119999887421727,13.929999584332108,13.929999584332108,41.629998937249184,0,control
R_NEG_1581,23216,Mizoram,Aizawl,23.62527778,92.78638889,2024-05-21,3.119999887421727,13.929999584332108,13.929999584332108,41.629998937249184,0,control
R_NEG_1582,23229,Mizoram,Aizawl,23.59527778,92.71722222,2024-05-21,5.5099999606609344,21.844999418593943,21.844999418593943,61.859998722560704,0,control
R_NEG_1583,23230,Mizoram,Aizawl,23.59055556,92.71611111,2024-05-21,5.5099999606609344,21.844999418593943,21.844999418593943,61.859998722560704,0,control
R_NEG_1584,23246,Mizoram,Aizawl,23.57138889,92.70972222,2024-05-21,5.5099999606609344,21.844999418593943,21.844999418593943,61.859998722560704,0,control
R_NEG_1585,23247,Mizoram,Aizawl,23.57055556,92.70888889,2024-05-21,5.5099999606609344,21.844999418593943,21.844999418593943,61.859998722560704,0,control
R_NEG_1586,23248,Mizoram,Aizawl,23.57027778,92.70722222,2024-05-21,5.5099999606609344,21.844999418593943,21.844999418593943,61.859998722560704,0,control
R_NEG_1587,23249,Mizoram,Aizawl,23.55388889,92.70472222,2024-05-21,5.5099999606609344,21.844999418593943,21.844999418593943,61.859998722560704,0,control
R_NEG_1588,23250,Mizoram,Aizawl,23.55444444,92.70527778,2024-05-21,5.5099999606609344,21.844999418593943,21.844999418593943,61.859998722560704,0,control
R_NEG_1589,23253,Mizoram,Aizawl,23.549999237060547,92.70444444,2024-05-21,5.5099999606609344,21.844999418593943,21.844999418593943,61.859998722560704,0,control
R_NEG_1590,23264,Mizoram,Aizawl,23.53555556,92.72333333,2024-05-21,5.5099999606609344,21.844999418593943,21.844999418593943,61.859998722560704,0,control
R_NEG_1591,23272,Mizoram,Aizawl,23.54833333,92.71083333,2024-05-21,5.5099999606609344,21.844999418593943,21.844999418593943,61.859998722560704,0,control
R_NEG_1592,23277,Mizoram,Aizawl,23.54888889,92.70555556,2024-05-21,5.5099999606609344,21.844999418593943,21.844999418593943,61.859998722560704,0,control
R_NEG_1593,23278,Mizoram,Aizawl,23.545000076293945,92.70333333,2024-05-21,5.5099999606609344,21.844999418593943,21.844999418593943,61.859998722560704,0,control
R_NEG_1594,23279,Mizoram,Aizawl,23.54027778,92.70138889,2024-05-21,5.5099999606609344,21.844999418593943,21.844999418593943,61.859998722560704,0,control
R_NEG_1595,23283,Mizoram,Aizawl,23.53694444,92.69750213623048,2024-05-21,2.3749999487772584,22.964999625459313,22.964999625459313,48.86999872326851,0,control
R_NEG_1596,23284,Mizoram,Aizawl,23.53611111,92.69777778,2024-05-21,2.3749999487772584,22.964999625459313,22.964999625459313,48.86999872326851,0,control
R_NEG_1597,23289,Mizoram,Aizawl,23.53027778,92.69666667,2024-05-21,2.3749999487772584,22.964999625459313,22.964999625459313,48.86999872326851,0,control
R_NEG_1598,23290,Mizoram,Aizawl,23.52861111,92.69750213623048,2024-05-21,2.3749999487772584,22.964999625459313,22.964999625459313,48.86999872326851,0,control
R_NEG_1599,23291,Mizoram,Aizawl,23.52777778,92.69861111,2024-05-21,2.3749999487772584,22.964999625459313,22.964999625459313,48.86999872326851,0,control
R_NEG_1600,23294,Mizoram,Aizawl,23.52277778,92.70277778,2024-05-21,5.5099999606609344,21.844999418593943,21.844999418593943,61.859998722560704,0,control
R_NEG_1601,23297,Mizoram,Aizawl,23.51444444,92.69805556,2024-05-21,2.3749999487772584,22.964999625459313,22.964999625459313,48.86999872326851,0,control
R_NEG_1602,23299,Mizoram,Aizawl,23.51055556,92.69972222,2024-05-21,2.3749999487772584,22.964999625459313,22.964999625459313,48.86999872326851,0,control
R_NEG_1603,23301,Mizoram,Aizawl,23.50694444,92.69638889,2024-05-21,2.3749999487772584,22.964999625459313,22.964999625459313,48.86999872326851,0,control
R_NEG_1604,23303,Mizoram,Aizawl,23.50527778,92.69750213623048,2024-05-21,2.3749999487772584,22.964999625459313,22.964999625459313,48.86999872326851,0,control
R_NEG_1605,23306,Mizoram,Aizawl,23.55027778,92.70444444,2024-05-21,5.5099999606609344,21.844999418593943,21.844999418593943,61.859998722560704,0,control
R_NEG_1606,23316,Mizoram,Aizawl,23.54305556,92.70055556,2024-05-21,5.5099999606609344,21.844999418593943,21.844999418593943,61.859998722560704,0,control
R_NEG_1607,23321,Mizoram,Aizawl,23.53972222,92.69944444,2024-05-21,2.3749999487772584,22.964999625459313,22.964999625459313,48.86999872326851,0,control
R_NEG_1608,23322,Mizoram,Aizawl,23.53777778,92.69833333,2024-05-21,2.3749999487772584,22.964999625459313,22.964999625459313,48.86999872326851,0,control
R_NEG_1609,23327,Mizoram,Aizawl,23.54277778,92.67638889,2024-05-21,2.3749999487772584,22.964999625459313,22.964999625459313,48.86999872326851,0,control
R_NEG_1610,23331,Mizoram,Aizawl,23.54277778,92.67472222,2024-05-21,2.3749999487772584,22.964999625459313,22.964999625459313,48.86999872326851,0,control
R_NEG_1611,23333,Mizoram,Aizawl,23.54333333,92.66472222,2024-05-21,2.3749999487772584,22.964999625459313,22.964999625459313,48.86999872326851,0,control
R_NEG_1612,23336,Mizoram,Aizawl,23.53944444,92.66527778,2024-05-21,2.3749999487772584,22.964999625459313,22.964999625459313,48.86999872326851,0,control
R_NEG_1613,23338,Mizoram,Aizawl,23.53888889,92.6624984741211,2024-05-21,2.3749999487772584,22.964999625459313,22.964999625459313,48.86999872326851,0,control
R_NEG_1614,23345,Mizoram,Aizawl,23.53944444,92.65888889,2024-05-21,2.3749999487772584,22.964999625459313,22.964999625459313,48.86999872326851,0,control
R_NEG_1615,23346,Mizoram,Aizawl,23.53611111,92.65527778,2024-05-21,2.3749999487772584,22.964999625459313,22.964999625459313,48.86999872326851,0,control
R_NEG_1616,23351,Mizoram,Aizawl,23.45083333,92.68250274658205,2024-05-21,5.799999814480543,20.339999452233315,20.339999452233315,78.48999750148505,0,control
R_NEG_1617,23360,Mizoram,Aizawl,23.44805556,92.68333333,2024-05-21,5.799999814480543,20.339999452233315,20.339999452233315,78.48999750148505,0,control
R_NEG_1618,23362,Mizoram,Aizawl,23.44333333,92.68527778,2024-05-21,5.799999814480543,20.339999452233315,20.339999452233315,78.48999750148505,0,control
R_NEG_1619,23365,Mizoram,Aizawl,23.42722222,92.71277778,2024-05-21,9.78499986603856,24.319999370723963,24.319999370723963,93.88999745901674,0,control
R_NEG_1620,23367,Mizoram,Aizawl,23.41694444,92.71805556,2024-05-21,9.78499986603856,24.319999370723963,24.319999370723963,93.88999745901674,0,control
R_NEG_1621,23373,Mizoram,Aizawl,23.40999984741211,92.74944444,2024-05-21,9.78499986603856,24.319999370723963,24.319999370723963,93.88999745901674,0,control
R_NEG_1622,23388,Mizoram,Aizawl,23.37972222,92.75166667,2024-05-21,19.34999955445528,35.10499940440059,35.10499940440059,84.934998084791,0,control
R_NEG_1623,23396,Mizoram,Aizawl,23.35694444,92.77027778,2024-05-21,19.34999955445528,35.10499940440059,35.10499940440059,84.934998084791,0,control
R_NEG_1624,23397,Mizoram,Aizawl,23.35638889,92.77027778,2024-05-21,19.34999955445528,35.10499940440059,35.10499940440059,84.934998084791,0,control
R_NEG_1625,23401,Mizoram,Aizawl,23.39166667,92.75527778,2024-05-21,19.34999955445528,35.10499940440059,35.10499940440059,84.934998084791,0,control
R_NEG_1626,23410,Mizoram,Aizawl,23.43194444,92.76083333,2024-05-21,9.78499986603856,24.319999370723963,24.319999370723963,93.88999745901674,0,control
R_NEG_1627,23414,Mizoram,Aizawl,23.44138889,92.77888889,2024-05-21,9.78499986603856,24.319999370723963,24.319999370723963,93.88999745901674,0,control
R_NEG_1628,23420,Mizoram,Aizawl,23.48555556,92.70305556,2024-05-21,9.78499986603856,24.319999370723963,24.319999370723963,93.88999745901674,0,control
R_NEG_1629,23421,Mizoram,Aizawl,23.49083333,92.70555556,2024-05-21,9.78499986603856,24.319999370723963,24.319999370723963,93.88999745901674,0,control
R_NEG_1630,23427,Mizoram,Aizawl,23.49861111,92.70388889,2024-05-21,9.78499986603856,24.319999370723963,24.319999370723963,93.88999745901674,0,control
R_NEG_1631,23431,Mizoram,Aizawl,23.68277778,92.85749816894533,2024-05-21,10.024999804794788,21.984999522566795,21.984999522566795,60.599998818710446,0,control
R_NEG_1632,23432,Mizoram,Aizawl,23.68305556,92.85749816894533,2024-05-21,10.024999804794788,21.984999522566795,21.984999522566795,60.599998818710446,0,control
R_NEG_1633,23436,Mizoram,Aizawl,23.68638889,92.85833333,2024-05-21,10.024999804794788,21.984999522566795,21.984999522566795,60.599998818710446,0,control
R_NEG_1634,23438,Mizoram,Aizawl,23.69472222,92.85972222,2024-05-21,10.024999804794788,21.984999522566795,21.984999522566795,60.599998818710446,0,control
R_NEG_1635,23439,Mizoram,Aizawl,23.71416667,92.85805556,2024-05-21,9.71999975759536,15.859999573789535,15.859999573789535,37.68999902624637,0,control
R_NEG_1636,23442,Mizoram,Aizawl,23.72722222,92.85472222,2024-05-21,9.71999975759536,15.859999573789535,15.859999573789535,37.68999902624637,0,control
R_NEG_1637,23443,Mizoram,Aizawl,23.72972222,92.85305556,2024-05-21,9.71999975759536,15.859999573789535,15.859999573789535,37.68999902624637,0,control
R_NEG_1638,23446,Mizoram,Aizawl,23.73111111,92.84638889,2024-05-21,9.71999975759536,15.859999573789535,15.859999573789535,37.68999902624637,0,control
R_NEG_1639,23447,Mizoram,Aizawl,23.73361111,92.84305556,2024-05-21,9.71999975759536,15.859999573789535,15.859999573789535,37.68999902624637,0,control
R_NEG_1640,23459,Mizoram,Aizawl,23.73833333,92.81333333,2024-05-21,9.71999975759536,15.859999573789535,15.859999573789535,37.68999902624637,0,control
R_NEG_1641,23461,Mizoram,Aizawl,23.73472222,92.81333333,2024-05-21,9.71999975759536,15.859999573789535,15.859999573789535,37.68999902624637,0,control
R_NEG_1642,23465,Mizoram,Aizawl,23.729999542236328,92.75833333,2024-05-21,3.3499999959021807,13.424999721348286,13.599999716505408,37.42499927338213,0,control
R_NEG_1643,23468,Mizoram,Aizawl,23.73055556,92.75861111,2024-05-21,3.3499999959021807,13.424999721348286,13.599999716505408,37.42499927338213,0,control
R_NEG_1644,23481,Mizoram,Aizawl,23.72222222,92.79861111,2024-05-21,3.3499999959021807,13.424999721348286,13.599999716505408,37.42499927338213,0,control
R_NEG_1645,23498,Mizoram,Aizawl,23.73583333,92.85194444,2024-05-21,9.71999975759536,15.859999573789535,15.859999573789535,37.68999902624637,0,control
R_NEG_1646,23507,Mizoram,Aizawl,23.77750015258789,92.84833333,2024-05-21,9.71999975759536,15.859999573789535,15.859999573789535,37.68999902624637,0,control
R_NEG_1647,23508,Mizoram,Aizawl,23.77833333,92.84666667,2024-05-21,9.71999975759536,15.859999573789535,15.859999573789535,37.68999902624637,0,control
R_NEG_1648,23512,Mizoram,Aizawl,23.77361111,92.84944444,2024-05-21,9.71999975759536,15.859999573789535,15.859999573789535,37.68999902624637,0,control
R_NEG_1649,23517,Mizoram,Aizawl,23.82638889,92.8324966430664,2024-05-21,15.104999609291552,34.89999895170331,34.89999895170331,52.859998447820544,0,control
R_NEG_1650,23521,Mizoram,Aizawl,23.84777778,92.83694444,2024-05-21,15.104999609291552,34.89999895170331,34.89999895170331,52.859998447820544,0,control
R_NEG_1651,23582,Mizoram,Aizawl,23.10172778,93.20231944,2024-05-21,34.04999979585409,59.054999286308885,59.054999286308885,81.14499881770462,0,control
R_NEG_1652,23588,Mizoram,Aizawl,23.09561111,93.20786389,2024-05-21,27.91499922145158,45.11499890964478,45.11499890964478,73.59999803826213,0,control
R_NEG_1653,23596,Mizoram,Aizawl,23.11097526550293,93.21260278,2024-05-21,34.04999979585409,59.054999286308885,59.054999286308885,81.14499881770462,0,control
R_NEG_1654,23728,Mizoram,Aizawl,23.410771,92.753123,2024-05-21,9.78499986603856,24.319999370723963,24.319999370723963,93.88999745901674,0,control
R_NEG_1655,22811,Mizoram,Aizawl,23.77305556,92.74361111,2024-05-21,3.3499999959021807,13.424999721348286,13.599999716505408,37.42499927338213,0,control
R_NEG_1656,22701,Mizoram,Aizawl,23.73888889,92.69638889,2024-05-21,1.5299999667331576,15.794999525882304,15.974999524652958,35.62499905470759,0,control
R_NEG_1657,22702,Mizoram,Aizawl,23.73947222,92.69666667,2024-05-21,1.5299999667331576,15.794999525882304,15.974999524652958,35.62499905470759,0,control
R_NEG_1658,22704,Mizoram,Aizawl,23.74066667,92.69336111,2024-05-21,1.5299999667331576,15.794999525882304,15.974999524652958,35.62499905470759,0,control
R_NEG_1659,22764,Mizoram,Aizawl,23.6200008392334,92.72472222,2024-05-21,3.119999887421727,13.929999584332108,13.929999584332108,41.629998937249184,0,control
R_NEG_1660,22707,Mizoram,Aizawl,23.74116667,92.69455556,2024-05-21,1.5299999667331576,15.794999525882304,15.974999524652958,35.62499905470759,0,control
R_NEG_1661,22709,Mizoram,Aizawl,23.73386111,92.69491667,2024-05-21,1.5299999667331576,15.794999525882304,15.974999524652958,35.62499905470759,0,control
R_NEG_1662,22710,Mizoram,Aizawl,23.72669444,92.69519444,2024-05-21,1.5299999667331576,15.794999525882304,15.974999524652958,35.62499905470759,0,control
R_NEG_1663,22714,Mizoram,Aizawl,23.73305556,92.69944444,2024-05-21,1.5299999667331576,15.794999525882304,15.974999524652958,35.62499905470759,0,control
R_NEG_1664,22715,Mizoram,Aizawl,23.74972222,92.69833333,2024-05-21,1.5299999667331576,15.794999525882304,15.974999524652958,35.62499905470759,0,control
R_NEG_1665,22716,Mizoram,Aizawl,23.73111111,92.70222222,2024-05-21,3.3499999959021807,13.424999721348286,13.599999716505408,37.42499927338213,0,control
R_NEG_1666,22717,Mizoram,Aizawl,23.73111111,92.70388889,2024-05-21,3.3499999959021807,13.424999721348286,13.599999716505408,37.42499927338213,0,control
R_NEG_1667,22718,Mizoram,Aizawl,23.73333333,92.70527778,2024-05-21,3.3499999959021807,13.424999721348286,13.599999716505408,37.42499927338213,0,control
R_NEG_1668,22720,Mizoram,Aizawl,23.73583333,92.69777778,2024-05-21,1.5299999667331576,15.794999525882304,15.974999524652958,35.62499905470759,0,control
R_NEG_1669,22721,Mizoram,Aizawl,23.73132778,92.70821944,2024-05-21,3.3499999959021807,13.424999721348286,13.599999716505408,37.42499927338213,0,control
R_NEG_1670,22722,Mizoram,Aizawl,23.72428333,92.70737778,2024-05-21,3.3499999959021807,13.424999721348286,13.599999716505408,37.42499927338213,0,control
R_NEG_1671,22723,Mizoram,Aizawl,23.72276944,92.70664978027344,2024-05-21,3.3499999959021807,13.424999721348286,13.599999716505408,37.42499927338213,0,control
R_NEG_1672,22724,Mizoram,Aizawl,23.71446389,92.71146389,2024-05-21,3.3499999959021807,13.424999721348286,13.599999716505408,37.42499927338213,0,control
R_NEG_1673,22725,Mizoram,Aizawl,23.71581111,92.7093505859375,2024-05-21,3.3499999959021807,13.424999721348286,13.599999716505408,37.42499927338213,0,control
R_NEG_1674,22726,Mizoram,Aizawl,23.71595001220703,92.70879444,2024-05-21,3.3499999959021807,13.424999721348286,13.599999716505408,37.42499927338213,0,control
R_NEG_1675,22730,Mizoram,Aizawl,23.71721667,92.70777778,2024-05-21,3.3499999959021807,13.424999721348286,13.599999716505408,37.42499927338213,0,control
R_NEG_1676,22731,Mizoram,Aizawl,23.71697222,92.70817222,2024-05-21,3.3499999959021807,13.424999721348286,13.599999716505408,37.42499927338213,0,control
R_NEG_1677,22732,Mizoram,Aizawl,23.71305556,92.70895833,2024-05-21,3.3499999959021807,13.424999721348286,13.599999716505408,37.42499927338213,0,control
R_NEG_1678,22733,Mizoram,Aizawl,23.71523056,92.71529167,2024-05-21,3.3499999959021807,13.424999721348286,13.599999716505408,37.42499927338213,0,control
R_NEG_1679,22737,Mizoram,Aizawl,23.71638889,92.72111111,2024-05-21,3.3499999959021807,13.424999721348286,13.599999716505408,37.42499927338213,0,control
R_NEG_1680,22738,Mizoram,Aizawl,23.71444444,92.72861111,2024-05-21,3.3499999959021807,13.424999721348286,13.599999716505408,37.42499927338213,0,control
R_NEG_1681,22741,Mizoram,Aizawl,23.71571389,92.72659722,2024-05-21,3.3499999959021807,13.424999721348286,13.599999716505408,37.42499927338213,0,control
R_NEG_1682,22742,Mizoram,Aizawl,23.710399627685547,92.72237778,2024-05-21,3.3499999959021807,13.424999721348286,13.599999716505408,37.42499927338213,0,control
R_NEG_1683,22743,Mizoram,Aizawl,23.71865833,92.72335278,2024-05-21,3.3499999959021807,13.424999721348286,13.599999716505408,37.42499927338213,0,control
R_NEG_1684,22745,Mizoram,Aizawl,23.709999084472656,92.71611111,2024-05-21,3.3499999959021807,13.424999721348286,13.599999716505408,37.42499927338213,0,control
R_NEG_1685,22747,Mizoram,Aizawl,23.70666667,92.71444444,2024-05-21,3.3499999959021807,13.424999721348286,13.599999716505408,37.42499927338213,0,control
R_NEG_1686,22748,Mizoram,Aizawl,23.70527778,92.71138889,2024-05-21,3.3499999959021807,13.424999721348286,13.599999716505408,37.42499927338213,0,control
R_NEG_1687,22750,Mizoram,Aizawl,23.70027778,92.71611111,2024-05-21,3.3499999959021807,13.424999721348286,13.599999716505408,37.42499927338213,0,control
R_NEG_1688,22751,Mizoram,Aizawl,23.69972222,92.71694444,2024-05-21,3.119999887421727,13.929999584332108,13.929999584332108,41.629998937249184,0,control
R_NEG_1689,22756,Mizoram,Aizawl,23.64638889,92.72527778,2024-05-21,3.119999887421727,13.929999584332108,13.929999584332108,41.629998937249184,0,control
R_NEG_1690,22757,Mizoram,Aizawl,23.63111111,92.72388889,2024-05-21,3.119999887421727,13.929999584332108,13.929999584332108,41.629998937249184,0,control
R_NEG_1691,22758,Mizoram,Aizawl,23.63055556,92.72305556,2024-05-21,3.119999887421727,13.929999584332108,13.929999584332108,41.629998937249184,0,control
R_NEG_1692,22759,Mizoram,Aizawl,23.62833333,92.72333333,2024-05-21,3.119999887421727,13.929999584332108,13.929999584332108,41.629998937249184,0,control
R_NEG_1693,22760,Mizoram,Aizawl,23.62277778,92.72444444,2024-05-21,3.119999887421727,13.929999584332108,13.929999584332108,41.629998937249184,0,control
R_NEG_1694,22761,Mizoram,Aizawl,23.62194444,92.72305556,2024-05-21,3.119999887421727,13.929999584332108,13.929999584332108,41.629998937249184,0,control
R_NEG_1695,22762,Mizoram,Aizawl,23.62083333,92.72250366210938,2024-05-21,3.119999887421727,13.929999584332108,13.929999584332108,41.629998937249184,0,control
R_NEG_1696,22763,Mizoram,Aizawl,23.61916667,92.72250366210938,2024-05-21,3.119999887421727,13.929999584332108,13.929999584332108,41.629998937249184,0,control
R_NEG_1697,22765,Mizoram,Aizawl,23.61972222,92.72527778,2024-05-21,3.119999887421727,13.929999584332108,13.929999584332108,41.629998937249184,0,control
R_NEG_1698,22766,Mizoram,Aizawl,23.62027778,92.72555556,2024-05-21,3.119999887421727,13.929999584332108,13.929999584332108,41.629998937249184,0,control
R_NEG_1699,22767,Mizoram,Aizawl,23.62027778,92.72611111,2024-05-21,3.119999887421727,13.929999584332108,13.929999584332108,41.629998937249184,0,control
R_NEG_1700,22768,Mizoram,Aizawl,23.62111111,92.72444444,2024-05-21,3.119999887421727,13.929999584332108,13.929999584332108,41.629998937249184,0,control
R_NEG_1701,22771,Mizoram,Aizawl,23.67583333,92.71499633789062,2024-05-21,3.119999887421727,13.929999584332108,13.929999584332108,41.629998937249184,0,control
R_NEG_1702,22772,Mizoram,Aizawl,23.67472222,92.71722222,2024-05-21,3.119999887421727,13.929999584332108,13.929999584332108,41.629998937249184,0,control
R_NEG_1703,22773,Mizoram,Aizawl,23.67444444,92.71472222,2024-05-21,3.119999887421727,13.929999584332108,13.929999584332108,41.629998937249184,0,control
R_NEG_1704,22774,Mizoram,Aizawl,23.67388889,92.71472222,2024-05-21,3.119999887421727,13.929999584332108,13.929999584332108,41.629998937249184,0,control
R_NEG_1705,22775,Mizoram,Aizawl,23.672069,92.7099293,2024-05-21,3.119999887421727,13.929999584332108,13.929999584332108,41.629998937249184,0,control
R_NEG_1706,22776,Mizoram,Aizawl,23.684301376342773,92.715511,2024-05-21,3.119999887421727,13.929999584332108,13.929999584332108,41.629998937249184,0,control
R_NEG_1707,22779,Mizoram,Aizawl,23.70305556,92.72055556,2024-05-21,3.3499999959021807,13.424999721348286,13.599999716505408,37.42499927338213,0,control
R_NEG_1708,22782,Mizoram,Aizawl,23.690000534057617,92.72361111,2024-05-21,3.119999887421727,13.929999584332108,13.929999584332108,41.629998937249184,0,control
R_NEG_1709,22783,Mizoram,Aizawl,23.68361111,92.72277778,2024-05-21,3.119999887421727,13.929999584332108,13.929999584332108,41.629998937249184,0,control
R_NEG_1710,22788,Mizoram,Aizawl,23.66027778,92.72694444,2024-05-21,3.119999887421727,13.929999584332108,13.929999584332108,41.629998937249184,0,control
R_NEG_1711,22790,Mizoram,Aizawl,23.64388889,92.72583333,2024-05-21,3.119999887421727,13.929999584332108,13.929999584332108,41.629998937249184,0,control
R_NEG_1712,22791,Mizoram,Aizawl,23.635000228881836,92.72361111,2024-05-21,3.119999887421727,13.929999584332108,13.929999584332108,41.629998937249184,0,control
R_NEG_1713,22793,Mizoram,Aizawl,23.46777778,92.74111111,2024-05-21,9.78499986603856,24.319999370723963,24.319999370723963,93.88999745901674,0,control
R_NEG_1714,22799,Mizoram,Aizawl,23.51361111,92.69833333,2024-05-21,2.3749999487772584,22.964999625459313,22.964999625459313,48.86999872326851,0,control
R_NEG_1715,22800,Mizoram,Aizawl,23.53666667,92.69750213623048,2024-05-21,2.3749999487772584,22.964999625459313,22.964999625459313,48.86999872326851,0,control
R_NEG_1716,22801,Mizoram,Aizawl,23.54166667,92.70194444,2024-05-21,5.5099999606609344,21.844999418593943,21.844999418593943,61.859998722560704,0,control
R_NEG_1717,22803,Mizoram,Aizawl,23.52944444,92.72944444,2024-05-21,5.5099999606609344,21.844999418593943,21.844999418593943,61.859998722560704,0,control
R_NEG_1718,22804,Mizoram,Aizawl,23.53083333,92.73055556,2024-05-21,5.5099999606609344,21.844999418593943,21.844999418593943,61.859998722560704,0,control
R_NEG_1719,22805,Mizoram,Aizawl,23.53111111,92.73361111,2024-05-21,5.5099999606609344,21.844999418593943,21.844999418593943,61.859998722560704,0,control
R_NEG_1720,22806,Mizoram,Aizawl,23.53083333,92.73333333,2024-05-21,5.5099999606609344,21.844999418593943,21.844999418593943,61.859998722560704,0,control
R_NEG_1721,22807,Mizoram,Aizawl,23.56388889,92.70805556,2024-05-21,5.5099999606609344,21.844999418593943,21.844999418593943,61.859998722560704,0,control
R_NEG_1722,22808,Mizoram,Aizawl,23.56416667,92.70805556,2024-05-21,5.5099999606609344,21.844999418593943,21.844999418593943,61.859998722560704,0,control
R_NEG_1723,22809,Mizoram,Aizawl,23.565000534057617,92.70777778,2024-05-21,5.5099999606609344,21.844999418593943,21.844999418593943,61.859998722560704,0,control
R_NEG_1724,22810,Mizoram,Aizawl,23.56666667,92.70888889,2024-05-21,5.5099999606609344,21.844999418593943,21.844999418593943,61.859998722560704,0,control
R_NEG_1725,22814,Mizoram,Aizawl,23.74861111,92.73861111,2024-05-21,3.3499999959021807,13.424999721348286,13.599999716505408,37.42499927338213,0,control
R_NEG_1726,22815,Mizoram,Aizawl,23.61000061035156,92.72083333,2024-05-21,3.119999887421727,13.929999584332108,13.929999584332108,41.629998937249184,0,control
R_NEG_1727,22816,Mizoram,Aizawl,23.60666667,92.72305556,2024-05-21,3.119999887421727,13.929999584332108,13.929999584332108,41.629998937249184,0,control
R_NEG_1728,22817,Mizoram,Aizawl,23.592500686645508,92.71666667,2024-05-21,5.5099999606609344,21.844999418593943,21.844999418593943,61.859998722560704,0,control
R_NEG_1729,22818,Mizoram,Aizawl,23.58722222,92.71361111,2024-05-21,5.5099999606609344,21.844999418593943,21.844999418593943,61.859998722560704,0,control
R_NEG_1730,22819,Mizoram,Aizawl,23.57694444,92.71305556,2024-05-21,5.5099999606609344,21.844999418593943,21.844999418593943,61.859998722560704,0,control
R_NEG_1731,22821,Mizoram,Aizawl,23.58138889,92.71416667,2024-05-21,5.5099999606609344,21.844999418593943,21.844999418593943,61.859998722560704,0,control
R_NEG_1732,22822,Mizoram,Aizawl,23.58694444,92.71749877929688,2024-05-21,5.5099999606609344,21.844999418593943,21.844999418593943,61.859998722560704,0,control
R_NEG_1733,22823,Mizoram,Aizawl,23.58555556,92.71583333,2024-05-21,5.5099999606609344,21.844999418593943,21.844999418593943,61.859998722560704,0,control
R_NEG_1734,22824,Mizoram,Aizawl,23.58583333,92.71638889,2024-05-21,5.5099999606609344,21.844999418593943,21.844999418593943,61.859998722560704,0,control
R_NEG_1735,22825,Mizoram,Aizawl,23.58638889,92.71583333,2024-05-21,5.5099999606609344,21.844999418593943,21.844999418593943,61.859998722560704,0,control
R_NEG_1736,22826,Mizoram,Aizawl,23.65388889,92.72444444,2024-05-21,3.119999887421727,13.929999584332108,13.929999584332108,41.629998937249184,0,control
R_NEG_1737,22827,Mizoram,Aizawl,23.65416667,92.71777778,2024-05-21,3.119999887421727,13.929999584332108,13.929999584332108,41.629998937249184,0,control
R_NEG_1738,22829,Mizoram,Aizawl,23.65416667,92.69000244140624,2024-05-21,2.444999957457185,17.514999865554273,17.514999865554273,39.56499931495637,0,control
R_NEG_1739,22831,Mizoram,Aizawl,23.66083333,92.67277778,2024-05-21,2.444999957457185,17.514999865554273,17.514999865554273,39.56499931495637,0,control
R_NEG_1740,22833,Mizoram,Aizawl,23.65861111,92.70583333,2024-05-21,3.119999887421727,13.929999584332108,13.929999584332108,41.629998937249184,0,control
R_NEG_1741,22834,Mizoram,Aizawl,23.68143611,92.72144167,2024-05-21,3.119999887421727,13.929999584332108,13.929999584332108,41.629998937249184,0,control
R_NEG_1742,22794,Mizoram,Aizawl,23.46805556,92.71638889,2024-05-21,9.78499986603856,24.319999370723963,24.319999370723963,93.88999745901674,0,control
R_NEG_1743,22797,Mizoram,Aizawl,23.489999771118164,92.70555556,2024-05-21,9.78499986603856,24.319999370723963,24.319999370723963,93.88999745901674,0,control
R_NEG_1744,22798,Mizoram,Aizawl,23.49722222,92.70333333,2024-05-21,9.78499986603856,24.319999370723963,24.319999370723963,93.88999745901674,0,control
R_NEG_1745,22812,Mizoram,Aizawl,23.77472222,92.76194444,2024-05-21,3.3499999959021807,13.424999721348286,13.599999716505408,37.42499927338213,0,control
R_NEG_1746,22813,Mizoram,Aizawl,23.77361111,92.76111111,2024-05-21,3.3499999959021807,13.424999721348286,13.599999716505408,37.42499927338213,0,control
R_NEG_1747,22849,Mizoram,Aizawl,23.76083333,92.84750366210938,2024-05-21,9.71999975759536,15.859999573789535,15.859999573789535,37.68999902624637,0,control
R_NEG_1748,22850,Mizoram,Aizawl,23.86972222,92.87611111,2024-05-21,15.104999609291552,34.89999895170331,34.89999895170331,52.859998447820544,0,control
R_NEG_1749,22836,Mizoram,Aizawl,23.72694444,92.79527778,2024-05-21,3.3499999959021807,13.424999721348286,13.599999716505408,37.42499927338213,0,control
R_NEG_1750,22837,Mizoram,Aizawl,23.73277778,92.79722222,2024-05-21,3.3499999959021807,13.424999721348286,13.599999716505408,37.42499927338213,0,control
R_NEG_1751,22838,Mizoram,Aizawl,23.73416667,92.79861111,2024-05-21,3.3499999959021807,13.424999721348286,13.599999716505408,37.42499927338213,0,control
R_NEG_1752,22839,Mizoram,Aizawl,23.74555556,92.79444444,2024-05-21,3.3499999959021807,13.424999721348286,13.599999716505408,37.42499927338213,0,control
R_NEG_1753,22840,Mizoram,Aizawl,23.73666667,92.79722222,2024-05-21,3.3499999959021807,13.424999721348286,13.599999716505408,37.42499927338213,0,control
R_NEG_1754,22844,Mizoram,Aizawl,23.73555556,92.80027778,2024-05-21,3.3499999959021807,13.424999721348286,13.599999716505408,37.42499927338213,0,control
R_NEG_1755,22848,Mizoram,Aizawl,23.73305556,92.84777778,2024-05-21,9.71999975759536,15.859999573789535,15.859999573789535,37.68999902624637,0,control
R_NEG_1756,23103,Mizoram,Aizawl,23.76972222,92.74472222,2024-05-21,3.3499999959021807,13.424999721348286,13.599999716505408,37.42499927338213,0,control
R_NEG_1757,23178,Mizoram,Aizawl,23.594999313354492,92.81611111,2024-05-21,7.17499989643693,23.124999914318323,23.124999914318323,57.2549992967397,0,control
R_NEG_1758,23189,Mizoram,Aizawl,23.61361111,92.80777778,2024-05-21,10.024999804794788,21.984999522566795,21.984999522566795,60.599998818710446,0,control
R_NEG_1759,23231,Mizoram,Aizawl,23.59027778,92.71583333,2024-05-21,5.5099999606609344,21.844999418593943,21.844999418593943,61.859998722560704,0,control
R_NEG_1760,23505,Mizoram,Aizawl,23.77777778,92.847900390625,2024-05-21,9.71999975759536,15.859999573789535,15.859999573789535,37.68999902624637,0,control
R_NEG_1761,22728,Mizoram,Aizawl,23.71740833,92.70644167,2024-05-21,3.3499999959021807,13.424999721348286,13.599999716505408,37.42499927338213,0,control
R_NEG_1762,22703,Mizoram,Aizawl,23.74027778,92.69722222,2024-05-21,1.5299999667331576,15.794999525882304,15.974999524652958,35.62499905470759,0,control
R_NEG_1763,22711,Mizoram,Aizawl,23.73361111,92.69388889,2024-05-21,1.5299999667331576,15.794999525882304,15.974999524652958,35.62499905470759,0,control
R_NEG_1764,22712,Mizoram,Aizawl,23.73472222,92.69499969482422,2024-05-21,1.5299999667331576,15.794999525882304,15.974999524652958,35.62499905470759,0,control
R_NEG_1765,22727,Mizoram,Aizawl,23.717500686645508,92.70666667,2024-05-21,3.3499999959021807,13.424999721348286,13.599999716505408,37.42499927338213,0,control
R_NEG_1766,22729,Mizoram,Aizawl,23.71735556,92.70753333,2024-05-21,3.3499999959021807,13.424999721348286,13.599999716505408,37.42499927338213,0,control
R_NEG_1767,22736,Mizoram,Aizawl,23.71138889,92.72444444,2024-05-21,3.3499999959021807,13.424999721348286,13.599999716505408,37.42499927338213,0,control
R_NEG_1768,22749,Mizoram,Aizawl,23.70416667,92.71222222,2024-05-21,3.3499999959021807,13.424999721348286,13.599999716505408,37.42499927338213,0,control
R_NEG_1769,22754,Mizoram,Aizawl,23.64333333,92.73444444,2024-05-21,3.119999887421727,13.929999584332108,13.929999584332108,41.629998937249184,0,control
R_NEG_1770,22802,Mizoram,Aizawl,23.54277778,92.70333333,2024-05-21,5.5099999606609344,21.844999418593943,21.844999418593943,61.859998722560704,0,control
R_NEG_1771,23712,Mizoram,Aizawl,23.57722222,92.71222222,2024-05-21,5.5099999606609344,21.844999418593943,21.844999418593943,61.859998722560704,0,control
R_NEG_1772,22820,Mizoram,Aizawl,23.58027778,92.71499633789062,2024-05-21,5.5099999606609344,21.844999418593943,21.844999418593943,61.859998722560704,0,control
R_NEG_1773,22830,Mizoram,Aizawl,23.66055556,92.67277778,2024-05-21,2.444999957457185,17.514999865554273,17.514999865554273,39.56499931495637,0,control
R_NEG_1774,22832,Mizoram,Aizawl,23.65777778,92.67444444,2024-05-21,2.444999957457185,17.514999865554273,17.514999865554273,39.56499931495637,0,control
R_NEG_1775,22795,Mizoram,Aizawl,23.47249984741211,92.71444444,2024-05-21,9.78499986603856,24.319999370723963,24.319999370723963,93.88999745901674,0,control
R_NEG_1776,22851,Mizoram,Aizawl,23.80750556,92.83417222,2024-05-21,15.104999609291552,34.89999895170331,34.89999895170331,52.859998447820544,0,control
R_NEG_1777,22841,Mizoram,Aizawl,23.73638889,92.79805556,2024-05-21,3.3499999959021807,13.424999721348286,13.599999716505408,37.42499927338213,0,control
R_NEG_1778,22842,Mizoram,Aizawl,23.73583333,92.79888889,2024-05-21,3.3499999959021807,13.424999721348286,13.599999716505408,37.42499927338213,0,control
R_NEG_1779,22843,Mizoram,Aizawl,23.73638889,92.8000030517578,2024-05-21,3.3499999959021807,13.424999721348286,13.599999716505408,37.42499927338213,0,control
R_NEG_1780,22845,Mizoram,Aizawl,23.71972222,92.79777778,2024-05-21,3.3499999959021807,13.424999721348286,13.599999716505408,37.42499927338213,0,control
R_NEG_1781,23254,Mizoram,Aizawl,23.53222222,92.73500061035156,2024-05-21,5.5099999606609344,21.844999418593943,21.844999418593943,61.859998722560704,0,control
R_NEG_1782,23285,Mizoram,Aizawl,23.53555556,92.69694444,2024-05-21,2.3749999487772584,22.964999625459313,22.964999625459313,48.86999872326851,0,control
R_NEG_1783,23300,Mizoram,Aizawl,23.50861111,92.69805556,2024-05-21,2.3749999487772584,22.964999625459313,22.964999625459313,48.86999872326851,0,control
R_NEG_1784,22769,Mizoram,Aizawl,23.68743333,92.72129167,2024-05-21,3.119999887421727,13.929999584332108,13.929999584332108,41.629998937249184,0,control
R_NEG_1785,22770,Mizoram,Aizawl,23.67694444,92.71722222,2024-05-21,3.119999887421727,13.929999584332108,13.929999584332108,41.629998937249184,0,control
R_NEG_1786,22778,Mizoram,Aizawl,23.70416667,92.72000122070312,2024-05-21,3.3499999959021807,13.424999721348286,13.599999716505408,37.42499927338213,0,control
R_NEG_1787,22828,Mizoram,Aizawl,23.655000686645508,92.71444444,2024-05-21,3.119999887421727,13.929999584332108,13.929999584332108,41.629998937249184,0,control
R_NEG_1788,22846,Mizoram,Aizawl,23.72222222,92.80138889,2024-05-21,9.71999975759536,15.859999573789535,15.859999573789535,37.68999902624637,0,control
R_NEG_1789,22835,Mizoram,Aizawl,23.73555556,92.78833333,2024-05-21,3.3499999959021807,13.424999721348286,13.599999716505408,37.42499927338213,0,control
R_NEG_1790,23707,Mizoram,Kolasib,24.56925833,93.177275,2024-05-21,2.9749998822808266,13.429999601095917,45.28999927919358,122.4299977645278,0,control
R_NEG_1791,23710,Mizoram,Kolasib,24.52607536315918,93.05379167,2024-05-21,3.889999942854047,13.86499974038452,45.05499880295247,125.4349974282086,0,control
R_NEG_1792,23692,Mizoram,Kolasib,24.42589950561523,93.13580556,2024-05-21,11.549999787472188,23.049999547190964,48.74499904830009,102.39499741978943,0,control
R_NEG_1793,22852,Mizoram,Serchhip,23.47694444,92.857846,2024-05-21,18.579999797046185,34.66999932192266,34.66999932192266,81.10999839380383,0,control
R_NEG_1794,22853,Mizoram,Serchhip,23.471041,92.8550262451172,2024-05-21,18.579999797046185,34.66999932192266,34.66999932192266,81.10999839380383,0,control
R_NEG_1795,22854,Mizoram,Serchhip,23.465558,92.855991,2024-05-21,18.579999797046185,34.66999932192266,34.66999932192266,81.10999839380383,0,control
R_NEG_1796,22855,Mizoram,Serchhip,23.463164,92.854672,2024-05-21,18.579999797046185,34.66999932192266,34.66999932192266,81.10999839380383,0,control
R_NEG_1797,22856,Mizoram,Serchhip,23.312589645385746,92.85641479492188,2024-05-21,21.014999445527792,36.8849991299212,36.8849991299212,86.1749983066693,0,control
R_NEG_1798,22857,Mizoram,Serchhip,23.288812,92.864763,2024-05-21,9.414999610744417,28.944999086670578,28.944999086670578,80.30999784264714,0,control
R_NEG_1799,22858,Mizoram,Serchhip,23.281264,92.869279,2024-05-21,9.414999610744417,28.944999086670578,28.944999086670578,80.30999784264714,0,control
R_NEG_1800,22859,Mizoram,Serchhip,23.379441,92.844081,2024-05-21,21.014999445527792,36.8849991299212,36.8849991299212,86.1749983066693,0,control
R_NEG_1801,22860,Mizoram,Serchhip,23.38150978088379,92.844938,2024-05-21,21.014999445527792,36.8849991299212,36.8849991299212,86.1749983066693,0,control
R_NEG_1802,22861,Mizoram,Serchhip,23.38217544555664,92.843876,2024-05-21,21.014999445527792,36.8849991299212,36.8849991299212,86.1749983066693,0,control
R_NEG_1803,22862,Mizoram,Serchhip,23.38277244567871,92.845187,2024-05-21,21.014999445527792,36.8849991299212,36.8849991299212,86.1749983066693,0,control
R_NEG_1804,22863,Mizoram,Serchhip,23.381532669067383,92.854115,2024-05-21,21.014999445527792,36.8849991299212,36.8849991299212,86.1749983066693,0,control
R_NEG_1805,22864,Mizoram,Serchhip,23.387941360473633,92.842291,2024-05-21,21.014999445527792,36.8849991299212,36.8849991299212,86.1749983066693,0,control
R_NEG_1806,22865,Mizoram,Serchhip,23.237077,92.910043,2024-05-21,6.659999791532755,28.25999942794442,28.25999942794442,78.14999818149954,0,control
R_NEG_1807,22866,Mizoram,Serchhip,23.126631,93.064946,2024-05-21,13.2549993628636,39.16999868862331,39.16999868862331,80.18499777745456,0,control
R_NEG_1808,20649,Meghalaya,Eastern-West Khasi Hill,25.762051,91.658959,2024-05-22,178.35999516025186,203.58999449387193,340.0849915575236,374.084991064854,0,control
R_NEG_1809,20651,Meghalaya,Eastern-West Khasi Hill,25.791616439819336,91.658242,2024-05-22,178.35999516025186,203.58999449387193,340.0849915575236,374.084991064854,0,control
R_NEG_1810,20650,Meghalaya,Eastern-West Khasi Hill,25.77093505859375,91.656497,2024-05-22,178.35999516025186,203.58999449387193,340.0849915575236,374.084991064854,0,control
R_NEG_1811,23265,Mizoram,Aizawl,23.53805556,92.71861111,2024-05-22,7.499999932944775,7.924999926239252,24.14499938581139,46.894998888485134,0,control
R_NEG_1812,25911,Nagaland,Kohima,25.520360946655273,94.1311201,2024-05-25,5.284999892115593,12.494999730959536,55.314998417161405,89.09499761555344,0,control
R_NEG_1813,25912,Nagaland,Kohima,25.52164077758789,94.13426208496094,2024-05-25,5.284999892115593,12.494999730959536,55.314998417161405,89.09499761555344,0,control
R_NEG_1814,25914,Nagaland,Kohima,25.525094,94.135798,2024-05-25,5.284999892115593,12.494999730959536,55.314998417161405,89.09499761555344,0,control
R_NEG_1815,25915,Nagaland,Kohima,25.538421630859375,94.136039,2024-05-25,5.284999892115593,12.494999730959536,55.314998417161405,89.09499761555344,0,control
R_NEG_1816,25916,Nagaland,Kohima,25.565099716186523,94.1390034,2024-05-25,5.284999892115593,12.494999730959536,55.314998417161405,89.09499761555344,0,control
R_NEG_1817,25918,Nagaland,Kohima,25.62154006958008,94.11219787597656,2024-05-25,5.199999977834523,10.85499983560294,41.904998913407326,77.67999821901321,0,control
R_NEG_1818,25919,Nagaland,Kohima,25.6291966,94.10176849365234,2024-05-25,5.199999977834523,10.85499983560294,41.904998913407326,77.67999821901321,0,control
R_NEG_1819,25920,Nagaland,Kohima,25.638700485229492,94.10978698730467,2024-05-25,5.199999977834523,10.85499983560294,41.904998913407326,77.67999821901321,0,control
R_NEG_1820,25921,Nagaland,Kohima,25.648759,94.10616302490234,2024-05-25,5.199999977834523,10.85499983560294,41.904998913407326,77.67999821901321,0,control
R_NEG_1821,25917,Nagaland,Kohima,25.6032619,94.1122188,2024-05-25,5.199999977834523,10.85499983560294,41.904998913407326,77.67999821901321,0,control
R_NEG_1822,20593,Meghalaya,Eastern-West Khasi Hill,25.55256111,91.61870278,2024-06-21,0.8849999755620956,207.2149948850274,535.9149877801538,681.1199843771756,0,control
R_NEG_1823,23140,Mizoram,Aizawl,23.69361111,92.72250366210938,2024-06-21,50.649999170564115,103.5499983103946,123.90999771375208,210.6749954149127,0,control
R_NEG_1824,23488,Mizoram,Aizawl,23.71111111,92.87861111,2024-06-21,96.56499749422072,142.4099962748587,158.57499583996832,244.96499393414703,0,control
R_NEG_1825,23506,Mizoram,Aizawl,23.77400016784668,92.8479995727539,2024-06-21,96.56499749422072,142.4099962748587,158.57499583996832,244.96499393414703,0,control
R_NEG_1826,23581,Mizoram,Aizawl,23.10851389,93.20974731445312,2024-06-21,53.74499872047454,77.10999815631658,83.33999801147729,146.54999576788396,0,control
R_NEG_1827,20625,Meghalaya,Ri-Bhoi,25.68591944,91.90256667,2024-06-23,22.554999602027237,33.5999992499128,294.63499509729445,482.7799903731793,0,control
R_NEG_1828,20616,Meghalaya,Ri-Bhoi,25.67517222,91.89830017089844,2024-06-23,16.25999970175326,23.43999949283898,332.04999221488833,562.4649872556329,0,control
R_NEG_1829,20624,Meghalaya,Ri-Bhoi,25.68255833,91.90111389,2024-06-23,22.554999602027237,33.5999992499128,294.63499509729445,482.7799903731793,0,control
R_NEG_1830,20619,Meghalaya,Ri-Bhoi,25.67546111,91.89726944,2024-06-23,16.25999970175326,23.43999949283898,332.04999221488833,562.4649872556329,0,control
R_NEG_1831,23099,Mizoram,Aizawl,23.74916667,92.7375030517578,2024-06-23,91.07999759260564,197.76499624643475,264.2749941851944,328.10999194160104,0,control
R_NEG_1832,20603,Meghalaya,East Khasi Hills,25.65057222,91.89351389,2024-06-25,42.029998913407326,58.289998615160584,241.544993407093,594.1149862036109,0,control
R_NEG_1833,20604,Meghalaya,East Khasi Hills,25.64887222,91.89692778,2024-06-25,42.029998913407326,58.289998615160584,241.544993407093,594.1149862036109,0,control
R_NEG_1834,20602,Meghalaya,East Khasi Hills,25.641242,91.894137,2024-06-25,42.029998913407326,58.289998615160584,241.544993407093,594.1149862036109,0,control
R_NEG_1835,20597,Meghalaya,West Khasi Hills,25.531739,91.296177,2024-06-25,9.014999719336627,17.13999949581921,302.72499262727797,707.0499828141183,0,control
R_NEG_1836,20630,Meghalaya,West Khasi Hills,25.62269444,91.16914444,2024-06-25,13.2249995181337,25.73499917332083,283.5599928945303,689.5999844847247,0,control
R_NEG_1837,20632,Meghalaya,West Khasi Hills,25.66156667,91.13485278,2024-06-25,13.2249995181337,25.73499917332083,283.5599928945303,689.5999844847247,0,control
R_NEG_1838,20598,Meghalaya,West Khasi Hills,25.540056228637695,91.314142,2024-06-25,10.024999797344208,17.99999963492155,287.7699931040406,699.8599856784567,0,control
R_NEG_1839,20631,Meghalaya,West Khasi Hills,25.61276111,91.17375278,2024-06-25,13.2249995181337,25.73499917332083,283.5599928945303,689.5999844847247,0,control
R_NEG_1840,23119,Mizoram,Aizawl,23.74722222,92.71805556,2024-06-25,14.659999762661757,105.7399973552674,275.29499408137053,332.9499919814989,0,control
R_NEG_1841,23138,Mizoram,Aizawl,23.70249938964844,92.72138889,2024-06-25,14.659999762661757,105.7399973552674,275.29499408137053,332.9499919814989,0,control
R_NEG_1842,23139,Mizoram,Aizawl,23.69805556,92.72277778,2024-06-25,16.29499976336956,103.48999794386329,207.03999625425783,276.5899942368269,0,control
R_NEG_1843,23435,Mizoram,Aizawl,23.71388889,92.85722222,2024-06-25,9.034999722614884,96.04499743320048,238.4549937080592,305.75999248120934,0,control
R_NEG_1844,23460,Mizoram,Aizawl,23.73694444,92.81361111,2024-06-25,9.034999722614884,96.04499743320048,238.4549937080592,305.75999248120934,0,control
R_NEG_1845,23470,Mizoram,Aizawl,23.72916667,92.76583333,2024-06-25,14.659999762661757,105.7399973552674,275.29499408137053,332.9499919814989,0,control
R_NEG_1846,23473,Mizoram,Aizawl,23.73222222,92.76555556,2024-06-25,14.659999762661757,105.7399973552674,275.29499408137053,332.9499919814989,0,control
R_NEG_1847,23477,Mizoram,Aizawl,23.737499237060547,92.78805556,2024-06-25,14.659999762661757,105.7399973552674,275.29499408137053,332.9499919814989,0,control
R_NEG_1848,23480,Mizoram,Aizawl,23.73388889,92.79388889,2024-06-25,14.659999762661757,105.7399973552674,275.29499408137053,332.9499919814989,0,control
R_NEG_1849,23482,Mizoram,Aizawl,23.72138889,92.79944444,2024-06-25,14.659999762661757,105.7399973552674,275.29499408137053,332.9499919814989,0,control
R_NEG_1850,23483,Mizoram,Aizawl,23.72138889,92.85777778,2024-06-25,9.034999722614884,96.04499743320048,238.4549937080592,305.75999248120934,0,control
R_NEG_1851,23484,Mizoram,Aizawl,23.72083333,92.86472222,2024-06-25,9.034999722614884,96.04499743320048,238.4549937080592,305.75999248120934,0,control
R_NEG_1852,23487,Mizoram,Aizawl,23.71166667,92.87833333,2024-06-25,9.034999722614884,96.04499743320048,238.4549937080592,305.75999248120934,0,control
R_NEG_1853,23496,Mizoram,Aizawl,23.73500061035156,92.85666667,2024-06-25,9.034999722614884,96.04499743320048,238.4549937080592,305.75999248120934,0,control
R_NEG_1854,23497,Mizoram,Aizawl,23.73666667,92.85611111,2024-06-25,9.034999722614884,96.04499743320048,238.4549937080592,305.75999248120934,0,control
R_NEG_1855,23501,Mizoram,Aizawl,23.76111111,92.84777778,2024-06-25,9.034999722614884,96.04499743320048,238.4549937080592,305.75999248120934,0,control
R_NEG_1856,23502,Mizoram,Aizawl,23.76166667,92.85083333,2024-06-25,9.034999722614884,96.04499743320048,238.4549937080592,305.75999248120934,0,control
R_NEG_1857,23519,Mizoram,Aizawl,23.83277778,92.8324966430664,2024-06-25,9.074999867007136,84.01999873667955,260.69999544415623,326.27999407891184,0,control
R_NEG_1858,23523,Mizoram,Aizawl,23.86222222,92.83666667,2024-06-25,9.074999867007136,84.01999873667955,260.69999544415623,326.27999407891184,0,control
R_NEG_1859,23528,Mizoram,Aizawl,23.89138889,92.84888889,2024-06-25,9.074999867007136,84.01999873667955,260.69999544415623,326.27999407891184,0,control
R_NEG_1860,23540,Mizoram,Aizawl,24.17180556,93.54406667,2024-06-25,5.1499998876824975,52.60999857168645,84.63999772351235,150.36999711208043,0,control
R_NEG_1861,23541,Mizoram,Aizawl,24.18291667,93.53441944,2024-06-25,5.1499998876824975,52.60999857168645,84.63999772351235,150.36999711208043,0,control
R_NEG_1862,23542,Mizoram,Aizawl,24.18566111,93.53935278,2024-06-25,5.1499998876824975,52.60999857168645,84.63999772351235,150.36999711208043,0,control
R_NEG_1863,23543,Mizoram,Aizawl,24.24449722,93.55275833,2024-06-25,4.939999965019524,36.75499954633415,68.70999879576266,146.87999677285552,0,control
R_NEG_1864,23544,Mizoram,Aizawl,24.24755556,93.54809722,2024-06-25,4.939999965019524,36.75499954633415,68.70999879576266,146.87999677285552,0,control
R_NEG_1865,23580,Mizoram,Aizawl,23.09758333,93.21623333,2024-06-25,48.48999861534685,81.99999770894647,159.99999608565122,208.9699950721115,0,control
R_NEG_1866,23583,Mizoram,Aizawl,23.10192489624023,93.20426111,2024-06-25,35.109999378211796,99.89499763771892,177.0049957940355,240.00499359425157,0,control
R_NEG_1867,23587,Mizoram,Aizawl,23.09759444,93.21089444,2024-06-25,48.48999861534685,81.99999770894647,159.99999608565122,208.9699950721115,0,control
R_NEG_1868,23590,Mizoram,Aizawl,23.10100556,93.19393611,2024-06-25,39.18499871715903,90.43499851506203,153.3599966550246,250.769993705675,0,control
R_NEG_1869,23591,Mizoram,Aizawl,23.10074722,93.18785278,2024-06-25,39.18499871715903,90.43499851506203,153.3599966550246,250.769993705675,0,control
R_NEG_1870,23592,Mizoram,Aizawl,23.09954722,93.18600278,2024-06-25,26.44999938737601,99.13499788567424,149.3049963284284,228.77999528031796,0,control
R_NEG_1871,23595,Mizoram,Aizawl,23.09830093383789,93.17597222,2024-06-25,26.44999938737601,99.13499788567424,149.3049963284284,228.77999528031796,0,control
R_NEG_1872,23601,Mizoram,Aizawl,23.27598056,93.14351667,2024-06-25,36.404998931102455,70.10499802138656,138.29499598313123,277.0799934277311,0,control
R_NEG_1873,23603,Mizoram,Aizawl,23.28107452392578,93.144075,2024-06-25,36.404998931102455,70.10499802138656,138.29499598313123,277.0799934277311,0,control
R_NEG_1874,23605,Mizoram,Aizawl,23.33529167,93.11214167,2024-06-25,11.394999660551548,51.67499894276261,104.18499765265732,248.99499502498657,0,control
R_NEG_1875,23682,Mizoram,Aizawl,23.20960722,93.13104722,2024-06-25,36.404998931102455,70.10499802138656,138.29499598313123,277.0799934277311,0,control
R_NEG_1876,23683,Mizoram,Aizawl,23.21068583,93.1212325,2024-06-25,36.404998931102455,70.10499802138656,138.29499598313123,277.0799934277311,0,control
R_NEG_1877,23196,Mizoram,Aizawl,23.60972222,92.79972222,2024-06-25,16.29499976336956,103.48999794386329,207.03999625425783,276.5899942368269,0,control
R_NEG_1878,23503,Mizoram,Aizawl,23.76527778,92.8499984741211,2024-06-25,9.034999722614884,96.04499743320048,238.4549937080592,305.75999248120934,0,control
R_NEG_1879,23504,Mizoram,Aizawl,23.76861111,92.85138889,2024-06-25,9.034999722614884,96.04499743320048,238.4549937080592,305.75999248120934,0,control
R_NEG_1880,23520,Mizoram,Aizawl,23.83888889,92.83194444,2024-06-25,9.074999867007136,84.01999873667955,260.69999544415623,326.27999407891184,0,control
R_NEG_1881,23524,Mizoram,Aizawl,23.87694444,92.83999633789062,2024-06-25,9.074999867007136,84.01999873667955,260.69999544415623,326.27999407891184,0,control
R_NEG_1882,23532,Mizoram,Aizawl,23.76972222,92.76000213623048,2024-06-25,14.659999762661757,105.7399973552674,275.29499408137053,332.9499919814989,0,control
R_NEG_1883,23137,Mizoram,Aizawl,23.70277778,92.72083333,2024-06-25,14.659999762661757,105.7399973552674,275.29499408137053,332.9499919814989,0,control
R_NEG_1884,23476,Mizoram,Aizawl,23.73794444,92.78613889,2024-06-25,14.659999762661757,105.7399973552674,275.29499408137053,332.9499919814989,0,control
R_NEG_1885,23553,Mizoram,Aizawl,24.32773611,93.57937222,2024-06-25,32.624999376013875,74.22499881312251,107.94499786570668,198.6499955393374,0,control
R_NEG_1886,23602,Mizoram,Aizawl,23.27663889,93.1437530517578,2024-06-25,36.404998931102455,70.10499802138656,138.29499598313123,277.0799934277311,0,control
R_NEG_1887,23569,Mizoram,Kolasib,24.60372222,93.37223056,2024-06-25,40.21499938517809,90.11999785061926,117.30999697744846,218.94999502692372,0,control
R_NEG_1888,23570,Mizoram,Kolasib,24.66895556,93.33700556,2024-06-25,40.21499938517809,90.11999785061926,117.30999697744846,218.94999502692372,0,control
R_NEG_1889,23574,Mizoram,Kolasib,24.72074444,93.30899167,2024-06-25,54.84999911207706,68.33999890182167,103.1399979898706,211.94499554671347,0,control
R_NEG_1890,23643,Mizoram,Kolasib,24.02782222,93.28944444,2024-06-25,18.88499933667481,65.2049980731681,155.13999620173126,220.8649944588542,0,control
R_NEG_1891,23644,Mizoram,Kolasib,24.04014167,93.29149627685548,2024-06-25,18.88499933667481,65.2049980731681,155.13999620173126,220.8649944588542,0,control
R_NEG_1892,23645,Mizoram,Kolasib,24.03980278,93.29373889,2024-06-25,18.88499933667481,65.2049980731681,155.13999620173126,220.8649944588542,0,control
R_NEG_1893,23646,Mizoram,Kolasib,24.05823611,93.28901944,2024-06-25,18.88499933667481,65.2049980731681,155.13999620173126,220.8649944588542,0,control
R_NEG_1894,23663,Mizoram,Kolasib,24.04014167,93.29149627685548,2024-06-25,18.88499933667481,65.2049980731681,155.13999620173126,220.8649944588542,0,control
R_NEG_1895,23667,Mizoram,Kolasib,24.57151389,93.141725,2024-06-25,49.824999233707786,131.97499716840684,184.14999604597688,277.08999391645193,0,control
R_NEG_1896,23668,Mizoram,Kolasib,24.56917222,93.14073611,2024-06-25,49.824999233707786,131.97499716840684,184.14999604597688,277.08999391645193,0,control
R_NEG_1897,23608,Mizoram,Kolasib,23.50882222,93.09170278,2024-06-25,18.98999958857894,46.11499899625778,112.14999801665545,255.1049940995872,0,control
R_NEG_1898,23648,Mizoram,Kolasib,24.12428889,93.318525,2024-06-25,17.80999967828393,67.08999837562442,172.01499589160085,222.61499432753772,0,control
R_NEG_1899,23679,Mizoram,Aizawl,23.24231111,93.17726667,2024-07-10,19.639999717473984,70.2399983368814,77.5249981964007,253.6499943183735,0,control
R_NEG_1900,23685,Mizoram,Kolasib,23.504575,93.23805236816406,2024-07-10,17.364999756217003,36.45999914780259,42.04499901086092,253.5849943682551,0,control
R_NEG_1901,23699,Mizoram,Kolasib,24.65409167,93.204625,2024-07-10,11.669999800622463,42.08999888878316,72.78999820910394,348.5149905430153,0,control
R_NEG_1902,23700,Mizoram,Kolasib,24.65018056,93.20256667,2024-07-10,11.669999800622463,42.08999888878316,72.78999820910394,348.5149905430153,0,control
R_NEG_1903,23701,Mizoram,Kolasib,24.627300262451172,93.20404444,2024-07-10,11.669999800622463,42.08999888878316,72.78999820910394,348.5149905430153,0,control
R_NEG_1904,23684,Mizoram,Kolasib,23.49216111,93.23695373535156,2024-07-10,13.369999758899212,53.76999839767814,62.804998096078634,225.85999575071037,0,control
R_NEG_1905,23545,Mizoram,Aizawl,24.28840278,93.58591389,2024-08-06,63.27999882772565,93.43999783322217,196.3699955549091,263.27499425038695,0,control
R_NEG_1906,23546,Mizoram,Aizawl,24.29982222,93.59040833,2024-08-06,63.27999882772565,93.43999783322217,196.3699955549091,263.27499425038695,0,control
R_NEG_1907,23547,Mizoram,Aizawl,24.30768611,93.58120556,2024-08-06,63.54499862063676,98.17999738827348,201.62499456387013,262.549993051216,0,control
R_NEG_1908,23549,Mizoram,Aizawl,24.33915833,93.66233611,2024-08-06,69.66999886650592,97.08999847993256,221.1299954680726,272.74499421939254,0,control
R_NEG_1909,23550,Mizoram,Aizawl,24.33331944,93.65702778,2024-08-06,69.66999886650592,97.08999847993256,221.1299954680726,272.74499421939254,0,control
R_NEG_1910,23552,Mizoram,Aizawl,24.330900192260746,93.66054444,2024-08-06,69.66999886650592,97.08999847993256,221.1299954680726,272.74499421939254,0,control
R_NEG_1911,23554,Mizoram,Aizawl,24.39255556,93.65468611,2024-08-06,69.66999886650592,97.08999847993256,221.1299954680726,272.74499421939254,0,control
R_NEG_1912,23558,Mizoram,Aizawl,24.48458889,93.58781944,2024-08-06,57.23999867308885,97.33499769400804,197.2949953870848,259.54499404039234,0,control
R_NEG_1913,23560,Mizoram,Aizawl,24.51785556,93.55086944,2024-08-06,38.94499891065061,84.89999805111438,169.58499619923532,242.95499513112009,0,control
R_NEG_1914,23548,Mizoram,Aizawl,24.30711944,93.59375833,2024-08-06,63.54499862063676,98.17999738827348,201.62499456387013,262.549993051216,0,control
R_NEG_1915,23556,Mizoram,Aizawl,24.49112222,93.62215556,2024-08-06,54.29999908618629,99.12499815784396,209.36499501764777,270.9699939675629,0,control
R_NEG_1916,23606,Mizoram,Kolasib,23.41421944,93.10569167,2024-08-06,35.154998952522874,41.864998722448945,269.4199945125729,291.0499941408634,0,control
R_NEG_1917,23572,Mizoram,Kolasib,24.76606111,93.30076667,2024-08-06,44.389999167993665,109.09499741531909,145.71499653719366,307.9549923585728,0,control
R_NEG_1918,23566,Mizoram,Kolasib,24.54263333,93.39741944,2024-08-11,11.174999743700027,24.73499945551157,159.99499717354774,350.61999202053994,0,control
R_NEG_1919,23573,Mizoram,Kolasib,24.73838889,93.30909722,2024-08-11,4.814999796450138,17.764999583363533,134.39999684132636,313.8799924980849,0,control
R_NEG_1920,23575,Mizoram,Kolasib,24.716224670410156,93.32551389,2024-08-11,4.814999796450138,17.764999583363533,134.39999684132636,313.8799924980849,0,control
R_NEG_1921,23578,Mizoram,Kolasib,24.60853333,93.41668333,2024-08-11,14.274999670684338,22.344999393448234,153.40499559789896,333.284991690889,0,control
R_NEG_1922,23613,Mizoram,Kolasib,23.56785011291504,93.10472222,2024-09-05,15.974999696016312,33.49499940127134,62.49999848753214,168.1149960476905,0,control
R_NEG_1923,23615,Mizoram,Kolasib,23.56233889,93.11890833,2024-09-05,15.974999696016312,33.49499940127134,62.49999848753214,168.1149960476905,0,control
R_NEG_1924,23619,Mizoram,Kolasib,23.56145278,93.10908889,2024-09-05,15.974999696016312,33.49499940127134,62.49999848753214,168.1149960476905,0,control
R_NEG_1925,23609,Mizoram,Kolasib,23.54130278,93.10256944,2024-09-05,15.974999696016312,33.49499940127134,62.49999848753214,168.1149960476905,0,control
R_NEG_1926,23610,Mizoram,Kolasib,23.54600556,93.09247222,2024-09-05,23.949999747797847,38.55999940447509,64.98999887891114,162.22999695688486,0,control
R_NEG_1927,23611,Mizoram,Kolasib,23.54286944,93.08539722,2024-09-05,23.949999747797847,38.55999940447509,64.98999887891114,162.22999695688486,0,control
R_NEG_1928,23614,Mizoram,Kolasib,23.56413333,93.11378889,2024-09-05,15.974999696016312,33.49499940127134,62.49999848753214,168.1149960476905,0,control
R_NEG_1929,23617,Mizoram,Kolasib,23.56238611,93.12376667,2024-09-05,15.974999696016312,33.49499940127134,62.49999848753214,168.1149960476905,0,control
R_NEG_1930,23618,Mizoram,Kolasib,23.56404167,93.10752222,2024-09-05,15.974999696016312,33.49499940127134,62.49999848753214,168.1149960476905,0,control
R_NEG_1931,23620,Mizoram,Kolasib,23.55881111,93.10900556,2024-09-05,15.974999696016312,33.49499940127134,62.49999848753214,168.1149960476905,0,control
R_NEG_1932,23295,Mizoram,Aizawl,23.51944444,92.70055556,2024-09-18,1.06499994546175,8.654999704100192,31.319998966529965,144.71999574732035,0,control
R_NEG_1933,23499,Mizoram,Aizawl,23.74416667,92.85555556,2024-09-18,2.3149999426677823,8.889999841339886,24.519999569281936,121.5949978120625,0,control
R_NEG_1934,23500,Mizoram,Aizawl,23.74361111,92.85416667,2024-09-18,2.3149999426677823,8.889999841339886,24.519999569281936,121.5949978120625,0,control
R_NEG_1935,23525,Mizoram,Aizawl,23.87777778,92.84083333,2024-09-18,3.44999995175749,8.33499984163791,30.859999167732894,116.2449966557324,0,control
R_NEG_1936,23522,Mizoram,Aizawl,23.85194444,92.83305556,2024-09-18,3.44999995175749,8.33499984163791,30.859999167732894,116.2449966557324,0,control
R_NEG_1937,23531,Mizoram,Aizawl,23.88527778,92.85749816894533,2024-09-18,3.44999995175749,8.33499984163791,30.859999167732894,116.2449966557324,0,control
R_NEG_1938,23527,Mizoram,Aizawl,23.89277778,92.85083333,2024-09-21,26.3149994276464,28.72499942500144,42.96499910578132,89.02999788150191,0,control
R_NEG_1939,23533,Mizoram,Aizawl,24.03503889,93.54139444,2024-09-21,14.759999566711484,14.759999566711484,36.46499907039106,61.0199982477352,0,control
R_NEG_1940,23537,Mizoram,Aizawl,24.10864167,93.54198333,2024-09-21,25.469999003224075,25.4849990028888,52.35499835759401,77.9899979121983,0,control
R_NEG_1941,23538,Mizoram,Aizawl,24.12682222,93.54013889,2024-09-21,25.469999003224075,25.4849990028888,52.35499835759401,77.9899979121983,0,control
R_NEG_1942,23551,Mizoram,Aizawl,24.33300556,93.65357222,2024-09-21,28.044999765232205,34.37499959208071,51.0699991742149,103.28999792970716,0,control
R_NEG_1943,23562,Mizoram,Aizawl,24.52308611,93.57206944,2024-09-21,32.08499903511256,33.599999024532735,44.4799986705184,74.55999796185642,0,control
R_NEG_1944,23563,Mizoram,Aizawl,24.48338333,93.58848056,2024-09-21,19.75999957602471,21.42999955546111,32.34499936923385,81.57999792136252,0,control
R_NEG_1945,23584,Mizoram,Aizawl,23.10184722,93.20138889,2024-09-21,7.5249998876824975,10.294999771751463,46.079998972825706,155.3399960640818,0,control
R_NEG_1946,23600,Mizoram,Aizawl,23.25951944,93.15917222,2024-09-21,18.509999418631196,18.879999423399568,86.08999760076404,170.9849955579266,0,control
R_NEG_1947,23604,Mizoram,Aizawl,23.32829167,93.12184167,2024-09-21,23.754999309778217,23.754999309778217,81.68999760039151,132.19499612413347,0,control
R_NEG_1948,23624,Mizoram,Aizawl,23.35406111,93.04156111,2024-09-21,16.234999527223408,16.234999527223408,66.78499844204634,131.89499692525715,0,control
R_NEG_1949,23625,Mizoram,Aizawl,23.35958611,93.04477222,2024-09-21,16.234999527223408,16.234999527223408,66.78499844204634,131.89499692525715,0,control
R_NEG_1950,23529,Mizoram,Aizawl,23.89305556,92.84722222,2024-09-21,26.3149994276464,28.72499942500144,42.96499910578132,89.02999788150191,0,control
R_NEG_1951,23559,Mizoram,Aizawl,24.49282455444336,93.58643611,2024-09-21,19.75999957602471,21.42999955546111,32.34499936923385,81.57999792136252,0,control
R_NEG_1952,23526,Mizoram,Aizawl,23.88583333,92.85055556,2024-09-21,26.3149994276464,28.72499942500144,42.96499910578132,89.02999788150191,0,control
R_NEG_1953,23565,Mizoram,Kolasib,24.48857222,93.36792222,2024-09-21,21.83999929204583,23.17999927327037,52.09499865677208,89.07999790180475,0,control
R_NEG_1954,23576,Mizoram,Kolasib,24.70553333,93.33064167,2024-09-21,39.10499871149659,39.10499871149659,51.94499848410487,75.98999790754169,0,control
R_NEG_1955,23671,Mizoram,Kolasib,24.08927222,93.12408611,2024-09-21,28.31999984942377,28.519999847747386,45.834999394603074,121.29499757569285,0,control
R_NEG_1956,23672,Mizoram,Kolasib,24.10641389,93.12339944,2024-09-21,11.424999622628093,11.56499961577356,29.309999332763255,105.97499765083194,0,control
R_NEG_1957,23687,Mizoram,Kolasib,24.15817222,93.02488611,2024-09-21,9.144999757409096,9.24999975413084,25.214999389834706,89.61499849893153,0,control
R_NEG_1958,23688,Mizoram,Kolasib,24.23419444,93.02469167,2024-09-21,12.129999581724404,12.129999581724404,31.14499898441136,106.5149971237406,0,control
R_NEG_1959,23689,Mizoram,Kolasib,24.32836667,93.00923056,2024-09-21,9.094999695196748,9.094999695196748,35.6149990465492,97.449997686781,0,control
R_NEG_1960,23535,Mizoram,Aizawl,24.04531667,93.49220278,2024-09-30,0.4999999813735485,13.994999656453729,93.87999793794006,118.92499766498804,0,control
R_NEG_1961,23536,Mizoram,Aizawl,24.090024948120117,93.54191667,2024-09-30,0.5999999903142452,1.6949999667704103,91.19499881193042,118.44999824650586,0,control
R_NEG_1962,23534,Mizoram,Aizawl,24.05808333,93.49808333,2024-09-30,0.4999999813735485,13.994999656453729,93.87999793794006,118.92499766498804,0,control
R_NEG_1963,23539,Mizoram,Aizawl,24.12715278,93.53351389,2024-09-30,0.079999997280538,2.4749999633058906,92.84499801136552,132.55499670282006,0,control
R_NEG_1964,20633,Meghalaya,Eastern-West Khasi Hill,25.69150833,91.64160833,2025-05-22,28.01499968767166,116.05499890074134,222.7749959435314,351.4349926225841,0,control
R_NEG_1965,23955,Mizoram,Aizawl,24.354658126831055,92.925511,2025-05-22,17.12499972898513,39.29999932926148,87.72499805595726,167.664996127598,0,control
R_NEG_1966,23714,Mizoram,Aizawl,23.6868033,92.7251987,2025-05-22,10.629999626427889,42.60999916680157,43.62999914214015,53.90999899338931,0,control
R_NEG_1967,24072,Mizoram,Lunglei,23.1414737701416,92.750577,2025-05-22,16.44499954674393,54.47999890334904,57.794998900964856,71.82999855279922,0,control
R_NEG_1968,23804,Mizoram,Serchhip,23.19340133666992,92.900218,2025-05-22,10.514999725855889,44.344998793676496,44.769998787902296,76.98999851383269,0,control
R_NEG_1969,23842,Mizoram,Serchhip,23.298137,92.857412,2025-05-22,10.429999902844427,43.16499924659729,44.26999920979142,73.46499864012003,0,control
R_NEG_1970,20618,Meghalaya,East Khasi Hills,25.30127778,91.92198889,2025-05-23,4.499999857507646,100.73999795969576,236.59999406524005,402.109990214929,0,control
R_NEG_1971,20499,Meghalaya,East Khasi Hills,25.465167,91.824944,2025-05-23,11.849999513477089,125.679997112602,280.11999406758696,404.17499010730535,0,control
R_NEG_1972,20501,Meghalaya,East Khasi Hills,25.43480556,91.85952778,2025-05-23,11.849999513477089,125.679997112602,280.11999406758696,404.17499010730535,0,control
R_NEG_1973,20502,Meghalaya,East Khasi Hills,25.48716667,91.81936111,2025-05-23,11.849999513477089,125.679997112602,280.11999406758696,404.17499010730535,0,control
R_NEG_1974,20503,Meghalaya,East Khasi Hills,25.45689582824707,91.826145,2025-05-23,11.849999513477089,125.679997112602,280.11999406758696,404.17499010730535,0,control
R_NEG_1975,20500,Meghalaya,East Khasi Hills,25.422278,91.867694,2025-05-23,11.849999513477089,125.679997112602,280.11999406758696,404.17499010730535,0,control
R_NEG_1976,20609,Meghalaya,Eastern-West Khasi Hill,25.65443889,91.62390833,2025-05-23,6.354999864473939,107.37499904446304,217.01999596506357,354.64499254338443,0,control
R_NEG_1977,20610,Meghalaya,Eastern-West Khasi Hill,25.65443889,91.63345833,2025-05-23,6.354999864473939,107.37499904446304,217.01999596506357,354.64499254338443,0,control
R_NEG_1978,20611,Meghalaya,Eastern-West Khasi Hill,25.65977222,91.63440556,2025-05-23,6.354999864473939,107.37499904446304,217.01999596506357,354.64499254338443,0,control
R_NEG_1979,20634,Meghalaya,Eastern-West Khasi Hill,25.69517778,91.64123611,2025-05-23,6.354999864473939,107.37499904446304,217.01999596506357,354.64499254338443,0,control
R_NEG_1980,20639,Meghalaya,Eastern-West Khasi Hill,25.69523333,91.64426944,2025-05-23,6.354999864473939,107.37499904446304,217.01999596506357,354.64499254338443,0,control
R_NEG_1981,20640,Meghalaya,Eastern-West Khasi Hill,25.69463611,91.64577778,2025-05-23,6.354999864473939,107.37499904446304,217.01999596506357,354.64499254338443,0,control
R_NEG_1982,20615,Meghalaya,Ri-Bhoi,25.67032222,91.90487222,2025-05-23,12.959999829530716,111.1249976977706,205.5049955258146,266.71499343030155,0,control
R_NEG_1983,20626,Meghalaya,Ri-Bhoi,25.71165556,91.89512778,2025-05-23,21.344999799504876,140.5399966267869,249.4899951023981,292.21999432425946,0,control
R_NEG_1984,20627,Meghalaya,Ri-Bhoi,25.75297778,91.88535278,2025-05-23,21.344999799504876,140.5399966267869,249.4899951023981,292.21999432425946,0,control
R_NEG_1985,20614,Meghalaya,Ri-Bhoi,25.663150787353516,91.90180278,2025-05-23,12.959999829530716,111.1249976977706,205.5049955258146,266.71499343030155,0,control
R_NEG_1986,20620,Meghalaya,Ri-Bhoi,25.67761389,91.89865833,2025-05-23,9.589999785646796,124.18499674182384,225.80499351397157,295.2599922083318,0,control
R_NEG_1987,20622,Meghalaya,South West Khasi Hills,25.28247222,91.36413333,2025-05-23,9.799999787472188,100.36999665293844,290.1249924637377,503.93998839892447,0,control
R_NEG_1988,20608,Meghalaya,South West Khasi Hills,25.619397,91.6170425415039,2025-05-23,6.354999864473939,107.37499904446304,217.01999596506357,354.64499254338443,0,control
R_NEG_1989,20623,Meghalaya,South West Khasi Hills,25.28090556,91.36584722,2025-05-23,9.799999787472188,100.36999665293844,290.1249924637377,503.93998839892447,0,control
R_NEG_1990,23722,Mizoram,Aizawl,23.758901,92.730863,2025-05-23,15.5099995136261,38.56499925069511,48.63999901153147,61.649998450651765,0,control
R_NEG_1991,23720,Mizoram,Aizawl,23.730243,92.75602722167967,2025-05-23,15.5099995136261,38.56499925069511,48.63999901153147,61.649998450651765,0,control
R_NEG_1992,23734,Mizoram,Aizawl,23.336229,92.787113,2025-05-23,4.19499993417412,49.124999010935426,54.614998968318105,73.61999859288335,0,control
R_NEG_1993,24105,Mizoram,Lunglei,23.105649948120117,92.745979,2025-05-23,5.934999827295542,56.96499882731587,57.92499882355333,74.34499847516418,0,control
R_NEG_1994,24074,Mizoram,Lunglei,23.1398868560791,92.751646,2025-05-23,5.934999827295542,56.96499882731587,57.92499882355333,74.34499847516418,0,control
R_NEG_1995,23750,Mizoram,Lunglei,23.183856,92.735346,2025-05-23,5.934999827295542,56.96499882731587,57.92499882355333,74.34499847516418,0,control
R_NEG_1996,23752,Mizoram,Lunglei,23.181806,92.736868,2025-05-23,5.934999827295542,56.96499882731587,57.92499882355333,74.34499847516418,0,control
R_NEG_1997,23843,Mizoram,Serchhip,23.293453216552734,92.858089,2025-05-23,12.079999627545476,52.9549989644438,54.18999892659485,83.51499835588038,0,control
R_NEG_1998,23770,Mizoram,Siaha,22.44437599182129,92.947323,2025-05-23,43.98999918438494,61.52499868161976,74.11499849613756,80.87999823968858,0,control
R_NEG_1999,804,Assam,Kamrup,26.170270919799805,91.697998046875,2025-05-24,21.009999743662775,37.12999946530908,120.68999732565136,222.89499438740313,0,control
R_NEG_2000,799,Assam,Kamrup,26.19113889,91.82961111,2025-05-24,17.999999526888132,28.679999233223494,126.81499773822723,221.88999543059617,0,control
R_NEG_2001,846,Assam,Kamrup (Metro),26.184324264526367,91.855395,2025-05-24,17.999999526888132,28.679999233223494,126.81499773822723,221.88999543059617,0,control
R_NEG_2002,19600,Manipur,Noney,24.846509,93.573533,2025-05-24,8.444999810308218,26.39999934658408,39.69499909039587,77.08999856188893,0,control
R_NEG_2003,20617,Meghalaya,East Khasi Hills,25.42315556,91.86329167,2025-05-24,10.369999749585986,51.36999856680632,262.6649943990633,412.9449898907915,0,control
R_NEG_2004,20653,Meghalaya,Eastern-West Khasi Hill,25.700668334960938,91.596815,2025-05-24,36.32499906234443,67.4299980122596,246.2999955797568,348.7149930857122,0,control
R_NEG_2005,20654,Meghalaya,Eastern-West Khasi Hill,25.73945426940918,91.572107,2025-05-24,36.32499906234443,67.4299980122596,246.2999955797568,348.7149930857122,0,control
R_NEG_2006,25931,Nagaland,Kohima,25.620830535888672,94.11572265625,2025-05-24,38.05499899573624,52.46999877691269,96.17499769758432,99.5599976144731,0,control
R_NEG_2007,23956,Mizoram,Aizawl,24.36571502685547,92.930137,2025-05-25,87.84999763313681,97.69499724451452,141.01999647542834,255.60499362740663,0,control
R_NEG_2008,23721,Mizoram,Aizawl,23.750240325927734,92.736662,2025-05-25,49.13499865680933,64.64499817043543,97.08999768458308,110.7849971074611,0,control
R_NEG_2009,23952,Mizoram,Aizawl,23.807952,92.834037,2025-05-25,63.77499847300351,78.86499804444611,105.59999750740826,141.39499662723392,0,control
R_NEG_2010,23724,Mizoram,Aizawl,23.74580192565918,92.717053,2025-05-25,49.13499865680933,64.64499817043543,97.08999768458308,110.7849971074611,0,control
R_NEG_2011,23727,Mizoram,Aizawl,23.469247,92.744068,2025-05-25,63.034998485818505,68.32999830879271,111.81999708991498,138.1449963292107,0,control
R_NEG_2012,23940,Mizoram,Champhai,23.198136,93.166988,2025-05-25,51.18999894615263,57.279998894780874,96.82999831065536,112.93499786965548,0,control
R_NEG_2013,23941,Mizoram,Champhai,23.177311,93.198157,2025-05-25,51.18999894615263,57.279998894780874,96.82999831065536,112.93499786965548,0,control
R_NEG_2014,23799,Mizoram,Hnahthial,23.170678,92.899334,2025-05-25,29.0099995713681,34.95499939285219,75.13999831303954,107.69499803707004,0,control
R_NEG_2015,23938,Mizoram,Khawzawl,23.206600189208984,93.148665,2025-05-25,47.43499863706529,52.26999849360436,84.07499778177589,95.68999756127596,0,control
R_NEG_2016,23943,Mizoram,Khawzawl,23.14788055419922,93.323791,2025-05-25,60.14999884366989,67.81999856233597,97.39999799989164,116.0549975289032,0,control
R_NEG_2017,24107,Mizoram,Lunglei,23.104623,92.747711,2025-05-25,24.65999935939908,30.594999186694626,81.65999818500131,99.00499783456326,0,control
R_NEG_2018,24034,Mizoram,Lunglei,23.184091,92.738895,2025-05-25,24.65999935939908,30.594999186694626,81.65999818500131,99.00499783456326,0,control
R_NEG_2019,23920,Mizoram,Lunglei,23.206239,92.491221,2025-05-25,27.59999954327941,37.344999129883945,80.82999815512449,142.90999633911997,0,control
R_NEG_2020,23921,Mizoram,Lunglei,23.199961,92.488796,2025-05-25,64.41499904636294,69.72499891836196,106.0349981635809,130.1199974771589,0,control
R_NEG_2021,23922,Mizoram,Lunglei,23.178239822387695,92.491031,2025-05-25,64.41499904636294,69.72499891836196,106.0349981635809,130.1199974771589,0,control
R_NEG_2022,23923,Mizoram,Lunglei,23.180969,92.488193,2025-05-25,64.41499904636294,69.72499891836196,106.0349981635809,130.1199974771589,0,control
R_NEG_2023,23924,Mizoram,Lunglei,23.180354,92.486971,2025-05-25,64.41499904636294,69.72499891836196,106.0349981635809,130.1199974771589,0,control
R_NEG_2024,23925,Mizoram,Lunglei,23.182466,92.487731,2025-05-25,64.41499904636294,69.72499891836196,106.0349981635809,130.1199974771589,0,control
R_NEG_2025,23875,Mizoram,Lunglei,23.297521,92.689449,2025-05-25,44.709998867474496,49.84999881591648,95.14499757997692,125.75999682862312,0,control
R_NEG_2026,23876,Mizoram,Lunglei,23.303739547729492,92.672816,2025-05-25,40.98999902047217,46.544998954981565,91.94499792624264,129.60499735642225,0,control
R_NEG_2027,23877,Mizoram,Lunglei,23.304122924804688,92.671521,2025-05-25,40.98999902047217,46.544998954981565,91.94499792624264,129.60499735642225,0,control
R_NEG_2028,23878,Mizoram,Lunglei,23.30610466003418,92.671296,2025-05-25,40.98999902047217,46.544998954981565,91.94499792624264,129.60499735642225,0,control
R_NEG_2029,23879,Mizoram,Lunglei,23.306338,92.666573,2025-05-25,40.98999902047217,46.544998954981565,91.94499792624264,129.60499735642225,0,control
R_NEG_2030,23880,Mizoram,Lunglei,23.3204402923584,92.643229,2025-05-25,40.98999902047217,46.544998954981565,91.94499792624264,129.60499735642225,0,control
R_NEG_2031,23881,Mizoram,Lunglei,23.301901,92.649401,2025-05-25,40.98999902047217,46.544998954981565,91.94499792624264,129.60499735642225,0,control
R_NEG_2032,23927,Mizoram,Lunglei,23.251004,92.6366729736328,2025-05-25,44.709998867474496,49.84999881591648,95.14499757997692,125.75999682862312,0,control
R_NEG_2033,23760,Mizoram,Lunglei,23.114694,92.743931,2025-05-25,24.65999935939908,30.594999186694626,81.65999818500131,99.00499783456326,0,control
R_NEG_2034,23882,Mizoram,Lunglei,23.246611,92.655112,2025-05-25,44.709998867474496,49.84999881591648,95.14499757997692,125.75999682862312,0,control
R_NEG_2035,23888,Mizoram,Lunglei,23.173900604248047,92.611378,2025-05-25,32.0999993942678,36.88999925926328,80.06499796453863,93.254997568205,0,control
R_NEG_2036,23889,Mizoram,Lunglei,23.17325782775879,92.611929,2025-05-25,32.0999993942678,36.88999925926328,80.06499796453863,93.254997568205,0,control
R_NEG_2037,23890,Mizoram,Lunglei,23.17251968383789,92.611434,2025-05-25,32.0999993942678,36.88999925926328,80.06499796453863,93.254997568205,0,control
R_NEG_2038,23896,Mizoram,Lunglei,23.200105,92.584517,2025-05-25,39.649999116547406,44.36999898310751,82.02999823074788,106.069997895509,0,control
R_NEG_2039,23917,Mizoram,Lunglei,23.204981,92.534603,2025-05-25,26.529999336227775,33.614999141544104,78.83499862533063,118.0949975643307,0,control
R_NEG_2040,23918,Mizoram,Lunglei,23.206253051757812,92.533605,2025-05-25,26.529999336227775,33.614999141544104,78.83499862533063,118.0949975643307,0,control
R_NEG_2041,23919,Mizoram,Lunglei,23.209857,92.500587,2025-05-25,26.529999336227775,33.614999141544104,78.83499862533063,118.0949975643307,0,control
R_NEG_2042,23926,Mizoram,Lunglei,23.2047061920166,92.533825,2025-05-25,26.529999336227775,33.614999141544104,78.83499862533063,118.0949975643307,0,control
R_NEG_2043,23784,Mizoram,Lunglei,22.866131,92.772713,2025-05-25,48.639998686499894,61.8999983118847,109.4149970896542,136.20999633613974,0,control
R_NEG_2044,23785,Mizoram,Lunglei,22.903567,92.758702,2025-05-25,27.09999945387244,38.15999899059534,83.75999754015356,111.83999677468093,0,control
R_NEG_2045,23786,Mizoram,Lunglei,22.903453826904297,92.760096,2025-05-25,27.09999945387244,38.15999899059534,83.75999754015356,111.83999677468093,0,control
R_NEG_2046,23787,Mizoram,Lunglei,22.90461540222168,92.75704956054688,2025-05-25,27.09999945387244,38.15999899059534,83.75999754015356,111.83999677468093,0,control
R_NEG_2047,23788,Mizoram,Lunglei,22.922528,92.752404,2025-05-25,27.09999945387244,38.15999899059534,83.75999754015356,111.83999677468093,0,control
R_NEG_2048,23790,Mizoram,Lunglei,22.880420684814453,92.821692,2025-05-25,56.56499910354614,74.79999885708094,116.06499807350338,137.74499758239836,0,control
R_NEG_2049,24100,Mizoram,Lunglei,23.112390518188477,92.745417,2025-05-25,24.65999935939908,30.594999186694626,81.65999818500131,99.00499783456326,0,control
R_NEG_2050,23887,Mizoram,Lunglei,23.174558,92.612556,2025-05-25,32.0999993942678,36.88999925926328,80.06499796453863,93.254997568205,0,control
R_NEG_2051,23891,Mizoram,Lunglei,23.17265892028809,92.611828,2025-05-25,32.0999993942678,36.88999925926328,80.06499796453863,93.254997568205,0,control
R_NEG_2052,23892,Mizoram,Lunglei,23.198272,92.589291,2025-05-25,39.649999116547406,44.36999898310751,82.02999823074788,106.069997895509,0,control
R_NEG_2053,23893,Mizoram,Lunglei,23.19896125793457,92.590043,2025-05-25,39.649999116547406,44.36999898310751,82.02999823074788,106.069997895509,0,control
R_NEG_2054,23894,Mizoram,Lunglei,23.199094772338867,92.586671,2025-05-25,39.649999116547406,44.36999898310751,82.02999823074788,106.069997895509,0,control
R_NEG_2055,23895,Mizoram,Lunglei,23.19941520690918,92.585883,2025-05-25,39.649999116547406,44.36999898310751,82.02999823074788,106.069997895509,0,control
R_NEG_2056,23866,Mizoram,Serchhip,23.29386329650879,92.741368,2025-05-25,37.82999930344522,43.03999910131097,87.61499821767211,114.44499789271504,0,control
R_NEG_2057,23867,Mizoram,Serchhip,23.295774459838867,92.740012,2025-05-25,37.82999930344522,43.03999910131097,87.61499821767211,114.44499789271504,0,control
R_NEG_2058,23868,Mizoram,Serchhip,23.302650451660156,92.742945,2025-05-25,47.68499882519245,51.87999875936657,99.8149978686124,121.3049974180758,0,control
R_NEG_2059,23872,Mizoram,Serchhip,23.300291061401367,92.69577026367188,2025-05-25,40.98999902047217,46.544998954981565,91.94499792624264,129.60499735642225,0,control
R_NEG_2060,23873,Mizoram,Serchhip,23.299806,92.694901,2025-05-25,44.709998867474496,49.84999881591648,95.14499757997692,125.75999682862312,0,control
R_NEG_2061,23874,Mizoram,Serchhip,23.299312,92.692614,2025-05-25,44.709998867474496,49.84999881591648,95.14499757997692,125.75999682862312,0,control
R_NEG_2062,23740,Mizoram,Serchhip,23.239137,92.744468,2025-05-25,37.82999930344522,43.03999910131097,87.61499821767211,114.44499789271504,0,control
R_NEG_2063,23836,Mizoram,Serchhip,23.307092666625977,92.856289,2025-05-25,43.53499892912805,47.83999880589545,94.24999701976776,110.63499667495488,0,control
R_NEG_2064,23837,Mizoram,Serchhip,23.307523727416992,92.857678,2025-05-25,43.53499892912805,47.83999880589545,94.24999701976776,110.63499667495488,0,control
R_NEG_2065,23838,Mizoram,Serchhip,23.305938720703125,92.857538,2025-05-25,43.53499892912805,47.83999880589545,94.24999701976776,110.63499667495488,0,control
R_NEG_2066,23839,Mizoram,Serchhip,23.303906,92.853173,2025-05-25,43.53499892912805,47.83999880589545,94.24999701976776,110.63499667495488,0,control
R_NEG_2067,23846,Mizoram,Serchhip,23.346456,92.851511,2025-05-25,43.53499892912805,47.83999880589545,94.24999701976776,110.63499667495488,0,control
R_NEG_2068,23847,Mizoram,Serchhip,23.346599578857425,92.854847,2025-05-25,43.53499892912805,47.83999880589545,94.24999701976776,110.63499667495488,0,control
R_NEG_2069,23857,Mizoram,Serchhip,23.27122688293457,92.874544,2025-05-25,26.369998950511217,38.44999857805669,79.60499791242182,109.8849973063916,0,control
R_NEG_2070,23858,Mizoram,Serchhip,23.27054786682129,92.877577,2025-05-25,26.369998950511217,38.44999857805669,79.60499791242182,109.8849973063916,0,control
R_NEG_2071,23859,Mizoram,Serchhip,23.67700958251953,92.8789520263672,2025-05-25,38.684998598881066,57.68999806512147,90.00999742653221,106.6949969213456,0,control
R_NEG_2072,23863,Mizoram,Serchhip,23.28144264221191,92.840145,2025-05-25,26.369998950511217,38.44999857805669,79.60499791242182,109.8849973063916,0,control
R_NEG_2073,23800,Mizoram,Serchhip,23.180345,92.900082,2025-05-25,29.0099995713681,34.95499939285219,75.13999831303954,107.69499803707004,0,control
R_NEG_2074,23930,Mizoram,Serchhip,23.223807,92.944448,2025-05-25,26.01499892771244,41.2299987943843,86.00999823771417,111.53499752283096,0,control
R_NEG_2075,23931,Mizoram,Serchhip,23.21795082092285,92.998007,2025-05-25,26.01499892771244,41.2299987943843,86.00999823771417,111.53499752283096,0,control
R_NEG_2076,23932,Mizoram,Serchhip,23.217324,92.99812316894533,2025-05-25,26.01499892771244,41.2299987943843,86.00999823771417,111.53499752283096,0,control
R_NEG_2077,23933,Mizoram,Serchhip,23.199169158935547,93.000199,2025-05-25,26.17999911308289,35.00999893434346,74.32499838527292,104.35499806143343,0,control
R_NEG_2078,23801,Mizoram,Serchhip,23.187383,92.89826202392578,2025-05-25,29.0099995713681,34.95499939285219,75.13999831303954,107.69499803707004,0,control
R_NEG_2079,23802,Mizoram,Serchhip,23.187762,92.898034,2025-05-25,29.0099995713681,34.95499939285219,75.13999831303954,107.69499803707004,0,control
R_NEG_2080,23928,Mizoram,Serchhip,23.23489761352539,92.911307,2025-05-25,26.01499892771244,41.2299987943843,86.00999823771417,111.53499752283096,0,control
R_NEG_2081,23929,Mizoram,Serchhip,23.225619,92.924909,2025-05-25,26.01499892771244,41.2299987943843,86.00999823771417,111.53499752283096,0,control
R_NEG_2082,23864,Mizoram,Serchhip,23.280946731567383,92.83670043945312,2025-05-25,26.369998950511217,38.44999857805669,79.60499791242182,109.8849973063916,0,control
R_NEG_2083,23773,Mizoram,Siaha,22.469737,93.100868,2025-05-25,45.22999850008637,84.1399976843968,107.00999718066304,126.16499646753071,0,control
R_NEG_2084,24048,Mizoram,Lunglei,23.164812088012695,92.743396,2025-05-26,99.92499792203309,103.93999779224396,158.419996695593,175.49499634560198,0,control
R_NEG_2085,23789,Mizoram,Lunglei,22.895235061645508,92.747812,2025-05-26,142.0699963271618,144.8249962227419,200.6449947990477,230.50999394897372,0,control
R_NEG_2086,24002,Mizoram,Lunglei,23.230113983154297,92.740067,2025-05-26,108.79999755509198,111.89499740302564,158.97499644756317,185.934996124357,0,control
R_NEG_2087,24004,Mizoram,Lunglei,23.226842880249023,92.740266,2025-05-26,108.79999755509198,111.89499740302564,158.97499644756317,185.934996124357,0,control
R_NEG_2088,24014,Mizoram,Lunglei,23.201335,92.734857,2025-05-26,108.79999755509198,111.89499740302564,158.97499644756317,185.934996124357,0,control
R_NEG_2089,24015,Mizoram,Lunglei,23.201614379882812,92.734453,2025-05-26,108.79999755509198,111.89499740302564,158.97499644756317,185.934996124357,0,control
R_NEG_2090,24016,Mizoram,Lunglei,23.201759,92.734328,2025-05-26,108.79999755509198,111.89499740302564,158.97499644756317,185.934996124357,0,control
R_NEG_2091,23999,Mizoram,Serchhip,23.239287,92.74817657470705,2025-05-26,108.79999755509198,111.89499740302564,158.97499644756317,185.934996124357,0,control
R_NEG_2092,850,Assam,Dima Hasao,25.64851188659668,93.121528,2025-05-29,48.3449987154454,51.51499864924699,93.38499775994568,224.38499497808516,0,control
R_NEG_2093,849,Assam,Dima Hasao,25.698139190673828,93.129423,2025-05-29,48.3449987154454,51.51499864924699,93.38499775994568,224.38499497808516,0,control
R_NEG_2094,803,Assam,Kamrup,26.1629695892334,91.70590209960938,2025-05-29,78.90999903157353,88.88499876204878,138.0549979340285,261.9899950809777,0,control
R_NEG_2095,848,Assam,Kamrup (Metro),26.11956024169922,92.052125,2025-05-29,81.58499746210873,84.72499743290246,118.36999652162194,233.82499402854592,0,control
R_NEG_2096,19601,Manipur,Noney,24.863924026489254,93.617853,2025-05-29,65.77499854937196,79.93499827943742,120.51999733690172,149.97999671846628,0,control
R_NEG_2097,23953,Mizoram,Aizawl,24.285871,92.94599151611328,2025-06-07,4.084999956190586,14.549999929964542,158.82999562006444,391.11499023158103,0,control
R_NEG_2098,23954,Mizoram,Aizawl,24.288014,92.946017,2025-06-07,4.084999956190586,14.549999929964542,158.82999562006444,391.11499023158103,0,control
R_NEG_2099,23945,Mizoram,Khawzawl,23.54405212402344,93.155591,2025-06-07,1.0999999642372131,10.069999754428864,173.25499542802572,441.3799901418388,0,control
R_NEG_2100,23946,Mizoram,Khawzawl,23.545766,93.147931,2025-06-07,1.0999999642372131,10.069999754428864,173.25499542802572,441.3799901418388,0,control
R_NEG_2101,23947,Mizoram,Khawzawl,23.526599884033203,93.192968,2025-06-07,1.0999999642372131,10.069999754428864,173.25499542802572,441.3799901418388,0,control
R_NEG_2102,25786,Nagaland,Kohima,25.623067,94.114196,2025-06-30,28.484999406151474,41.10999910440296,107.04999768175183,236.73499481379983,0,control
R_NEG_2103,25924,Nagaland,Mokokchung,26.423137,94.382261,2025-06-30,36.50499925483018,38.144999225623906,108.69499799516052,272.0149942645803,0,control
R_NEG_2104,25788,Nagaland,Mokokchung,26.4219453,94.3854377,2025-06-30,36.50499925483018,38.144999225623906,108.69499799516052,272.0149942645803,0,control
R_NEG_2105,25790,Nagaland,Mokokchung,26.42608070373535,94.398916,2025-06-30,36.50499925483018,38.144999225623906,108.69499799516052,272.0149942645803,0,control
R_NEG_2106,25925,Nagaland,Mokokchung,26.421859741210938,94.38520050048828,2025-06-30,36.50499925483018,38.144999225623906,108.69499799516052,272.0149942645803,0,control
R_NEG_2107,25926,Nagaland,Mokokchung,26.42534637451172,94.387013,2025-06-30,36.50499925483018,38.144999225623906,108.69499799516052,272.0149942645803,0,control
R_NEG_2108,25785,Nagaland,Mokokchung,26.4231373,94.3822611,2025-06-30,36.50499925483018,38.144999225623906,108.69499799516052,272.0149942645803,0,control
