SlNo,Slide_No,State,District,Slide_Name,Latitude,Longitude,History,event_date,rainfall_mm
8,ASM/HLKD/83D10/2016/58,Assam,Hailakandi,Terracherra Slide,24.478972,92.682861,17 May 2016,2016-05-17,129.30499748606235
15,ASM/HLKD/83D10/2016/60,Assam,Hailakandi,Ramchandi (Koyabasti),24.51594352722168,92.540889,18 May 2016,2016-05-18,50.28499855939299
30,ASM/CCR/83H2/2016/66,Assam,Cachar,Khasiapunji slide,24.645417,93.005361,31 August 2016,2016-08-31,36.65999908000231
35,AS/KAR/83D06/2009-10/AS-2,Assam,Karimganj,Rongpur slide,24.710832595825195,92.481167,03 June 2010,2010-06-03,36.914999324828386
36,ASM/CHR/83D14/2020/0002,Assam,Cachar,Govindnagar Slide,24.721920013427734,92.90380859375,05 June 2020,2020-06-05,5.550000011920929
38,ASM/KGJ/83D05/2020/0008,Assam,Karimganj,Karimpur Slide 2,24.78002778,92.45372222,02 June 2020,2020-06-02,32.444999454542994
39,ASM/KGJ/83D05/2020/007,Assam,Karimganj,Karimpur Slide 1,24.78380556,92.45563889,02 June 2020,2020-06-02,32.444999454542994
474,AS/KRP/78N16/2018/001,Assam,Kamrup,Shankardev Nagar slide,26.112667083740234,91.853889,24 August 2018,2018-08-24,17.974999797530472
488,AS/KAM(M)/78N12/2023/01,Assam,Kamrup (Metro),Dhirenpara,26.1505375,91.72798139,17 June 2023 at 18:00 hrs.,2023-06-17,49.639998733997345
490,ASM/KMP/78N16/2017/03,Assam,Kamrup (Metro),Anandapur-Gangapur slide,26.154279708862305,91.79264068603516,13 June 2017,2017-06-13,83.35499838925898
503,ASM/KMP/78N16/2017/05,Assam,Kamrup (Metro),Dakshin Saraniya-1,26.176719665527344,91.76525115966797,13 June 2017,2017-06-13,83.35499838925898
504,ASM/KMP/78N16/2017/0004,Assam,Kamrup (Metro),Dakshin Saraniya-2,26.177560806274414,91.7658920288086,13 June 2017,2017-06-13,83.35499838925898
506,ASM/KMP/78N16/2017/06,Assam,Kamrup (Metro),Bonda-Hajongdisa slide,26.188419342041016,91.85124969482422,16 June 2017,2017-06-16,78.80999772250652
519,AS/KAM/78N16/2014/05,Assam,Kamrup (Metro),Karghuli,26.19622039794922,91.76335906982422,23 March 2011,2011-03-23,0.0
623,ASM/DH/83G04/2022-23/014,Assam,Dima Hasao,South Bagetar Slide 1,25.167360305786133,93.00952911376953,15 May 2022,2022-05-15,73.85499800182879
642,ASM/DH/83G04/2022-23/026,Assam,Dima Hasao,Lower Songpijang Slide 1,25.158138275146484,93.024778,15 May 2022,2022-05-15,73.85499800182879
643,ASM/DH/83G4/ PD/2016/55,Assam,Dima Hasao (N.C. Hills),Nutan Lampur slide -1,25.24194444,93.14319444,22 May 2016,2016-05-22,0.4599999859929085
650,ASM/DH/83G4/ PD/2016/56,Assam,Dima Hasao (N.C. Hills),Nutan Lampur slide -2,25.27480556,93.14555556,22 May 2016,2016-05-22,0.4599999859929085
655,ASM/DH/83G04/2022-23/032,Assam,Dima Hasao,Moulhoi Slide 3,25.174829483032227,93.019861,15 May 2022,2022-05-15,73.85499800182879
656,ASM/DH/83G04/2022-23/033,Assam,Dima Hasao,Mahadev Tilla slide 2,25.1568056,93.019722,13 May 2022,2022-05-13,74.77999894320965
664,ASM/DH/83C16/2022-23/042,Assam,Dima Hasao,Kokai Punchi Slide,25.164270401000977,92.99787902832031,14 -15 May 2022,2022-05-15,64.2199991941452
667,ASM/DH/83G04/2022-23/038,Assam,Dima Hasao,Lower Songpijang slide 2,25.165529251098633,93.02172088623047,14-15 May 2022,2022-05-15,73.85499800182879
672,ASM/DH/83G4/ PD/2016/29,Assam,Dima Hasao (N.C. Hills),Haflong-Jatinga road section slide-04,25.15713889,93.01719444,27 May 2016,2016-05-27,3.604999945499003
683,ASM/DH/83G4/PD/2016/43,Assam,Dima Hasao (N.C. Hills),New Haflong R.S. slide - (2),25.14872222,93.03191667,17 May 2016,2016-05-17,116.25999782048166
722,ASM/DH/83G4/ PD/2016/23,Assam,Dima Hasao,Mahur,25.17638889,93.11613889,22 May 2016,2016-05-22,0.7549999915063381
729,ASM/KAM(M)/78N16/2016/63,Assam,Kamrup (Metro),Mandakini slide,26.19244444,91.76422222,20 July 2016,2016-07-20,14.644999638199806
730,ASM/KAM/78N16/2019/03,Assam,Kamrup (Metro),Amiya Nagar Slide,26.19236111,91.78080556,10 July 2019,2019-07-10,55.109998285770416
731,ASM/KAM/78N12/2019/04,Assam,Kamrup (Metro),Bezbaruah Nagar slide,26.15805556,91.71258333,16 July 2019,2019-07-16,1.934999942779541
762,ASM/KAM (M)/78N16/2017/04,Assam,Kamrup (Metro),Dakshin Saraniya-1,26.17672222,91.76525115966797,13 June 2017,2017-06-13,83.35499838925898
773,ASM/KAM/78N16/2020/001,Assam,Kamrup (Metro),Hirimbapur landslide,26.19330556,91.77725219726562,28 June 2020,2020-06-28,13.029999554157257
774,ASM/KAM/78N16/2020/002,Assam,Kamrup (Metro),Ambher landslide,26.09150556,91.87898611,12 July 2020,2020-07-12,12.26999983098358
775,ASM/KAM/78N12/2020/003,Assam,Kamrup (Metro),Gauripur landslide,26.21305556,91.69249725341797,26 June 2020,2020-06-26,56.64999882597476
776,ASM/K(M)/78N16/2022-23/003,Assam,Kamrup (Metro),Salbari,26.191600799560547,91.8036117553711,16 June 2022,2022-06-16,140.19999754428864
777,ASM/K(M)/78N16/2022-23/001,Assam,Kamrup (Metro),Upper Luitpur,26.193220138549805,91.77033233642578,16 June 2022,2022-06-16,146.0349970459938
778,ASM/K(M)/78N16/2022-23/002,Assam,Kamrup (Metro),Anandanagar,26.187889099121094,91.79492950439453,17 June 2022,2022-06-17,59.0949982739985
783,ASM/DH/83G04/2022-23/030,Assam,Dima Hasao,Merryland Slide,25.17741584777832,93.00975036621094,16 May 2022,2022-05-16,71.41999770328403
785,ASM/DH/83G04/2022-23/022,Assam,Dima Hasao,Lower Haflong Slide 2,25.189189910888672,93.02117919921875,15 May 2022,2022-05-15,73.85499800182879
801,AS/KAM(M)/78N12/2025/01,Assam,Kamrup,Kamakhya Main Road,26.16618537902832,91.7146987915039,04 June 2025,2025-06-04,38.58499898016453
802,AS/KAM(M)/78N12/2025/02,Assam,Kamrup,Kamakhya Main Road,26.166160583496094,91.713803,04 June 2025 at 14.30 hrs.,2025-06-04,38.58499898016453
803,AS/KAM(M)/78N12/2025/03,Assam,Kamrup,Kamakhya Main Road,26.1629695892334,91.70590209960938,05 June 2025 at 15.20 hrs.,2025-06-05,4.379999950528145
813,ASM/DH/83G03/2023-24/004,Assam,Dima Hasao,Gunjung subsidence,25.316197,93.006158,16 June 2022,2022-06-16,115.57499739527702
878,ARN/WK/83A12/2016/01,Arunachal Pradesh,West Kameng,Bhalukpong Circuit House slide,27.018342,92.6355972290039,1 July 2016 at 12:20 hrs.,2016-07-01,43.602498561143875
999,ARN/LS/83E15/2016/04,Arunachal Pradesh,Lower Subansiri,Hoj-Potin slide,27.193425,93.780983,16 July 2016,2016-07-16,69.68999771773815
1033,ARN/LS/83E15/2016/08,Arunachal Pradesh,Lower Subansiri,Hoj-Potin slide,27.23995018005371,93.806589,17 July 2016,2016-07-17,4.779999900609255
1042,ARN/LS/83E15/2016/07,Arunachal Pradesh,Lower Subansiri,Hoj-Potin slide,27.246131,93.804711,17 July 2016,2016-07-17,4.779999900609255
1049,ARN/LS/83E15/2016/06,Arunachal Pradesh,Lower Subansiri,Hoj-Potin slide,27.254756,93.801303,17 July 2016,2016-07-17,4.779999900609255
1082,ARN/LS/83E15/2016/05,Arunachal Pradesh,Lower Subansiri,Hoj-Potin slide,27.294885635375977,93.803328,17 July 2016,2016-07-17,4.779999900609255
1103,ARN/LS/83E15/2016/03,Arunachal Pradesh,Lower Subansiri,Possa-Potin slide,27.307071685791016,93.806008,17 July 2016,2016-07-17,4.369999893009663
1120,ARN/LS/83E15/2016/02,Arunachal Pradesh,Lower Subansiri,Possa-Potin slide,27.339267,93.802581,16 July 2016,2016-07-16,84.24999815970659
1938,ARA/PP/83E16/2024/01,Arunachal Pradesh,Papum Pare,Banderdewa Petrol Pump Slide,27.105253219604492,93.825399,18 June 2024 at 11:00 hrs.,2024-06-18,48.20499901100993
1940,ARA/PP/83E16/2024/03,Arunachal Pradesh,Papum Pare,Chiputa Slide,27.121135711669922,93.762164,18 June 2024 at 04:30 hrs.,2024-06-18,39.944999299012125
1941,ARA/DIB/82P15/2024/01,Arunachal Pradesh,Lower Dibang Valley,Abrali Slide,28.38919722,95.92776111,24 April 2024,2024-04-24,8.159999871626496
18701,MN/TGPL/83L03/2018/009,Manipur,Tengnoupal,Lokchao Landslide,24.813306,93.243417,2 August 2018,2018-08-02,0.2449999898672104
18904,MN/NON/83H13/2018/001,Manipur,Noney,Kotlen landslide,24.925199508666992,94.33709716796875,06 June 2018,2018-06-06,0.14999999105930328
18986,MN/UKH/83L01/2018/48,Manipur,Ukhrul,,24.98352813720703,94.158333,12 June 2018,2018-06-12,125.10999681055546
18988,MN/TAM/83H05/2018/1,Manipur,Tamenglong,,24.983806,93.497528,22 June 2018,2018-06-22,13.984999645501375
19017,MN/UKH/83L01/2018/14,Manipur,Ukhrul,,24.994277954101562,94.205917,28 August 2007,2007-08-28,36.824999429285526
19020,MN/KAN/83L01/2018/47,Manipur,Kangpokpi,,24.99797248840332,94.020444,28 August 2007,2007-08-28,16.894999645650387
19123,MN/TMG/83H05/2018/003,Manipur,Tamenglong,Neigailong Slide,25.091777801513672,92.354694,"2017, 11 July 2018",2018-07-11,11.229999855160713
19217,MN/KAN/83G16/2018/007,Manipur,Kangpokpi,Kalikhola Slide II (Old Landslide),25.146528244018555,93.941722,"4 June 2017, July 2018",2017-06-04,12.854999855160713
19558,MA/TAM/83H05/2024/01,Manipur,Tamenglong,Dimthanlong landslide,24.979000091552734,93.49600219726562,29 July 2024,2024-07-29,93.96999813616276
19560,MN/BIS/83H14/2024/02,Manipur,Bishnupur,Khunjem slide-2,24.51705551147461,93.817056,2 August 2024.,2024-08-02,6.36999985575676
19601,6831,Manipur,Noney,,24.863924026489258,93.617853,05 June 2025,2025-06-05,0.25999999046325684
19675,MEGH/JH/83C08/2007/D-23,Meghalaya,Jaintia Hills,Sonapur slide,25.12186050415039,92.388583,31 July 2007,2007-07-31,62.63999804481864
19681,MEGH/JH/83C08/2007/D-22,Meghalaya,Jaintia Hills,Tongseng slide,25.134194,92.383528,31 July 2007,2007-07-31,62.63999804481864
19902,MEGH/EKH/78O11/2009/D-37,Meghalaya,East Khasi Hills,Umstew landslide,25.300389,91.726722,29 June 2009,2009-06-29,88.81999822333455
19914,ML/SWKH/78O07/2014/01,Meghalaya,South West Khasi Hills,Tynnai Ground crack,25.3145809173584,91.45242309570312,6 August 2013,2013-08-06,38.83999922592193
19917,ME/EKJ/78O15/2015/140,Meghalaya,East Khasi Hills,,25.315176010131836,91.923021,19 July 2007,2007-07-19,73.09999886155128
19924,ME/EKJ/78O15/2015/134,Meghalaya,East Khasi Hills,,25.320833206176758,91.92749786376953,19 July 2007,2007-07-19,73.09999886155128
20036,MG/SGH/78K11/2018/7,Meghalaya,South Garo hills,Nengkhra-Nongalbibra road slide,25.403061,90.724166,18 August 2007,2007-08-18,8.18999982625246
20038,ME/EKJ/78O15/2015/87,Meghalaya,East Khasi Hills,,25.407917022705078,91.998889,18 August 2007,2007-08-18,1.4499999582767487
20055,MEGH/JH/78O15/2009/D-36,Meghalaya,Jaintia Hills,Laitlongkot slide,25.435609817504883,91.862056,17 July 2009,2009-07-17,15.72499977517873
20112,MEGH/WKH/78O06/2007/D-7,Meghalaya,West Khasi Hills,Mawkawah slide,25.519729614257812,91.28443145751953,25 July 2007,2007-07-25,176.3099947432056
20114,MEGH/WKH/78O06/2007/D-6,Meghalaya,West Khasi Hills,Lawab slide,25.52079963684082,91.25984954833984,25 July 2007,2007-07-25,176.3099947432056
20141,MEGH/EKH/83C02/2009/D-34,Meghalaya,East Khasi Hills,Puriang-4 slide,25.54231071472168,92.0999984741211,1 July 2009,2009-07-01,108.33699790760875
20142,MEGH/EKH/83C02/2009/D-31,Meghalaya,East Khasi Hills,Puriang slide,25.54261016845703,92.10867309570312,1 July 2009,2009-07-01,104.9504973301664
20143,MEGH/EKH/83C02/2009/D-35,Meghalaya,Jaintia Hills,Kongong-2 slide,25.54261016845703,92.09841918945312,1 July 2009,2009-07-01,108.33699790760875
20144,MEGH/EKH/83C02/2009/D-33,Meghalaya,East Khasi Hills,Puriang-3 slide,25.542640686035156,92.10214233398438,1 July 2009,2009-07-01,104.9504973301664
20148,MEGH/EKH/83C02/2009/D-32,Meghalaya,East Khasi Hills,Puriang-2 slide,25.54327964782715,92.10478210449219,1 July 2009,2009-07-01,104.9504973301664
20231,ML/EKH/78O14/2014/03,Meghalaya,East Khasi Hills,Barapathar,25.57822036743164,91.86544799804688,23 September 2014,2014-09-23,25.894998878240585
20350,MEG/RB/78O14/2017/01,Meghalaya,Ri-Bhoi,Tharia slide,25.663444,91.915944,17 June 2017,2017-06-17,45.59999870508909
20391,ME/EKJ/78O14/2015/23,Meghalaya,East Khasi Hills,,25.695552,91.903777,15 September 2007,2007-09-15,8.659999798983335
20460,ML/RIB/78O13/2014/04,Meghalaya,Ri-Bhoi,Umling,25.97256088256836,91.86241912841797,"2012, 05 October 2014 at 5:30 pm",2014-10-05,0.0
20469,ML/RIB/78N16/2014/06,Meghalaya,Ri-Bhoi,19 Mile,26.002939224243164,91.8669204711914,23 September 2014,2014-09-23,8.1799997985363
20474,ML/RIB/78N16/2014/02,Meghalaya,Ri-Bhoi,17 Mile B,26.025470733642578,91.87158203125,20 September 2014,2014-09-20,20.779999621212482
20491,ME/SWKH/78O07/2024/4,Meghalaya,South West Khasi Hills,Manad slide-1,25.29966926574707,91.4610824584961,15 June 2024,2024-06-15,128.6649987027049
20492,ME/SWKH/78O07/2024/5,Meghalaya,South West Khasi Hills,Manad slide-2,25.29667091369629,91.4598617553711,17 June 2024 at 6:00AM,2024-06-17,186.6199960866943
20493,ME/SWKH/78O07/2024/6,Meghalaya,South West Khasi Hills,Manad slide-3,25.297500610351562,91.461669921875,17 June 2024 (8:00 to 9:00 AM),2024-06-17,186.6199960866943
20494,ME/SWKH/78O072024/7,Meghalaya,South West Khasi Hills,Manad slide-4,25.29738998413086,91.4620132446289,17 June 2024,2024-06-17,186.6199960866943
20495,ME/SWKH/78O07/2024/8,Meghalaya,South West Khasi Hills,Lummawbah village slide,25.297779083251953,91.459716796875,15 June 2024(1:00 AM),2024-06-15,128.6649987027049
20496,ME/RIB/78O13/2024/09,Meghalaya,Ri-Bhoi,Umsamlem slide,25.8090877532959,91.875238,6 July 2025 at 10:20 hrs,2025-07-06,9.61499984562397
20497,ME/RIB/78O13/2024/10,Meghalaya,Ri-Bhoi,Umran Dairy slide,25.781246185302734,91.874475,6 July 2024,2024-07-06,0.4949999898672104
20499,ME/EKH/78O15/2025/01,Meghalaya,East Khasi Hills,11thMile slide 1,25.465167,91.824944,30 May 2025 at 05:40 AM,2025-05-30,80.9749988541007
20503,ME/EKH/78O15/2025/05,Meghalaya,East Khasi Hills,Lumkyntung landslide,25.45689582824707,91.826145,30 May 2025 (around 11.00 Hrs).,2025-05-30,80.9749988541007
20504,ME/EJH/83C08/2025/06,Meghalaya,East Jaintia Hills,DonarSkul landslide,25.048053741455078,92.409245,"2021,11 May 2025 around 10.30 pm",2025-05-11,5.389999924227595
20547,MEG/EKH/78O8/2019/07,Meghalaya,East Khasi Hills,Balat road slide - I,25.23211111,91.37252778,27 June 2019,2019-06-27,157.56999678444117
20548,MEG/EKH/78O8/2019/08,Meghalaya,East Khasi Hills,Balat road,25.22194444,91.38422222,27 June 2019,2019-06-27,157.56999678444117
20550,MEG/EKH/78O8/2019/10,Meghalaya,East Khasi Hills,Balat-Shella road,25.18766667,91.39816667,27 June 2019.,2019-06-27,121.07499756477773
20551,MEG/EKH/78O8/2019/11,Meghalaya,East Khasi Hills,Balat-Shella road,25.18688889,91.39855556,27 June 2019,2019-06-27,121.07499756477773
20553,MEG/WJH/83C3/2020/2,Meghalaya,West Jaintia Hills,Iawmusiang Wahthanad,25.44233333,92.19447222,26 May 2020,2020-05-26,198.02999517321587
20554,MEG/WJH/83C3/2020/3,Meghalaya,West Jaintia Hills,Iawmusiang Wahthanad,25.44177778,92.19558333,26 May 2020,2020-05-26,198.02999517321587
20557,MEG/WJH/83C3/2020/6,Meghalaya,West Jaintia Hills,Chilliangraij,25.43505556,92.19836111,26 May 2020,2020-05-26,198.02999517321587
20558,MEG/WJH/83C3/2020/7,Meghalaya,West Jaintia Hills,Salaroh,25.44741667,92.20138889,26 May 2020,2020-05-26,220.63999721221626
20559,MEG/WJH/83C3/2020/8,Meghalaya,West Jaintia Hills,Caroline colony,25.45075035095215,92.19452778,26 May 2020,2020-05-26,198.02999517321587
20560,MEG/WJH/83C3/2020/9,Meghalaya,West Jaintia Hills,Shillong-Agartala-Sabrum Rd,25.45351667,92.18784722,26 May 2020,2020-05-26,198.02999517321587
20575,MEG/SG/78K11/2022/01,Meghalaya,South Garo Hills,"Ramgmik gittam, Siju",25.36103333,91.64700833,17 June 2022 at 4.30 hrs,2022-06-17,119.20999688282609
20577,MEG/SG/78K12/2022/03,Meghalaya,South Garo Hills,Baghmara along the road.,25.21022222,90.63220278,17 June 2022,2022-06-17,129.65999688673764
20578,MEG/SG/78K03/2022/04,Meghalaya,West Garo Hills,Jibalgre village,25.38163333,90.06033889,9 June 2022 at 2.00hrs,2022-06-09,37.154998637735844
20579,MEG/SG/78K11/2022/05,Meghalaya,South Garo Hills,NongalBibra village,25.45939722,90.70860278,17 June 2022 at 3.000hrs,2022-06-17,102.18999690562487
20580,MEG/SG/78K11/2022/06,Meghalaya,South Garo Hills,Nongal Bibra village,25.45903056,90.70813333,17 June 2022 at 3.000hrs,2022-06-17,102.18999690562487
20581,MEG/EKH/78O11/2022/07,Meghalaya,East Khasi Hills,Nongsoung-Laitlarem road,25.44835090637207,91.59150278,"15 June 2022, 8.00 to 9.00hrs",2022-06-15,127.18499653041363
20582,MEG/EKH/78O11/2022/08,Meghalaya,East Khasi Hills,Nongsoung –Laitlarem road,25.44743611,91.59103889,"15 June 2022, 8.00 to 9.00hrs",2022-06-15,127.18499653041363
20583,MEG/EKH/78O11/2022/09,Meghalaya,East Khasi Hills,Nongspung – Laitlarem village road,25.44716111,91.59067778,"15 June 2022, 8.00 to 9.00hrs",2022-06-15,127.18499653041363
20587,MEG/EKH/78O15/2022/13,Meghalaya,East Khasi Hills,Umblai village,25.35861111,91.97208333,4 April 2022 at 7.00hrs,2022-04-04,68.6249979371205
20588,MEG/EKH/78O15/2022/14,Meghalaya,East Khasi Hills,Umblai village,25.35908333,91.97433333,4 April 2022 at 7.00hrs,2022-04-04,68.6249979371205
20591,MEG/WKH/78O6/2023-24/1,Meghalaya,West Khasi Hills,"Pyndengrei village, Nongstoin",25.52901389,91.26188611,17 June 2023 at 4:00 AM.,2023-06-17,65.53999843169004
20592,MEG/WJH/83C03/2023-24/2,Meghalaya,West Jaintia Hills,Pynthor Langtein village,25.41955556,92.16194444,10 August 2023,2023-08-10,0.4099999964237213
20595,6874,Meghalaya,South West Khasi Hills,Jakarm,25.37129167,91.48003056,15 June 2024,2024-06-15,133.23999750055373
20597,6891,Meghalaya,West Khasi Hills,Mawrok Sohsat,25.531739,91.296177,02 July 2024,2024-07-02,4.889999955892563
20598,ME/WKH/2025/6,Meghalaya,West Khasi Hills,Sohpian,25.540056228637695,91.314142,02 July 2024,2024-07-02,3.6199999898672104
20599,ME/WKH/2025/7,Meghalaya,East Khasi Hills,Mowing Rim,25.62790278,91.88801944,28 May 2024 at 4.00 hrs,2024-05-28,69.22499801591039
20600,ME/EKH/2025/8,Meghalaya,East Khasi Hills,Mowing Rim,25.630403,91.8899195,28 May 2024 at 4.00 hrs,2024-05-28,69.22499801591039
20601,ME/EKH/2025/9,Meghalaya,East Khasi Hills,Mowing Rim,25.630858,91.887601,28 May 2024 at 4.00 hrs,2024-05-28,69.22499801591039
20602,6890,Meghalaya,East Khasi Hills,Rymbai Petrol Pump(BPCL),25.641242,91.894137,02 July 2024,2024-07-02,4.534999817609787
20603,4694,Meghalaya,East Khasi Hills,Mowing Rim,25.65057222,91.89351389,02 July 2024,2024-07-02,4.534999817609787
20604,6889,Meghalaya,East Khasi Hills,Umiam Lake,25.64887222,91.89692778,02 July 2024,2024-07-02,4.534999817609787
20605,6885,Meghalaya,East Khasi Hills,Mawphlang,25.44693056,91.74096667,"28 May 2024, morning",2024-05-28,62.45999825000763
20606,ME/EKH/2025/14,Meghalaya,East Khasi Hills,Ummawiong,25.41384722,91.67856111,"28 May 2024, morning",2024-05-28,63.20999882929027
20607,6884,Meghalaya,East Khasi Hills,Mawlynnu(Sixteen),25.34508889,91.60050278,"28 May 2024, morning",2024-05-28,69.87999748066068
20612,ME/EKH/2025/20,Meghalaya,East Khasi Hills,Umiam Hydal Project,25.65308889,91.89803889,01 July 2024,2024-07-01,185.3649948835373
20613,4699,Meghalaya,East Khasi Hills,Umiam Hydal Project,25.65341111,91.89819444,01 July 2024,2024-07-01,185.3649948835373
20616,ME/RIB/2025/24,Meghalaya,Ri-Bhoi,Umiam Flyover,25.67517222,91.89830017089844,30 June 2024,2024-06-30,190.39499678462744
20621,ME/EWK/2026/29,Meghalaya,Eastern-West Khasi Hill,Umkrem,25.49551944,91.49585278,02 July 2025,2025-07-02,35.449998915195465
20630,7242,Meghalaya,West Khasi Hills,,25.62269444,91.16914444,02 July 2024,2024-07-02,6.794999867677689
20631,ME/WKH/2026/39,Meghalaya,West Khasi Hills,,25.61276111,91.17375278,02 July 2024,2024-07-02,6.794999867677689
20632,7243,Meghalaya,West Khasi Hills,,25.66156667,91.13485278,02 July 2024,2024-07-02,6.794999867677689
20643,ME/EWK/2026/51,Meghalaya,Eastern-West Khasi Hill,,25.688833236694336,91.653639,25 June 2025,2025-06-25,21.98999983072281
20647,7248,Meghalaya,Eastern-West Khasi Hill,Mawiongkhri,25.6900691986084,91.67085266113281,11 June 2025,2025-06-11,18.15499946475029
20655,7598,Meghalaya,South West Garo Hills,Betasing,25.56742286682129,89.979711,13 July 2026,2026-07-13,34.179999395273626
20656,3442,Meghalaya,East Khasi Hills,Pohkseh,25.566518,91.914509,19 August 2025,2025-08-19,8.619999825954437
22755,MZ/AZL/84A10/2024/055,Mizoram,Aizawl,,23.64638889,92.72638889,02 October 2023,2023-10-02,11.699999421834946
23714,MIZ/AZL/84A10/2025/002,Mizoram,Aizawl,,23.6868033,92.7251987,29 May 2025,2025-05-29,40.169998832046986
23715,MIZ/AZL/84A10/2025/003,Mizoram,Aizawl,,23.7002691,92.7181685,13 May 2025,2025-05-13,0.0
23720,MIZ/AZL/84A14/2025/008,Mizoram,Aizawl,,23.730243,92.75602722167969,"2020, 30 May 2025 (Morning)",2025-05-30,110.38499706145376
23722,MIZ/AZL/84A09/2025/010,Mizoram,Aizawl,,23.758901,92.730863,30 May 2025(early morning),2025-05-30,110.38499706145376
23723,MIZ/AZL/84A09/2025/011,Mizoram,Aizawl,,23.755925,92.726753,24 May 2025,2025-05-24,6.819999884814024
23743,MIZ/SER/84A12/2025/031,Mizoram,Serchhip,,23.235715866088867,92.744499,31 May 2025 at 3am,2025-05-31,56.774998277425766
23789,MIZ/LUNG/84B09/2025/077,Mizoram,Lunglei,,22.895235061645508,92.747812,02 June 2025,2025-06-02,3.5100000090897083
23804,MIZ/SER/84A16/2025/092,Mizoram,Serchhip,,23.193401336669922,92.900218,29 May 2025,2025-05-29,52.87999863177538
23808,MIZ/SER/84A16/2025/096,Mizoram,Serchhip,,23.322010040283203,92.85822296142578,31 May 2025 at 02:25am,2025-05-31,45.299998921342194
23830,MIZ/SER/84A15/2025/118,Mizoram,Serchhip,,23.304746,92.862109,08 June 2025,2025-06-08,25.849999331869185
23842,MIZ/SER/84A15/2025/130,Mizoram,Serchhip,,23.298137,92.857412,29 May 2025,2025-05-29,47.71999882906675
23942,MIZ/CHAM/84E08/2025/230,Mizoram,Champhai,,23.148208618164062,93.321183,31 May 2025 (4:15am),2025-05-31,16.264999664388597
23944,MIZ/KHAW/84E03/2025/232,Mizoram,Khawzawl,,23.486306,93.220639,12 June 2025,2025-06-12,0.0
23945,MIZ/KHAW/84E02/2025/233,Mizoram,Khawzawl,,23.544052124023438,93.155591,14 June 2025,2025-06-14,15.209999676793814
23946,MIZ/KHAW/84E02/2025/234,Mizoram,Khawzawl,,23.545766,93.147931,14 June 2025,2025-06-14,15.209999676793814
23947,MIZ/KHAW/84E02/2025/235,Mizoram,Khawzawl,,23.526599884033203,93.192968,14 June 2025,2025-06-14,15.209999676793814
23948,MIZ/SAI/84A14/2025/236,Mizoram,Saitual,,23.667552947998047,92.89259338378906,15 June 2025,2025-06-15,54.30499860551208
23950,MIZ/AIZ/84A14/2025/238,Mizoram,Aizawl,,23.700835,92.877449,15 June 2025,2025-06-15,72.48999758530408
23953,MIZ/AIZ/83D15/2025/241,Mizoram,Aizawl,,24.285871,92.94599151611328,14 June 2025,2025-06-14,28.109999030828476
23954,MIZ/AIZ/83D15/2025/242,Mizoram,Aizawl,,24.288014,92.946017,14 June 2025,2025-06-14,28.109999030828476
23955,MIZ/AIZ/83D15/2025/243,Mizoram,Aizawl,,24.354658126831055,92.925511,29 May 2025,2025-05-29,31.029999263584614
23957,MIZ/AIZ/84A14/2025/245,Mizoram,Aizawl,,23.74751853942871,92.853155,15 June 2025,2025-06-15,72.48999758530408
23971,MZ/AZL/84A/10/2023/01,Mizoram,Aizawl,Vaivakawn landslide,23.74150833,92.70785833,04 June 2023,2023-06-04,0.0
23979,MZ/AZL/84A10/2016/01,Mizoram,Aizawl,Tlungvel slide,23.60830556,92.85058333,17 September 2016,2016-09-17,5.924999877810478
23986,MIZ/AZL/84A11/2025/010,Mizoram,Aizawl,,23.468799591064453,92.7208023071289,02 January 2025,2025-01-02,0.0
23995,MIZ/AZL/84A11/2025/023,Mizoram,Aizawl,,23.494600296020508,92.70439910888672,25 August 2024,2024-08-25,10.744999898597598
23999,MIZ/SER/84A12/2025/027,Mizoram,Serchhip,,23.239287,92.74817657470703,02 June 2025,2025-06-02,2.4199999207630754
24000,MIZ/SER/84A12/2025/028,Mizoram,Serchhip,,23.237356185913086,92.744978,05 June 2025,2025-06-05,0.0
24002,MIZ/LUN/84A12/2025/030,Mizoram,Lunglei,,23.230113983154297,92.740067,02 June 2025,2025-06-02,2.4199999207630754
24003,MIZ/LUN/84A12/2025/031,Mizoram,Lunglei,,23.229731,92.73967742919922,24 May 2025,2025-05-24,0.5449999794363976
24004,MIZ/LUN/84A12/2025/032,Mizoram,Lunglei,,23.226842880249023,92.740266,02 June 2025,2025-06-02,2.4199999207630754
24005,MIZ/LUN/84A12/2025/033,Mizoram,Lunglei,,23.225357055664062,92.74038696289062,06 June 2025,2025-06-06,0.4299999848008156
24014,MIZ/LUN/84A12/2025/044,Mizoram,Lunglei,,23.201335,92.734857,02 June 2025,2025-06-02,2.4199999207630754
24015,MIZ/LUN/84A12/2025/045,Mizoram,Lunglei,,23.201614379882812,92.734453,02 June 2025,2025-06-02,2.4199999207630754
24016,MIZ/LUN/84A12/2025/046,Mizoram,Lunglei,,23.201759,92.734328,02 June 2025,2025-06-02,2.4199999207630754
24048,MIZ/LUN/84A12/2025/093,Mizoram,Lunglei,,23.164812088012695,92.743396,02 June 2025,2025-06-02,2.124999947845936
24072,MIZ/LUN/84A16/2025/119,Mizoram,Lunglei,,23.1414737701416,92.750577,29 May 2025,2025-05-29,50.25999861955643
24107,MIZ/LUN/84A12/2025/157,Mizoram,Lunglei,,23.104623,92.747711,1 June 2025,2025-06-01,124.09999714419246
24146,NG/TSG/83J16/2018/002,Nagaland,Tuensang,Chessore landslide,23.725778,91.645694,"2015, 11 May 2018",2018-05-11,9.34499978274107
24660,NL/KOH/83K02/2014/04,Nagaland,Kohima,Meriema,25.716110229492188,94.08882904052734,03 July 2013,2013-07-03,23.529999636113644
24708,NL/KOH/83G14/2014/15,Nagaland,Kohima,Piphema Peducha,25.74696922302246,93.9816665649414,08 September 2013,2013-09-08,5.229999899864197
24751,NL/DIM/83G13/2014/02,Nagaland,Dimapur,Kukidolong-2,25.769390106201172,93.80278015136719,16 July 2013,2013-07-16,22.92499934323132
24795,NL/DIM/83G13/2014/01,Nagaland,Dimapur,Kukidolong-1,25.784170150756836,93.80027770996094,16 July 2013,2013-07-16,25.844999658875167
25793,NA/KOH/83K02/2024/02,Nagaland,Kohima,Kigwema Village,25.612499237060547,94.127197265625,06 July 2024,2024-07-06,4.689999938011169
25794,NA/CHU/83G13/2024/01,Nagaland,Chumoukedima,Pagala Pahar landslide,25.78529930114746,93.80139923095703,03 September 2024,2024-09-03,45.9199991626665
25796,NA/WOK/83J08/2024/01,Nagaland,Wokha,Near Hammock Restaurant,26.111335,94.257114,"2022, 15 July 2024",2024-07-15,10.669999732635915
25797,NA/WKH/83J8/2024/02,Nagaland,Wokha,Tchuyiro landslide,26.08945083618164,94.264217,23 July 2024,2024-07-23,0.8949999809265137
25798,NL/KOH/83K02/2022/001,Nagaland,Kohima,Meriema landslide,25.71711111,94.08561111,29 October 2017,2017-10-29,54.34999921545386
25799,NL/KOH/83K02/2022/002,Nagaland,Kohima,Meriema village landslide,25.712031,94.089791,12 September 2022,2022-09-12,29.929999113082886
25800,NL/KOH/83K02/2022/003,Nagaland,Kohima,Chiesema,25.7491204,94.0804548,25 September 2022,2022-09-25,12.824999649077654
25801,NL/KOH/83K02/2022/004,Nagaland,Kohima,New secretariat-Meriema road,25.7179491,94.0917724,28 September 2022,2022-09-28,24.564999371767044
25802,NL/KOH/83G13/2022/005,Nagaland,Kohima,Piphema,25.770055,93.937873,15 October 2022,2022-10-15,0.0
25803,NL/KOH/83G13/2022/006,Nagaland,Kohima,Piphema,25.771451,93.907041,30 September 2022,2022-09-30,0.5099999802187085
25807,NL/KOH/83K02/2022/010,Nagaland,Kohima,Piphema,25.770064,93.937891,12 November 2022,2022-11-12,0.0
25853,NL/KOH/83G13/2023/03,Nagaland,Kohima,Piphema,25.76618333,93.94043611,08 September 2023,2023-09-08,6.759999813511968
25868,NL/KOH/83K02/2023/19,Nagaland,Kohima,Khonoma,25.66754722,94.08075278,02 October 2023,2023-10-02,6.654999874532223
25907,NL/KOH/83K02/2023/58,Nagaland,Kohima,Kohima-Nuiland road,25.85442778,94.15844444,23 August 2018,2018-08-23,26.724999414756894
25908,NL/KOH/83K02/2023/59,Nagaland,Kohima,Kohima-Nuiland road,25.857991,94.159346,23 August 2018,2018-08-23,26.724999414756894
25922,NL/KOH/83K02/2024/014,Nagaland,Kohima,,25.660900115966797,94.05359649658203,"2015, 2020, 2023, 23 August 2024",2024-08-23,8.944999715313315
25923,NL/MOK/83J07/2025/01,Nagaland,Mokokchung,Longnak landslide,26.45277976989746,94.37525939941406,08 July 2025,2025-07-08,7.909999810159206
25924,NL/MOK/83J07/2025/02,Nagaland,Mokokchung,Merayim landslide,26.423137,94.382261,07 July 2025,2025-07-07,11.449999772012234
25925,NL/MOK/83J07/2025/03,Nagaland,Mokokchung,Changki slide_1,26.421859741210938,94.38520050048828,07 July 2025,2025-07-07,11.449999772012234
25926,NL/MOK/83J07/2025/04,Nagaland,Mokokchung,Changki slide_2,26.42534637451172,94.387013,07 July 2025,2025-07-07,11.449999772012234
25931,NA/KOH/83K02/2025/01,Nagaland,Kohima,Kisama slide,25.620830535888672,94.11572265625,"June 2017, 31 May 2025 at 21:00hrs",2025-05-31,24.59999966342002
25932,NL/TSE/83K01/2025/01,Nagaland,Tseminyu,Terogvunyu Village,25.881650924682617,94.19023132324219,19 January 2025,2025-01-19,0.0
25936,NAG/ KOH/ 83K2/ 2015/04,Nagaland,Kohima,171.20KM,25.686250686645508,94.04297222,"2014, 25 July 2025",2025-07-25,2.1599999647587538
25961,NL/DMR/83F-16/2019/01,Nagaland,Dimapur,Zhekhise Slide,26.072559356689453,93.9280014038086,09 May 2019,2019-05-09,0.0
25963,NL/WKH/83J04/2021/01,Nagaland,Wokha,"‘E’-Khel Slide, Wokha village",26.10694722,94.25328889,18 September 2021,2021-09-18,4.564999933354557
26714,SKM/EAST/78A11/2015/004,Sikkim,East Sikkim,Tumin Landslide,27.332080841064453,88.50901794433594,11 July 2015,2015-07-11,1.31499994546175
26728,SI/ESI/ 78A11/ 2021/RP1,Sikkim,East Sikkim,Ranipool to Pakyong road slide,27.25352778,88.60377778,"September 2020, 18-19 October 2021",2021-10-19,141.3899966031313
26736,SK/ES/78 A11/CL,Sikkim,East Sikkim,Chuba Landslide,27.27458333,88.55002778,18-19 October 2021,2021-10-19,168.0899965427816
26740,SK/ES/78 A/07/2021/14,Sikkim,East Sikkim,Dikchu-Samdong road,27.3699335,88.4859279,23 August 2021,2021-08-23,14.854999452829361
26745,SK/ES/78 A/11/2021/15,Sikkim,East Sikkim,Mangthang,27.2533846,88.5489504,22 August 2021,2021-08-22,26.549999423325062
26746,SK/ES/78 A11/PB,Sikkim,East Sikkim,Pagla Bhir,27.28666667,88.55347222,27 August 2021,2021-08-27,34.199999555945396
26752,SK/ES/78 A11/SG-1,Sikkim,East Sikkim,Sisa Golai Slide I,27.32663889,88.61016667,1 June 2021 at 10:30 hrs.,2021-06-01,11.527499817311764
26754,SK/ES/78 A11/TG-I,Sikkim,East Sikkim,Tamang Gompa Slide-I,27.33972222,88.62055556,8 June 2021 at night,2021-06-08,15.87499963492155
26755,SK/ES/78 A11/TVP-I,Sikkim,East Sikkim,Tashi View Point -I,27.37055556,88.61611111,5 June 2021 in the midnight,2021-06-05,30.44999985396862
26757,SK/ES/78 A/07/2021/13,Sikkim,South Sikkim,"Tokdey block, Lingmoo",27.3250091,88.4704442,"2020, 23 August 2021",2021-08-23,14.854999452829361
26760,SK/NS/78 A10/ Bop 1,Sikkim,North Sikkim,Bop Slide,27.61936111,88.66131389,18 June 2021,2021-06-18,17.61499932408333
26763,SK/ES/78 A11/IBP-I,Sikkim,East Sikkim,Indira Bye Pass -I,27.32888889,88.60777778,18 May 2021,2021-05-18,1.3399999886751175
26767,SK/ES/78 A11/PGS-I,Sikkim,East Sikkim,Paani House slide I,27.32320833,88.60986944,19 October 2021 at 20:00 hrs.,2021-10-19,132.6199974566698
26784,SKM/ Soreng/78 A08/2022/01,Sikkim,Soreng,01/JR/Baiguney,27.14871944,88.28128889,20 November 2022,2022-11-20,0.0
26792,SKM/ES/78 A12/2022/Kitgolai,Sikkim,Pakyong,Kitgolai Landslide,27.21391667,88.60833333,25 August 2022,2022-08-25,1.839999958872795
26795,SK/ES/78 A11/Sang,Sikkim,East Sikkim,Sang,27.25066667,88.53144444,"July 2019, 12 May 2022",2022-05-12,0.0
26797,SK/ES/78 A07/Sherwani 02,Sikkim,East Sikkim,Sherwani 02,27.24297222,88.47055556,15 June 2022,2022-06-15,29.51499935425818
26798,SKM/Geyzing/78A08/2022/01,Sikkim,Geyzing,Sikkip,27.19950556,88.32696111,"October 2020, 20 August 2022",2022-08-20,1.1899999715387821
26802,SKM/Pakyong/78A12/2023,Sikkim,Pakyong,Rangpo Check Post,27.17748333,88.52165833,"July 2020, 4 October 2023",2023-10-04,37.06499936059117
26806,SKM/MAN/78A11/11/2023,Sikkim,Mangan,South Dikchu,27.40251944,88.51868056,4 October 2023,2023-10-04,44.13499937206507
26810,SI/MAN/78A11/2025/1,Sikkim,Mangan,Phensang Landslide,27.443199157714844,88.60870361328125,21 July 2024,2024-07-21,3.989999902434647
26814,SK- 24/2011,Sikkim,West district,Tikjuk landslide,27.29166667,88.22000122070312,24 June 2011 at 23:30 hrs.,2011-06-24,2.779999975115061
26815,SK- 25/2011,Sikkim,West district,Pelling landslide,27.28777778,88.23277778,24 June 2011 at 23:00 hrs.,2011-06-24,2.779999975115061
26816,SKM-01/2012-13,Sikkim,East Sikkim,Saketang,27.26063889,88.71438889,7 June 2012 at 4:50 hrs.,2012-06-07,8.254999864846468
26817,SKM-02/2012-13,Sikkim,East Sikkim,Chopse Slide,27.26616667,88.72697222,7 June 2012 at 4:30 hrs.,2012-06-07,8.254999864846468
26818,SKM-03/2012-13,Sikkim,East Sikkim,Dharakham Slide,27.26544444,88.72252778,7 June 2012 at 4:50 hrs.,2012-06-07,8.254999864846468
26819,SKM-04/2012-13,Sikkim,East Sikkim,Rockse Slide 1,27.37441667,88.54505556,13 July 2012,2012-07-13,15.194999639876187
26820,SKM-05/2012-13,Sikkim,East Sikkim,Rockse Slide 2,27.36977778,88.54466667,13 July 2012,2012-07-13,15.194999639876187
26821,SKM-06/2012-13,Sikkim,North Sikkim,Pegong Slide,27.59027778,88.65394444,26 June 2012,2012-06-26,0.8550000041723251
26822,SKM-07/2012-13,Sikkim,North Sikkim,Theng Slide,27.57502778,88.65402778,22 June 2012,2012-06-22,24.959999343380332
26823,SKM-08/2012-13,Sikkim,North Sikkim,Tung Slide,27.56111111,88.65452778,22 June 2012,2012-06-22,24.959999343380332
26825,SKM-10/2012-13,Sikkim,North Sikkim,Singik Slide,27.56941667,88.65272222,22 June 2012,2012-06-22,24.959999343380332
26827,SKM/78A11/2009,Sikkim,North Sikkim,,27.51444444,88.56777778,9 May 2009 at 14.00 hrs.,2009-05-09,8.369999717921019
26844,TR/GMT/79M10/2018/007,Tripura,Gomati,Taidu Police Station landslide,23.794253,91.553533,20 May 2018,2018-05-20,21.589999690651894
26866,TR/GMT/79 M09/2018/008,Tripura,Gomati,Sontang no.3 landslide,23.98033332824707,91.475278,18 May 2018,2018-05-18,23.01499990746379
243,AS/NC/83G04/2009-10/AS-6,Assam,Dima Hasao,Mahur-Wadringdisa slide,25.229556,93.15560150146484,02 April 2010,2010-04-02,18.254999574273825
521,AS/NC/83G04/2009/B-5,Assam,Dima Hasao,Phaiding Landslide,26.20261001586914,91.14527893066406,20 August 2009,2009-08-20,6.084999763406813
589,AS/UDA/83B01/2021/02,Assam,Udalguri,,26.889690399169922,92.1226577758789,28 April 2021,2021-04-28,0.7800000049173832
590,AS/UDA/83B01/2021/01,Assam,Udalguri,,26.89073944091797,92.12068176269531,28 April 2021,2021-04-28,0.7800000049173832
793,AS-01/2012-13,Assam,Kamrup,Handique Nagar slide,26.14988889,91.77394444,"1 May 2025, 2300hrs",2025-05-01,48.08999947831035
794,AS-02/2012-13,Assam,Kamrup,Lalunggaon Slide,26.10891667,91.74175262451172,"22 June 2012, 03.30hrs",2012-06-22,15.564999591559172
796,AS-04/2012-13,Assam,Kamrup,Udayanchal Slide,26.15333333,91.77711111,25 June 2012 12:30hrs,2012-06-25,85.07999835163355
797,AS-05/2012-13,Assam,Kamrup,Tilabazar Slide,26.15052778,91.72766667,"27 June 2012, 0030hrs",2012-06-27,18.874999672174454
798,AS-06/2012-13,Assam,Kamrup,Mathurangar Hillside slide,26.16405556,91.72827778,26 June 2012 06:45hrs,2012-06-26,13.984999728389084
800,AS/KAM(M)/78N16/2025/05,Assam,Kamrup,Rupnagar,26.158193,91.755807,06 June 2025,2025-06-06,3.9549999311566353
842,6986,Assam,Kamrup,Sundarpur village,25.757752,91.252285,17 July 2014,2014-07-17,0.7299999743700027
843,7077,Assam,Kamrup (Metro),708,26.23801612854004,91.945953,2 November 2025,2025-11-02,0.0
844,7115,Assam,Kamrup,lepgaon,25.872268,91.213965,23 September 2014,2014-09-23,0.07000000029802322
845,7192,Assam,Kamrup,,26.2272613,91.6922458,26 December 2008,2008-12-26,1.484999980777502
847,7194,Assam,Kamrup,,26.246980667114258,91.964383,05 July 2025,2025-07-05,14.539999787695706
848,7195,Assam,Kamrup (Metro),Nalgedra,26.11956024169922,92.052125,05 June 2025,2025-06-05,1.259999968111515
849,7196,Assam,Dima Hasao,,25.698139190673828,93.129423,05 June 2025,2025-06-05,0.0
850,7197,Assam,Dima Hasao,,25.64851188659668,93.121528,05 June 2025,2025-06-05,0.0
852,7201,Assam,West Khasi Hills,Harsanagar,25.740148,91.224044,18 July 2014,2014-07-18,2.6099998839199543
856,7241,Assam,Kamrup (Metro),Amchong tea estate,26.156633377075195,91.9385757446289,8 August 2024,2024-08-08,43.649998746812344
1218,ARN/TWG/FM/2016-17/01,Arunachal Pradesh,Tawang,Famla Slide,27.58741667,91.88694444,22 April 2016,2016-04-22,26.474999092519283
1219,ARN/TWG/FM/2016-17/02,Arunachal Pradesh,Tawang,Famla Slide,27.58741667,91.88694444,22 April 2016,2016-04-22,26.474999092519283
1220,ARN/TWG/NYD/2016-17/06,Arunachal Pradesh,Tawang,Nyungmadung Slide,27.59152778,91.88044444,23 April 2016,2016-04-23,1.0299999620765448
1241,ARN/TWNG/78M14/2016/0001,Arunachal Pradesh,Tawang,Famla Slide,27.587417,91.886944,22 April 2016,2016-04-22,26.474999092519283
1242,ARN/TWNG/78M14/2016/0002,Arunachal Pradesh,Tawang,Famla Slide,27.587417,91.886944,22 April 2016,2016-04-22,26.474999092519283
1246,ARN/TWNG/78M14/2016/0022,Arunachal Pradesh,Tawang,New Lebrang slide,27.58941650390625,91.861444,23 April 2016,2016-04-23,1.0299999620765448
1251,ARN/TWNG/78M14/2016/0004,Arunachal Pradesh,Tawang,Namet Slide,27.591388702392578,91.90249633789062,23 April 2016,2016-04-23,1.4399999491870403
1254,ARN/TWNG/78M14/2016/0008,Arunachal Pradesh,Tawang,All India Radio Colony Slide,27.591806411743164,91.865028,22 April 2016,2016-04-22,26.474999092519283
1258,ARN/TWNG/78M14/2016/0010,Arunachal Pradesh,Tawang,D.C. & S. P. Bungalows Slide,27.593139,91.873889,22 April 2016,2016-04-22,26.474999092519283
1259,ARN/TWNG/78M14/2016/0023,Arunachal Pradesh,Tawang,Changpu sinking zone,27.593361,91.879444,23 April 2016,2016-04-23,1.0299999620765448
1264,ARN/TWNG/78M14/2016/0024,Arunachal Pradesh,Tawang,SSB Colony slide,27.596639,91.878972,23 April 2016,2016-04-23,1.0299999620765448
1265,ARN/TWNG/78M14/2016/0025,Arunachal Pradesh,Tawang,Q.M. Store slide,27.596639,91.878972,23 April 2016,2016-04-23,1.0299999620765448
1771,ARA/DIB/82P15/2024/01,Arunachal Pradesh,Lower Dibang Valley,,28.38919722,95.92776111,24 April 2024,2024-04-24,8.159999871626496
2078,7386,Arunachal Pradesh,Papum Pare,Niti Vihar,27.099285125732422,93.614766,16 March 2026,2026-03-16,5.054999860003591
18354,MAN/CHAN/83L03/2007/C-10,Manipur,Chandel,Bongyang slide,24.406389236450195,94.06582641601562,7 September 2007,2007-09-07,18.844999440014362
18716,MAN/TAM/83H09/2007/C-1,Manipur,Tamenglong,Khongsong slide,24.81722068786621,93.51721954345703,16 June 2007,2007-06-16,39.80499940831214
18718,MAN/TAM/83H09/2007/C-13,Manipur,Tamenglong,Taobam landslide,24.817779541015625,93.51583099365234,10 September 2007,2007-09-10,9.449999710544944
18759,MAN/TAM/83H05/2008/C-19,Manipur,Tamenglong,Tamenglong-Khongsang road-2 slide,24.832780838012695,93.46333312988281,1 July 2008,2008-07-01,2.3124999403953552
18802,MAN/TAM/83H05/2007/C-14,Manipur,Tamenglong,Lamkaolong slide,24.848329544067383,93.45916748046875,12 September 2007,2007-09-12,0.699999988079071
18803,MAN/TAM/83H05/2008/C-17,Manipur,Tamenglong,Tamenglong - Khongsang road slide,24.848329544067383,93.45916748046875,19 June 2008,2008-06-19,1.774999925866723
18997,MAN/TAM/83H09/2007/C-2,Manipur,Tamenglong,Tamenglong slide,24.98611068725586,93.50582885742188,24 August 2007,2007-08-24,1.7949999421834946
19011,MAN/TAM/83H09/2007/C-7A,Manipur,Tamenglong,Capentry area slide,24.990829467773438,93.50582885742188,28 August 2007,2007-08-28,5.759999915957451
19012,MAN/TAM/83H09/2007/C-7B,Manipur,Tamenglong,Capentary area-2 slide,24.990829467773438,93.50582885742188,28 August 2007,2007-08-28,5.759999915957451
19016,MAN/TAM/83H05/2007/C-5,Manipur,Tamenglong,Guigailuang-2 slide,24.993059158325195,93.49749755859375,28 August 2007,2007-08-28,10.984999725595117
19019,MAN/TAM/83H09/2007/C-6,Manipur,Tamenglong,Tamenglong-2 slide,24.99694061279297,93.5022201538086,28 August 2007,2007-08-28,5.759999915957451
19515,MAN/SEN/83K03/2007/C-12,Manipur,Senapati,Shajouba landslide,25.472169876098633,94.15432739257812,09 September 2007,2007-09-09,5.614999920129776
19575,MN-33/2011,Manipur,TAMENGLONG,Gadailong slide,24.985000610351562,93.52113889,31 May 2011,2011-05-31,25.78999932575971
19576,MN-34/2011,Manipur,TAMENGLONG,Sinam Kuki SLIDE,24.79083333,93.72333333,6 July 2011,2011-07-06,5.089999817311764
19578,ML-94/2011,Manipur,Ri-Bhoi,Umsaw Khwan slide,25.67469444,91.88652778,26 June 2011,2011-06-26,8.669999837875366
19582,MN-10/2010,Manipur,Tamenglong,None slide,24.86469444,93.62116667,08 June 2010,2010-06-08,48.559999075718224
19583,MN-11/2010,Manipur,Tamenglong,Khumji slide,24.86297222,93.62397222,08 June 2010,2010-06-08,48.559999075718224
19584,MN-12/2010,Manipur,Tamenglong,Khoupum slide,24.73133333,93.92738889,28 March 2010,2010-03-28,37.664999461732805
19737,MEGH/WKH/78O04/2008/D-26,Meghalaya,West Khasi Hills,Rajai slide,25.201000213623047,91.23400115966797,12 August 2008,2008-08-12,25.269999348558486
19739,MEGH/WKH/78O04/2008/D-27,Meghalaya,West Khasi Hills,Shipur slide,25.202829360961914,91.2090835571289,10 August 2008,2008-08-10,22.624999333173037
19885,MEG/EKH/78O11/2024/03,Meghalaya,East Khasi Hills,,25.28236861,91.73874417,30 May 2024 at 02:00 AM.,2024-05-30,46.15499861165881
19895,MEG/EKH/78O15/2022/01,Meghalaya,East Khasi Hills,,25.29599952697754,91.93199920654297,04 April 2022,2022-04-04,64.08999809995294
19915,MEGH/WKH/78O07/2007/D-10,Meghalaya,West Khasi Hills,Tynnai (West) slide,25.31488037109375,91.44912719726562,19 July 2007,2007-07-19,48.494999170303345
19916,MEGH/WKH/78O07/2007/D-11,Meghalaya,West Khasi Hills,Rangjadong slide,25.31488037109375,91.33367156982422,19 July 2007,2007-07-19,40.25499910116196
19923,MEGH/WKH/78O07/2007/D-12,Meghalaya,West Khasi Hills,Tynnai East slide,25.318479537963867,91.45262145996094,19 July 2007,2007-07-19,48.494999170303345
19995,MEG/EJH/83C07/2024/02,Meghalaya,East Jaintia Hills,,25.37539167,92.431275,28 May 2024 at 4:30 AM,2024-05-28,41.74999897927046
20014,MEGH/WKH/78O07/2007/D-15,Meghalaya,West Khasi Hills,Jashiar East slide,25.388029098510742,91.46977233886719,16 June 2007,2007-06-16,86.75999812781811
20033,MEGH/WKH/78O11/2007/D-14,Meghalaya,West Khasi Hills,Jakrem East slide,25.400230407714844,91.51589965820312,16 June 2007,2007-06-16,104.06999789178371
20035,MEGH/WKH/78O07/2007/D-4,Meghalaya,West Khasi Hills,Mawthawiang slide,25.40130043029785,91.45854949951172,18 August 2007,2007-08-18,5.8399998396635056
20037,MEGH/WKH/78O07/2007/D-5,Meghalaya,West Khasi Hills,Umjarain East slide,25.40546989440918,91.53711700439453,18 August 2007,2007-08-18,6.564999763853848
20047,MEGH/WKH/78O07/2007/D-3,Meghalaya,West Khasi Hills,Laitlawsnai slide,25.424999237060547,91.40499877929688,18 August 2007,2007-08-18,5.8399998396635056
20064,MEGH/WKH/78O07/2007/D-13,Meghalaya,West Khasi Hills,Mawpon slide,25.444650650024414,91.34622192382812,17 July 2007,2007-07-17,134.89999695122242
20096,MEGH/WKH/78O06/2007/D-8,Meghalaya,West Khasi Hills,Nongjyllieh slide,25.50334930419922,91.2833480834961,25 July 2007,2007-07-25,176.3099947432056
20097,MEG/EKH/78O10/2021/04,Meghalaya,East Khasi Hills,,25.50368056,91.72342222,19 July 2007,2007-07-19,64.16499911807477
20099,MEGH/WKH/78O06/2007/D-9,Meghalaya,West Khasi Hills,Nongjyllieh-2 slide,25.506669998168945,91.2831802368164,19 July 2007,2007-07-19,20.49999962747097
20108,MEGH/WGH/78K02/2007/D-19,Meghalaya,West Garo Hills,Tura town (Rishipara) slide,25.51028060913086,90.21678161621094,27 July 2007,2007-07-27,79.05499823391438
20204,MEGH/EKH/78O14/2007/D-17,Meghalaya,East Khasi Hills,Nongrimbah slide,25.566669464111328,91.90193939208984,08 September 2007,2007-09-08,130.6699974387884
20376,MEGH/WKH/78O02/2007/D-1,Meghalaya,West Khasi Hills,Nongjri (Porthangjah) slide,25.686250686645508,91.118358,15 September 2007,2007-09-15,6.834999889135361
20390,MEGH/WKH/78O02/2007/D-2,Meghalaya,West Khasi Hills,Tynrong Mawsaw slide,25.6948299407959,91.11836242675781,15 September 2007,2007-09-15,6.834999889135361
20486,3344,Meghalaya,West Jaintia Hills,,25.47704743,92.16831285,25 May 2020,2020-05-25,52.56499927304685
20487,3348,Meghalaya,West Jaintia Hills,,25.46307925,92.25426106,26 May 2020,2020-05-26,220.63999721221626
20488,3215,Meghalaya,East Khasi Hills,,25.5667327,91.9146185,04 October 2024,2024-10-04,20.10499945282936
20489,3351,Meghalaya,West Jaintia Hills,,25.28422636,92.11294194,26 June 2020,2020-06-26,154.28499715495855
20490,3345,Meghalaya,West Jaintia Hills,,25.2842285,92.11314877,26 May 2020,2020-05-26,120.45999820157886
20511,ML-1/2010,Meghalaya,East Khasi Hills,Wall collase of mosque,25.57711111,91.88141667,27 August 2010,2010-08-27,28.029999527148902
20512,ML-2/2010,Meghalaya,East Khasi Hills,Meghalaya Police's C.I.D Quarters,25.56183333,91.86855556,28 June 2010,2010-06-28,60.744998938404024
20513,ML-3/2010,Meghalaya,East Khasi Hills,Lumsohra,25.57188889,91.90127778,28 June 2010,2010-06-28,58.90499868430197
20514,ML-4/2010,Meghalaya,East Khasi Hills,CathedralChurch,25.56852778,91.89219444,28 June 2010,2010-06-28,60.744998938404024
20517,ML-6/2010,Meghalaya,Jaintia Hills,Tongseng Landslide,25.13561111,92.38050079345703,22 April 2010,2010-04-22,116.06999864988029
20518,ML-7/2010,Meghalaya,Jaintia Hills,Tongseng Landslide,25.13486111,92.38200378417969,22 April 2010,2010-04-22,116.06999864988029
20519,ML-8/2010,Meghalaya,Jaintia Hills,Sonapur,25.12383333,92.38519444,22 April 2010,2010-04-22,116.06999864988029
20520,ML-9/2010,Meghalaya,Jaintia Hills,Kulyng Slide,25.07533333,92.36341667,22 April 2010,2010-04-22,99.29999758675694
20521,ML-10/2010,Meghalaya,Jaintia Hills,Umkiang Slide,25.05108333,92.40219444,22 April 2010,2010-04-22,73.92499759048223
20522,ML-11/2010,Meghalaya,Jaintia Hills,Dona Slide,25.04305556,92.42041667,22 April 2010,2010-04-22,73.92499759048223
20523,ML-12/2010,Meghalaya,Jaintia Hills,Ratachera Slide,25.04222222,92.44127778,22 April 2010,2010-04-22,73.92499759048223
20524,ML-01/2012-13,Meghalaya,West Khasi Hills,Pynden Shallang slide,25.36497222,91.02411111,01 May 2012 at 3 AM,2012-05-01,17.721999280154705
20534,ML-11/2012-13,Meghalaya,Ri-Bhoi,19th Mile slide,26.00361111,92.86361111,26 July 2012 at 5AM,2012-07-26,62.04499900341034
20535,ML-13/2012-13,Meghalaya,West Khasi Hills,Porsohsat slide,25.53086111,91.29780556,21 August 2012 at 10:30am,2012-08-21,76.86999797075987
20538,ML- 94/2011,Meghalaya,Ri-Bhoi,Umsaw Khwan slide,25.67469444,91.88652778,26 June 2011,2011-06-26,8.669999837875366
20593,ME/EWK/2025/1,Meghalaya,Eastern-West Khasi Hill,Kynshi,25.55256111,91.61870278,28 June 2024,2024-06-28,8.164999835193157
22157,MIZO/AIZ/84A10/2007/E-4,Mizoram,Aizawl,Ramhlun Vengther slide,23.74416732788086,92.730472,2 September and 8 September 2007,2007-09-08,119.98499785363674
22177,MIZO/AIZ/84A10/2007/E-3,Mizoram,Aizawl,Bawng Venglai slide,23.751693725585938,92.731528,8 September 2007,2007-09-08,119.98499785363674
22907,MIZ/AZL/2022/39,Mizoram,Hnahthial,"Shalom Vengthar, Bawngkawn",22.91452778,92.89333333,14 November 2022,2022-11-14,0.0
22919,MIZ/AZL/2022/51,Mizoram,Aizawl,Hualngohmun to Samtlang road,23.70827778,92.71711111,"23 July 2022, October 2022",2022-07-23,40.34999920800328
22921,MIZ/AZL/2022/53,Mizoram,Aizawl,"Tuikual N, D Mual",23.73053889,92.716019,22 June 2018,2018-06-22,2.204999938607216
22948,MIZ/AZL/2023/80,Mizoram,Aizawl,Melriat,23.59944444,92.72019444,"9 June 2023, 2020, 2021, 2022",2023-06-09,119.34499780740589
22949,MIZ/AZL/2023/81,Mizoram,Aizawl,Aizawl-Thenzawl-Lunglei Highway,23.51980556,92.70066667,13 August 2023,2023-08-13,0.8249999731779099
22953,MIZ/AZL/2023/85,Mizoram,Aizawl,Sakawrdai to Zohmun road,24.27138889,92.95999908447266,24 July 2023,2023-07-24,36.59499894827604
22970,MIZ/AZL/2023/102,Mizoram,Aizawl,,24.18561111,92.94536111,15 August 2013,2013-08-15,43.00499858148396
22994,MIZ/AZL/2023/126,Mizoram,Aizawl,,23.86638889,92.88138889,"2 October 2022, September 2023",2022-10-02,35.904999170452356
23010,MIZ/AZL/2023/142,Mizoram,Aizawl,,23.57166667,92.71083333,9 June 2023,2023-06-09,119.34499780740589
23011,MIZ/AZL/2023/143,Mizoram,Aizawl,,23.58388889,92.71722222,8 August 2023,2023-08-08,39.10499892011285
23012,MIZ/AZL/2023/144,Mizoram,Aizawl,,23.58591667,92.71777778,25 July 2023,2023-07-25,12.329999477602541
23013,MIZ/AZL/2023/145,Mizoram,Aizawl,,23.55944444,92.70833333,06 July 2023,2023-07-06,0.05999999865889549
23014,MIZ/AZL/2023/146,Mizoram,Aizawl,,23.54380556,92.70136111,06 August 2023,2023-08-06,133.08499786257744
23015,MIZ/AZL/2023/147,Mizoram,Aizawl,,23.54027778,92.70138889,06 August 2023,2023-08-06,133.08499786257744
23016,MIZ/AZL/2023/148,Mizoram,Aizawl,,23.53986111,92.70063889,06 August 2023,2023-08-06,133.08499786257744
23017,MIZ/AZL/2023/149,Mizoram,Aizawl,,23.53499984741211,92.69694444,28 July 2023,2023-07-28,1.5399999655783176
23018,MIZ/AZL/2023/150,Mizoram,Aizawl,,23.53333333,92.69722222,2 August 2023,2023-08-02,34.97999926190823
23019,MIZ/AZL/2023/151,Mizoram,Aizawl,,23.52972222,92.69611111,3 August 2023,2023-08-03,9.719999764114618
23020,MIZ/AZL/2023/152,Mizoram,Aizawl,,23.49991667,92.70136111,2 June 2023,2023-06-02,0.14999999850988388
23021,MIZ/AZL/2023/153,Mizoram,Aizawl,,23.5,92.70111111,09 August 2023,2023-08-09,5.559999857097864
23023,MIZ/AZL/2023/155,Mizoram,Aizawl,,23.78138889,92.67638889,25 October 2023,2023-10-25,0.16499999165534973
23024,MIZ/KOL/2023/156,Mizoram,Kolasib,,23.93194444,92.65222222,"17 September 2023, 2019, 2018",2023-09-17,24.364999424666166
23025,MIZ/KOL/2023/157,Mizoram,Kolasib,,23.93027778,92.65249633789062,17 September 2023,2023-09-17,24.364999424666166
23026,MIZ/KOL/2023/158,Mizoram,Kolasib,,23.05805556,92.67583333,12 August 2023,2023-08-12,10.034999877214432
23027,MIZ/KOL/2023/159,Mizoram,Kolasib,,23.047500610351562,92.67166667,"12 September 2023, 2016. 2019",2023-09-12,37.2799993082881
23028,MIZ/KOL/2023/160,Mizoram,Kolasib,,23.05222222,92.67027778,12 September 2023,2023-09-12,37.2799993082881
23030,MIZ/KOL/2023/162,Mizoram,Kolasib,,23.03016667,92.67336111,12 September 2023,2023-09-12,37.2799993082881
23031,MIZ/KOL/2023/163,Mizoram,Kolasib,,23.02280556,92.67255556,17 September 2023,2023-09-17,50.70999872125685
23032,MIZ/KOL/2023/164,Mizoram,Kolasib,,23.00638889,92.67691667,23 July 2023,2023-07-23,9.839999774470925
23037,MIZ/KOL/2023/169,Mizoram,Kolasib,,23.91777778,92.73805556,27 September 2023,2023-09-27,6.804999828338623
23038,MIZ/KOL/2023/170,Mizoram,Kolasib,,23.89638889,92.73638889,27 September 2023,2023-09-27,2.959999866783619
23095,MIZ/AZL/2024/227,Mizoram,Aizawl,,23.73305556,92.75,22 July 2024,2024-07-22,9.439999759197235
23099,MIZ/AZL/2024/231,Mizoram,Aizawl,,23.74916667,92.73750305175781,30 June 2024,2024-06-30,84.88999870419502
23105,MIZ/AZL/2024/237,Mizoram,Aizawl,,23.76388889,92.73388889,26 September 2024,2024-09-26,4.5999998757615685
23109,MIZ/AZL/2024/241,Mizoram,Aizawl,,23.73888889,92.71472222,21 August 2024,2024-08-21,38.859999446198344
23117,MIZ/AZL/2024/249,Mizoram,Aizawl,,23.74194444,92.71305556,21 August 2024,2024-08-21,38.859999446198344
23118,MIZ/AZL/2024/250,Mizoram,Aizawl,,23.74388889,92.71222222,20 July 2024,2024-07-20,38.23999936878681
23129,MIZ/AZL/2024/262,Mizoram,Aizawl,,23.69777778,92.71944444,20 September 2024,2024-09-20,1.1449999511241913
23130,MIZ/AZL/2024/263,Mizoram,Aizawl,,23.69972222,92.71749877929688,20 June 2024,2024-06-20,0.6999999582767487
23140,MIZ/AZL/2024/273,Mizoram,Aizawl,,23.69361111,92.72250366210938,28 June 2024,2024-06-28,1.4849999248981476
23172,MIZ/AZL/2024/307,Mizoram,Aizawl,,23.58694444,92.81749725341797,25 August 2024,2024-08-25,13.479999780654907
23210,MIZ/AZL/2024/345,Mizoram,Aizawl,,23.61583333,92.79111111,23 September 2023,2023-09-23,1.694999948143959
23215,MIZ/AZL/2024/351,Mizoram,Aizawl,,23.62361111,92.78888889,28 August 2024,2024-08-28,4.404999913647771
23222,MIZ/AZL/2024/358,Mizoram,Aizawl,,23.60111111,92.75888889,26 May 2024,2024-05-26,68.75999888032675
23251,MIZ/AZL/2024/387,Mizoram,Aizawl,,23.5625,92.70777778,25 August 2024,2024-08-25,9.259999834001064
23252,MIZ/AZL/2024/388,Mizoram,Aizawl,,23.56555556,92.7074966430664,19 July 2024,2024-07-19,5.914999817498028
23265,MIZ/AZL/2024/402,Mizoram,Aizawl,,23.53805556,92.71861111,29 May 2024,2024-05-29,2.8349999878555536
23295,MIZ/AZL/2024/432,Mizoram,Aizawl,,23.51944444,92.70055556,25 September 2024,2024-09-25,74.08499703649431
23334,MIZ/AZL/2024/472,Mizoram,Aizawl,,23.54166667,92.66472222,12 August 2023,2023-08-12,2.3099999567493796
23348,MIZ/AZL/2024/486,Mizoram,Aizawl,,23.52694444,92.65444444,20 September 2024,2024-09-20,1.4249999793246388
23350,MIZ/AZL/2024/488,Mizoram,Aizawl,,23.52583333,92.63861111,2 June 2024,2024-06-02,0.0
23430,MIZ/AZL/2024/570,Mizoram,Aizawl,,23.66194444,92.85416667,12 November 2024,2024-11-12,0.0
23472,MIZ/AZL/2024/612,Mizoram,Aizawl,,23.73027778,92.76861111,28 August 2024,2024-08-28,1.0699999760836363
23488,MIZ/AZL/2024/628,Mizoram,Aizawl,,23.71111111,92.87861111,28 June 2024,2024-06-28,1.3649999648332596
23489,MIZ/AZL/2024/629,Mizoram,Aizawl,,23.70333333,92.87638889,18 July 2024,2024-07-18,1.040000006556511
23494,MIZ/AZL/2024/634,Mizoram,Aizawl,,23.73361111,92.84833333,7 June 2024,2024-06-07,17.059999346733093
23495,MIZ/AZL/2024/635,Mizoram,Aizawl,,23.73361111,92.85305556,28 August 2024,2024-08-28,0.7799999685958028
23499,MIZ/AZL/2024/639,Mizoram,Aizawl,,23.74416667,92.85555556,25 September 2024,2024-09-25,49.264998868107796
23500,MIZ/AZL/2024/640,Mizoram,Aizawl,,23.74361111,92.85416667,25 September 2024,2024-09-25,49.264998868107796
23506,MIZ/AZL/2024/646,Mizoram,Aizawl,,23.77400016784668,92.8479995727539,28 June 2024,2024-06-28,1.3649999648332596
23509,MIZ/AZL/2024/649,Mizoram,Aizawl,,23.77166667,92.84805556,23 July 2023,2023-07-23,66.93499921262264
23522,MIZ/AZL/2024/662,Mizoram,Aizawl,,23.85194444,92.83305556,25 September 2024,2024-09-25,46.08999885991216
23525,MIZ/AZL/2024/665,Mizoram,Aizawl,,23.87777778,92.84083333,25 September 2024,2024-09-25,46.08999885991216
23530,MIZ/AZL/2024/670,Mizoram,Aizawl,,23.88361111,92.85305556,17 August 2024,2024-08-17,30.469999585300684
23531,MIZ/AZL/2024/671,Mizoram,Aizawl,,23.88527778,92.85749816894531,25 September 2024,2024-09-25,46.08999885991216
23534,MIZ/AZL/2024/706,Mizoram,Aizawl,,24.05808333,93.49808333,7 October 2024,2024-10-07,9.589999854564667
23535,MIZ/AZL/2024/707,Mizoram,Aizawl,,24.04531667,93.49220278,7 October 2024,2024-10-07,9.589999854564667
23536,MIZ/AZL/2024/708,Mizoram,Aizawl,,24.090024948120117,93.54191667,7 October 2024,2024-10-07,25.32999938726425
23539,MIZ/AZL/2024/711,Mizoram,Aizawl,,24.12715278,93.53351389,7 October 2024,2024-10-07,23.809999495744705
23564,MIZ/KOL/2024/736,Mizoram,Kolasib,,24.450124740600586,93.35963889,8 August 2024,2024-08-08,15.189999803900719
23566,MIZ/KOL/2024/738,Mizoram,Kolasib,,24.54263333,93.39741944,18 August 2024,2024-08-18,56.30499857664108
23567,MIZ/KOL/2024/739,Mizoram,Kolasib,,24.60002222,93.37166389,21 October 2024,2024-10-21,0.02499999850988388
23568,MIZ/KOL/2024/740,Mizoram,Kolasib,,24.60067222,93.37223056,21 October 2024,2024-10-21,0.019999999552965164
23573,MIZ/KOL/2024/745,Mizoram,Kolasib,,24.73838889,93.30909722,18 August 2024,2024-08-18,63.659998811781406
23575,MIZ/KOL/2024/747,Mizoram,Kolasib,,24.716224670410156,93.32551389,18 August 2024,2024-08-18,63.659998811781406
23577,MIZ/KOL/2024/749,Mizoram,Kolasib,,24.60719444,93.46784722,19 August 2024,2024-08-19,15.184999588876963
23578,MIZ/KOL/2024/750,Mizoram,Kolasib,,24.60853333,93.41668333,18 August 2024,2024-08-18,46.75999873876572
23581,MIZ/AZL/2024/753,Mizoram,Aizawl,,23.10851389,93.20974731445312,28 June 2024,2024-06-28,3.929999887943268
23597,MIZ/AZL/2024/769,Mizoram,Aizawl,,23.25986389,93.16155278,28 October 2024,2024-10-28,0.0
23598,MIZ/AZL/2024/770,Mizoram,Aizawl,,23.25828611,93.15288333,28 November 2024,2024-11-28,0.5599999753758311
23599,MIZ/AZL/2024/771,Mizoram,Aizawl,,23.26126111,93.15070556,28 November 2024,2024-11-28,0.5599999753758311
23612,MIZ/KOL/2024/784,Mizoram,Kolasib,,23.56332778,93.10553333,22 October 2024,2024-10-22,2.444999948143959
23622,MIZ/KOL/2024/794,Mizoram,Kolasib,,23.535600662231445,93.10656944,13 September 2024,2024-09-13,11.93999957293272
23623,MIZ/AZL/2024/795,Mizoram,Aizawl,,23.34297778,93.057775,13 September 2024,2024-09-13,9.459999803453684
23626,MIZ/KOL/2024/798,Mizoram,Kolasib,,23.36556111,93.05125278,9 July 2024,2024-07-09,6.839999780058861
23627,MIZ/KOL/2024/799,Mizoram,Kolasib,,23.36966389,93.04609444,9 July 2024,2024-07-09,6.839999780058861
23629,MIZ/KOL/2024/801,Mizoram,Kolasib,,23.03821667,93.12529444,17 September 2024,2024-09-17,0.0
23632,MIZ/KOL/2024/804,Mizoram,Kolasib,,24.55205833,93.25569167,9 July 2024,2024-07-09,5.7649998581036925
23637,MIZ/KOL/2024/809,Mizoram,Kolasib,,24.599425,93.30004722,24 August 2024,2024-08-24,8.804999805986881
23657,MIZ/KOL/2024/830,Mizoram,Kolasib,,23.631219,93.118033,15 August 2024,2024-08-15,35.13999892771244
23660,MIZ/KOL/2024/834,Mizoram,Kolasib,,23.62418333,93.14208611,15 August 2024,2024-08-15,35.13999892771244
23662,MIZ/KOL/2024/836,Mizoram,Kolasib,,23.56672222,93.13764444,9 July 2024,2024-07-09,12.264999814331532
23664,MIZ/KOL/2024/838,Mizoram,Kolasib,,24.56771111,93.14291667,9 July 2024,2024-07-09,26.184999212622643
23665,MIZ/KOL/2024/839,Mizoram,Kolasib,,24.57467222,93.14389722,9 July 2024,2024-07-09,26.184999212622643
23666,MIZ/KOL/2024/840,Mizoram,Kolasib,,24.57470833,93.13897222,9 July 2024,2024-07-09,26.184999212622643
23669,MIZ/KOL/2024/843,Mizoram,Kolasib,,24.56060028076172,93.13071389,7 July 2024,2024-07-07,14.589999720454216
23670,MIZ/KOL/2024/844,Mizoram,Kolasib,,24.55987778,93.12541667,7 July 2024,2024-07-07,14.589999720454216
23673,MIZ/KOL/2024/847,Mizoram,Kolasib,,24.10710778,93.11535444,7 July 2024,2024-07-07,27.029999565333128
23679,MIZ/AZL/2024/853,Mizoram,Aizawl,,23.24231111,93.17726667,17 July 2024,2024-07-17,12.869999633170664
23681,MIZ/AZL/2024/855,Mizoram,Aizawl,,23.24454722,93.17027222,19 July 2024,2024-07-19,0.41999999433755875
23684,MIZ/KOL/2024/858,Mizoram,Kolasib,,23.49216111,93.23695373535156,17 July 2024,2024-07-17,22.764999446459115
23685,MIZ/KOL/2024/859,Mizoram,Kolasib,,23.504575,93.23805236816406,17 July 2024,2024-07-17,23.164999529719353
23686,MIZ/KOL/2024/860,Mizoram,Kolasib,,24.15364444,93.02183611,7 June 2024,2024-06-07,6.049999835900962
23691,MIZ/KOL/2024/865,Mizoram,Kolasib,,24.40520278,93.06672222,9 July 2024,2024-07-09,13.084999687969685
23693,MIZ/KOL/2024/867,Mizoram,Kolasib,,24.44347778,93.15817778,7 July 2024,2024-07-07,11.94999967329204
23695,MIZ/KOL/2024/869,Mizoram,Kolasib,,24.44857778,93.15738611,7 July 2024,2024-07-07,11.94999967329204
23699,MIZ/KOL/2024/873,Mizoram,Kolasib,,24.65409167,93.204625,17 July 2024,2024-07-17,4.509999863803387
23700,MIZ/KOL/2024/874,Mizoram,Kolasib,,24.65018056,93.20256667,17 July 2024,2024-07-17,4.509999863803387
23701,MIZ/KOL/2024/875,Mizoram,Kolasib,,24.627300262451172,93.20404444,17 July 2024,2024-07-17,4.509999863803387
23702,MIZ/KOL/2024/876,Mizoram,Kolasib,,24.62604722,93.22583889,12 June 2024,2024-06-12,10.909999951720238
23704,MIZ/KOL/2024/878,Mizoram,Kolasib,,24.57747459411621,93.19104766845703,22 October 2024,2024-10-22,3.8399998983368278
23705,MIZ/KOL/2024/879,Mizoram,Kolasib,,24.56062778,93.18938889,7 July 2024,2024-07-07,14.589999720454216
23706,MIZ/KOL/2024/880,Mizoram,Kolasib,,24.57159996032715,93.17273056,12 June 2024,2024-06-12,9.569999743252993
23708,MIZ/KOL/2024/882,Mizoram,Kolasib,,24.57296389,93.17700556,7 July 2024,2024-07-07,14.589999720454216
23709,MIZ/KOL/2024/883,Mizoram,Kolasib,,24.576799392700195,93.106075,12 June 2024,2024-06-12,9.569999743252993
23976,MZ-31/2011,Mizoram,Aizawl,Naizawl rock fall,23.70213889,92.71822222,22 May 2011,2011-05-22,0.6499999882653356
24466,NAG/KOH/83K02/2008/F-3A,Nagaland,Kohima,PR Hills slide,25.660829544067383,94.102783203125,02 August 2008,2008-08-02,16.969999571330845
24491,NAG/KOH/83K02/2008/F-3B,Nagaland,Kohima,Officer Hill/ Naga Hospital Colony slide,25.666669845581055,94.1097183227539,12 August 2007,2007-08-12,7.58499988541007
24516,NAG/KOH/83K02/2008/F-4(A),Nagaland,Kohima,New Market slide,25.669170379638672,94.10722351074219,16 August 2008,2008-08-16,1.6899999752640724
24950,NAG/KIPH/83K13/2009/F-8,Nagaland,Tuensang,Mission compound slide,25.886669158935547,94.78639221191406,21 June 2009,2009-06-21,25.609999671578407
24968,NAG/KIPH/83K13/2009/F-7,Nagaland,Tuensang,Kesunisiki slide,25.899999618530273,94.78916931152344,21 June 2009,2009-06-21,25.609999671578407
25211,NL/WKH/83J04/2021/01,Nagaland,Wokha,E-Khel slide,26.10694722,94.25328889,18 September 2021,2021-09-18,4.564999933354557
25487,NAG/TUE/83J15/2009/F-14,Nagaland,Tuensang,Ajang (Bhumbak Village),26.34416961669922,94.83332824707031,20 June 2009,2009-06-20,48.75999940931797
25490,NAG/TUE/83J15/2009/F-13,Nagaland,Tuensang,Ajang (Bhumbak Village),26.360830307006836,94.83999633789062,04 June 2009,2009-06-04,4.169999958015978
25499,NAG/TUE/83J15/2009/F-12,Nagaland,Tuensang,Washomung (Bhumbak Village) slide,26.37639045715332,94.84056091308594,20 June 2009,2009-06-20,48.75999940931797
25505,NAG/TUE/83J15/2009/F-10,Nagaland,Tuensang,Yangpi Village slide,26.387779235839844,94.8258285522461,27 July 2009,2009-07-27,4.179999947547913
25506,NAG/TUE/83J15/2009/F-11,Nagaland,Tuensang,Noksen-Tuengsang road slide,26.387779235839844,94.8258285522461,20 August 2009,2009-08-20,27.19999942369759
25781,3211,Nagaland,Chumoukedima,,25.7802266,93.93616485595703,03 September 2024,2024-09-03,54.15999951586127
25782,3212,Nagaland,Chumoukedima,,25.7746019,93.9148756,03 September 2024,2024-09-03,54.15999951586127
25784,3310,Nagaland,Tseminyu,,25.8816564,94.1902346,19 January 2025,2025-01-19,0.0
25785,3380,Nagaland,Mokokchung,,26.4231373,94.3822611,07 July 2025,2025-07-07,11.449999772012234
25786,3375,Nagaland,Kohima,,25.623067,94.114196,07 July 2025,2025-07-07,28.80999946501106
25787,3379,Nagaland,Mokokchung,,26.4527822,94.375268,08 July 2025,2025-07-08,7.909999810159206
25788,3381,Nagaland,Mokokchung,,26.4219453,94.3854377,07 July 2025,2025-07-07,11.449999772012234
25789,3382,Nagaland,Mokokchung,,26.4242282,94.3924136,05 July 2025,2025-07-05,17.404999647289515
25790,3383,Nagaland,Mokokchung,,26.42608070373535,94.398916,07 July 2025,2025-07-07,11.449999772012234
25970,NL-01/2012-13,Nagaland,Tuensang,Police line slide,26.22633333,94.81302778,22 June 2012 at 20:30 Hrs.,2012-06-22,81.68999805022031
25971,NL-02/2012-13,Nagaland,Tuensang,Jail colony slide,26.22480556,94.81236111,03 July 2012 at 14:00 hrs.,2012-07-03,15.784999545663595
25972,NL-03/2012-13,Nagaland,Tuensang,Hakchang slide,26.26336111,94.81563889,30 June 2012 at 22:30 Hrs.,2012-06-30,17.929999466985464
25973,NL-04/2012-13,Nagaland,Tuensang,Kuthur Slide,26.18302778,94.81619444,25 May 2012 at 05:00 Hrs.,2012-05-25,0.14999999478459358
25975,NL-06/2012-13,Nagaland,Kohima,KMC slide,25.68002778,94.07266667,29 July 2012 at 06:00 Hrs.,2012-07-29,3.614999882876873
25976,NL-07/2012-13,Nagaland,Kohima,D-Block colony slide,25.67005556,94.11299896240234,31 July 2012 at 23:00 Hrs.,2012-07-31,3.754999900236726
25977,NL-08/2012-13,Nagaland,Kohima,Chakhabama slide (A),25.68436111,94.20497222,06 August 2012 at 22:00 Hrs.,2012-08-06,33.92999925184995
25978,NL-09/2012-13,Nagaland,Kohima,Chakhabama slide (B),25.68133333,94.20877778,07 August 2012 at 05:30 Hrs.,2012-08-07,21.21999949682504
25979,NL-10/2012-13,Nagaland,Kohima,Chakhabama Slide (C),25.67275047302246,94.21136111,08 August 2012 at 06:00 Hrs.,2012-08-08,2.019999958574772
25980,NL-11/2012-13,Nagaland,Phek,Chakhabama slide (D),25.66666667,94.19602778,07 August 2012 at 05:30 Hrs.,2012-08-07,19.734999504871666
26850,TRI/TRI-W/79M05/2009/G-1,Tripura,West Tripura,Kayerpur Landslide,23.854169845581055,91.34361267089844,10 July 2009,2009-07-10,1.1749999225139618
26897,TR-3/09-10,Tripura,Dhalai,Datarampara slide,23.899999618530273,91.75622222,3 June 2010,2010-06-03,55.159998312592506
20633,7244,Meghalaya,Eastern-West Khasi Hill,Nongkhlaw-Tirotsing 1,25.69150833,91.64160833,29 May 2025,2025-05-29,81.8449984267354
20635,ME/EWK/2026/43,Meghalaya,Eastern-West Khasi Hill,,25.69688611,91.64176667,25 June 2025,2025-06-25,21.98999983072281
20636,ME/EWK/2026/44,Meghalaya,Eastern-West Khasi Hill,Nongkhlaw-Tirotsing 3,25.70087778,91.642902,08 October 2024,2024-10-08,0.4100000001490116
20637,ME/EWK/2026/45,Meghalaya,Eastern-West Khasi Hill,Nongkhlaw-Tirotsing 4,25.69866667,91.64517222,06 August 2024,2024-08-06,8.954999715089798
20638,7245,Meghalaya,Eastern-West Khasi Hill,,25.69683611,91.64485556,06 August 2024,2024-08-06,8.954999715089798
20641,ME/EWK/2026/49,Meghalaya,Eastern-West Khasi Hill,,25.68698889,91.64812222,28 May 2025,2025-05-28,21.644999712705612
20642,ME/EWK/2026/50,Meghalaya,Eastern-West Khasi Hill,,25.68690556,91.64915278,28 May 2025,2025-05-28,21.644999712705612
20646,ME/EWK/2026/54,Meghalaya,Eastern-West Khasi Hill,,25.68822222,91.66746111,11 June 2025,2025-06-11,18.15499946475029
20648,7249,Meghalaya,Eastern-West Khasi Hill,Umniangriang,25.733262,91.675754,11 June 2025,2025-06-11,59.999999328516424
20649,7250,Meghalaya,Eastern-West Khasi Hill,Boulder Stone Quarry Site,25.762051,91.658959,29 May 2024,2024-05-29,15.934999708086252
20650,ME/EWK/2026/58,Meghalaya,Eastern-West Khasi Hill,Mawpat,25.77093505859375,91.656497,29 May 2024,2024-05-29,15.934999708086252
20651,7251,Meghalaya,Eastern-West Khasi Hill,Madpan,25.791616439819336,91.658242,29 May 2024,2024-05-29,15.934999708086252
20652,ME/EWK/2026/60,Meghalaya,Eastern-West Khasi Hill,,25.803983688354492,91.659801,28 August 2024,2024-08-28,2.1299999402835965
19658,MEG/EJH/83CO8/2018/01,Meghalaya,East Jaintia Hills,Sonapur 4km mile stone,25.091779708862305,92.35469055175781,07 May 2018,2018-05-07,13.575000118464231
20619,4700,Meghalaya,Ri-Bhoi,Umiam,25.67546111,91.89726944,30 June 2024,2024-06-30,190.39499678462744
20624,ME/RIB/2026/32,Meghalaya,Ri-Bhoi,Umbang 1,25.68255833,91.90111389,30 June 2024,2024-06-30,184.02499498054385
20625,7236,Meghalaya,Ri-Bhoi,Umbang 2,25.68591944,91.90256667,30 June 2024,2024-06-30,184.02499498054385
20628,7240,Meghalaya,Ri-Bhoi,Umsamlan 1,25.79744444,91.87408611,14 June 2024,2024-06-14,33.07999900728464
20629,ME/RIB/2026/37,Meghalaya,Ri-Bhoi,Umsamlan 2,25.80725833,91.87509444,14 July 2024,2024-07-14,4.729999832808971
25911,NL/KOH/83K02/2024/003,Nagaland,Kohima,,25.520360946655273,94.1311201,01 June 2024,2024-06-01,15.714999556541443
25912,NL/KOH/83K02/2024/004,Nagaland,Kohima,,25.52164077758789,94.13426208496094,01 June 2024,2024-06-01,15.714999556541443
25914,NL/KOH/83K02/2024/006,Nagaland,Kohima,,25.525094,94.135798,01 June 2024,2024-06-01,15.714999556541443
25915,NL/KOH/83K02/2024/007,Nagaland,Kohima,,25.538421630859375,94.136039,01 June 2024,2024-06-01,15.714999556541443
25916,NL/KOH/83K02/2024/008,Nagaland,Kohima,,25.565099716186523,94.1390034,01 June 2024,2024-06-01,15.714999556541443
25917,NL/KOH/83K02/2024/009,Nagaland,Kohima,,25.6032619,94.1122188,01 June 2024,2024-06-01,10.949999988079071
25918,NL/KOH/83K02/2024/010,Nagaland,Kohima,,25.621540069580078,94.11219787597656,01 June 2024,2024-06-01,10.949999988079071
25919,NL/KOH/83K02/2024/011,Nagaland,Kohima,,25.6291966,94.10176849365234,01 June 2024,2024-06-01,10.949999988079071
25920,NL/KOH/83K02/2024/012,Nagaland,Kohima,,25.638700485229492,94.10978698730469,01 June 2024,2024-06-01,10.949999988079071
25921,NL/KOH/83K02/2024/013,Nagaland,Kohima,,25.648759,94.10616302490234,01 June 2024,2024-06-01,10.949999988079071
23721,MIZ/AZL/84A09/2025/009,Mizoram,Aizawl,,23.750240325927734,92.736662,01 June 2025,2025-06-01,88.86499789077789
23724,MIZ/AZL/84A10/2025/012,Mizoram,Aizawl,,23.74580192565918,92.717053,01 June 2025,2025-06-01,88.86499789077789
23727,MIZ/AZL/84A11/2025/015,Mizoram,Aizawl,,23.469247,92.744068,01 June 2025,2025-06-01,114.67499618045986
23740,MIZ/SER/84A12/2025/028,Mizoram,Serchhip,,23.239137,92.744468,01 June 2025,2025-06-01,130.09999661054462
23760,MIZ/LUNG/84A12/2025/048,Mizoram,Lunglei,,23.114694,92.743931,01 June 2025,2025-06-01,124.09999714419246
23773,MIZ/SIA/84F03/2025/061,Mizoram,Siaha,,22.469737,93.100868,01 June 2025,2025-06-01,69.16999852284789
23784,MIZ/LUNG/84B13/2025/072,Mizoram,Lunglei,,22.866131,92.772713,01 June 2025,2025-06-01,100.33499818015844
23785,MIZ/LUNG/84B13/2025/073,Mizoram,Lunglei,,22.903567,92.758702,01 June 2025,2025-06-01,127.95999762881547
23786,MIZ/LUNG/84B13/2025/074,Mizoram,Lunglei,,22.903453826904297,92.760096,01 June 2025,2025-06-01,127.95999762881547
23787,MIZ/LUNG/84B13/2025/075,Mizoram,Lunglei,,22.90461540222168,92.75704956054688,01 June 2025,2025-06-01,127.95999762881547
23788,MIZ/LUNG/84B13/2025/076,Mizoram,Lunglei,,22.922528,92.752404,01 June 2025,2025-06-01,127.95999762881547
23799,MIZ/HNAH/84A16/2025/087,Mizoram,Hnahthial,,23.170678,92.899334,01 June 2025,2025-06-01,123.77499799616635
23800,MIZ/SER/84A16/2025/088,Mizoram,Serchhip,,23.180345,92.900082,01 June 2025,2025-06-01,123.77499799616635
23801,MIZ/SER/84A16/2025/089,Mizoram,Serchhip,,23.187383,92.89826202392578,01 June 2025,2025-06-01,123.77499799616635
23802,MIZ/SER/84A16/2025/090,Mizoram,Serchhip,,23.187762,92.898034,01 June 2025,2025-06-01,123.77499799616635
23836,MIZ/SER/84A15/2025/124,Mizoram,Serchhip,,23.307092666625977,92.856289,01 June 2025,2025-06-01,127.98999781161547
23837,MIZ/SER/84A15/2025/125,Mizoram,Serchhip,,23.307523727416992,92.857678,01 June 2025,2025-06-01,127.98999781161547
23838,MIZ/SER/84A15/2025/126,Mizoram,Serchhip,,23.305938720703125,92.857538,01 June 2025,2025-06-01,127.98999781161547
23839,MIZ/SER/84A15/2025/127,Mizoram,Serchhip,,23.303906,92.853173,01 June 2025,2025-06-01,127.98999781161547
23846,MIZ/SER/84A15/2025/134,Mizoram,Serchhip,,23.346456,92.851511,01 June 2025,2025-06-01,127.98999781161547
23847,MIZ/SER/84A15/2025/135,Mizoram,Serchhip,,23.346599578857422,92.854847,01 June 2025,2025-06-01,127.98999781161547
23863,MIZ/SER/84A15/2025/151,Mizoram,Serchhip,,23.281442642211914,92.840145,01 June 2025,2025-06-01,124.49999655690044
23864,MIZ/SER/84A15/2025/152,Mizoram,Serchhip,,23.280946731567383,92.83670043945312,01 June 2025,2025-06-01,124.49999655690044
23880,MIZ/LUNG/84A11/2025/168,Mizoram,Lunglei,,23.3204402923584,92.643229,01 June 2025,2025-06-01,129.90999726951122
23882,MIZ/LUNG/84A12/2025/170,Mizoram,Lunglei,,23.246611,92.655112,01 June 2025,2025-06-01,136.86499816924334
23887,MIZ/LUNG/84A12/2025/175,Mizoram,Lunglei,,23.174558,92.612556,01 June 2025,2025-06-01,120.6949970126152
23888,MIZ/LUNG/84A12/2025/176,Mizoram,Lunglei,,23.173900604248047,92.611378,01 June 2025,2025-06-01,120.6949970126152
23889,MIZ/LUNG/84A12/2025/177,Mizoram,Lunglei,,23.17325782775879,92.611929,01 June 2025,2025-06-01,120.6949970126152
23890,MIZ/LUNG/84A12/2025/178,Mizoram,Lunglei,,23.17251968383789,92.611434,01 June 2025,2025-06-01,120.6949970126152
23891,MIZ/LUNG/84A12/2025/179,Mizoram,Lunglei,,23.172658920288086,92.611828,01 June 2025,2025-06-01,120.6949970126152
23892,MIZ/LUNG/84A12/2025/180,Mizoram,Lunglei,,23.198272,92.589291,01 June 2025,2025-06-01,114.58999671041965
23893,MIZ/LUNG/84A12/2025/181,Mizoram,Lunglei,,23.19896125793457,92.590043,01 June 2025,2025-06-01,114.58999671041965
23894,MIZ/LUNG/84A12/2025/182,Mizoram,Lunglei,,23.199094772338867,92.586671,01 June 2025,2025-06-01,114.58999671041965
23895,MIZ/LUNG/84A12/2025/183,Mizoram,Lunglei,,23.19941520690918,92.585883,01 June 2025,2025-06-01,114.58999671041965
23896,MIZ/LUNG/84A12/2025/184,Mizoram,Lunglei,,23.200105,92.584517,01 June 2025,2025-06-01,114.58999671041965
23917,MIZ/LUNG/84A12/2025/205,Mizoram,Lunglei,,23.204981,92.534603,01 June 2025,2025-06-01,135.75999702885747
23918,MIZ/LUNG/84A12/2025/206,Mizoram,Lunglei,,23.206253051757812,92.533605,01 June 2025,2025-06-01,135.75999702885747
23919,MIZ/LUNG/84A12/2025/207,Mizoram,Lunglei,,23.209857,92.500587,01 June 2025,2025-06-01,135.75999702885747
23920,MIZ/LUNG/84A08/2025/208,Mizoram,Lunglei,,23.206239,92.491221,01 June 2025,2025-06-01,128.249996740371
23921,MIZ/LUNG/84A08/2025/209,Mizoram,Lunglei,,23.199961,92.488796,01 June 2025,2025-06-01,121.27499766182154
23922,MIZ/LUNG/84A08/2025/210,Mizoram,Lunglei,,23.178239822387695,92.491031,01 June 2025,2025-06-01,121.27499766182154
23923,MIZ/LUNG/84A08/2025/211,Mizoram,Lunglei,,23.180969,92.488193,01 June 2025,2025-06-01,121.27499766182154
23924,MIZ/LUNG/84A08/2025/212,Mizoram,Lunglei,,23.180354,92.486971,01 June 2025,2025-06-01,121.27499766182154
23925,MIZ/LUNG/84A08/2025/213,Mizoram,Lunglei,,23.182466,92.487731,01 June 2025,2025-06-01,121.27499766182154
23926,MIZ/LUNG/84A12/2025/214,Mizoram,Lunglei,,23.2047061920166,92.533825,01 June 2025,2025-06-01,135.75999702885747
23927,MIZ/LUNG/84A11/2025/215,Mizoram,Lunglei,,23.251004,92.63667297363281,01 June 2025,2025-06-01,136.86499816924334
23928,MIZ/SER/84A16/2025/216,Mizoram,Serchhip,,23.23489761352539,92.911307,01 June 2025,2025-06-01,118.36999794468284
23929,MIZ/SER/84A16/2025/217,Mizoram,Serchhip,,23.225619,92.924909,01 June 2025,2025-06-01,118.36999794468284
23930,MIZ/SER/84A16/2025/218,Mizoram,Serchhip,,23.223807,92.944448,01 June 2025,2025-06-01,118.36999794468284
23931,MIZ/SER/84A16/2025/219,Mizoram,Serchhip,,23.21795082092285,92.998007,01 June 2025,2025-06-01,118.36999794468284
23932,MIZ/SER/84A16/2025/220,Mizoram,Serchhip,,23.217324,92.99812316894531,01 June 2025,2025-06-01,118.36999794468284
23933,MIZ/SER/84E04/2025/221,Mizoram,Serchhip,,23.199169158935547,93.000199,01 June 2025,2025-06-01,127.08999678306282
23938,MIZ/KHAW/84E04/2025/226,Mizoram,Khawzawl,,23.206600189208984,93.148665,01 June 2025,2025-06-01,101.42499708291143
23940,MIZ/CHAM/84E04/2025/228,Mizoram,Champhai,,23.198136,93.166988,01 June 2025,2025-06-01,103.08499813079834
23941,MIZ/CHAM/84E04/2025/229,Mizoram,Champhai,,23.177311,93.198157,01 June 2025,2025-06-01,103.08499813079834
23943,MIZ/KHAW/84E08/2025/231,Mizoram,Khawzawl,,23.14788055419922,93.323791,01 June 2025,2025-06-01,80.59499759133905
23952,MIZ/AIZ/84A13/2025/240,Mizoram,Aizawl,,23.807952,92.834037,01 June 2025,2025-06-01,83.02499843016267
23956,MIZ/AIZ/83D15/2025/244,Mizoram,Aizawl,,24.36571502685547,92.930137,01 June 2025,2025-06-01,38.60499924607575
24034,MIZ/LUN/84A12/2025/070,Mizoram,Lunglei,,23.184091,92.738895,01 June 2025,2025-06-01,124.09999714419246
24100,MIZ/LUN/84A12/2025/150,Mizoram,Lunglei,,23.112390518188477,92.745417,01 June 2025,2025-06-01,124.09999714419246
23790,MIZ/LUNG/84B13/2025/078,Mizoram,Lunglei,,22.880420684814453,92.821692,01 June 2025,2025-06-01,104.03499716613442
23857,MIZ/SER/84A15/2025/145,Mizoram,Serchhip,,23.27122688293457,92.874544,01 June 2025,2025-06-01,124.49999655690044
23858,MIZ/SER/84A15/2025/146,Mizoram,Serchhip,,23.27054786682129,92.877577,01 June 2025,2025-06-01,124.49999655690044
23859,MIZ/SER/84A15/2025/147,Mizoram,Serchhip,,23.67700958251953,92.87895202636719,01 June 2025,2025-06-01,126.59999623801559
23866,MIZ/SER/84A11/2025/154,Mizoram,Serchhip,,23.29386329650879,92.741368,01 June 2025,2025-06-01,130.09999661054462
23867,MIZ/SER/84A11/2025/155,Mizoram,Serchhip,,23.295774459838867,92.740012,01 June 2025,2025-06-01,130.09999661054462
23868,MIZ/SER/84A11/2025/156,Mizoram,Serchhip,,23.302650451660156,92.742945,01 June 2025,2025-06-01,124.72499609738588
23872,MIZ/SER/84A11/2025/160,Mizoram,Serchhip,,23.300291061401367,92.69577026367188,01 June 2025,2025-06-01,129.90999726951122
23873,MIZ/SER/84A11/2025/161,Mizoram,Serchhip,,23.299806,92.694901,01 June 2025,2025-06-01,136.86499816924334
23874,MIZ/SER/84A11/2025/162,Mizoram,Serchhip,,23.299312,92.692614,01 June 2025,2025-06-01,136.86499816924334
23875,MIZ/LUNG/84A11/2025/163,Mizoram,Lunglei,,23.297521,92.689449,01 June 2025,2025-06-01,136.86499816924334
23876,MIZ/LUNG/84A11/2025/164,Mizoram,Lunglei,,23.303739547729492,92.672816,01 June 2025,2025-06-01,129.90999726951122
23877,MIZ/LUNG/84A11/2025/165,Mizoram,Lunglei,,23.304122924804688,92.671521,01 June 2025,2025-06-01,129.90999726951122
23878,MIZ/LUNG/84A11/2025/166,Mizoram,Lunglei,,23.30610466003418,92.671296,01 June 2025,2025-06-01,129.90999726951122
23879,MIZ/LUNG/84A11/2025/167,Mizoram,Lunglei,,23.306338,92.666573,01 June 2025,2025-06-01,129.90999726951122
23881,MIZ/LUNG/84A11/2025/169,Mizoram,Lunglei,,23.301901,92.649401,01 June 2025,2025-06-01,129.90999726951122
23609,MIZ/KOL/2024/781,Mizoram,Kolasib,,23.54130278,93.10256944,12 September 2024,2024-09-12,6.159999839961529
23610,MIZ/KOL/2024/782,Mizoram,Kolasib,,23.54600556,93.09247222,12 September 2024,2024-09-12,3.6699998155236244
23611,MIZ/KOL/2024/783,Mizoram,Kolasib,,23.54286944,93.08539722,12 September 2024,2024-09-12,3.6699998155236244
23613,MIZ/KOL/2024/785,Mizoram,Kolasib,,23.56785011291504,93.10472222,12 September 2024,2024-09-12,6.159999839961529
23614,MIZ/KOL/2024/786,Mizoram,Kolasib,,23.56413333,93.11378889,12 September 2024,2024-09-12,6.159999839961529
23615,MIZ/KOL/2024/787,Mizoram,Kolasib,,23.56233889,93.11890833,12 September 2024,2024-09-12,6.159999839961529
23617,MIZ/KOL/2024/789,Mizoram,Kolasib,,23.56238611,93.12376667,12 September 2024,2024-09-12,6.159999839961529
23618,MIZ/KOL/2024/790,Mizoram,Kolasib,,23.56404167,93.10752222,12 September 2024,2024-09-12,6.159999839961529
23619,MIZ/KOL/2024/791,Mizoram,Kolasib,,23.56145278,93.10908889,12 September 2024,2024-09-12,6.159999839961529
23620,MIZ/KOL/2024/792,Mizoram,Kolasib,,23.55881111,93.10900556,12 September 2024,2024-09-12,6.159999839961529
23545,MIZ/AZL/2024/717,Mizoram,Aizawl,,24.28840278,93.58591389,13 August 2024,2024-08-13,0.0
23546,MIZ/AZL/2024/718,Mizoram,Aizawl,,24.29982222,93.59040833,13 August 2024,2024-08-13,0.0
23547,MIZ/AZL/2024/719,Mizoram,Aizawl,,24.30768611,93.58120556,13 August 2024,2024-08-13,0.0
23548,MIZ/AZL/2024/720,Mizoram,Aizawl,,24.30711944,93.59375833,13 August 2024,2024-08-13,0.0
23549,MIZ/AZL/2024/721,Mizoram,Aizawl,,24.33915833,93.66233611,13 August 2024,2024-08-13,0.0
23550,MIZ/AZL/2024/722,Mizoram,Aizawl,,24.33331944,93.65702778,13 August 2024,2024-08-13,0.0
23552,MIZ/AZL/2024/724,Mizoram,Aizawl,,24.330900192260742,93.66054444,13 August 2024,2024-08-13,0.0
23554,MIZ/AZL/2024/726,Mizoram,Aizawl,,24.39255556,93.65468611,13 August 2024,2024-08-13,0.0
23556,MIZ/AZL/2024/728,Mizoram,Aizawl,,24.49112222,93.62215556,13 August 2024,2024-08-13,0.11999999731779099
23558,MIZ/AZL/2024/730,Mizoram,Aizawl,,24.48458889,93.58781944,13 August 2024,2024-08-13,0.0
23560,MIZ/AZL/2024/732,Mizoram,Aizawl,,24.51785556,93.55086944,13 August 2024,2024-08-13,0.0
23572,MIZ/KOL/2024/744,Mizoram,Kolasib,,24.76606111,93.30076667,13 August 2024,2024-08-13,0.0
23606,MIZ/KOL/2024/778,Mizoram,Kolasib,,23.41421944,93.10569167,13 August 2024,2024-08-13,9.614999942481518
624,ASM/DH/83G04/2022-23/017,Assam,Dima Hasao,Kana Basti Slide 2,25.16023063659668,93.0108413696289,14 May 2022,2022-05-14,66.88499914109707
632,ASM/DH/83G04/2022-23/015,Assam,Dima Hasao,South Bagetar Slide 2,25.165790557861328,93.00948333740234,14 May 2022,2022-05-14,66.88499914109707
633,ASM/DH/83G04/2022-23/016,Assam,Dima Hasao,Kana Basti Slide 1,25.15859031677246,93.0129165649414,14 May 2022,2022-05-14,66.88499914109707
640,ASM/DH/83G04/2022-23/027,Assam,Dima Hasao,Mahadev Tilla Slide 1,25.155559539794922,93.021583,14 May 2022,2022-05-14,66.88499914109707
647,ASM/DH/83G04/2022-23/025,Assam,Dima Hasao,Tularam Raji Slide 2,25.168039321899414,93.02503204345703,14 May 2022,2022-05-14,66.88499914109707
649,ASM/DH/83G04/2022-23/044,Assam,Dima Hasao,Tularam Raji Slide 3,25.16808319091797,93.024922,14 May 2022,2022-05-14,66.88499914109707
666,ASM/DH/83G04/2022-23/047,Assam,Dima Hasao,Natun Basti Slide 5,25.162667,93.009806,14 May 2022,2022-05-14,66.88499914109707
779,ASM/DH/83G04/2022-23/023,Assam,Dima Hasao,Disgao Raji Slide,25.17136001586914,93.01101684570312,14 May 2022,2022-05-14,66.88499914109707
787,ASM/DH/83G04/2022-23/021,Assam,Dima Hasao,Moulhoi Slide 1,25.17622947692871,93.01325988769531,14 May 2022,2022-05-14,66.88499914109707
805,ASM/DH/83C16/2023-24/001,Assam,Dima Hasao,Lower Boulsol slide,25.117665,92.847709,14 May 2022,2022-05-14,88.53999751154333
808,ASM/DH/83C15/2023-24/001,Assam,Dima Hasao,Old Sangbar playground slide,25.366254806518555,92.823037,14 May 2022,2022-05-14,59.73999881371856
23119,MIZ/AZL/2024/252,Mizoram,Aizawl,,23.74722222,92.71805556,2 July 2024,2024-07-02,33.94499882310629
23137,MIZ/AZL/2024/270,Mizoram,Aizawl,,23.70277778,92.72083333,2 July 2024,2024-07-02,33.94499882310629
23138,MIZ/AZL/2024/271,Mizoram,Aizawl,,23.702499389648438,92.72138889,2 July 2024,2024-07-02,33.94499882310629
23139,MIZ/AZL/2024/272,Mizoram,Aizawl,,23.69805556,92.72277778,2 July 2024,2024-07-02,24.599999494850636
23196,MIZ/AZL/2024/331,Mizoram,Aizawl,,23.60972222,92.79972222,2 July 2024,2024-07-02,24.599999494850636
23435,MIZ/AZL/2024/575,Mizoram,Aizawl,,23.71388889,92.85722222,2 July 2024,2024-07-02,18.154999831691384
23460,MIZ/AZL/2024/600,Mizoram,Aizawl,,23.73694444,92.81361111,2 July 2024,2024-07-02,18.154999831691384
23470,MIZ/AZL/2024/610,Mizoram,Aizawl,,23.72916667,92.76583333,2 July 2024,2024-07-02,33.94499882310629
23473,MIZ/AZL/2024/613,Mizoram,Aizawl,,23.73222222,92.76555556,2 July 2024,2024-07-02,33.94499882310629
23476,MIZ/AZL/2024/616,Mizoram,Aizawl,,23.73794444,92.78613889,2 July 2024,2024-07-02,33.94499882310629
23477,MIZ/AZL/2024/617,Mizoram,Aizawl,,23.737499237060547,92.78805556,2 July 2024,2024-07-02,33.94499882310629
23480,MIZ/AZL/2024/620,Mizoram,Aizawl,,23.73388889,92.79388889,2 July 2024,2024-07-02,33.94499882310629
23482,MIZ/AZL/2024/622,Mizoram,Aizawl,,23.72138889,92.79944444,2 July 2024,2024-07-02,33.94499882310629
23483,MIZ/AZL/2024/623,Mizoram,Aizawl,,23.72138889,92.85777778,2 July 2024,2024-07-02,18.154999831691384
23484,MIZ/AZL/2024/624,Mizoram,Aizawl,,23.72083333,92.86472222,2 July 2024,2024-07-02,18.154999831691384
23487,MIZ/AZL/2024/627,Mizoram,Aizawl,,23.71166667,92.87833333,2 July 2024,2024-07-02,18.154999831691384
23496,MIZ/AZL/2024/636,Mizoram,Aizawl,,23.735000610351562,92.85666667,2 July 2024,2024-07-02,18.154999831691384
23497,MIZ/AZL/2024/637,Mizoram,Aizawl,,23.73666667,92.85611111,2 July 2024,2024-07-02,18.154999831691384
23501,MIZ/AZL/2024/641,Mizoram,Aizawl,,23.76111111,92.84777778,2 July 2024,2024-07-02,18.154999831691384
23502,MIZ/AZL/2024/642,Mizoram,Aizawl,,23.76166667,92.85083333,2 July 2024,2024-07-02,18.154999831691384
23503,MIZ/AZL/2024/643,Mizoram,Aizawl,,23.76527778,92.8499984741211,2 July 2024,2024-07-02,18.154999831691384
23504,MIZ/AZL/2024/644,Mizoram,Aizawl,,23.76861111,92.85138889,2 July 2024,2024-07-02,18.154999831691384
23519,MIZ/AZL/2024/659,Mizoram,Aizawl,,23.83277778,92.8324966430664,2 July 2024,2024-07-02,15.684999648481607
23520,MIZ/AZL/2024/660,Mizoram,Aizawl,,23.83888889,92.83194444,2 July 2024,2024-07-02,15.684999648481607
23523,MIZ/AZL/2024/663,Mizoram,Aizawl,,23.86222222,92.83666667,2 July 2024,2024-07-02,15.684999648481607
23528,MIZ/AZL/2024/668,Mizoram,Aizawl,,23.89138889,92.84888889,2 July 2024,2024-07-02,15.684999648481607
23532,MIZ/AZL/2024/672,Mizoram,Aizawl,,23.76972222,92.76000213623047,2 July 2024,2024-07-02,33.94499882310629
23540,MIZ/AZL/2024/712,Mizoram,Aizawl,,24.17180556,93.54406667,2 July 2024,2024-07-02,26.119999438524246
23541,MIZ/AZL/2024/713,Mizoram,Aizawl,,24.18291667,93.53441944,2 July 2024,2024-07-02,26.119999438524246
23542,MIZ/AZL/2024/714,Mizoram,Aizawl,,24.18566111,93.53935278,2 July 2024,2024-07-02,26.119999438524246
23543,MIZ/AZL/2024/715,Mizoram,Aizawl,,24.24449722,93.55275833,2 July 2024,2024-07-02,26.989999637007713
23544,MIZ/AZL/2024/716,Mizoram,Aizawl,,24.24755556,93.54809722,2 July 2024,2024-07-02,26.989999637007713
23553,MIZ/AZL/2024/725,Mizoram,Aizawl,,24.32773611,93.57937222,2 July 2024,2024-07-02,26.399999459274113
23569,MIZ/KOL/2024/741,Mizoram,Kolasib,,24.60372222,93.37223056,2 July 2024,2024-07-02,28.529999278485775
23570,MIZ/KOL/2024/742,Mizoram,Kolasib,,24.66895556,93.33700556,2 July 2024,2024-07-02,28.529999278485775
23574,MIZ/KOL/2024/746,Mizoram,Kolasib,,24.72074444,93.30899167,2 July 2024,2024-07-02,22.709999591112137
23580,MIZ/AZL/2024/752,Mizoram,Aizawl,,23.09758333,93.21623333,2 July 2024,2024-07-02,12.52999976836145
23583,MIZ/AZL/2024/755,Mizoram,Aizawl,,23.101924896240234,93.20426111,2 July 2024,2024-07-02,9.9799998216331
23587,MIZ/AZL/2024/759,Mizoram,Aizawl,,23.09759444,93.21089444,2 July 2024,2024-07-02,12.52999976836145
23590,MIZ/AZL/2024/762,Mizoram,Aizawl,,23.10100556,93.19393611,2 July 2024,2024-07-02,22.61999947298318
23591,MIZ/AZL/2024/763,Mizoram,Aizawl,,23.10074722,93.18785278,2 July 2024,2024-07-02,22.61999947298318
23592,MIZ/AZL/2024/764,Mizoram,Aizawl,,23.09954722,93.18600278,2 July 2024,2024-07-02,22.539999435655773
23595,MIZ/AZL/2024/767,Mizoram,Aizawl,,23.09830093383789,93.17597222,2 July 2024,2024-07-02,22.539999435655773
23601,MIZ/AZL/2024/773,Mizoram,Aizawl,,23.27598056,93.14351667,2 July 2024,2024-07-02,21.99499960243702
23602,MIZ/AZL/2024/774,Mizoram,Aizawl,,23.27663889,93.14375305175781,2 July 2024,2024-07-02,21.99499960243702
23603,MIZ/AZL/2024/775,Mizoram,Aizawl,,23.28107452392578,93.144075,2 July 2024,2024-07-02,21.99499960243702
23605,MIZ/AZL/2024/777,Mizoram,Aizawl,,23.33529167,93.11214167,2 July 2024,2024-07-02,33.54999899864197
23608,MIZ/KOL/2024/780,Mizoram,Kolasib,,23.50882222,93.09170278,2 July 2024,2024-07-02,29.249999289400876
23643,MIZ/KOL/2024/815,Mizoram,Kolasib,,24.02782222,93.28944444,2 July 2024,2024-07-02,20.45499935001135
23644,MIZ/KOL/2024/816,Mizoram,Kolasib,,24.04014167,93.29149627685547,2 July 2024,2024-07-02,20.45499935001135
23645,MIZ/KOL/2024/817,Mizoram,Kolasib,,24.03980278,93.29373889,2 July 2024,2024-07-02,20.45499935001135
23646,MIZ/KOL/2024/818,Mizoram,Kolasib,,24.05823611,93.28901944,2 July 2024,2024-07-02,20.45499935001135
23648,MIZ/KOL/2024/820,Mizoram,Kolasib,,24.12428889,93.318525,2 July 2024,2024-07-02,25.379999155178666
23663,MIZ/KOL/2024/837,Mizoram,Kolasib,,24.04014167,93.29149627685547,2 July 2024,2024-07-02,20.45499935001135
23667,MIZ/KOL/2024/841,Mizoram,Kolasib,,24.57151389,93.141725,2 July 2024,2024-07-02,62.40499947965145
23668,MIZ/KOL/2024/842,Mizoram,Kolasib,,24.56917222,93.14073611,2 July 2024,2024-07-02,62.40499947965145
23682,MIZ/AZL/2024/856,Mizoram,Aizawl,,23.20960722,93.13104722,2 July 2024,2024-07-02,21.99499960243702
23683,MIZ/AZL/2024/857,Mizoram,Aizawl,,23.21068583,93.1212325,2 July 2024,2024-07-02,21.99499960243702
23630,MIZ/KOL/2024/802,Mizoram,Kolasib,,23.54294167,93.23821667,24 September 2024,2024-09-24,1.689999956637621
23638,MIZ/KOL/2024/810,Mizoram,Kolasib,,24.60921944,93.30050278,24 September 2024,2024-09-24,7.454999916255474
23640,MIZ/KOL/2024/812,Mizoram,Kolasib,,24.64528611,93.28593611,24 September 2024,2024-09-24,6.319999768398702
23641,MIZ/KOL/2024/813,Mizoram,Kolasib,,24.02205833,93.29369167,24 September 2024,2024-09-24,10.529999752528965
23642,MIZ/KOL/2024/814,Mizoram,Kolasib,,23.01689167,93.283175,24 September 2024,2024-09-24,6.0799998780712485
23647,MIZ/KOL/2024/819,Mizoram,Kolasib,,24.09210556,93.29866667,24 September 2024,2024-09-24,10.529999752528965
23652,MIZ/KOL/2024/825,Mizoram,Kolasib,,24.297775268554688,93.34159722,24 September 2024,2024-09-24,8.749999762512743
23654,MIZ/KOL/2024/827,Mizoram,Kolasib,,24.35137778,93.34095556,24 September 2024,2024-09-24,8.004999768920243
23674,MIZ/KOL/2024/848,Mizoram,Kolasib,,24.10015917,93.10461389,24 September 2024,2024-09-24,17.264999493956566
23675,MIZ/KOL/2024/849,Mizoram,Kolasib,,24.11104722,93.10374167,24 September 2024,2024-09-24,17.264999493956566
23676,MIZ/KOL/2024/850,Mizoram,Kolasib,,24.10506389,93.09593611,24 September 2024,2024-09-24,16.579999482259154
23677,MIZ/KOL/2024/851,Mizoram,Kolasib,,24.10743611,93.09532222,24 September 2024,2024-09-24,16.579999482259154
23678,MIZ/KOL/2024/852,Mizoram,Kolasib,,24.10687222,93.08849722,24 September 2024,2024-09-24,16.579999482259154
23680,MIZ/AZL/2024/854,Mizoram,Aizawl,,23.24500833,93.17587222,24 September 2024,2024-09-24,3.4149998910725117
23703,MIZ/KOL/2024/877,Mizoram,Kolasib,,24.586050033569336,93.21056389,24 September 2024,2024-09-24,8.424999855458736
23711,MIZ/KOL/2024/885,Mizoram,Kolasib,,24.458325,93.09439167,24 September 2024,2024-09-24,9.824999693781137
20525,ML-02/2012-13,Meghalaya,Jaintia Hills,West Khasi Hills,25.26361111,92.38557778,"26 June 2012, at 3AM",2012-06-26,100.10499787330627
20526,ML-03/2012-13,Meghalaya,Jaintia Hills,Nongshning slide,25.26005556,92.38863889,"26 June 2012, at 3AM",2012-06-26,100.10499787330627
20527,ML-04/2012-13,Meghalaya,Jaintia Hills,Tanshang slide,25.14702778,92.37883333,"26 June 2012, at 3AM",2012-06-26,163.58499746769667
20528,ML-05/2012-13,Meghalaya,Jaintia Hills,Tanshang slide II,25.14702778,92.37883333,"26 June 2012, at 3AM",2012-06-26,163.58499746769667
20529,ML-06/2012-13,Meghalaya,Jaintia Hills,Tongseng slide,25.14341667,92.37805556,"26 June 2012, at 3AM",2012-06-26,163.58499746769667
20530,ML-07/2012-13,Meghalaya,Jaintia Hills,Tongseng slide,25.13427778,92.38511111,"26 June 2012, at 3AM",2012-06-26,163.58499746769667
20531,ML-08/2012-13,Meghalaya,Jaintia Hills,Sonapur slide,25.09022222,92.35805556,"26 June 2012, at 3AM",2012-06-26,150.80999552831054
20532,ML-09/2012-13,Meghalaya,Jaintia Hills,Sonapur slide,25.09055556,92.35972222,"26 June 2012, at 3AM",2012-06-26,150.80999552831054
20533,ML-10/2012-13,Meghalaya,Jaintia Hills,Sonapur Mandir slide,25.08772222,92.36086111,"26 June 2012, at 3AM",2012-06-26,150.80999552831054
20594,6892,Meghalaya,South West Khasi Hills,Wamney,25.39295833,91.55163333,28 May 2024,2024-05-28,51.254999190568924
20596,ME/SWK/2025/4,Meghalaya,South West Khasi Hills,Mawkyllung,25.40288611,91.43424167,28 May 2024,2024-05-28,63.439998576417565
20645,7247,Meghalaya,Eastern-West Khasi Hill,,25.68804931640625,91.6665267944336,28 May 2024,2024-05-28,66.51499886251986
22701,MZ/AZL/84A10/2024/001,Mizoram,Aizawl,,23.73888889,92.69638889,28 May 2024,2024-05-28,70.93499918468297
22702,MZ/AZL/84A10/2024/002,Mizoram,Aizawl,,23.73947222,92.69666667,28 May 2024,2024-05-28,70.93499918468297
22703,MZ/AZL/84A10/2024/003,Mizoram,Aizawl,,23.74027778,92.69722222,28 May 2024,2024-05-28,70.93499918468297
22704,MZ/AZL/84A10/2024/004,Mizoram,Aizawl,,23.74066667,92.69336111,28 May 2024,2024-05-28,70.93499918468297
22707,MZ/AZL/84A10/2024/007,Mizoram,Aizawl,,23.74116667,92.69455556,28 May 2024,2024-05-28,70.93499918468297
22709,MZ/AZL/84A10/2024/009,Mizoram,Aizawl,,23.73386111,92.69491667,28 May 2024,2024-05-28,70.93499918468297
22710,MZ/AZL/84A10/2024/010,Mizoram,Aizawl,,23.72669444,92.69519444,28 May 2024,2024-05-28,70.93499918468297
22711,MZ/AZL/84A10/2024/011,Mizoram,Aizawl,,23.73361111,92.69388889,28 May 2024,2024-05-28,70.93499918468297
22712,MZ/AZL/84A10/2024/012,Mizoram,Aizawl,,23.73472222,92.69499969482422,28 May 2024,2024-05-28,70.93499918468297
22714,MZ/AZL/84A10/2024/014,Mizoram,Aizawl,,23.73305556,92.69944444,28 May 2024,2024-05-28,70.93499918468297
22715,MZ/AZL/84A10/2024/015,Mizoram,Aizawl,,23.74972222,92.69833333,28 May 2024,2024-05-28,70.93499918468297
22716,MZ/AZL/84A10/2024/016,Mizoram,Aizawl,,23.73111111,92.70222222,28 May 2024,2024-05-28,71.20499910414219
22717,MZ/AZL/84A10/2024/017,Mizoram,Aizawl,,23.73111111,92.70388889,28 May 2024,2024-05-28,71.20499910414219
22718,MZ/AZL/84A10/2024/018,Mizoram,Aizawl,,23.73333333,92.70527778,28 May 2024,2024-05-28,71.20499910414219
22720,MZ/AZL/84A10/2024/020,Mizoram,Aizawl,,23.73583333,92.69777778,28 May 2024,2024-05-28,70.93499918468297
22721,MZ/AZL/84A10/2024/021,Mizoram,Aizawl,,23.73132778,92.70821944,28 May 2024,2024-05-28,71.20499910414219
22722,MZ/AZL/84A10/2024/022,Mizoram,Aizawl,,23.72428333,92.70737778,28 May 2024,2024-05-28,71.20499910414219
22723,MZ/AZL/84A10/2024/023,Mizoram,Aizawl,,23.72276944,92.70664978027344,28 May 2024,2024-05-28,71.20499910414219
22724,MZ/AZL/84A10/2024/024,Mizoram,Aizawl,,23.71446389,92.71146389,28 May 2024,2024-05-28,71.20499910414219
22725,MZ/AZL/84A10/2024/025,Mizoram,Aizawl,,23.71581111,92.7093505859375,28 May 2024,2024-05-28,71.20499910414219
22726,MZ/AZL/84A10/2024/026,Mizoram,Aizawl,,23.71595001220703,92.70879444,28 May 2024,2024-05-28,71.20499910414219
22727,MZ/AZL/84A10/2024/027,Mizoram,Aizawl,,23.717500686645508,92.70666667,28 May 2024,2024-05-28,71.20499910414219
22728,MZ/AZL/84A10/2024/0028,Mizoram,Aizawl,,23.71740833,92.70644167,28 May 2024,2024-05-28,71.20499910414219
22729,MZ/AZL/84A10/2024/029,Mizoram,Aizawl,,23.71735556,92.70753333,28 May 2024,2024-05-28,71.20499910414219
22730,MZ/AZL/84A10/2024/030,Mizoram,Aizawl,,23.71721667,92.70777778,28 May 2024,2024-05-28,71.20499910414219
22731,MZ/AZL/84A10/2024/031,Mizoram,Aizawl,,23.71697222,92.70817222,28 May 2024,2024-05-28,71.20499910414219
22732,MZ/AZL/84A10/2024/032,Mizoram,Aizawl,,23.71305556,92.70895833,28 May 2024,2024-05-28,71.20499910414219
22733,MZ/AZL/84A10/2024/033,Mizoram,Aizawl,,23.71523056,92.71529167,28 May 2024,2024-05-28,71.20499910414219
22736,MZ/AZL/84A10/2024/036,Mizoram,Aizawl,,23.71138889,92.72444444,28 May 2024,2024-05-28,71.20499910414219
22737,MZ/AZL/84A10/2024/037,Mizoram,Aizawl,,23.71638889,92.72111111,28 May 2024,2024-05-28,71.20499910414219
22738,MZ/AZL/84A10/2024/038,Mizoram,Aizawl,,23.71444444,92.72861111,28 May 2024,2024-05-28,71.20499910414219
22741,MZ/AZL/84A10/2024/041,Mizoram,Aizawl,,23.71571389,92.72659722,28 May 2024,2024-05-28,71.20499910414219
22742,MZ/AZL/84A10/2024/042,Mizoram,Aizawl,,23.710399627685547,92.72237778,28 May 2024,2024-05-28,71.20499910414219
22743,MZ/AZL/84A10/2024/043,Mizoram,Aizawl,,23.71865833,92.72335278,28 May 2024,2024-05-28,71.20499910414219
22745,MZ/AZL/84A10/2024/045,Mizoram,Aizawl,,23.709999084472656,92.71611111,28 May 2024,2024-05-28,71.20499910414219
22747,MZ/AZL/84A10/2024/047,Mizoram,Aizawl,,23.70666667,92.71444444,28 May 2024,2024-05-28,71.20499910414219
22748,MZ/AZL/84A10/2024/048,Mizoram,Aizawl,,23.70527778,92.71138889,28 May 2024,2024-05-28,71.20499910414219
22749,MZ/AZL/84A10/2024/049,Mizoram,Aizawl,,23.70416667,92.71222222,28 May 2024,2024-05-28,71.20499910414219
22750,MZ/AZL/84A10/2024/050,Mizoram,Aizawl,,23.70027778,92.71611111,28 May 2024,2024-05-28,71.20499910414219
22751,MZ/AZL/84A10/2024/051,Mizoram,Aizawl,,23.69972222,92.71694444,28 May 2024,2024-05-28,66.74999817460775
22754,MZ/AZL/84A10/2024/054,Mizoram,Aizawl,,23.64333333,92.73444444,28 May 2024,2024-05-28,66.74999817460775
22756,MZ/AZL/84A10/2024/056,Mizoram,Aizawl,,23.64638889,92.72527778,28 May 2024,2024-05-28,66.74999817460775
22757,MZ/AZL/84A10/2024/057,Mizoram,Aizawl,,23.63111111,92.72388889,28 May 2024,2024-05-28,66.74999817460775
22758,MZ/AZL/84A10/2024/058,Mizoram,Aizawl,,23.63055556,92.72305556,28 May 2024,2024-05-28,66.74999817460775
22759,MZ/AZL/84A10/2024/059,Mizoram,Aizawl,,23.62833333,92.72333333,28 May 2024,2024-05-28,66.74999817460775
22760,MZ/AZL/84A10/2024/060,Mizoram,Aizawl,,23.62277778,92.72444444,28 May 2024,2024-05-28,66.74999817460775
22761,MZ/AZL/84A10/2024/061,Mizoram,Aizawl,,23.62194444,92.72305556,28 May 2024,2024-05-28,66.74999817460775
22762,MZ/AZL/84A10/2024/062,Mizoram,Aizawl,,23.62083333,92.72250366210938,28 May 2024,2024-05-28,66.74999817460775
22763,MZ/AZL/84A10/2024/063,Mizoram,Aizawl,,23.61916667,92.72250366210938,28 May 2024,2024-05-28,66.74999817460775
22764,MZ/AZL/84A10/2024/004,Mizoram,Aizawl,,23.6200008392334,92.72472222,28 May 2024,2024-05-28,66.74999817460775
22765,MZ/AZL/84A10/2024/065,Mizoram,Aizawl,,23.61972222,92.72527778,28 May 2024,2024-05-28,66.74999817460775
22766,MZ/AZL/84A10/2024/066,Mizoram,Aizawl,,23.62027778,92.72555556,28 May 2024,2024-05-28,66.74999817460775
22767,MZ/AZL/84A10/2024/067,Mizoram,Aizawl,,23.62027778,92.72611111,28 May 2024,2024-05-28,66.74999817460775
22768,MZ/AZL/84A10/2024/068,Mizoram,Aizawl,,23.62111111,92.72444444,28 May 2024,2024-05-28,66.74999817460775
22769,MZ/AZL/84A10/2024/069,Mizoram,Aizawl,,23.68743333,92.72129167,28 May 2024,2024-05-28,66.74999817460775
22770,MZ/AZL/84A10/2024/070,Mizoram,Aizawl,,23.67694444,92.71722222,28 May 2024,2024-05-28,66.74999817460775
22771,MZ/AZL/84A10/2024/071,Mizoram,Aizawl,,23.67583333,92.71499633789062,28 May 2024,2024-05-28,66.74999817460775
22772,MZ/AZL/84A10/2024/072,Mizoram,Aizawl,,23.67472222,92.71722222,28 May 2024,2024-05-28,66.74999817460775
22773,MZ/AZL/84A10/2024/073,Mizoram,Aizawl,,23.67444444,92.71472222,28 May 2024,2024-05-28,66.74999817460775
22774,MZ/AZL/84A10/2024/074,Mizoram,Aizawl,,23.67388889,92.71472222,28 May 2024,2024-05-28,66.74999817460775
22775,MZ/AZL/84A10/2024/075,Mizoram,Aizawl,,23.672069,92.7099293,28 May 2024,2024-05-28,66.74999817460775
22776,MZ/AZL/84A10/2024/076,Mizoram,Aizawl,,23.684301376342773,92.715511,28 May 2024,2024-05-28,66.74999817460775
22778,MZ/AZL/84A10/2024/078,Mizoram,Aizawl,,23.70416667,92.72000122070312,28 May 2024,2024-05-28,71.20499910414219
22779,MZ/AZL/84A10/2024/079,Mizoram,Aizawl,,23.70305556,92.72055556,28 May 2024,2024-05-28,71.20499910414219
22782,MZ/AZL/84A10/2024/082,Mizoram,Aizawl,,23.690000534057617,92.72361111,28 May 2024,2024-05-28,66.74999817460775
22783,MZ/AZL/84A10/2024/083,Mizoram,Aizawl,,23.68361111,92.72277778,28 May 2024,2024-05-28,66.74999817460775
22788,MZ/AZL/84A10/2024/088,Mizoram,Aizawl,,23.66027778,92.72694444,28 May 2024,2024-05-28,66.74999817460775
22790,MZ/AZL/84A10/2024/090,Mizoram,Aizawl,,23.64388889,92.72583333,28 May 2024,2024-05-28,66.74999817460775
22791,MZ/AZL/84A10/2024/091,Mizoram,Aizawl,,23.635000228881836,92.72361111,28 May 2024,2024-05-28,66.74999817460775
22793,MZ/AZL/84A10/2024/093,Mizoram,Aizawl,,23.46777778,92.74111111,28 May 2024,2024-05-28,84.40999794006348
22794,MZ/AZL/84A11/2024/094,Mizoram,Aizawl,,23.46805556,92.71638889,28 May 2024,2024-05-28,84.40999794006348
22795,MZ/AZL/84A11/2024/095,Mizoram,Aizawl,,23.47249984741211,92.71444444,28 May 2024,2024-05-28,84.40999794006348
22797,MZ/AZL/84A11/2024/097,Mizoram,Aizawl,,23.489999771118164,92.70555556,28 May 2024,2024-05-28,84.40999794006348
22798,MZ/AZL/84A11/2024/098,Mizoram,Aizawl,,23.49722222,92.70333333,28 May 2024,2024-05-28,84.40999794006348
22799,MZ/AZL/84A10/2024/099,Mizoram,Aizawl,,23.51361111,92.69833333,28 May 2024,2024-05-28,60.93499866127968
22800,MZ/AZL/84A10/2024/100,Mizoram,Aizawl,,23.53666667,92.69750213623047,28 May 2024,2024-05-28,60.93499866127968
22801,MZ/AZL/84A10/2024/101,Mizoram,Aizawl,,23.54166667,92.70194444,28 May 2024,2024-05-28,65.04499828070402
22802,MZ/AZL/84A10/2024/102,Mizoram,Aizawl,,23.54277778,92.70333333,28 May 2024,2024-05-28,65.04499828070402
22803,MZ/AZL/84A10/2024/103,Mizoram,Aizawl,,23.52944444,92.72944444,28 May 2024,2024-05-28,65.04499828070402
22804,MZ/AZL/84A10/2024/104,Mizoram,Aizawl,,23.53083333,92.73055556,28 May 2024,2024-05-28,65.04499828070402
22805,MZ/AZL/84A10/2024/105,Mizoram,Aizawl,,23.53111111,92.73361111,28 May 2024,2024-05-28,65.04499828070402
22806,MZ/AZL/84A10/2024/106,Mizoram,Aizawl,,23.53083333,92.73333333,28 May 2024,2024-05-28,65.04499828070402
22807,MZ/AZL/84A10/2024/107,Mizoram,Aizawl,,23.56388889,92.70805556,28 May 2024,2024-05-28,65.04499828070402
22808,MZ/AZL/84A10/2024/108,Mizoram,Aizawl,,23.56416667,92.70805556,28 May 2024,2024-05-28,65.04499828070402
22809,MZ/AZL/84A10/2024/109,Mizoram,Aizawl,,23.565000534057617,92.70777778,28 May 2024,2024-05-28,65.04499828070402
22810,MZ/AZL/84A10/2024/110,Mizoram,Aizawl,,23.56666667,92.70888889,28 May 2024,2024-05-28,65.04499828070402
22811,MZ/AZL/84A09/2024/111,Mizoram,Aizawl,,23.77305556,92.74361111,28 May 2024,2024-05-28,71.20499910414219
22812,MZ/AZL/84A13/2024/112,Mizoram,Aizawl,,23.77472222,92.76194444,28 May 2024,2024-05-28,71.20499910414219
22813,MZ/AZL/84A13/2024/113,Mizoram,Aizawl,,23.77361111,92.76111111,28 May 2024,2024-05-28,71.20499910414219
22814,MZ/AZL/84A10/2024/114,Mizoram,Aizawl,,23.74861111,92.73861111,28 May 2024,2024-05-28,71.20499910414219
22815,MZ/AZL/84A10/2024/115,Mizoram,Aizawl,,23.610000610351562,92.72083333,28 May 2024,2024-05-28,66.74999817460775
22816,MZ/AZL/84A10/2024/116,Mizoram,Aizawl,,23.60666667,92.72305556,28 May 2024,2024-05-28,66.74999817460775
22826,MZ/AZL/84A10/2024/127,Mizoram,Aizawl,,23.65388889,92.72444444,28 May 2024,2024-05-28,66.74999817460775
22827,MZ/AZL/84A10/2024/128,Mizoram,Aizawl,,23.65416667,92.71777778,28 May 2024,2024-05-28,66.74999817460775
22828,MZ/AZL/84A10/2024/129,Mizoram,Aizawl,,23.655000686645508,92.71444444,28 May 2024,2024-05-28,66.74999817460775
22829,MZ/AZL/84A10/2024/130,Mizoram,Aizawl,,23.65416667,92.69000244140625,28 May 2024,2024-05-28,65.56499870866537
22830,MZ/AZL/84A10/2024/131,Mizoram,Aizawl,,23.66055556,92.67277778,28 May 2024,2024-05-28,65.56499870866537
22831,MZ/AZL/84A10/2024/132,Mizoram,Aizawl,,23.66083333,92.67277778,28 May 2024,2024-05-28,65.56499870866537
22832,MZ/AZL/84A10/2024/133,Mizoram,Aizawl,,23.65777778,92.67444444,28 May 2024,2024-05-28,65.56499870866537
22833,MZ/AZL/84A10/2024/134,Mizoram,Aizawl,,23.65861111,92.70583333,28 May 2024,2024-05-28,66.74999817460775
22834,MZ/AZL/84A10/2024/135,Mizoram,Aizawl,,23.68143611,92.72144167,28 May 2024,2024-05-28,66.74999817460775
22835,MZ/AZL/84A14/2024/136,Mizoram,Aizawl,,23.73555556,92.78833333,28 May 2024,2024-05-28,71.20499910414219
22836,MZ/AZL/84A14/2024/137,Mizoram,Aizawl,,23.72694444,92.79527778,28 May 2024,2024-05-28,71.20499910414219
22837,MZ/AZL/84A14/2024/138,Mizoram,Aizawl,,23.73277778,92.79722222,28 May 2024,2024-05-28,71.20499910414219
22838,MZ/AZL/84A14/2024/139,Mizoram,Aizawl,,23.73416667,92.79861111,28 May 2024,2024-05-28,71.20499910414219
22839,MZ/AZL/84A14/2024/140,Mizoram,Aizawl,,23.74555556,92.79444444,28 May 2024,2024-05-28,71.20499910414219
22840,MZ/AZL/84A14/2024/141,Mizoram,Aizawl,,23.73666667,92.79722222,28 May 2024,2024-05-28,71.20499910414219
22841,MZ/AZL/84A14/2024/142,Mizoram,Aizawl,,23.73638889,92.79805556,28 May 2024,2024-05-28,71.20499910414219
22842,MZ/AZL/84A14/2024/143,Mizoram,Aizawl,,23.73583333,92.79888889,28 May 2024,2024-05-28,71.20499910414219
22843,MZ/AZL/84A14/2024/144,Mizoram,Aizawl,,23.73638889,92.80000305175781,28 May 2024,2024-05-28,71.20499910414219
22844,MZ/AZL/84A14/2024/145,Mizoram,Aizawl,,23.73555556,92.80027778,28 May 2024,2024-05-28,71.20499910414219
22845,MZ/AZL/84A14/2024/146,Mizoram,Aizawl,,23.71972222,92.79777778,28 May 2024,2024-05-28,71.20499910414219
22846,MZ/AZL/84A14/2024/0147,Mizoram,Aizawl,,23.72222222,92.80138889,28 May 2024,2024-05-28,71.00999707728624
22848,MZ/AZL/84A14/2024/149,Mizoram,Aizawl,,23.73305556,92.84777778,28 May 2024,2024-05-28,71.00999707728624
22849,MZ/AZL/84A13/2024/150,Mizoram,Aizawl,,23.76083333,92.84750366210938,28 May 2024,2024-05-28,71.00999707728624
22850,MZ/AZL/84A13/2024/151,Mizoram,Aizawl,,23.86972222,92.87611111,28 May 2024,2024-05-28,81.73499824851751
22851,MZ/AZL/84A13/2024/152,Mizoram,Aizawl,,23.80750556,92.83417222,28 May 2024,2024-05-28,81.73499824851751
22852,MZ/SER/84A15/2024/153,Mizoram,Serchhip,,23.47694444,92.857846,28 May 2024,2024-05-28,96.51499773561954
22853,MZ/SER/84A15/2024/154,Mizoram,Serchhip,,23.471041,92.85502624511719,28 May 2024,2024-05-28,96.51499773561954
22854,MZ/SER/84A15/2024/155,Mizoram,Serchhip,,23.465558,92.855991,28 May 2024,2024-05-28,96.51499773561954
22855,MZ/SER/84A15/2024/156,Mizoram,Serchhip,,23.463164,92.854672,28 May 2024,2024-05-28,96.51499773561954
22856,MZ/SER/84A15/2024/157,Mizoram,Serchhip,,23.312589645385742,92.85641479492188,28 May 2024,2024-05-28,109.87499913200736
22857,MZ/SER/84A15/2024/158,Mizoram,Serchhip,,23.288812,92.864763,28 May 2024,2024-05-28,100.96499685198069
22858,MZ/SER/84A15/2024/159,Mizoram,Serchhip,,23.281264,92.869279,28 May 2024,2024-05-28,100.96499685198069
22859,MZ/SER/84A15/2024/160,Mizoram,Serchhip,,23.379441,92.844081,28 May 2024,2024-05-28,109.87499913200736
22860,MZ/SER/84A15/2024/161,Mizoram,Serchhip,,23.38150978088379,92.844938,28 May 2024,2024-05-28,109.87499913200736
22861,MZ/SER/84A15/2024/162,Mizoram,Serchhip,,23.38217544555664,92.843876,28 May 2024,2024-05-28,109.87499913200736
22862,MZ/SER/84A15/2024/163,Mizoram,Serchhip,,23.38277244567871,92.845187,28 May 2024,2024-05-28,109.87499913200736
22863,MZ/SER/84A15/2024/164,Mizoram,Serchhip,,23.381532669067383,92.854115,28 May 2024,2024-05-28,109.87499913200736
22864,MZ/SER/84A15/2024/165,Mizoram,Serchhip,,23.387941360473633,92.842291,28 May 2024,2024-05-28,109.87499913200736
22865,MZ/SER/84A16/2024/166,Mizoram,Serchhip,,23.237077,92.910043,28 May 2024,2024-05-28,87.16499782726169
22866,MZ/SER/84E04/2024/167,Mizoram,Serchhip,,23.126631,93.064946,28 May 2024,2024-05-28,64.13999795913696
23728,MIZ/AZL/84A15/2025/016,Mizoram,Aizawl,,23.410771,92.753123,28 May 2024,2024-05-28,84.40999794006348
23088,MIZ/AZL/2024/220,Mizoram,Aizawl,,23.60861111,92.85055556,28 May 2024,2024-05-28,55.184998363256454
23096,MIZ/AZL/2024/228,Mizoram,Aizawl,,23.73222222,92.75,28 May 2024,2024-05-28,71.20499910414219
23097,MIZ/AZL/2024/229,Mizoram,Aizawl,,23.73194444,92.75,28 May 2024,2024-05-28,71.20499910414219
23098,MIZ/AZL/2024/230,Mizoram,Aizawl,,23.74083333,92.74111111,28 May 2024,2024-05-28,71.20499910414219
23103,MIZ/AZL/2024/235,Mizoram,Aizawl,,23.76972222,92.74472222,28 May 2024,2024-05-28,71.20499910414219
23115,MIZ/AZL/2024/247,Mizoram,Aizawl,,23.74916667,92.69416667,28 May 2024,2024-05-28,70.93499918468297
23121,MIZ/AZL/2024/254,Mizoram,Aizawl,,23.69277778,92.72055556,28 May 2024,2024-05-28,66.74999817460775
23132,MIZ/AZL/2024/265,Mizoram,Aizawl,,23.70972222,92.72222222,28 May 2024,2024-05-28,71.20499910414219
23133,MIZ/AZL/2024/266,Mizoram,Aizawl,,23.69944444,92.71972222,28 May 2024,2024-05-28,66.74999817460775
23145,MIZ/AZL/2024/278,Mizoram,Aizawl,,23.66416667,92.72055556,28 May 2024,2024-05-28,66.74999817460775
23146,MIZ/AZL/2024/279,Mizoram,Aizawl,,23.66055556,92.72527778,28 May 2024,2024-05-28,66.74999817460775
23147,MIZ/AZL/2024/280,Mizoram,Aizawl,,23.65999984741211,92.72638889,28 May 2024,2024-05-28,66.74999817460775
23148,MIZ/AZL/2024/281,Mizoram,Aizawl,,23.65527778,92.72694444,28 May 2024,2024-05-28,66.74999817460775
23149,MIZ/AZL/2024/282,Mizoram,Aizawl,,23.65138889,92.72694444,28 May 2024,2024-05-28,66.74999817460775
23150,MIZ/AZL/2024/283,Mizoram,Aizawl,,23.64555556,92.72444444,28 May 2024,2024-05-28,66.74999817460775
23152,MIZ/AZL/2024/285,Mizoram,Aizawl,,23.64444444,92.72527778,28 May 2024,2024-05-28,66.74999817460775
23153,MIZ/AZL/2024/286,Mizoram,Aizawl,,23.64166667,92.72416667,28 May 2024,2024-05-28,66.74999817460775
23154,MIZ/AZL/2024/287,Mizoram,Aizawl,,23.64083333,92.72472222,28 May 2024,2024-05-28,66.74999817460775
23155,MIZ/AZL/2024/288,Mizoram,Aizawl,,23.637500762939453,92.72277778,28 May 2024,2024-05-28,66.74999817460775
23160,MIZ/AZL/2024/294,Mizoram,Aizawl,,23.62611111,92.72638889,28 May 2024,2024-05-28,66.74999817460775
23161,MIZ/AZL/2024/295,Mizoram,Aizawl,,23.63249969482422,92.72388889,28 May 2024,2024-05-28,66.74999817460775
23163,MIZ/AZL/2024/297,Mizoram,Aizawl,,23.62972222,92.72555556,28 May 2024,2024-05-28,66.74999817460775
23167,MIZ/AZL/2024/302,Mizoram,Aizawl,,23.61611111,92.71722222,28 May 2024,2024-05-28,66.74999817460775
23170,MIZ/AZL/2024/305,Mizoram,Aizawl,,23.61861111,92.72611111,28 May 2024,2024-05-28,66.74999817460775
23171,MIZ/AZL/2024/306,Mizoram,Aizawl,,23.60555556,92.7249984741211,28 May 2024,2024-05-28,66.74999817460775
23177,MIZ/AZL/2024/312,Mizoram,Aizawl,,23.59194444,92.75055556,28 May 2024,2024-05-28,65.04499828070402
23178,MIZ/AZL/2024/313,Mizoram,Aizawl,,23.594999313354492,92.81611111,28 May 2024,2024-05-28,81.01499701291323
23184,MIZ/AZL/2024/319,Mizoram,Aizawl,,23.60861111,92.80972222,28 May 2024,2024-05-28,55.184998363256454
23188,MIZ/AZL/2024/323,Mizoram,Aizawl,,23.60972222,92.80916667,28 May 2024,2024-05-28,55.184998363256454
23189,MIZ/AZL/2024/324,Mizoram,Aizawl,,23.61361111,92.80777778,28 May 2024,2024-05-28,55.184998363256454
23192,MIZ/AZL/2024/327,Mizoram,Aizawl,,23.61222222,92.80527778,28 May 2024,2024-05-28,55.184998363256454
23193,MIZ/AZL/2024/328,Mizoram,Aizawl,,23.61138889,92.80333333,28 May 2024,2024-05-28,55.184998363256454
23207,MIZ/AZL/2024/342,Mizoram,Aizawl,,23.61611111,92.79777778,28 May 2024,2024-05-28,66.74999817460775
23208,MIZ/AZL/2024/343,Mizoram,Aizawl,,23.61472222,92.79583333,28 May 2024,2024-05-28,66.74999817460775
23209,MIZ/AZL/2024/344,Mizoram,Aizawl,,23.614999771118164,92.79222222,28 May 2024,2024-05-28,66.74999817460775
23211,MIZ/AZL/2024/346,Mizoram,Aizawl,,23.61861111,92.79000091552734,28 May 2024,2024-05-28,66.74999817460775
23214,MIZ/AZL/2024/350,Mizoram,Aizawl,,23.62333333,92.78888889,28 May 2024,2024-05-28,66.74999817460775
23216,MIZ/AZL/2024/352,Mizoram,Aizawl,,23.62527778,92.78638889,28 May 2024,2024-05-28,66.74999817460775
23229,MIZ/AZL/2024/365,Mizoram,Aizawl,,23.59527778,92.71722222,28 May 2024,2024-05-28,65.04499828070402
23230,MIZ/AZL/2024/366,Mizoram,Aizawl,,23.59055556,92.71611111,28 May 2024,2024-05-28,65.04499828070402
23231,MIZ/AZL/2024/367,Mizoram,Aizawl,,23.59027778,92.71583333,28 May 2024,2024-05-28,65.04499828070402
23246,MIZ/AZL/2024/382,Mizoram,Aizawl,,23.57138889,92.70972222,28 May 2024,2024-05-28,65.04499828070402
23247,MIZ/AZL/2024/383,Mizoram,Aizawl,,23.57055556,92.70888889,28 May 2024,2024-05-28,65.04499828070402
23248,MIZ/AZL/2024/384,Mizoram,Aizawl,,23.57027778,92.70722222,28 May 2024,2024-05-28,65.04499828070402
23249,MIZ/AZL/2024/385,Mizoram,Aizawl,,23.55388889,92.70472222,28 May 2024,2024-05-28,65.04499828070402
23250,MIZ/AZL/2024/386,Mizoram,Aizawl,,23.55444444,92.70527778,28 May 2024,2024-05-28,65.04499828070402
23253,MIZ/AZL/2024/389,Mizoram,Aizawl,,23.549999237060547,92.70444444,28 May 2024,2024-05-28,65.04499828070402
23254,MIZ/AZL/2024/390,Mizoram,Aizawl,,23.53222222,92.73500061035156,28 May 2024,2024-05-28,65.04499828070402
23264,MIZ/AZL/2024/401,Mizoram,Aizawl,,23.53555556,92.72333333,28 May 2024,2024-05-28,65.04499828070402
23272,MIZ/AZL/2024/409,Mizoram,Aizawl,,23.54833333,92.71083333,28 May 2024,2024-05-28,65.04499828070402
23277,MIZ/AZL/2024/414,Mizoram,Aizawl,,23.54888889,92.70555556,28 May 2024,2024-05-28,65.04499828070402
23278,MIZ/AZL/2024/415,Mizoram,Aizawl,,23.545000076293945,92.70333333,28 May 2024,2024-05-28,65.04499828070402
23279,MIZ/AZL/2024/416,Mizoram,Aizawl,,23.54027778,92.70138889,28 May 2024,2024-05-28,65.04499828070402
23283,MIZ/AZL/2024/420,Mizoram,Aizawl,,23.53694444,92.69750213623047,28 May 2024,2024-05-28,60.93499866127968
23284,MIZ/AZL/2024/421,Mizoram,Aizawl,,23.53611111,92.69777778,28 May 2024,2024-05-28,60.93499866127968
23285,MIZ/AZL/2024/422,Mizoram,Aizawl,,23.53555556,92.69694444,28 May 2024,2024-05-28,60.93499866127968
23289,MIZ/AZL/2024/426,Mizoram,Aizawl,,23.53027778,92.69666667,28 May 2024,2024-05-28,60.93499866127968
23290,MIZ/AZL/2024/427,Mizoram,Aizawl,,23.52861111,92.69750213623047,28 May 2024,2024-05-28,60.93499866127968
23291,MIZ/AZL/2024/428,Mizoram,Aizawl,,23.52777778,92.69861111,28 May 2024,2024-05-28,60.93499866127968
23294,MIZ/AZL/2024/431,Mizoram,Aizawl,,23.52277778,92.70277778,28 May 2024,2024-05-28,65.04499828070402
23297,MIZ/AZL/2024/435,Mizoram,Aizawl,,23.51444444,92.69805556,28 May 2024,2024-05-28,60.93499866127968
23299,MIZ/AZL/2024/437,Mizoram,Aizawl,,23.51055556,92.69972222,28 May 2024,2024-05-28,60.93499866127968
23300,MIZ/AZL/2024/438,Mizoram,Aizawl,,23.50861111,92.69805556,28 May 2024,2024-05-28,60.93499866127968
23301,MIZ/AZL/2024/439,Mizoram,Aizawl,,23.50694444,92.69638889,28 May 2024,2024-05-28,60.93499866127968
23303,MIZ/AZL/2024/441,Mizoram,Aizawl,,23.50527778,92.69750213623047,28 May 2024,2024-05-28,60.93499866127968
23306,MIZ/AZL/2024/444,Mizoram,Aizawl,,23.55027778,92.70444444,28 May 2024,2024-05-28,65.04499828070402
23316,MIZ/AZL/2024/454,Mizoram,Aizawl,,23.54305556,92.70055556,28 May 2024,2024-05-28,65.04499828070402
23321,MIZ/AZL/2024/459,Mizoram,Aizawl,,23.53972222,92.69944444,28 May 2024,2024-05-28,60.93499866127968
23322,MIZ/AZL/2024/460,Mizoram,Aizawl,,23.53777778,92.69833333,28 May 2024,2024-05-28,60.93499866127968
23327,MIZ/AZL/2024/465,Mizoram,Aizawl,,23.54277778,92.67638889,28 May 2024,2024-05-28,60.93499866127968
23331,MIZ/AZL/2024/469,Mizoram,Aizawl,,23.54277778,92.67472222,28 May 2024,2024-05-28,60.93499866127968
23333,MIZ/AZL/2024/471,Mizoram,Aizawl,,23.54333333,92.66472222,28 May 2024,2024-05-28,60.93499866127968
23336,MIZ/AZL/2024/474,Mizoram,Aizawl,,23.53944444,92.66527778,28 May 2024,2024-05-28,60.93499866127968
23338,MIZ/AZL/2024/476,Mizoram,Aizawl,,23.53888889,92.6624984741211,28 May 2024,2024-05-28,60.93499866127968
23345,MIZ/AZL/2024/483,Mizoram,Aizawl,,23.53944444,92.65888889,28 May 2024,2024-05-28,60.93499866127968
23346,MIZ/AZL/2024/484,Mizoram,Aizawl,,23.53611111,92.65527778,28 May 2024,2024-05-28,60.93499866127968
23351,MIZ/AZL/2024/489,Mizoram,Aizawl,,23.45083333,92.68250274658203,28 May 2024,2024-05-28,74.39499846473336
23360,MIZ/AZL/2024/498,Mizoram,Aizawl,,23.44805556,92.68333333,28 May 2024,2024-05-28,74.39499846473336
23362,MIZ/AZL/2024/500,Mizoram,Aizawl,,23.44333333,92.68527778,28 May 2024,2024-05-28,74.39499846473336
23365,MIZ/AZL/2024/503,Mizoram,Aizawl,,23.42722222,92.71277778,28 May 2024,2024-05-28,84.40999794006348
23367,MIZ/AZL/2024/505,Mizoram,Aizawl,,23.41694444,92.71805556,28 May 2024,2024-05-28,84.40999794006348
23373,MIZ/AZL/2024/511,Mizoram,Aizawl,,23.40999984741211,92.74944444,28 May 2024,2024-05-28,84.40999794006348
23388,MIZ/AZL/2024/526,Mizoram,Aizawl,,23.37972222,92.75166667,28 May 2024,2024-05-28,99.1449979916215
23396,MIZ/AZL/2024/534,Mizoram,Aizawl,,23.35694444,92.77027778,28 May 2024,2024-05-28,99.1449979916215
23397,MIZ/AZL/2024/535,Mizoram,Aizawl,,23.35638889,92.77027778,28 May 2024,2024-05-28,99.1449979916215
23401,MIZ/AZL/2024/539,Mizoram,Aizawl,,23.39166667,92.75527778,28 May 2024,2024-05-28,99.1449979916215
23410,MIZ/AZL/2024/548,Mizoram,Aizawl,,23.43194444,92.76083333,28 May 2024,2024-05-28,84.40999794006348
23414,MIZ/AZL/2024/552,Mizoram,Aizawl,,23.44138889,92.77888889,28 May 2024,2024-05-28,84.40999794006348
23420,MIZ/AZL/2024/559,Mizoram,Aizawl,,23.48555556,92.70305556,28 May 2024,2024-05-28,84.40999794006348
23421,MIZ/AZL/2024/561,Mizoram,Aizawl,,23.49083333,92.70555556,28 May 2024,2024-05-28,84.40999794006348
23427,MIZ/AZL/2024/567,Mizoram,Aizawl,,23.49861111,92.70388889,28 May 2024,2024-05-28,84.40999794006348
23431,MIZ/AZL/2024/571,Mizoram,Aizawl,,23.68277778,92.85749816894531,28 May 2024,2024-05-28,55.184998363256454
23432,MIZ/AZL/2024/572,Mizoram,Aizawl,,23.68305556,92.85749816894531,28 May 2024,2024-05-28,55.184998363256454
23436,MIZ/AZL/2024/576,Mizoram,Aizawl,,23.68638889,92.85833333,28 May 2024,2024-05-28,55.184998363256454
23438,MIZ/AZL/2024/578,Mizoram,Aizawl,,23.69472222,92.85972222,28 May 2024,2024-05-28,55.184998363256454
23439,MIZ/AZL/2024/579,Mizoram,Aizawl,,23.71416667,92.85805556,28 May 2024,2024-05-28,71.00999707728624
23442,MIZ/AZL/2024/582,Mizoram,Aizawl,,23.72722222,92.85472222,28 May 2024,2024-05-28,71.00999707728624
23443,MIZ/AZL/2024/583,Mizoram,Aizawl,,23.72972222,92.85305556,28 May 2024,2024-05-28,71.00999707728624
23446,MIZ/AZL/2024/586,Mizoram,Aizawl,,23.73111111,92.84638889,28 May 2024,2024-05-28,71.00999707728624
23447,MIZ/AZL/2024/587,Mizoram,Aizawl,,23.73361111,92.84305556,28 May 2024,2024-05-28,71.00999707728624
23459,MIZ/AZL/2024/599,Mizoram,Aizawl,,23.73833333,92.81333333,28 May 2024,2024-05-28,71.00999707728624
23461,MIZ/AZL/2024/601,Mizoram,Aizawl,,23.73472222,92.81333333,28 May 2024,2024-05-28,71.00999707728624
23465,MIZ/AZL/2024/605,Mizoram,Aizawl,,23.729999542236328,92.75833333,28 May 2024,2024-05-28,71.20499910414219
23468,MIZ/AZL/2024/608,Mizoram,Aizawl,,23.73055556,92.75861111,28 May 2024,2024-05-28,71.20499910414219
23481,MIZ/AZL/2024/621,Mizoram,Aizawl,,23.72222222,92.79861111,28 May 2024,2024-05-28,71.20499910414219
23498,MIZ/AZL/2024/638,Mizoram,Aizawl,,23.73583333,92.85194444,28 May 2024,2024-05-28,71.00999707728624
23505,MIZ/AZL/2024/645,Mizoram,Aizawl,,23.77777778,92.847900390625,28 May 2024,2024-05-28,71.00999707728624
23507,MIZ/AZL/2024/647,Mizoram,Aizawl,,23.77750015258789,92.84833333,28 May 2024,2024-05-28,71.00999707728624
23508,MIZ/AZL/2024/648,Mizoram,Aizawl,,23.77833333,92.84666667,28 May 2024,2024-05-28,71.00999707728624
23512,MIZ/AZL/2024/652,Mizoram,Aizawl,,23.77361111,92.84944444,28 May 2024,2024-05-28,71.00999707728624
23517,MIZ/AZL/2024/657,Mizoram,Aizawl,,23.82638889,92.8324966430664,28 May 2024,2024-05-28,81.73499824851751
23521,MIZ/AZL/2024/661,Mizoram,Aizawl,,23.84777778,92.83694444,28 May 2024,2024-05-28,81.73499824851751
23582,MIZ/AZL/2024/754,Mizoram,Aizawl,,23.10172778,93.20231944,28 May 2024,2024-05-28,58.45999866351485
23588,MIZ/AZL/2024/760,Mizoram,Aizawl,,23.09561111,93.20786389,28 May 2024,2024-05-28,52.534998662769794
23596,MIZ/AZL/2024/768,Mizoram,Aizawl,,23.11097526550293,93.21260278,28 May 2024,2024-05-28,58.45999866351485
23692,MIZ/KOL/2024/866,Mizoram,Kolasib,,24.425899505615234,93.13580556,28 May 2024,2024-05-28,127.02999714389443
23707,MIZ/KOL/2024/881,Mizoram,Kolasib,,24.56925833,93.177275,28 May 2024,2024-05-28,104.47999730706215
23710,MIZ/KOL/2024/884,Mizoram,Kolasib,,24.52607536315918,93.05379167,28 May 2024,2024-05-28,102.14499758929014
20644,7246,Meghalaya,Eastern-West Khasi Hill,,25.68798889,91.65838889,28 May 2024,2024-05-28,66.51499886251986
22817,MZ/AZL/84A10/2024/117,Mizoram,Aizawl,,23.592500686645508,92.71666667,28 May 2024,2024-05-28,65.04499828070402
22818,MZ/AZL/84A10/2024/118,Mizoram,Aizawl,,23.58722222,92.71361111,28 May 2024,2024-05-28,65.04499828070402
22819,MZ/AZL/84A10/2024/119,Mizoram,Aizawl,,23.57694444,92.71305556,28 May 2024,2024-05-28,65.04499828070402
22820,MZ/AZL/84A10/2024/121,Mizoram,Aizawl,,23.58027778,92.71499633789062,28 May 2024,2024-05-28,65.04499828070402
22821,MZ/AZL/84A10/2024/122,Mizoram,Aizawl,,23.58138889,92.71416667,28 May 2024,2024-05-28,65.04499828070402
22822,MZ/AZL/84A10/2024/123,Mizoram,Aizawl,,23.58694444,92.71749877929688,28 May 2024,2024-05-28,65.04499828070402
22823,MZ/AZL/84A10/2024/124,Mizoram,Aizawl,,23.58555556,92.71583333,28 May 2024,2024-05-28,65.04499828070402
22824,MZ/AZL/84A10/2024/125,Mizoram,Aizawl,,23.58583333,92.71638889,28 May 2024,2024-05-28,65.04499828070402
22825,MZ/AZL/84A10/2024/126,Mizoram,Aizawl,,23.58638889,92.71583333,28 May 2024,2024-05-28,65.04499828070402
23712,MZ/AZL/84A10/2024/120,Mizoram,Aizawl,,23.57722222,92.71222222,28 May 2024,2024-05-28,65.04499828070402
23526,MIZ/AZL/2024/666,Mizoram,Aizawl,,23.88583333,92.85055556,28 September 2024,2024-09-28,0.0
23527,MIZ/AZL/2024/667,Mizoram,Aizawl,,23.89277778,92.85083333,28 September 2024,2024-09-28,0.0
23529,MIZ/AZL/2024/669,Mizoram,Aizawl,,23.89305556,92.84722222,28 September 2024,2024-09-28,0.0
23533,MIZ/AZL/2024/705,Mizoram,Aizawl,,24.03503889,93.54139444,28 September 2024,2024-09-28,0.26499998569488525
23537,MIZ/AZL/2024/709,Mizoram,Aizawl,,24.10864167,93.54198333,28 September 2024,2024-09-28,1.010000005364418
23538,MIZ/AZL/2024/710,Mizoram,Aizawl,,24.12682222,93.54013889,28 September 2024,2024-09-28,1.010000005364418
23551,MIZ/AZL/2024/723,Mizoram,Aizawl,,24.33300556,93.65357222,28 September 2024,2024-09-28,1.6599999396130443
23559,MIZ/AZL/2024/731,Mizoram,Aizawl,,24.49282455444336,93.58643611,28 September 2024,2024-09-28,1.1299999877810478
23562,MIZ/AZL/2024/734,Mizoram,Aizawl,,24.52308611,93.57206944,28 September 2024,2024-09-28,0.9949999861419201
23563,MIZ/AZL/2024/735,Mizoram,Aizawl,,24.48338333,93.58848056,28 September 2024,2024-09-28,1.1299999877810478
23565,MIZ/KOL/2024/737,Mizoram,Kolasib,,24.48857222,93.36792222,28 September 2024,2024-09-28,0.03999999910593033
23576,MIZ/KOL/2024/748,Mizoram,Kolasib,,24.70553333,93.33064167,28 September 2024,2024-09-28,0.3149999901652336
23584,MIZ/AZL/2024/756,Mizoram,Aizawl,,23.10184722,93.20138889,28 September 2024,2024-09-28,0.0
23600,MIZ/AZL/2024/772,Mizoram,Aizawl,,23.25951944,93.15917222,28 September 2024,2024-09-28,0.0
23604,MIZ/AZL/2024/776,Mizoram,Aizawl,,23.32829167,93.12184167,28 September 2024,2024-09-28,0.0
23624,MIZ/AZL/2024/796,Mizoram,Aizawl,,23.35406111,93.04156111,28 September 2024,2024-09-28,0.0
23625,MIZ/AZL/2024/797,Mizoram,Aizawl,,23.35958611,93.04477222,28 September 2024,2024-09-28,0.0
23671,MIZ/KOL/2024/845,Mizoram,Kolasib,,24.08927222,93.12408611,28 September 2024,2024-09-28,1.9749999046325684
23672,MIZ/KOL/2024/846,Mizoram,Kolasib,,24.10641389,93.12339944,28 September 2024,2024-09-28,0.11499999463558197
23687,MIZ/KOL/2024/861,Mizoram,Kolasib,,24.15817222,93.02488611,28 September 2024,2024-09-28,0.03999999910593033
23688,MIZ/KOL/2024/862,Mizoram,Kolasib,,24.23419444,93.02469167,28 September 2024,2024-09-28,0.0
23689,MIZ/KOL/2024/863,Mizoram,Kolasib,,24.32836667,93.00923056,28 September 2024,2024-09-28,0.0
20500,ME/EKH/78O15/2025/02,Meghalaya,East Khasi Hills,Laitlyngkot- Pomlum slide 1,25.422278,91.867694,30 May 2025,2025-05-30,80.9749988541007
20501,ME/EKH/78O15/2025/03,Meghalaya,East Khasi Hills,Laitlyngkot-Pomlum slide 2,25.43480556,91.85952778,30 May 2025,2025-05-30,80.9749988541007
20502,ME/EKH/78O15/2025/04,Meghalaya,East Khasi Hills,11th Mile slide2,25.48716667,91.81936111,30 May 2025,2025-05-30,80.9749988541007
20608,ME/SWK/2025/16,Meghalaya,South West Khasi Hills,Mawiang,25.619397,91.6170425415039,30 May 2025,2025-05-30,87.4999980777502
20609,4695,Meghalaya,Eastern-West Khasi Hill,Mawblei,25.65443889,91.62390833,30 May 2025,2025-05-30,87.4999980777502
20610,4696,Meghalaya,Eastern-West Khasi Hill,Nongkhlaw,25.65443889,91.63345833,30 May 2025,2025-05-30,87.4999980777502
20611,4697,Meghalaya,Eastern-West Khasi Hill,Nongkhlaw,25.65977222,91.63440556,30 May 2025,2025-05-30,87.4999980777502
20614,ME/RIB/2025/22,Meghalaya,Ri-Bhoi,Umiam Hydal Project,25.663150787353516,91.90180278,30 May 2025,2025-05-30,112.52499622199684
20615,4701,Meghalaya,Ri-Bhoi,Umsawlum A,25.67032222,91.90487222,30 May 2025,2025-05-30,112.52499622199684
20618,4702,Meghalaya,East Khasi Hills,Lait-Sohphie,25.30127778,91.92198889,30 May 2025,2025-05-30,59.97499803453684
20622,ME/EWK/2026/30,Meghalaya,South West Khasi Hills,Mawpud,25.28247222,91.36413333,30 May 2025,2025-05-30,57.00499842315912
20623,ME/SWK/2026/31,Meghalaya,South West Khasi Hills,Mawpud,25.28090556,91.36584722,30 May 2025,2025-05-30,57.00499842315912
23734,MIZ/AZL/84A15/2025/022,Mizoram,Aizawl,,23.336229,92.787113,30 May 2025,2025-05-30,172.31499469093978
23750,MIZ/LUNG/84A12/2025/038,Mizoram,Lunglei,,23.183856,92.735346,30 May 2025,2025-05-30,176.64999589323997
23752,MIZ/LUNG/84A12/2025/040,Mizoram,Lunglei,,23.181806,92.736868,30 May 2025,2025-05-30,176.64999589323997
23843,MIZ/SER/84A15/2025/131,Mizoram,Serchhip,,23.293453216552734,92.858089,30 May 2025,2025-05-30,209.02999601420015
24074,MIZ/LUN/84A16/2025/121,Mizoram,Lunglei,,23.1398868560791,92.751646,30 May 2025,2025-05-30,176.64999589323997
24105,MIZ/LUN/84A12/2025/155,Mizoram,Lunglei,,23.105649948120117,92.745979,30 May 2025,2025-05-30,176.64999589323997
20634,ME/EWK/2026/42,Meghalaya,Eastern-West Khasi Hill,Nongkhlaw-Tirotsing 2,25.69517778,91.64123611,30 May 2025,2025-05-30,87.4999980777502
20639,ME/EWK/2026/47,Meghalaya,Eastern-West Khasi Hill,,25.69523333,91.64426944,30 May 2025,2025-05-30,87.4999980777502
20640,ME/EWK/2026/48,Meghalaya,Eastern-West Khasi Hill,,25.69463611,91.64577778,30 May 2025,2025-05-30,87.4999980777502
23770,MIZ/SIA/84B15/2025/058,Mizoram,Siaha,,22.44437599182129,92.947323,30 May 2025,2025-05-30,196.00499576330185
20620,ME/RIB/2025/28,Meghalaya,Ri-Bhoi,,25.67761389,91.89865833,30 May 2025,2025-05-30,110.76499652396888
20626,7237,Meghalaya,Ri-Bhoi,Sahkynduh,25.71165556,91.89512778,30 May 2025,2025-05-30,96.31499917898327
20627,7239,Meghalaya,Ri-Bhoi,Ri-Bhoi Pataraim,25.75297778,91.88535278,30 May 2025,2025-05-30,96.31499917898327
799,AS/KAM(M)/78N16/2025/006,Assam,Kamrup,"Doimuguri, Bonda",26.19113889,91.82961111,31 May 2025,2025-05-31,15.724999581463635
804,AS/KAM(M)/78N12/2025/04,Assam,Kamrup,Pandu,26.170270919799805,91.697998046875,31 May 2025,2025-05-31,14.605000022798777
19600,6822,Manipur,Noney,,24.846509,93.573533,31 May 2025,2025-05-31,95.19499834626913
20617,ME/EKH/2025/25,Meghalaya,East Khasi Hills,Lewmawiong,25.42315556,91.86329167,31 May 2025,2025-05-31,74.55499857664108
20653,7252,Meghalaya,Eastern-West Khasi Hill,Mawkarah,25.700668334960938,91.596815,31 May 2025,2025-05-31,32.72499916981906
20654,ME/EWK/2026/62,Meghalaya,Eastern-West Khasi Hill,,25.73945426940918,91.572107,31 May 2025,2025-05-31,32.72499916981906
23716,MIZ/AZL/84A10/2025/004,Mizoram,Aizawl,,23.742469787597656,92.705587,31 May 2025,2025-05-31,101.48999735713005
23737,MIZ/SER/84A15/2025/025,Mizoram,Serchhip,,23.316491,92.788798,31 May 2025,2025-05-31,49.80999830830842
23739,MIZ/SER/84A12/2025/027,Mizoram,Serchhip,,23.239076614379883,92.745631,31 May 2025,2025-05-31,56.774998277425766
23741,MIZ/SER/84A12/2025/029,Mizoram,Serchhip,,23.239797,92.744214,31 May 2025,2025-05-31,56.774998277425766
23742,MIZ/SER/84A12/2025/030,Mizoram,Serchhip,,23.238784790039062,92.744224,31 May 2025,2025-05-31,56.774998277425766
23744,MIZ/LUNG/84A12/2025/032,Mizoram,Lunglei,,23.214239,92.740856,31 May 2025,2025-05-31,56.774998277425766
23753,MIZ/LUNG/84A12/2025/041,Mizoram,Lunglei,,23.180770874023438,92.735789,31 May 2025,2025-05-31,50.26999867707491
23754,MIZ/LUNG/84A12/2025/042,Mizoram,Lunglei,,23.173606,92.739793,31 May 2025,2025-05-31,50.26999867707491
23756,MIZ/LUNG/84A16/2025/044,Mizoram,Lunglei,,23.140846252441406,92.751229,31 May 2025,2025-05-31,50.26999867707491
23761,MIZ/LUNG/84A12/2025/049,Mizoram,Lunglei,,23.114225387573242,92.746024,31 May 2025,2025-05-31,50.26999867707491
23762,MIZ/LUNG/84A12/2025/050,Mizoram,Lunglei,,23.11182403564453,92.745097,31 May 2025,2025-05-31,50.26999867707491
23767,MIZ/LAW/84B14/2025/055,Mizoram,Lawngtlai,,22.519716262817383,92.891037,31 May 2025,2025-05-31,14.544999593868852
23769,MIZ/SIA/84B15/2025/057,Mizoram,Siaha,,22.40421485900879,92.951647,31 May 2025,2025-05-31,12.329999682493508
23771,MIZ/SIA/84B15/2025/059,Mizoram,Siaha,,22.491822,92.970252,31 May 2025,2025-05-31,12.329999682493508
23772,MIZ/SIA/84B15/2025/060,Mizoram,Siaha,,22.490999221801758,92.97075653076172,31 May 2025,2025-05-31,12.329999682493508
23774,MIZ/SIA/84B15/2025/061,Mizoram,Siaha,,22.43710708618164,92.946912,31 May 2025,2025-05-31,12.329999682493508
23775,MIZ/LAW/84B14/2025/061,Mizoram,Lawngtlai,,22.54734992980957,92.882032,31 May 2025,2025-05-31,14.544999593868852
23793,MIZ/HNAH/84B13/2025/081,Mizoram,Hnahthial,,22.967715,92.925677,31 May 2025,2025-05-31,33.26499946042895
23794,MIZ/HNAH/84B13/2025/082,Mizoram,Hnahthial,,22.971217,92.925544,31 May 2025,2025-05-31,33.26499946042895
23795,MIZ/HNAH/84B13/2025/083,Mizoram,Hnahthial,,22.969581604003906,92.925917,31 May 2025,2025-05-31,33.26499946042895
23796,MIZ/HNAH/84A16/2025/084,Mizoram,Hnahthial,,23.077813,92.8984375,31 May 2025,2025-05-31,41.08999924361706
23797,MIZ/HNAH/84A16/2025/085,Mizoram,Hnahthial,,23.081023,92.897247,31 May 2025,2025-05-31,41.08999924361706
23798,MIZ/HNAH/84A16/2025/086,Mizoram,Hnahthial,,23.08434295654297,92.898597,31 May 2025,2025-05-31,41.08999924361706
23803,MIZ/SER/84A16/2025/091,Mizoram,Serchhip,,23.188273,92.898879,31 May 2025,2025-05-31,54.704998672008514
23805,MIZ/SER/84A16/2025/093,Mizoram,Serchhip,,23.198119,92.899566,31 May 2025,2025-05-31,54.704998672008514
23809,MIZ/SER/84A15/2025/097,Mizoram,Serchhip,,23.322038650512695,92.859147,31 May 2025,2025-05-31,45.299998921342194
23810,MIZ/SER/84A15/2025/098,Mizoram,Serchhip,,23.319156,92.857722,31 May 2025,2025-05-31,45.299998921342194
23811,MIZ/SER/84A15/2025/099,Mizoram,Serchhip,,23.317543029785156,92.858683,31 May 2025,2025-05-31,45.299998921342194
23812,MIZ/SER/84A15/2025/100,Mizoram,Serchhip,,23.318568,92.852294,31 May 2025,2025-05-31,45.299998921342194
23813,MIZ/SER/84A15/2025/101,Mizoram,Serchhip,,23.323423385620117,92.860926,31 May 2025,2025-05-31,45.299998921342194
23814,MIZ/SER/84A15/2025/102,Mizoram,Serchhip,,23.319412231445312,92.85541534423828,31 May 2025,2025-05-31,45.299998921342194
23815,MIZ/SER/84A15/2025/103,Mizoram,Serchhip,,23.319184,92.856725,31 May 2025,2025-05-31,45.299998921342194
23816,MIZ/SER/84A15/2025/104,Mizoram,Serchhip,,23.30928611755371,92.850807,31 May 2025,2025-05-31,45.299998921342194
23817,MIZ/SER/84A15/2025/105,Mizoram,Serchhip,,23.101119995117188,92.852784,31 May 2025,2025-05-31,54.704998672008514
23818,MIZ/SER/84A15/2025/106,Mizoram,Serchhip,,23.309913635253906,92.853522,31 May 2025,2025-05-31,45.299998921342194
23819,MIZ/SER/84A15/2025/107,Mizoram,Serchhip,,23.31527328491211,92.856524,31 May 2025,2025-05-31,45.299998921342194
23820,MIZ/SER/84A15/2025/108,Mizoram,Serchhip,,23.311529,92.85443115234375,31 May 2025,2025-05-31,45.299998921342194
23821,MIZ/SER/84A15/2025/109,Mizoram,Serchhip,,23.316370010375977,92.854172,31 May 2025,2025-05-31,45.299998921342194
23822,MIZ/SER/84A15/2025/110,Mizoram,Serchhip,,23.310073852539062,92.858498,31 May 2025,2025-05-31,45.299998921342194
23823,MIZ/SER/84A15/2025/111,Mizoram,Serchhip,,23.309295,92.860017,31 May 2025,2025-05-31,45.299998921342194
23824,MIZ/SER/84A15/2025/112,Mizoram,Serchhip,,23.308629,92.860039,31 May 2025,2025-05-31,45.299998921342194
23825,MIZ/SER/84A15/2025/113,Mizoram,Serchhip,,23.308778,92.858357,31 May 2025,2025-05-31,45.299998921342194
23826,MIZ/SER/84A15/2025/114,Mizoram,Serchhip,,23.30083656311035,92.855693,31 May 2025,2025-05-31,45.299998921342194
23827,MIZ/SER/84A15/2025/115,Mizoram,Serchhip,,23.3007869720459,92.853572,31 May 2025,2025-05-31,45.299998921342194
23828,MIZ/SER/84A15/2025/116,Mizoram,Serchhip,,23.305322647094727,92.852358,31 May 2025,2025-05-31,45.299998921342194
23831,MIZ/SER/84A15/2025/119,Mizoram,Serchhip,,23.298928,92.857435,31 May 2025,2025-05-31,50.07499855477363
23832,MIZ/SER/84A15/2025/120,Mizoram,Serchhip,,23.31084632873535,92.858915,31 May 2025,2025-05-31,45.299998921342194
23833,MIZ/SER/84A15/2025/121,Mizoram,Serchhip,,23.31133460998535,92.858026,31 May 2025,2025-05-31,45.299998921342194
23835,MIZ/SER/84A15/2025/123,Mizoram,Serchhip,,23.305700302124023,92.852802,31 May 2025,2025-05-31,45.299998921342194
23840,MIZ/SER/84A15/2025/128,Mizoram,Serchhip,,23.301381,92.853078,31 May 2025,2025-05-31,45.299998921342194
23841,MIZ/SER/84A15/2025/129,Mizoram,Serchhip,,23.299628,92.855609,31 May 2025,2025-05-31,50.07499855477363
23845,MIZ/SER/84A15/2025/133,Mizoram,Serchhip,,23.298166275024414,92.858694,31 May 2025,2025-05-31,50.07499855477363
23849,MIZ/SER/84A15/2025/137,Mizoram,Serchhip,,23.301587,92.868485,31 May 2025,2025-05-31,45.299998921342194
23850,MIZ/SER/84A15/2025/138,Mizoram,Serchhip,,23.313996,92.863984,31 May 2025,2025-05-31,45.299998921342194
23852,MIZ/SER/84A15/2025/140,Mizoram,Serchhip,,23.322799682617188,92.862406,31 May 2025,2025-05-31,45.299998921342194
23860,MIZ/SER/84A16/2025/148,Mizoram,Serchhip,,23.243854522705078,92.905242,31 May 2025,2025-05-31,52.55499881505966
23861,MIZ/SER/84A15/2025/149,Mizoram,Serchhip,,23.286735,92.8570327758789,31 May 2025,2025-05-31,50.07499855477363
23862,MIZ/SER/84A15/2025/150,Mizoram,Serchhip,,23.284564971923828,92.857096,31 May 2025,2025-05-31,50.07499855477363
23865,MIZ/SER/84A15/2025/153,Mizoram,Serchhip,,23.288276,92.830821,31 May 2025,2025-05-31,50.07499855477363
23934,MIZ/SER/84E04/2025/222,Mizoram,Serchhip,,23.191499710083008,93.01102447509766,31 May 2025,2025-05-31,37.77999948710203
23935,MIZ/SER/84E04/2025/223,Mizoram,Serchhip,,23.183361053466797,93.066742,31 May 2025,2025-05-31,37.77999948710203
23937,MIZ/KHAW/84E04/2025/225,Mizoram,Khawzawl,,23.229764938354492,93.127521,31 May 2025,2025-05-31,35.17499931901693
23939,MIZ/KHAW/84E04/2025/227,Mizoram,Khawzawl,,23.197704315185547,93.163019,31 May 2025,2025-05-31,30.394999380223453
23949,MIZ/SAI/84A14/2025/237,Mizoram,Saitual,,23.527591705322266,92.984969,31 May 2025,2025-05-31,38.22999906539917
23951,MIZ/AIZ/84A13/2025/239,Mizoram,Aizawl,,23.760465621948242,92.848969,31 May 2025,2025-05-31,84.12999828159809
846,7193,Assam,Kamrup (Metro),Birkuchi,26.184324264526367,91.855395,31 May 2025,2025-05-31,15.724999581463635
23768,MIZ/LAW/84B15/2025/056,Mizoram,Lawngtlai,,22.48764991760254,92.886806,31 May 2025,2025-05-31,12.274999564513564
23776,MIZ/LUNG/84B14/2025/062,Mizoram,Lunglei,,22.64108657836914,92.867635,31 May 2025,2025-05-31,18.024999726563692
23777,MIZ/LUNG/84B14/2025/063,Mizoram,Lunglei,,22.66069221496582,92.855602,31 May 2025,2025-05-31,18.024999726563692
23778,MIZ/LUNG/84B14/2025/064,Mizoram,Lunglei,,22.688472,92.842907,31 May 2025,2025-05-31,18.024999726563692
23779,MIZ/LUNG/84B14/2025/065,Mizoram,Lunglei,,22.702165,92.836523,31 May 2025,2025-05-31,19.114999575540423
23780,MIZ/LUNG/84B14/2025/066,Mizoram,Lunglei,,22.706998825073242,92.841597,31 May 2025,2025-05-31,19.114999575540423
23781,MIZ/LUNG/84B14/2025/067,Mizoram,Lunglei,,22.745387,92.841543,31 May 2025,2025-05-31,19.114999575540423
23782,MIZ/LUNG/84B13/2025/070,Mizoram,Lunglei,,22.788323,92.833817,31 May 2025,2025-05-31,19.114999575540423
23783,MIZ/LUNG/84B13/2025/071,Mizoram,Lunglei,,22.793307,92.819831,31 May 2025,2025-05-31,19.114999575540423
23791,MIZ/LUNG/84B13/2025/079,Mizoram,Lunglei,,22.892425537109375,92.822937,31 May 2025,2025-05-31,27.174999848008156
23792,MIZ/HNAH/84B13/2025/080,Mizoram,Hnahthial,,22.902089,92.879909,31 May 2025,2025-05-31,34.089999347925186
23806,MIZ/SER/84A16/2025/094,Mizoram,Serchhip,,23.223594,92.914767,31 May 2025,2025-05-31,52.55499881505966
23807,MIZ/SER/84A16/2025/095,Mizoram,Serchhip,,23.22522735595703,92.912496,31 May 2025,2025-05-31,52.55499881505966
23853,MIZ/SER/84A15/2025/141,Mizoram,Serchhip,,23.286141,92.868152,31 May 2025,2025-05-31,50.07499855477363
23854,MIZ/SER/84A15/2025/142,Mizoram,Serchhip,,23.281219,92.869608,31 May 2025,2025-05-31,50.07499855477363
23855,MIZ/SER/84A15/2025/143,Mizoram,Serchhip,,23.274148,92.871011,31 May 2025,2025-05-31,50.07499855477363
23856,MIZ/SER/84A15/2025/144,Mizoram,Serchhip,,23.272548,92.874296,31 May 2025,2025-05-31,50.07499855477363
23869,MIZ/SER/84A11/2025/157,Mizoram,Serchhip,,23.3071346282959,92.707624,31 May 2025,2025-05-31,49.80999830830842
23870,MIZ/SER/84A11/2025/158,Mizoram,Serchhip,,23.306409,92.706083,31 May 2025,2025-05-31,49.80999830830842
23871,MIZ/SER/84A11/2025/159,Mizoram,Serchhip,,23.306012,92.704212,31 May 2025,2025-05-31,49.80999830830842
