sample_id,state,latitude,longitude,label,sample_type
1,arunachal pradesh,6388863.243900299,-1492223.2482010708,0,background
2,arunachal pradesh,6426761.041852926,-1577127.2329115772,0,background
3,arunachal pradesh,6308402.574964057,-1777562.9713466475,0,background
4,arunachal pradesh,6359621.257569275,-1837550.8167617738,0,background
5,arunachal pradesh,6461510.567715481,-1340657.1793306842,0,background
6,arunachal pradesh,6215336.419247453,-1769473.983856732,0,background
7,arunachal pradesh,6333961.468424719,-1523206.7840552698,0,background
8,arunachal pradesh,6353020.29481099,-1887914.670734827,0,background
9,arunachal pradesh,6294190.475586185,-1937743.588008235,0,background
10,arunachal pradesh,6275492.954133264,-1714940.1650297272,0,background
11,arunachal pradesh,6434012.163214233,-1508529.9014421965,0,background
12,arunachal pradesh,6221639.301645326,-1734539.0563426132,0,background
13,arunachal pradesh,6203520.422949792,-1752422.8203030748,0,background
14,arunachal pradesh,6294139.556118587,-1765342.5664666523,0,background
15,arunachal pradesh,6402336.699717473,-1493772.2418651176,0,background
16,arunachal pradesh,6329593.227276305,-1627975.4451433325,0,background
17,arunachal pradesh,6237347.968661017,-1779115.4889623323,0,background
18,arunachal pradesh,6461414.634021024,-1363968.5871383455,0,background
19,arunachal pradesh,6483353.804977154,-1556180.8277827413,0,background
20,arunachal pradesh,6219624.418557188,-1760787.7929182742,0,background
21,arunachal pradesh,6329443.169342071,-1819217.0497701338,0,background
22,arunachal pradesh,6479637.248715162,-1436419.684317202,0,background
23,arunachal pradesh,6358413.417107404,-1962573.508761247,0,background
24,arunachal pradesh,6258437.2550500445,-1696299.9853846687,0,background
25,arunachal pradesh,6298445.580144973,-1889324.2567533245,0,background
26,arunachal pradesh,6285721.020519823,-1644507.675432745,0,background
27,arunachal pradesh,6194282.23976733,-1782301.3336835776,0,background
28,arunachal pradesh,6355618.8043612335,-1571645.9753430435,0,background
29,arunachal pradesh,6278020.568373332,-1933688.12955812,0,background
30,arunachal pradesh,6445308.14801287,-1531054.679667955,0,background
31,arunachal pradesh,6367082.160009393,-1556099.1185439,0,background
32,arunachal pradesh,6246110.176709438,-1758986.55910032,0,background
33,arunachal pradesh,6259957.115930713,-1634877.6941215238,0,background
34,arunachal pradesh,6220809.558210006,-1745826.4077898962,0,background
35,arunachal pradesh,6265276.157657486,-1623487.752183017,0,background
36,arunachal pradesh,6302461.537648653,-1747147.5681870985,0,background
37,arunachal pradesh,6492238.090084544,-1496140.3996032684,0,background
38,arunachal pradesh,6451631.461069388,-1391611.4098241595,0,background
39,arunachal pradesh,6421157.677035898,-1611108.0616168934,0,background
40,arunachal pradesh,6440068.1845393265,-1755989.7034160784,0,background
41,arunachal pradesh,6475651.505251941,-1545652.632991644,0,background
42,arunachal pradesh,6378350.945027786,-1540475.8392571558,0,background
43,arunachal pradesh,6308871.546482718,-1906314.6635271492,0,background
44,arunachal pradesh,6266016.473184713,-1795041.0100229967,0,background
45,arunachal pradesh,6352099.221131658,-1592833.5132538907,0,background
46,arunachal pradesh,6189928.024698518,-1784940.418611659,0,background
47,arunachal pradesh,6476962.878976419,-1341962.4434440457,0,background
48,arunachal pradesh,6314892.1301257275,-1776068.1588683573,0,background
49,arunachal pradesh,6361039.718260668,-1876207.9837862742,0,background
50,arunachal pradesh,6438085.980674121,-1397912.6709812642,0,background
51,arunachal pradesh,6424825.353293399,-1514914.3614745892,0,background
52,arunachal pradesh,6283197.204892368,-1733873.84253688,0,background
53,arunachal pradesh,6462104.955364933,-1442033.4680518603,0,background
54,arunachal pradesh,6497825.145187879,-1404594.9918429719,0,background
55,arunachal pradesh,6355216.069668689,-1635364.6630892765,0,background
56,arunachal pradesh,6406633.929416478,-1449212.205684189,0,background
57,arunachal pradesh,6457144.680742668,-1511702.4525958537,0,background
58,arunachal pradesh,6369461.707218194,-1665040.0294751301,0,background
59,arunachal pradesh,6362395.275928454,-1884656.6108016944,0,background
60,arunachal pradesh,6402292.513301385,-1616361.8420612577,0,background
61,arunachal pradesh,6293368.241620269,-1632148.3343551422,0,background
62,arunachal pradesh,6241529.709269726,-1701786.9105077663,0,background
63,arunachal pradesh,6268182.415236713,-1865599.422190064,0,background
64,arunachal pradesh,6429020.535113947,-1610788.322753883,0,background
65,arunachal pradesh,6267312.364552463,-1694879.8954171033,0,background
66,arunachal pradesh,6345502.278092748,-1648161.6845005017,0,background
67,arunachal pradesh,6331779.042706066,-1854723.7171791303,0,background
68,arunachal pradesh,6370491.173451716,-1669804.9721943168,0,background
69,arunachal pradesh,6291989.395757061,-1920901.8941380116,0,background
70,arunachal pradesh,6485435.983786373,-1559074.7161371107,0,background
71,arunachal pradesh,6460969.326340646,-1480143.5272541365,0,background
72,arunachal pradesh,6336833.927522705,-1557197.0788834752,0,background
73,arunachal pradesh,6442105.924372127,-1530806.2785544624,0,background
74,arunachal pradesh,6455006.007785489,-1453569.10746748,0,background
75,arunachal pradesh,6222054.2383975545,-1739437.3686593517,0,background
76,arunachal pradesh,6309885.145282348,-1724285.968361194,0,background
77,arunachal pradesh,6509604.516668117,-1439802.8961717298,0,background
78,arunachal pradesh,6352136.424934494,-1894947.3007182048,0,background
79,arunachal pradesh,6383567.3385361945,-1483108.102026338,0,background
80,arunachal pradesh,6278823.013346835,-1937601.4586716692,0,background
81,arunachal pradesh,6303896.429963566,-1666272.3495236358,0,background
82,arunachal pradesh,6367193.58120979,-1514170.944057453,0,background
83,arunachal pradesh,6326372.68196823,-1569147.8381374977,0,background
84,arunachal pradesh,6313434.994406538,-1581658.0966166242,0,background
85,arunachal pradesh,6473190.721475264,-1337879.1169624785,0,background
86,arunachal pradesh,6276205.79822378,-1697981.147853902,0,background
87,arunachal pradesh,6375797.976707575,-1609049.6360301804,0,background
88,arunachal pradesh,6396362.531620583,-1477209.6813474605,0,background
89,arunachal pradesh,6510391.486132384,-1407649.5685963952,0,background
90,arunachal pradesh,6270953.894179301,-1647837.0525751621,0,background
91,arunachal pradesh,6295375.505374254,-1647511.5234999242,0,background
92,arunachal pradesh,6301234.592973278,-1849093.9722697271,0,background
93,arunachal pradesh,6278001.128266523,-1857491.686800633,0,background
94,arunachal pradesh,6341105.798281722,-1888824.414341626,0,background
95,arunachal pradesh,6307677.974340344,-1833230.372477653,0,background
96,arunachal pradesh,6500468.591046277,-1400374.2111208898,0,background
97,arunachal pradesh,6277407.902924423,-1927460.9159019834,0,background
98,arunachal pradesh,6440680.666126618,-1444083.347560693,0,background
99,arunachal pradesh,6349330.091101861,-1726750.2624170056,0,background
100,arunachal pradesh,6268942.367780956,-1943286.320886814,0,background
101,arunachal pradesh,6491578.801047281,-1504318.2440092266,0,background
102,arunachal pradesh,6365814.029294413,-1635147.3133037763,0,background
103,arunachal pradesh,6336476.073209564,-1897558.710554789,0,background
104,arunachal pradesh,6265490.288218959,-1621563.1976281432,0,background
105,arunachal pradesh,6312185.742705551,-1792419.6148685932,0,background
106,arunachal pradesh,6294941.06755318,-1829912.6231646957,0,background
107,arunachal pradesh,6379206.37634435,-1548063.060290458,0,background
108,arunachal pradesh,6237160.958461504,-1807525.422600321,0,background
109,arunachal pradesh,6280254.208396638,-1846053.4534302258,0,background
110,arunachal pradesh,6319311.078183347,-1894401.453506184,0,background
111,arunachal pradesh,6481291.701462874,-1338167.1263344341,0,background
112,arunachal pradesh,6278482.151693934,-1596266.025671514,0,background
113,arunachal pradesh,6328864.263253308,-1757105.8040631989,0,background
114,arunachal pradesh,6265469.238870308,-1637785.705069359,0,background
115,arunachal pradesh,6348158.360614903,-1866945.083111175,0,background
116,arunachal pradesh,6228062.953649724,-1748721.0506890572,0,background
117,arunachal pradesh,6417558.031664925,-1801892.6209861678,0,background
118,arunachal pradesh,6387817.294254805,-1473907.2965991818,0,background
119,arunachal pradesh,6515762.404199039,-1428242.7812843781,0,background
120,arunachal pradesh,6238191.2611786565,-1836283.5145993454,0,background
121,arunachal pradesh,6362680.049408743,-1535555.7218492143,0,background
122,arunachal pradesh,6312068.0690318225,-1682207.219400157,0,background
123,arunachal pradesh,6366280.800303278,-1564828.9353810572,0,background
124,arunachal pradesh,6454652.387359714,-1387196.10782567,0,background
125,arunachal pradesh,6485191.315818571,-1472460.1117555501,0,background
126,arunachal pradesh,6319114.23297406,-1884378.860869953,0,background
127,arunachal pradesh,6403580.225225101,-1499980.2748920438,0,background
128,arunachal pradesh,6369489.350564813,-1516904.1828873595,0,background
129,arunachal pradesh,6301244.537328408,-1803736.025505554,0,background
130,arunachal pradesh,6320348.740616415,-1588624.6660160474,0,background
131,arunachal pradesh,6393295.312741743,-1638902.6088629505,0,background
132,arunachal pradesh,6472075.119142033,-1328195.7791191498,0,background
133,arunachal pradesh,6319708.401283463,-1583510.3780800202,0,background
134,arunachal pradesh,6297608.080967236,-1931558.4495853563,0,background
135,arunachal pradesh,6301679.997039938,-1742401.38930052,0,background
136,arunachal pradesh,6338217.328677963,-1821377.5128981427,0,background
137,arunachal pradesh,6326609.049672344,-1643781.5828888714,0,background
138,arunachal pradesh,6325119.197955046,-1870642.7879525004,0,background
139,arunachal pradesh,6387729.412030672,-1641298.7713178631,0,background
140,arunachal pradesh,6247554.26752994,-1834004.996580489,0,background
141,arunachal pradesh,6334172.842039038,-1626900.2281032384,0,background
142,arunachal pradesh,6509212.039141707,-1408024.5865770413,0,background
143,arunachal pradesh,6275283.6222226275,-1724909.7008345448,0,background
144,arunachal pradesh,6323079.09299837,-1549307.1124037155,0,background
145,arunachal pradesh,6409737.41161314,-1502616.8789544962,0,background
146,arunachal pradesh,6258390.270418464,-1949505.751040314,0,background
147,arunachal pradesh,6265733.3319174405,-1902573.7295606264,0,background
148,arunachal pradesh,6477893.580486037,-1498533.3693499165,0,background
149,arunachal pradesh,6313019.887392057,-1798789.9293103572,0,background
150,arunachal pradesh,6323313.752362078,-1562184.6477163755,0,background
151,arunachal pradesh,6332566.993653518,-1608958.5930976348,0,background
152,arunachal pradesh,6458551.840256608,-1386768.182637539,0,background
153,arunachal pradesh,6275824.879020163,-1855711.4502988057,0,background
154,arunachal pradesh,6468903.654280282,-1544493.0501274422,0,background
155,arunachal pradesh,6411854.680958993,-1577515.2665669152,0,background
156,arunachal pradesh,6314213.521212902,-1695418.0343078522,0,background
157,arunachal pradesh,6316346.153177076,-1807920.2466796667,0,background
158,arunachal pradesh,6346395.439561069,-1599644.59949639,0,background
159,arunachal pradesh,6272346.183837325,-1946854.3335122492,0,background
160,arunachal pradesh,6388234.361671883,-1645080.015674104,0,background
161,arunachal pradesh,6332116.992573695,-1520502.0238667482,0,background
162,arunachal pradesh,6422127.955002853,-1448485.1834216856,0,background
163,arunachal pradesh,6369204.115977289,-1846983.7819250252,0,background
164,arunachal pradesh,6475641.890382023,-1517988.7674692685,0,background
165,arunachal pradesh,6351027.991096604,-1805118.4836336777,0,background
166,arunachal pradesh,6501984.27891122,-1509361.6736388793,0,background
167,arunachal pradesh,6474032.566091292,-1407857.8456881621,0,background
168,arunachal pradesh,6223266.4893710045,-1817871.812237882,0,background
169,arunachal pradesh,6290712.9197148,-1924685.437908142,0,background
170,arunachal pradesh,6458180.524253288,-1357890.03609604,0,background
171,arunachal pradesh,6398854.982135601,-1655777.8410095328,0,background
172,arunachal pradesh,6522363.031057903,-1400310.3184820605,0,background
173,arunachal pradesh,6280996.765106845,-1737032.463685217,0,background
174,arunachal pradesh,6359085.794154849,-1572831.5393739499,0,background
175,arunachal pradesh,6242649.771206043,-1817443.023869317,0,background
176,arunachal pradesh,6246082.381093016,-1824049.3465450737,0,background
177,arunachal pradesh,6502851.578415993,-1393752.5408546564,0,background
178,arunachal pradesh,6367497.713964553,-1821888.1917822487,0,background
179,arunachal pradesh,6382430.358027645,-1582430.5816163,0,background
180,arunachal pradesh,6226365.823565593,-1794783.029733851,0,background
181,arunachal pradesh,6512515.039306971,-1390533.4579956203,0,background
182,arunachal pradesh,6461898.061442983,-1407802.7262322933,0,background
183,arunachal pradesh,6372306.355431215,-1542013.9007872883,0,background
184,arunachal pradesh,6322981.777467935,-1910653.3185085575,0,background
185,arunachal pradesh,6271476.704014341,-1725312.4267086291,0,background
186,arunachal pradesh,6353262.347059941,-1497785.275423261,0,background
187,arunachal pradesh,6257770.627722024,-1914507.0775284753,0,background
188,arunachal pradesh,6386698.186910441,-1655316.6278550776,0,background
189,arunachal pradesh,6377458.473556516,-1527239.8042731578,0,background
190,arunachal pradesh,6409573.887658873,-1449776.046809365,0,background
191,arunachal pradesh,6417086.292405436,-1514618.7256444467,0,background
192,arunachal pradesh,6442224.421174297,-1565776.9626224483,0,background
193,arunachal pradesh,6280927.193685009,-1962940.8530670975,0,background
194,arunachal pradesh,6368540.620134568,-1555790.33204765,0,background
195,arunachal pradesh,6335953.17159146,-1523815.0577721454,0,background
196,arunachal pradesh,6337852.776723224,-1690610.5032104359,0,background
197,arunachal pradesh,6276485.710639923,-1709155.444570103,0,background
198,arunachal pradesh,6450495.8190028835,-1403588.922404616,0,background
199,arunachal pradesh,6398409.847193649,-1473390.8292140744,0,background
200,arunachal pradesh,6330550.898532948,-1522342.517794292,0,background
201,arunachal pradesh,6351779.470354861,-1836998.7906843612,0,background
202,arunachal pradesh,6424818.732963446,-1566072.5486457273,0,background
203,arunachal pradesh,6302952.467949812,-1910082.6126937645,0,background
204,arunachal pradesh,6420315.91791929,-1598907.5168841677,0,background
205,arunachal pradesh,6483183.575573493,-1507100.6539106066,0,background
206,arunachal pradesh,6459200.5320435,-1503839.911595267,0,background
207,arunachal pradesh,6236767.241657954,-1806782.3083948921,0,background
208,arunachal pradesh,6354065.9198218,-1539765.5649107092,0,background
209,arunachal pradesh,6430615.866922974,-1606807.1922961476,0,background
210,arunachal pradesh,6341744.570570464,-1799919.0583397993,0,background
211,arunachal pradesh,6310022.521276791,-1742668.0150449239,0,background
212,arunachal pradesh,6400259.429695408,-1562951.6469806535,0,background
213,arunachal pradesh,6496367.607706818,-1502712.4123947015,0,background
214,arunachal pradesh,6359823.162220907,-1678204.38258841,0,background
215,arunachal pradesh,6316964.743817444,-1861002.0427773097,0,background
216,arunachal pradesh,6361539.979639055,-1856957.891438337,0,background
217,arunachal pradesh,6267652.944659793,-1687557.4758684873,0,background
218,arunachal pradesh,6426312.36724026,-1566728.2424874976,0,background
219,arunachal pradesh,6345903.7576872455,-1536459.1918839498,0,background
220,arunachal pradesh,6460565.948169733,-1419451.9286033292,0,background
221,arunachal pradesh,6220271.3326840075,-1833549.8732789785,0,background
222,arunachal pradesh,6201278.889236436,-1792091.1148728526,0,background
223,arunachal pradesh,6425586.2176818745,-1767322.71128663,0,background
224,arunachal pradesh,6335207.613889762,-1530752.0051145863,0,background
225,arunachal pradesh,6471803.981540778,-1517762.1121273497,0,background
226,arunachal pradesh,6395509.660043668,-1644555.5133833215,0,background
227,arunachal pradesh,6415829.873450983,-1519772.6307853514,0,background
228,arunachal pradesh,6452500.829243751,-1402206.9622780601,0,background
229,arunachal pradesh,6437282.606337961,-1599247.827963601,0,background
230,arunachal pradesh,6445538.664217322,-1443016.4197533545,0,background
231,arunachal pradesh,6310789.048784197,-1812983.5047682645,0,background
232,arunachal pradesh,6412954.796145229,-1575613.3881725916,0,background
233,arunachal pradesh,6342046.289301212,-1565206.7572567684,0,background
234,arunachal pradesh,6347480.089803647,-1630343.95629069,0,background
235,arunachal pradesh,6366329.796034812,-1590713.1767991004,0,background
236,arunachal pradesh,6446438.578295809,-1572722.3608869365,0,background
237,arunachal pradesh,6430242.2365172645,-1439682.1227312265,0,background
238,arunachal pradesh,6216634.862783048,-1738978.284826523,0,background
239,arunachal pradesh,6270445.484651031,-1651888.0163927705,0,background
240,arunachal pradesh,6287941.827747572,-1782280.31018458,0,background
241,arunachal pradesh,6363406.720167617,-1849380.5363966038,0,background
242,arunachal pradesh,6270371.436205382,-1599055.8332091954,0,background
243,arunachal pradesh,6487768.597531612,-1435658.0245383088,0,background
244,arunachal pradesh,6254951.740408954,-1819123.238528907,0,background
245,arunachal pradesh,6323873.770046286,-1570726.9607739847,0,background
246,arunachal pradesh,6493247.01961718,-1422247.3646189615,0,background
247,arunachal pradesh,6263550.63342405,-1737811.4344913056,0,background
248,arunachal pradesh,6337984.624123799,-1562372.5065660982,0,background
249,arunachal pradesh,6480353.021065676,-1489057.6146620458,0,background
250,arunachal pradesh,6214658.379028401,-1826479.7228519437,0,background
251,arunachal pradesh,6370865.469356917,-1573248.5108639896,0,background
252,arunachal pradesh,6316903.941707634,-1816614.4219319338,0,background
253,arunachal pradesh,6353571.005916121,-1581433.885576012,0,background
254,arunachal pradesh,6381841.774066723,-1497189.2926871867,0,background
255,arunachal pradesh,6209014.209557674,-1789229.568329667,0,background
256,arunachal pradesh,6293512.016203063,-1842615.034071245,0,background
257,arunachal pradesh,6304465.889769486,-1820046.6091665367,0,background
258,arunachal pradesh,6368549.811033253,-1815469.4375801454,0,background
259,arunachal pradesh,6293845.290636958,-1621342.294897384,0,background
260,arunachal pradesh,6434581.368227482,-1605237.3727501722,0,background
261,arunachal pradesh,6367100.517775938,-1836733.4882413154,0,background
262,arunachal pradesh,6337500.833941734,-1904367.4077916255,0,background
263,arunachal pradesh,6457025.976628695,-1535740.9293975164,0,background
264,arunachal pradesh,6397497.288220178,-1629126.8299867772,0,background
265,arunachal pradesh,6426993.844274541,-1459765.0186541101,0,background
266,arunachal pradesh,6286500.369786076,-1943625.4870316787,0,background
267,arunachal pradesh,6306246.26857614,-1796396.7069093832,0,background
268,arunachal pradesh,6287330.2574597625,-1607820.047913353,0,background
269,arunachal pradesh,6360121.759013698,-1577465.0082082702,0,background
270,arunachal pradesh,6460654.358220635,-1403956.4088024187,0,background
271,arunachal pradesh,6321086.080657073,-1914589.4216100862,0,background
272,arunachal pradesh,6466388.576010982,-1551271.0948248354,0,background
273,arunachal pradesh,6446413.133708484,-1573794.1494963935,0,background
274,arunachal pradesh,6355579.682950504,-1853661.9173846138,0,background
275,arunachal pradesh,6406716.075170063,-1565143.4362657708,0,background
276,arunachal pradesh,6216504.967861396,-1770342.3765635693,0,background
277,arunachal pradesh,6329088.34591462,-1625180.3409960219,0,background
278,arunachal pradesh,6248917.162522281,-1675298.5032074172,0,background
279,arunachal pradesh,6435607.965029887,-1430241.824723596,0,background
280,arunachal pradesh,6348229.037408903,-1697115.431618947,0,background
281,arunachal pradesh,6271497.287067125,-1954633.0618682487,0,background
282,arunachal pradesh,6256045.242727181,-1619816.2780249505,0,background
283,arunachal pradesh,6459134.385286586,-1334013.1534842246,0,background
284,arunachal pradesh,6350617.948654798,-1903455.2201955076,0,background
285,arunachal pradesh,6512405.305118445,-1388368.9277276595,0,background
286,arunachal pradesh,6333078.442353573,-1520675.680364582,0,background
287,arunachal pradesh,6394154.085836669,-1554062.1513702373,0,background
288,arunachal pradesh,6284216.828116944,-1737921.6982155922,0,background
289,arunachal pradesh,6446261.721830226,-1538730.890208375,0,background
290,arunachal pradesh,6188760.4083763,-1795142.1712469761,0,background
291,arunachal pradesh,6447941.78623341,-1775422.106525202,0,background
292,arunachal pradesh,6223550.351089471,-1833649.7425638954,0,background
293,arunachal pradesh,6449815.869012807,-1568111.3289137452,0,background
294,arunachal pradesh,6365186.630661646,-1549368.9288859263,0,background
295,arunachal pradesh,6298671.529505874,-1883985.0323634674,0,background
296,arunachal pradesh,6474713.163101618,-1408294.2112516733,0,background
297,arunachal pradesh,6408780.700603117,-1463385.30094387,0,background
298,arunachal pradesh,6357586.71571238,-1584112.226456608,0,background
299,arunachal pradesh,6483998.85937334,-1520188.7525742976,0,background
300,arunachal pradesh,6445135.62846251,-1554307.5810254868,0,background
301,arunachal pradesh,6341375.519085968,-1863241.5837854766,0,background
302,arunachal pradesh,6320571.421802222,-1902744.5335200506,0,background
303,arunachal pradesh,6435419.856650267,-1606987.9271858302,0,background
304,arunachal pradesh,6233076.101065347,-1754995.9150533236,0,background
305,arunachal pradesh,6324425.6665325975,-1713092.3410093298,0,background
306,arunachal pradesh,6348100.443346695,-1585504.0089599348,0,background
307,arunachal pradesh,6375987.308430009,-1590835.5138795434,0,background
308,arunachal pradesh,6460330.016873088,-1528244.1649511352,0,background
309,arunachal pradesh,6297275.9384889705,-1929100.2551618454,0,background
310,arunachal pradesh,6426625.388310638,-1457903.908197944,0,background
311,arunachal pradesh,6331837.134879944,-1754177.7881054736,0,background
312,arunachal pradesh,6257919.134273539,-1909606.496126557,0,background
313,arunachal pradesh,6436317.585632002,-1579001.8550952058,0,background
314,arunachal pradesh,6327413.530761059,-1550237.6021000757,0,background
315,arunachal pradesh,6453632.12122981,-1554381.5283240965,0,background
316,arunachal pradesh,6323484.595209595,-1890316.266471709,0,background
317,arunachal pradesh,6385091.574433865,-1596097.6293869454,0,background
318,arunachal pradesh,6306973.311781104,-1847409.7816179197,0,background
319,arunachal pradesh,6473126.519533455,-1400924.569387178,0,background
320,arunachal pradesh,6348791.792400691,-1669847.7902528506,0,background
321,arunachal pradesh,6353465.1182472175,-1494853.5772699462,0,background
322,arunachal pradesh,6409055.482639855,-1479650.2819377522,0,background
323,arunachal pradesh,6279246.930858265,-1930070.8776215664,0,background
324,arunachal pradesh,6267051.828089852,-1797309.3843145547,0,background
325,arunachal pradesh,6350385.90014238,-1924679.0695606729,0,background
326,arunachal pradesh,6323897.022855677,-1621690.7260254787,0,background
327,arunachal pradesh,6271616.640130418,-1695403.2472303105,0,background
328,arunachal pradesh,6302564.339493812,-1572318.739364772,0,background
329,arunachal pradesh,6268433.105341581,-1820915.5537213357,0,background
330,arunachal pradesh,6349390.117755229,-1669773.9950666376,0,background
331,arunachal pradesh,6324129.069856329,-1667182.4046434162,0,background
332,arunachal pradesh,6370427.122678005,-1544782.9775495958,0,background
333,arunachal pradesh,6337801.624698357,-1812171.2531385694,0,background
334,arunachal pradesh,6353933.187787438,-1617616.030815415,0,background
335,arunachal pradesh,6362771.562680998,-1834895.808941585,0,background
336,arunachal pradesh,6495366.851664308,-1411012.8342627215,0,background
337,arunachal pradesh,6364181.286865354,-1603957.9210843735,0,background
338,arunachal pradesh,6489864.688766654,-1500423.2960475897,0,background
339,arunachal pradesh,6305436.4054614175,-1669148.2670166355,0,background
340,arunachal pradesh,6241691.558805007,-1749626.8157376454,0,background
341,arunachal pradesh,6264590.975400166,-1901797.8029284163,0,background
342,arunachal pradesh,6302022.283575253,-1874983.213992726,0,background
343,arunachal pradesh,6396576.94045277,-1544670.023622335,0,background
344,arunachal pradesh,6404180.927417569,-1785911.0838180578,0,background
345,arunachal pradesh,6359074.101429081,-1516773.057417854,0,background
346,arunachal pradesh,6255159.4020637525,-1769021.8849155412,0,background
347,arunachal pradesh,6286783.71642179,-1945552.855652046,0,background
348,arunachal pradesh,6446847.82005815,-1401914.3681400158,0,background
349,arunachal pradesh,6411836.74899524,-1455600.7091080244,0,background
350,arunachal pradesh,6375625.712685226,-1531964.9888015867,0,background
351,arunachal pradesh,6336352.480296079,-1895082.243297812,0,background
352,arunachal pradesh,6313265.166370265,-1612461.0153243928,0,background
353,arunachal pradesh,6499500.192079268,-1487091.7445071812,0,background
354,arunachal pradesh,6460301.537319407,-1477972.157589504,0,background
355,arunachal pradesh,6368787.615767845,-1510587.235216837,0,background
356,arunachal pradesh,6265290.544966871,-1904459.5129238595,0,background
357,arunachal pradesh,6285388.782665036,-1774258.929142443,0,background
358,arunachal pradesh,6476704.631797715,-1381356.0489072376,0,background
359,arunachal pradesh,6386980.058061274,-1533864.2046685459,0,background
360,arunachal pradesh,6264464.916388884,-1915854.5070721295,0,background
361,arunachal pradesh,6468746.054250071,-1532958.8620099502,0,background
362,arunachal pradesh,6330592.987872098,-1631404.897197818,0,background
363,arunachal pradesh,6332036.850183043,-1761473.4184271921,0,background
364,arunachal pradesh,6389994.124674139,-1465051.0821977786,0,background
365,arunachal pradesh,6400171.913337867,-1573251.402456062,0,background
366,arunachal pradesh,6424877.201158885,-1583236.7949639133,0,background
367,arunachal pradesh,6358973.316108769,-1813055.2939184543,0,background
368,arunachal pradesh,6314689.018220663,-1899470.6282940363,0,background
369,arunachal pradesh,6306840.87761544,-1802054.2006113008,0,background
370,arunachal pradesh,6277385.963703148,-1876246.853679665,0,background
371,arunachal pradesh,6249428.128381219,-1654373.0747995635,0,background
372,arunachal pradesh,6360431.137270388,-1832802.955764298,0,background
373,arunachal pradesh,6298876.976773937,-1897004.8691929379,0,background
374,arunachal pradesh,6283161.521452961,-1634504.8948180024,0,background
375,arunachal pradesh,6301080.755864929,-1893234.0846831955,0,background
376,arunachal pradesh,6318175.148497065,-1788859.2398103084,0,background
377,arunachal pradesh,6512310.33902103,-1432672.9161591828,0,background
378,arunachal pradesh,6202123.286206772,-1799968.1459185372,0,background
379,arunachal pradesh,6419320.083887861,-1575388.3728898133,0,background
380,arunachal pradesh,6314456.103348908,-1892812.9057153135,0,background
381,arunachal pradesh,6326616.78782252,-1888571.9777171623,0,background
382,arunachal pradesh,6304387.951592834,-1915069.0013349345,0,background
383,arunachal pradesh,6484128.982957256,-1569693.8849800027,0,background
384,arunachal pradesh,6474397.9744993085,-1543927.8448185076,0,background
385,arunachal pradesh,6330421.072860863,-1517848.4735473664,0,background
386,arunachal pradesh,6454786.761285625,-1768371.3326025822,0,background
387,arunachal pradesh,6478539.862377842,-1433560.3741099513,0,background
388,arunachal pradesh,6419948.782442794,-1509354.7387221945,0,background
389,arunachal pradesh,6402109.773831317,-1548124.5948040434,0,background
390,arunachal pradesh,6391329.66585793,-1527820.7427563954,0,background
391,arunachal pradesh,6256977.215277032,-1730563.6907998486,0,background
392,arunachal pradesh,6369136.18063955,-1607878.9228691263,0,background
393,arunachal pradesh,6470257.32441646,-1472821.367369305,0,background
394,arunachal pradesh,6248917.621422853,-1798847.36459717,0,background
395,arunachal pradesh,6300119.521348914,-1929686.2758731479,0,background
396,arunachal pradesh,6301792.164621653,-1605285.7616184729,0,background
397,arunachal pradesh,6378721.131057816,-1562666.615203897,0,background
398,arunachal pradesh,6369593.310373129,-1658586.534762705,0,background
399,arunachal pradesh,6311508.846652094,-1585160.6697078797,0,background
400,arunachal pradesh,6352032.6439642515,-1635408.0863444183,0,background
401,arunachal pradesh,6446315.455105416,-1430254.1332166851,0,background
402,arunachal pradesh,6219351.577707364,-1837031.363754541,0,background
403,arunachal pradesh,6490845.662309162,-1417636.5427699827,0,background
404,arunachal pradesh,6358304.375019657,-1676249.2652893437,0,background
405,arunachal pradesh,6431829.95714941,-1520943.384178479,0,background
406,arunachal pradesh,6305754.11716086,-1772859.1302876545,0,background
407,arunachal pradesh,6468462.89653436,-1528014.9316398383,0,background
408,arunachal pradesh,6470428.651336646,-1488411.6348397906,0,background
409,arunachal pradesh,6446865.539069956,-1539874.0699703954,0,background
410,arunachal pradesh,6350405.510244007,-1909603.716815191,0,background
411,arunachal pradesh,6322666.517396296,-1916710.7076496729,0,background
412,arunachal pradesh,6219952.1452685455,-1740796.102089254,0,background
413,arunachal pradesh,6509756.728627022,-1442763.8931619967,0,background
414,arunachal pradesh,6285266.363761357,-1628076.7949432295,0,background
415,arunachal pradesh,6426419.485866919,-1451664.136087323,0,background
416,arunachal pradesh,6283785.566813286,-1705730.9182306584,0,background
417,arunachal pradesh,6278837.321669266,-1816330.78338587,0,background
418,arunachal pradesh,6503362.741539431,-1445846.9208187116,0,background
419,arunachal pradesh,6403347.606115657,-1820453.6199397,0,background
420,arunachal pradesh,6337147.1225423,-1640722.0964763388,0,background
421,arunachal pradesh,6459973.08495341,-1433487.4443668635,0,background
422,arunachal pradesh,6361677.122816172,-1608664.2119716227,0,background
423,arunachal pradesh,6227859.871885055,-1782668.7705202142,0,background
424,arunachal pradesh,6277162.641429896,-1936689.6622231158,0,background
425,arunachal pradesh,6216798.197052813,-1761912.238387195,0,background
426,arunachal pradesh,6275161.912267732,-1733391.9931874082,0,background
427,arunachal pradesh,6315775.747509777,-1646735.6872347123,0,background
428,arunachal pradesh,6412321.844170261,-1504515.1538726517,0,background
429,arunachal pradesh,6218000.979935639,-1773730.6096937507,0,background
430,arunachal pradesh,6404619.886517376,-1459897.5033787063,0,background
431,arunachal pradesh,6306216.500964226,-1935824.2002717075,0,background
432,arunachal pradesh,6340039.267557917,-1686362.7822123254,0,background
433,arunachal pradesh,6309214.926896963,-1831576.7775688067,0,background
434,arunachal pradesh,6476041.030101172,-1433717.6805606664,0,background
435,arunachal pradesh,6324779.253187259,-1886403.042990406,0,background
436,arunachal pradesh,6321539.676353894,-1647351.6198257746,0,background
437,arunachal pradesh,6387641.661729806,-1622652.7826166705,0,background
438,arunachal pradesh,6449222.7794905165,-1464978.6054526232,0,background
439,arunachal pradesh,6461080.441290166,-1467465.2631665953,0,background
440,arunachal pradesh,6273495.713828396,-1889102.4836389478,0,background
441,arunachal pradesh,6283099.101211258,-1955696.9090968175,0,background
442,arunachal pradesh,6310265.164764076,-1741266.3868223908,0,background
443,arunachal pradesh,6452782.403829687,-1384167.8615191341,0,background
444,arunachal pradesh,6286426.722058714,-1708888.888126866,0,background
445,arunachal pradesh,6260559.657738491,-1924465.833879615,0,background
446,arunachal pradesh,6349175.639200464,-1807106.4090622994,0,background
447,arunachal pradesh,6259571.0836842405,-1729858.517439771,0,background
448,arunachal pradesh,6230275.661645598,-1840042.360405545,0,background
449,arunachal pradesh,6452132.41993285,-1563310.352380185,0,background
450,arunachal pradesh,6401781.549722654,-1440890.0220391506,0,background
451,arunachal pradesh,6336566.4961638395,-1557790.9328400358,0,background
452,arunachal pradesh,6265290.359954551,-1623481.8192417843,0,background
453,arunachal pradesh,6276654.951591825,-1917625.4807648573,0,background
454,arunachal pradesh,6331420.325281779,-1612507.1252568634,0,background
455,arunachal pradesh,6253961.337860994,-1678051.035358489,0,background
456,arunachal pradesh,6456226.870167508,-1330562.749911165,0,background
457,arunachal pradesh,6271403.2732976675,-1597610.7670336382,0,background
458,arunachal pradesh,6281566.87243454,-1890208.2980059967,0,background
459,arunachal pradesh,6305201.876010215,-1592691.6369310352,0,background
460,arunachal pradesh,6305706.642292496,-1601156.5174189294,0,background
461,arunachal pradesh,6382431.267884242,-1683842.4640531081,0,background
462,arunachal pradesh,6252400.816002566,-1644318.6728342508,0,background
463,arunachal pradesh,6323313.897708005,-1638233.284496651,0,background
464,arunachal pradesh,6471011.014513241,-1441049.081383351,0,background
465,arunachal pradesh,6408257.282765584,-1466839.503685882,0,background
466,arunachal pradesh,6279345.7682185825,-1617361.2423166214,0,background
467,arunachal pradesh,6286782.369392452,-1769743.2354431625,0,background
468,arunachal pradesh,6411165.583123988,-1821579.4856472227,0,background
469,arunachal pradesh,6475375.090834926,-1485799.3573829944,0,background
470,arunachal pradesh,6428336.595821509,-1756057.5364264771,0,background
471,arunachal pradesh,6357770.295002844,-1633735.0321196239,0,background
472,arunachal pradesh,6341430.477459353,-1503684.4106983922,0,background
473,arunachal pradesh,6479969.875274105,-1494177.7685393055,0,background
474,arunachal pradesh,6301121.907933416,-1840426.7157241062,0,background
475,arunachal pradesh,6376191.04570187,-1495426.1034785174,0,background
476,arunachal pradesh,6435895.297078638,-1457054.9424031142,0,background
477,arunachal pradesh,6262893.515535501,-1683163.1628018585,0,background
478,arunachal pradesh,6464534.65585871,-1509818.4790219252,0,background
479,arunachal pradesh,6356351.923212111,-1933564.891657218,0,background
480,arunachal pradesh,6480298.777254074,-1501006.9346543683,0,background
481,arunachal pradesh,6457452.509686785,-1530686.564688237,0,background
482,arunachal pradesh,6281133.144064495,-1611027.052050018,0,background
483,arunachal pradesh,6303760.055444963,-1768070.9091619148,0,background
484,arunachal pradesh,6311020.859005964,-1930375.1702067275,0,background
485,arunachal pradesh,6326404.142029192,-1837993.0134064837,0,background
486,arunachal pradesh,6321301.115543785,-1893581.0785511534,0,background
487,arunachal pradesh,6425542.459084365,-1488401.601534872,0,background
488,arunachal pradesh,6273043.156788792,-1709143.780173518,0,background
489,arunachal pradesh,6348816.324244785,-1833879.5998530418,0,background
490,arunachal pradesh,6213394.969123693,-1774224.5581879357,0,background
491,arunachal pradesh,6397519.140825177,-1578470.361999522,0,background
492,arunachal pradesh,6392794.177760915,-1508677.468711948,0,background
493,arunachal pradesh,6275405.399325393,-1764093.7304175615,0,background
494,arunachal pradesh,6487348.575502848,-1489277.2176876275,0,background
495,arunachal pradesh,6417076.287042962,-1512239.1288170111,0,background
496,arunachal pradesh,6255769.743552106,-1805956.4687389615,0,background
497,arunachal pradesh,6267253.059290774,-1791405.6000752512,0,background
498,arunachal pradesh,6340469.082487508,-1926521.349173979,0,background
499,arunachal pradesh,6391659.575049249,-1491743.4972102183,0,background
500,arunachal pradesh,6466562.883913665,-1444804.0521153463,0,background
501,arunachal pradesh,6437098.4010791965,-1485160.2584908071,0,background
502,arunachal pradesh,6367967.918768292,-1587938.892721505,0,background
503,arunachal pradesh,6351606.694811626,-1930640.8728075465,0,background
504,arunachal pradesh,6486897.1811639825,-1536190.0649622956,0,background
505,arunachal pradesh,6281671.652024138,-1895443.9742081654,0,background
506,arunachal pradesh,6268083.370022953,-1766105.1038937515,0,background
507,arunachal pradesh,6367005.65746887,-1632988.226768061,0,background
508,arunachal pradesh,6304047.769806878,-1735563.8764276449,0,background
509,arunachal pradesh,6454893.335424203,-1429581.6192665156,0,background
510,arunachal pradesh,6317535.980092388,-1900545.4562822944,0,background
511,arunachal pradesh,6355775.865762076,-1608099.679969631,0,background
512,arunachal pradesh,6471732.312390252,-1527937.419701568,0,background
513,arunachal pradesh,6440713.97423634,-1409984.596078308,0,background
514,arunachal pradesh,6222221.979920312,-1818138.2269627196,0,background
515,arunachal pradesh,6435187.702971878,-1500821.6140196265,0,background
516,arunachal pradesh,6237396.984846005,-1633035.135692593,0,background
517,arunachal pradesh,6304214.77867258,-1810393.3471404284,0,background
518,arunachal pradesh,6258525.057951778,-1898743.617922092,0,background
519,arunachal pradesh,6392013.204760587,-1630251.3281638583,0,background
520,arunachal pradesh,6201502.403109781,-1807918.1678612048,0,background
521,arunachal pradesh,6262626.798564889,-1713412.0498436003,0,background
522,arunachal pradesh,6374391.876445402,-1567276.0882915666,0,background
523,arunachal pradesh,6422728.331263685,-1616186.7636391951,0,background
524,arunachal pradesh,6324195.76466216,-1642649.5771574362,0,background
525,arunachal pradesh,6230981.9163051145,-1748330.3273936992,0,background
526,arunachal pradesh,6357394.312885677,-1834539.0612061287,0,background
527,arunachal pradesh,6375708.032433843,-1659424.0450170918,0,background
528,arunachal pradesh,6367041.258961047,-1497769.998895521,0,background
529,arunachal pradesh,6466010.270060014,-1424675.918459403,0,background
530,arunachal pradesh,6245044.632752162,-1674319.2812198552,0,background
531,arunachal pradesh,6292746.742267164,-1604409.689935544,0,background
532,arunachal pradesh,6302915.615210291,-1824292.5413399015,0,background
533,arunachal pradesh,6408977.3167075245,-1498227.9380127932,0,background
534,arunachal pradesh,6449184.017674433,-1445190.4800254032,0,background
535,arunachal pradesh,6383686.774872875,-1469828.6610767604,0,background
536,arunachal pradesh,6441888.564146976,-1459809.2034125177,0,background
537,arunachal pradesh,6438600.191513129,-1564568.7791393404,0,background
538,arunachal pradesh,6441275.767820519,-1389455.6477528396,0,background
539,arunachal pradesh,6408077.880298613,-1579695.9794357712,0,background
540,arunachal pradesh,6251560.546286321,-1791317.1337337974,0,background
541,arunachal pradesh,6265154.3520529065,-1763497.2867190063,0,background
542,arunachal pradesh,6328661.430248691,-1827665.0429332727,0,background
543,arunachal pradesh,6274856.6130959345,-1756565.7019882887,0,background
544,arunachal pradesh,6450990.571070113,-1438414.527388777,0,background
545,arunachal pradesh,6271415.280606515,-1946876.4174656498,0,background
546,arunachal pradesh,6474144.079755531,-1431618.5620325615,0,background
547,arunachal pradesh,6460910.5520580625,-1481720.4653254237,0,background
548,arunachal pradesh,6527054.557950373,-1410465.3041718674,0,background
549,arunachal pradesh,6397551.805826181,-1471230.9785496322,0,background
550,arunachal pradesh,6429195.188408911,-1445242.755796145,0,background
551,arunachal pradesh,6406174.997704557,-1514836.4727866629,0,background
552,arunachal pradesh,6389086.178921799,-1554535.2999102336,0,background
553,arunachal pradesh,6423840.097855715,-1571559.6362288122,0,background
554,arunachal pradesh,6459575.599785348,-1423354.2963152698,0,background
555,arunachal pradesh,6386847.956012085,-1588755.0528812064,0,background
556,arunachal pradesh,6487321.209366455,-1395577.316339704,0,background
557,arunachal pradesh,6488422.188672497,-1407238.848302824,0,background
558,arunachal pradesh,6204718.236554301,-1749580.7547499654,0,background
559,arunachal pradesh,6464481.233516455,-1334357.3790508595,0,background
560,arunachal pradesh,6506389.0408773525,-1414017.6060142242,0,background
561,arunachal pradesh,6315065.268163939,-1911875.0388353243,0,background
562,arunachal pradesh,6254518.175355055,-1921001.6411875759,0,background
563,arunachal pradesh,6343990.524008132,-1818288.979291495,0,background
564,arunachal pradesh,6216481.5171363745,-1792861.4354473443,0,background
565,arunachal pradesh,6285203.218974892,-1755435.5525550293,0,background
566,arunachal pradesh,6226422.648025903,-1816251.8539829678,0,background
567,arunachal pradesh,6304577.920710755,-1800710.3867444866,0,background
568,arunachal pradesh,6300187.814390053,-1871772.0851625311,0,background
569,arunachal pradesh,6349335.290082372,-1913410.3360592385,0,background
570,arunachal pradesh,6356598.941413593,-1590371.4852063966,0,background
571,arunachal pradesh,6340691.9858765295,-1913711.6745847326,0,background
572,arunachal pradesh,6412608.265992986,-1594530.7696781245,0,background
573,arunachal pradesh,6351016.759609683,-1840474.776740113,0,background
574,arunachal pradesh,6382163.04976604,-1598786.549987818,0,background
575,arunachal pradesh,6278019.39032566,-1846894.6303614825,0,background
576,arunachal pradesh,6244835.280785202,-1825201.74121228,0,background
577,arunachal pradesh,6272686.770571314,-1805117.8713176867,0,background
578,arunachal pradesh,6398793.838026134,-1452910.1558957228,0,background
579,arunachal pradesh,6303157.677190558,-1669759.104922269,0,background
580,arunachal pradesh,6349886.881448614,-1906248.6506395973,0,background
581,arunachal pradesh,6330439.824219326,-1650983.9613154107,0,background
582,arunachal pradesh,6252320.549317615,-1947321.0554348347,0,background
583,arunachal pradesh,6355132.715622542,-1636330.213336321,0,background
584,arunachal pradesh,6333277.774747062,-1609534.151156556,0,background
585,arunachal pradesh,6198690.642766836,-1813026.0441155431,0,background
586,arunachal pradesh,6377475.650354953,-1527643.9725165612,0,background
587,arunachal pradesh,6416517.966733193,-1570413.8732304168,0,background
588,arunachal pradesh,6397186.889451318,-1508926.3879284048,0,background
589,arunachal pradesh,6208847.9635513155,-1746536.4252792401,0,background
590,arunachal pradesh,6271925.164419086,-1679830.804405836,0,background
591,arunachal pradesh,6355216.646604954,-1677290.1572810845,0,background
592,arunachal pradesh,6344632.362602944,-1807070.7418137596,0,background
593,arunachal pradesh,6441691.18311785,-1537685.856243098,0,background
594,arunachal pradesh,6381670.042153271,-1478033.0212223306,0,background
595,arunachal pradesh,6464631.537478235,-1380405.8146576344,0,background
596,arunachal pradesh,6496417.049784136,-1386112.5708436994,0,background
597,arunachal pradesh,6420866.938975349,-1763464.0278731403,0,background
598,arunachal pradesh,6247527.289578361,-1790869.202546717,0,background
599,arunachal pradesh,6300001.631439152,-1847308.4485754864,0,background
600,arunachal pradesh,6281241.424157901,-1622317.2406123371,0,background
601,arunachal pradesh,6285396.734729077,-1647380.8122409405,0,background
602,arunachal pradesh,6331776.366516171,-1580392.2852184437,0,background
603,arunachal pradesh,6342215.198315009,-1592863.681073207,0,background
604,arunachal pradesh,6437427.204834482,-1581193.1811257708,0,background
605,arunachal pradesh,6301875.901830224,-1687332.7936641807,0,background
606,arunachal pradesh,6340118.721201414,-1518160.8788615363,0,background
607,arunachal pradesh,6307085.658703869,-1739499.5831446855,0,background
608,arunachal pradesh,6210839.225543233,-1831462.1810973736,0,background
609,arunachal pradesh,6348501.958986039,-1664329.612700945,0,background
610,arunachal pradesh,6269946.644165224,-1724813.282092032,0,background
611,arunachal pradesh,6304431.729913146,-1898400.552074477,0,background
612,arunachal pradesh,6244468.504838939,-1710670.262971052,0,background
613,arunachal pradesh,6261649.087009534,-1605719.3106594256,0,background
614,arunachal pradesh,6505120.938406463,-1392198.2771760235,0,background
615,arunachal pradesh,6321165.903234846,-1558505.2633790153,0,background
616,arunachal pradesh,6329910.809224956,-1527614.818100391,0,background
617,arunachal pradesh,6312794.080668766,-1687288.7866314605,0,background
618,arunachal pradesh,6288349.9616686,-1633578.7042701705,0,background
619,arunachal pradesh,6294149.210932145,-1595338.670957621,0,background
620,arunachal pradesh,6275717.947158558,-1941608.5898044035,0,background
621,arunachal pradesh,6460482.781218094,-1531730.900750579,0,background
622,arunachal pradesh,6409939.012922312,-1575561.3521917907,0,background
623,arunachal pradesh,6326338.651729758,-1856193.3748005836,0,background
624,arunachal pradesh,6492534.024372925,-1475817.7048170273,0,background
625,arunachal pradesh,6317665.233137622,-1912508.076819976,0,background
626,arunachal pradesh,6390176.319271776,-1537812.324508242,0,background
627,arunachal pradesh,6262491.527838684,-1861329.4906780515,0,background
628,arunachal pradesh,6317592.911470412,-1594749.8488038299,0,background
629,arunachal pradesh,6195449.873496098,-1768293.9245987728,0,background
630,arunachal pradesh,6319251.784909046,-1585406.7305434002,0,background
631,arunachal pradesh,6460558.553998641,-1427111.3253210408,0,background
632,arunachal pradesh,6259812.781955265,-1821563.2185851233,0,background
633,arunachal pradesh,6503768.121807261,-1436879.9222397779,0,background
634,arunachal pradesh,6337392.663578579,-1905220.819420755,0,background
635,arunachal pradesh,6334638.46345527,-1647565.1813876857,0,background
636,arunachal pradesh,6322982.597789924,-1732846.543201416,0,background
637,arunachal pradesh,6261168.712061792,-1774226.8845203493,0,background
638,arunachal pradesh,6264818.7043542005,-1700261.7481633609,0,background
639,arunachal pradesh,6467630.009228273,-1530893.6047716155,0,background
640,arunachal pradesh,6467036.248254152,-1530434.123316606,0,background
641,arunachal pradesh,6456460.749788572,-1333100.9357103135,0,background
642,arunachal pradesh,6381640.925415422,-1539301.6079505088,0,background
643,arunachal pradesh,6396044.01568542,-1663688.6163687236,0,background
644,arunachal pradesh,6474842.31966563,-1529949.6792248047,0,background
645,arunachal pradesh,6390419.0134104015,-1581586.0158940228,0,background
646,arunachal pradesh,6380793.053358628,-1524309.9785291352,0,background
647,arunachal pradesh,6277077.135253528,-1688741.4928658907,0,background
648,arunachal pradesh,6440271.45613979,-1561418.3375113874,0,background
649,arunachal pradesh,6342684.611804613,-1751726.4307502075,0,background
650,arunachal pradesh,6329197.443192297,-1557496.7143724076,0,background
651,arunachal pradesh,6411434.810926234,-1775106.0156703014,0,background
652,arunachal pradesh,6354787.346483925,-1601256.720300272,0,background
653,arunachal pradesh,6299603.634785989,-1577258.9273367496,0,background
654,arunachal pradesh,6493330.490647345,-1514384.327079134,0,background
655,arunachal pradesh,6415777.115045003,-1453171.9918618167,0,background
656,arunachal pradesh,6256976.808420635,-1790660.7176263584,0,background
657,arunachal pradesh,6374287.960259011,-1535647.3418922997,0,background
658,arunachal pradesh,6228118.923691863,-1744746.5624898488,0,background
659,arunachal pradesh,6320756.002917724,-1899983.5646192436,0,background
660,arunachal pradesh,6313119.1816568915,-1611017.8814201215,0,background
661,arunachal pradesh,6316148.976255813,-1573221.7544760446,0,background
662,arunachal pradesh,6214980.60001122,-1762789.118665134,0,background
663,arunachal pradesh,6287406.336595153,-1754989.8118817243,0,background
664,arunachal pradesh,6424176.744472535,-1517245.6156945457,0,background
665,arunachal pradesh,6483838.318691864,-1478289.896831631,0,background
666,arunachal pradesh,6280062.394378953,-1950418.0790824136,0,background
667,arunachal pradesh,6347240.814559917,-1896992.6698244538,0,background
668,arunachal pradesh,6369021.742818994,-1587215.6855686984,0,background
669,arunachal pradesh,6262466.574952754,-1613955.2368297253,0,background
670,arunachal pradesh,6354043.138037606,-1940110.3377585777,0,background
671,arunachal pradesh,6462039.5002439795,-1384573.5144013604,0,background
672,arunachal pradesh,6434432.847225188,-1588794.3557925508,0,background
673,arunachal pradesh,6247293.94104502,-1664661.4530868044,0,background
674,arunachal pradesh,6374248.546377345,-1511850.7525392293,0,background
675,arunachal pradesh,6223225.082257034,-1804332.822760922,0,background
676,arunachal pradesh,6320297.737606832,-1736963.440301102,0,background
677,arunachal pradesh,6315646.06851809,-1697977.1561509336,0,background
678,arunachal pradesh,6334612.965835365,-1539128.1976377855,0,background
679,arunachal pradesh,6507268.378714327,-1439203.6224552037,0,background
680,arunachal pradesh,6346868.507780424,-1868846.0973801604,0,background
681,arunachal pradesh,6383002.021364665,-1576678.4978000345,0,background
682,arunachal pradesh,6317193.664800298,-1884810.027031095,0,background
683,arunachal pradesh,6284144.166756839,-1709986.95801293,0,background
684,arunachal pradesh,6384694.827086427,-1477212.0415447073,0,background
685,arunachal pradesh,6399751.272098778,-1657747.8414111657,0,background
686,arunachal pradesh,6452876.321024751,-1429518.4933305287,0,background
687,arunachal pradesh,6360330.922197235,-1704076.9750185662,0,background
688,arunachal pradesh,6348206.1075475775,-1530979.9859390862,0,background
689,arunachal pradesh,6510742.081264868,-1441829.8468153605,0,background
690,arunachal pradesh,6227288.809271142,-1785224.305585239,0,background
691,arunachal pradesh,6256436.954900974,-1718483.4327631863,0,background
692,arunachal pradesh,6467725.65122689,-1434815.5135854247,0,background
693,arunachal pradesh,6303810.066296372,-1585634.923255021,0,background
694,arunachal pradesh,6391090.763520117,-1616051.2969262337,0,background
695,arunachal pradesh,6398212.5781244645,-1824048.418649699,0,background
696,arunachal pradesh,6412369.145584214,-1819971.212739649,0,background
697,arunachal pradesh,6334543.7900896985,-1915117.1932204363,0,background
698,arunachal pradesh,6315449.553782317,-1835851.0579176436,0,background
699,arunachal pradesh,6348904.505774339,-1635127.8484137596,0,background
700,arunachal pradesh,6377557.695116101,-1594804.3520493163,0,background
701,arunachal pradesh,6368985.612939591,-1846890.4169471953,0,background
702,arunachal pradesh,6208241.166783177,-1774664.5913146355,0,background
703,arunachal pradesh,6361120.088755927,-1887106.6591837099,0,background
704,arunachal pradesh,6305554.674034532,-1807596.9674365106,0,background
705,arunachal pradesh,6351103.885131549,-1700595.9449069076,0,background
706,arunachal pradesh,6242841.737756525,-1749520.7115862523,0,background
707,arunachal pradesh,6433890.627467914,-1578265.9252522793,0,background
708,arunachal pradesh,6317680.203934264,-1762500.2438090916,0,background
709,arunachal pradesh,6370945.641371368,-1527544.928759882,0,background
710,arunachal pradesh,6278697.496921969,-1919898.7764198103,0,background
711,arunachal pradesh,6469208.791569778,-1399901.4812075337,0,background
712,arunachal pradesh,6319822.660663202,-1821343.4065551723,0,background
713,arunachal pradesh,6434657.512739461,-1750285.4842815737,0,background
714,arunachal pradesh,6460044.80350849,-1426950.290788604,0,background
715,arunachal pradesh,6361483.773168715,-1705817.7158049117,0,background
716,arunachal pradesh,6304619.342756563,-1831944.8193685974,0,background
717,arunachal pradesh,6349080.550200243,-1532946.6874608574,0,background
718,arunachal pradesh,6305440.902737564,-1695665.1917199774,0,background
719,arunachal pradesh,6380874.192522082,-1581885.2032743783,0,background
720,arunachal pradesh,6344902.387761653,-1862342.3265257208,0,background
721,arunachal pradesh,6379036.1817523325,-1608034.427363546,0,background
722,arunachal pradesh,6422216.850429819,-1797661.803100995,0,background
723,arunachal pradesh,6392828.989698014,-1490256.8145954101,0,background
724,arunachal pradesh,6359438.864762295,-1578305.1327096054,0,background
725,arunachal pradesh,6183744.756755783,-1780131.98827277,0,background
726,arunachal pradesh,6280438.068660522,-1645162.4197261487,0,background
727,arunachal pradesh,6344871.094320007,-1853940.452573583,0,background
728,arunachal pradesh,6497756.187815748,-1480633.1954967028,0,background
729,arunachal pradesh,6250310.286612724,-1792708.695526338,0,background
730,arunachal pradesh,6287638.92148123,-1806942.0278060618,0,background
731,arunachal pradesh,6385168.561687324,-1606956.245278112,0,background
732,arunachal pradesh,6360952.379479288,-1855614.028855648,0,background
733,arunachal pradesh,6279627.01301915,-1828260.5423055612,0,background
734,arunachal pradesh,6458136.377475815,-1533168.8738739856,0,background
735,arunachal pradesh,6377063.15239461,-1669632.6252354833,0,background
736,arunachal pradesh,6257932.67974785,-1800886.544865925,0,background
737,arunachal pradesh,6254136.189778099,-1700664.8242098934,0,background
738,arunachal pradesh,6446776.4218197195,-1459854.006823368,0,background
739,arunachal pradesh,6434116.9861172475,-1531331.4814812664,0,background
740,arunachal pradesh,6289638.963369013,-1639832.0563954336,0,background
741,arunachal pradesh,6274735.282575344,-1704140.2023367556,0,background
742,arunachal pradesh,6492198.26768162,-1479712.6640775304,0,background
743,arunachal pradesh,6446358.112598839,-1410979.3080913953,0,background
744,arunachal pradesh,6358352.146322899,-1548187.7432657336,0,background
745,arunachal pradesh,6289595.427415625,-1889267.4453530142,0,background
746,arunachal pradesh,6479875.365459743,-1446551.8948133013,0,background
747,arunachal pradesh,6462739.796783891,-1479358.3183558765,0,background
748,arunachal pradesh,6438504.7811381845,-1509708.2636211957,0,background
749,arunachal pradesh,6390821.794369613,-1635513.064876094,0,background
750,arunachal pradesh,6422934.199587838,-1531782.913009788,0,background
751,arunachal pradesh,6267679.793956377,-1791565.880717874,0,background
752,arunachal pradesh,6305226.528813419,-1727616.8953864097,0,background
753,arunachal pradesh,6357377.955279095,-1639141.2651988051,0,background
754,arunachal pradesh,6206916.832644386,-1804920.7000983767,0,background
755,arunachal pradesh,6387722.953206228,-1536886.2314396426,0,background
756,arunachal pradesh,6340153.227360375,-1695288.7772571952,0,background
757,arunachal pradesh,6292640.195323086,-1634370.5988476078,0,background
758,arunachal pradesh,6326529.278441134,-1834587.2463178358,0,background
759,arunachal pradesh,6473800.502353907,-1373502.2736395374,0,background
760,arunachal pradesh,6302330.724944128,-1634683.2317661229,0,background
761,arunachal pradesh,6200150.992663886,-1816107.6063909165,0,background
762,arunachal pradesh,6335357.657221543,-1745710.871317162,0,background
763,arunachal pradesh,6357771.512314106,-1528815.794821472,0,background
764,arunachal pradesh,6262406.503607529,-1810634.4298460628,0,background
765,arunachal pradesh,6282424.531811337,-1606686.5177925613,0,background
766,arunachal pradesh,6312041.208330589,-1696310.5081802113,0,background
767,arunachal pradesh,6495074.426502427,-1398865.089558249,0,background
768,arunachal pradesh,6295861.927122046,-1647291.6862510846,0,background
769,arunachal pradesh,6284602.925858397,-1928012.9876575612,0,background
770,arunachal pradesh,6292483.20067233,-1773721.5324373872,0,background
771,arunachal pradesh,6358771.271017734,-1958501.6895307116,0,background
772,arunachal pradesh,6437635.912404024,-1450415.3360197407,0,background
773,arunachal pradesh,6276407.048936222,-1941256.966364192,0,background
774,arunachal pradesh,6297466.692674934,-1922297.7558275147,0,background
775,arunachal pradesh,6232944.040895974,-1736166.0208900415,0,background
776,arunachal pradesh,6422607.120528898,-1577237.2088661133,0,background
777,arunachal pradesh,6343967.503012147,-1834687.4382583427,0,background
778,arunachal pradesh,6200812.67387805,-1762021.7673575508,0,background
779,arunachal pradesh,6288076.608954931,-1887130.2215077195,0,background
780,arunachal pradesh,6370858.490750564,-1486013.5772407788,0,background
781,arunachal pradesh,6270544.5896835495,-1934903.0831408466,0,background
782,arunachal pradesh,6260124.331161377,-1665404.4059428591,0,background
783,arunachal pradesh,6499892.102806743,-1484496.166351437,0,background
784,arunachal pradesh,6303306.784428524,-1649827.2606922127,0,background
785,arunachal pradesh,6462691.47247866,-1472644.4126181942,0,background
786,arunachal pradesh,6331724.552443804,-1745318.6593435255,0,background
787,arunachal pradesh,6438383.398398296,-1562793.4954710568,0,background
788,arunachal pradesh,6474202.3742808765,-1444799.515251563,0,background
789,arunachal pradesh,6252187.548673453,-1613078.7613292027,0,background
790,arunachal pradesh,6440801.555682261,-1777714.4316389672,0,background
791,arunachal pradesh,6256332.5806163065,-1654009.6755414256,0,background
792,arunachal pradesh,6336238.498437031,-1803493.521324686,0,background
793,arunachal pradesh,6472144.951683647,-1536779.542347557,0,background
794,arunachal pradesh,6389414.98620353,-1494738.668983538,0,background
795,arunachal pradesh,6295060.7335589295,-1889638.4689341069,0,background
796,arunachal pradesh,6345489.770172551,-1711723.6539090145,0,background
797,arunachal pradesh,6330564.9741486255,-1849134.4729703844,0,background
798,arunachal pradesh,6401562.865180405,-1619791.86234491,0,background
799,arunachal pradesh,6293060.339941757,-1940163.2957134626,0,background
800,arunachal pradesh,6332314.072036933,-1534433.2864311466,0,background
801,arunachal pradesh,6199803.292755619,-1799126.7187160552,0,background
802,arunachal pradesh,6389529.907344072,-1600934.292042255,0,background
803,arunachal pradesh,6501068.281625597,-1495053.4933245839,0,background
804,arunachal pradesh,6386458.908811035,-1472620.1042863491,0,background
805,arunachal pradesh,6390183.152636008,-1562683.7363929567,0,background
806,arunachal pradesh,6277365.120576356,-1683127.1608402643,0,background
807,arunachal pradesh,6301697.015433089,-1604985.8202450937,0,background
808,arunachal pradesh,6295074.988822949,-1641184.0710904405,0,background
809,arunachal pradesh,6297998.14684651,-1659090.6118187795,0,background
810,arunachal pradesh,6356392.051237492,-1840609.8702300994,0,background
811,arunachal pradesh,6296648.444775624,-1596723.786780657,0,background
812,arunachal pradesh,6218436.955147888,-1762390.326115248,0,background
813,arunachal pradesh,6481140.674804792,-1337775.2833329958,0,background
814,arunachal pradesh,6424264.792109856,-1577336.6807162291,0,background
815,arunachal pradesh,6348462.209821483,-1671493.8156829472,0,background
816,arunachal pradesh,6349715.017052222,-1930609.5930730572,0,background
817,arunachal pradesh,6268009.673784299,-1612617.4519197978,0,background
818,arunachal pradesh,6359797.128965471,-1604306.642576224,0,background
819,arunachal pradesh,6251401.481843268,-1766179.813405344,0,background
820,arunachal pradesh,6259712.501206266,-1659487.0197267823,0,background
821,arunachal pradesh,6343799.945341246,-1755489.8271397727,0,background
822,arunachal pradesh,6226656.15422777,-1831437.5355923409,0,background
823,arunachal pradesh,6377349.012128605,-1691048.8073734236,0,background
824,arunachal pradesh,6279447.265361426,-1715883.5025110685,0,background
825,arunachal pradesh,6430087.437222971,-1550099.9343371298,0,background
826,arunachal pradesh,6443428.264076577,-1755457.227030395,0,background
827,arunachal pradesh,6326750.795127729,-1535852.8465675826,0,background
828,arunachal pradesh,6410575.19040764,-1518349.7488342572,0,background
829,arunachal pradesh,6383117.530231781,-1501780.2571187918,0,background
830,arunachal pradesh,6480896.541579428,-1449530.4020729545,0,background
831,arunachal pradesh,6226212.147924797,-1842090.171765444,0,background
832,arunachal pradesh,6451691.2242192235,-1773855.6898609274,0,background
833,arunachal pradesh,6260298.577692295,-1661129.3107170914,0,background
834,arunachal pradesh,6391370.3871399285,-1663663.0544773298,0,background
835,arunachal pradesh,6491137.758321994,-1391392.0698578635,0,background
836,arunachal pradesh,6338350.781416469,-1636910.7991124678,0,background
837,arunachal pradesh,6358313.949507418,-1681929.5450298283,0,background
838,arunachal pradesh,6286532.037699474,-1910666.1240488072,0,background
839,arunachal pradesh,6509992.789312101,-1441175.58901115,0,background
840,arunachal pradesh,6270741.780601255,-1957873.842806752,0,background
841,arunachal pradesh,6322009.18558711,-1621105.0176480296,0,background
842,arunachal pradesh,6422222.743498217,-1614317.1049058938,0,background
843,arunachal pradesh,6309999.989749561,-1570492.9880549079,0,background
844,arunachal pradesh,6299988.404869582,-1593102.7206944316,0,background
845,arunachal pradesh,6356250.549529655,-1821521.427327858,0,background
846,arunachal pradesh,6358533.440978472,-1546518.9174459183,0,background
847,arunachal pradesh,6340108.7806124035,-1907109.5101412956,0,background
848,arunachal pradesh,6290831.682327321,-1737777.8224377003,0,background
849,arunachal pradesh,6292598.298213682,-1648548.3955023242,0,background
850,arunachal pradesh,6288696.77107788,-1842361.6474817805,0,background
851,arunachal pradesh,6429501.564157177,-1525121.1068961874,0,background
852,arunachal pradesh,6437674.686480661,-1580352.9115094698,0,background
853,arunachal pradesh,6256871.705907078,-1668458.1223259207,0,background
854,arunachal pradesh,6323913.902826526,-1828553.6504141432,0,background
855,arunachal pradesh,6316907.901044821,-1729211.0080460636,0,background
856,arunachal pradesh,6291271.892148388,-1922946.2327103582,0,background
857,arunachal pradesh,6410912.982756109,-1821016.693134376,0,background
858,arunachal pradesh,6276641.808478822,-1598435.3980815096,0,background
859,arunachal pradesh,6297116.011807435,-1659307.3444376634,0,background
860,arunachal pradesh,6351920.5063661495,-1816023.1376786088,0,background
861,arunachal pradesh,6244463.215952054,-1765827.1861104048,0,background
862,arunachal pradesh,6293317.436192726,-1640041.6581724158,0,background
863,arunachal pradesh,6342216.486561073,-1799643.5108293907,0,background
864,arunachal pradesh,6447436.594643175,-1442944.1611439697,0,background
865,arunachal pradesh,6340269.213920489,-1547745.099860679,0,background
866,arunachal pradesh,6456874.11960219,-1518399.5136678538,0,background
867,arunachal pradesh,6343351.049857549,-1624435.7397786465,0,background
868,arunachal pradesh,6468364.724742384,-1403993.4496442617,0,background
869,arunachal pradesh,6228494.804815746,-1800051.1847711233,0,background
870,arunachal pradesh,6314878.388615349,-1798384.7333940654,0,background
871,arunachal pradesh,6402873.703871175,-1788620.928024342,0,background
872,arunachal pradesh,6278188.213887438,-1796111.9767946573,0,background
873,arunachal pradesh,6432737.251088846,-1515126.3332722345,0,background
874,arunachal pradesh,6519022.580476641,-1424506.6837373273,0,background
875,arunachal pradesh,6343962.027658827,-1690147.688644889,0,background
876,arunachal pradesh,6347024.778109523,-1733504.8816839512,0,background
877,arunachal pradesh,6429272.134320922,-1537479.2217564106,0,background
878,arunachal pradesh,6490063.538347194,-1402893.0278179839,0,background
879,arunachal pradesh,6444759.25023354,-1434802.5912127837,0,background
880,arunachal pradesh,6300101.213757394,-1682914.8660767348,0,background
881,arunachal pradesh,6383243.936624006,-1476230.569985838,0,background
882,arunachal pradesh,6246703.747896941,-1846038.4855930533,0,background
883,arunachal pradesh,6382662.353846552,-1561210.913339557,0,background
884,arunachal pradesh,6415385.636776112,-1485937.0147807682,0,background
885,arunachal pradesh,6303594.678666577,-1833523.419619057,0,background
886,arunachal pradesh,6478899.3149013985,-1528420.7410389574,0,background
887,arunachal pradesh,6452180.99248878,-1565988.677577857,0,background
888,arunachal pradesh,6352741.085995108,-1814385.3070782432,0,background
889,arunachal pradesh,6235802.859503258,-1816009.7809713825,0,background
890,arunachal pradesh,6387140.444783279,-1523728.1040733424,0,background
891,arunachal pradesh,6321949.061542092,-1676474.6305050056,0,background
892,arunachal pradesh,6268902.812259121,-1600819.1481737948,0,background
893,arunachal pradesh,6286710.509310943,-1844927.5965875832,0,background
894,arunachal pradesh,6328000.798381672,-1899188.0208272901,0,background
895,arunachal pradesh,6215314.917997114,-1839166.6525663866,0,background
896,arunachal pradesh,6367602.058300956,-1541638.4293793659,0,background
897,arunachal pradesh,6330494.383775806,-1557976.7884852523,0,background
898,arunachal pradesh,6436930.081739935,-1399618.4339196621,0,background
899,arunachal pradesh,6204811.089845007,-1803062.4307959185,0,background
900,arunachal pradesh,6431257.650527493,-1556326.8430806887,0,background
901,arunachal pradesh,6430680.42249459,-1800263.2293950967,0,background
902,arunachal pradesh,6321853.97118911,-1543934.6796020065,0,background
903,arunachal pradesh,6216196.416475802,-1772841.2668106877,0,background
904,arunachal pradesh,6325651.507765117,-1558594.176622235,0,background
905,arunachal pradesh,6435004.711438265,-1507410.077026118,0,background
906,arunachal pradesh,6399725.486127552,-1575058.1951025738,0,background
907,arunachal pradesh,6263498.649080942,-1830356.937475148,0,background
908,arunachal pradesh,6468972.162700543,-1559666.5981550724,0,background
909,arunachal pradesh,6270973.305060759,-1697456.7993851888,0,background
910,arunachal pradesh,6350499.856543946,-1676400.7859445142,0,background
911,arunachal pradesh,6384560.290087055,-1500847.7911549616,0,background
912,arunachal pradesh,6248118.17651366,-1647674.3819951022,0,background
913,arunachal pradesh,6266649.965035605,-1666118.0455749212,0,background
914,arunachal pradesh,6369564.166955989,-1557387.0462865834,0,background
915,arunachal pradesh,6311679.02224598,-1883151.5090930443,0,background
916,arunachal pradesh,6238506.498225452,-1824059.5496838256,0,background
917,arunachal pradesh,6414758.322437958,-1463142.73049481,0,background
918,arunachal pradesh,6296124.758300503,-1916076.6625521951,0,background
919,arunachal pradesh,6278934.32775829,-1812040.5559632939,0,background
920,arunachal pradesh,6262668.950009164,-1700376.3732467687,0,background
921,arunachal pradesh,6467413.60091273,-1525790.2127242081,0,background
922,arunachal pradesh,6394970.537417004,-1454539.4611370002,0,background
923,arunachal pradesh,6309221.1562312655,-1766681.9162837807,0,background
924,arunachal pradesh,6462389.601823981,-1467742.1332892484,0,background
925,arunachal pradesh,6475966.468190673,-1444785.3103812314,0,background
926,arunachal pradesh,6380943.13493642,-1618343.0270635323,0,background
927,arunachal pradesh,6466449.850604524,-1535069.2161037433,0,background
928,arunachal pradesh,6354333.3966243705,-1668955.0904925899,0,background
929,arunachal pradesh,6464775.013173137,-1445710.2296180665,0,background
930,arunachal pradesh,6272495.619333584,-1908230.9124876233,0,background
931,arunachal pradesh,6484121.861961918,-1504116.6880166149,0,background
932,arunachal pradesh,6444355.116605336,-1512752.725283258,0,background
933,arunachal pradesh,6505764.815735894,-1438618.6622358174,0,background
934,arunachal pradesh,6318041.594671722,-1619570.5169926828,0,background
935,arunachal pradesh,6351335.4037075145,-1660950.1692601936,0,background
936,arunachal pradesh,6469665.578295779,-1417755.811746496,0,background
937,arunachal pradesh,6379897.109852847,-1647959.186762231,0,background
938,arunachal pradesh,6297209.1685808655,-1651491.6432682283,0,background
939,arunachal pradesh,6264234.57681321,-1897786.4237458678,0,background
940,arunachal pradesh,6341069.091206619,-1857540.8428374252,0,background
941,arunachal pradesh,6193683.816722967,-1767869.0634434354,0,background
942,arunachal pradesh,6305007.133394258,-1609175.7908080637,0,background
943,arunachal pradesh,6270947.806706891,-1722289.4100099574,0,background
944,arunachal pradesh,6340061.78424401,-1809141.1832359144,0,background
945,arunachal pradesh,6424795.786113549,-1792095.7504057272,0,background
946,arunachal pradesh,6454003.221264171,-1446631.2551323406,0,background
947,arunachal pradesh,6285440.0355701875,-1636413.2070515258,0,background
948,arunachal pradesh,6306776.102892691,-1664536.2476334847,0,background
949,arunachal pradesh,6350317.877940573,-1634769.0296410043,0,background
950,arunachal pradesh,6368620.9389377795,-1590973.267092688,0,background
951,arunachal pradesh,6432045.865824363,-1484854.4499098132,0,background
952,arunachal pradesh,6310461.835119148,-1805566.8214003944,0,background
953,arunachal pradesh,6350863.798663853,-1801877.6283001462,0,background
954,arunachal pradesh,6364045.510539622,-1634977.8746475703,0,background
955,arunachal pradesh,6291934.562760242,-1838837.542396884,0,background
956,arunachal pradesh,6404154.8391586505,-1514644.5735869023,0,background
957,arunachal pradesh,6302981.16708275,-1706965.4067943576,0,background
958,arunachal pradesh,6459700.146530457,-1465725.4751724831,0,background
959,arunachal pradesh,6308468.158141334,-1867561.2601895884,0,background
960,arunachal pradesh,6426468.618871316,-1449109.4961384777,0,background
961,arunachal pradesh,6308527.290908268,-1843578.7348852558,0,background
962,arunachal pradesh,6491151.456158379,-1404757.7125496848,0,background
963,arunachal pradesh,6391654.19842978,-1476048.7360714718,0,background
964,arunachal pradesh,6411319.0782966055,-1565146.91475671,0,background
965,arunachal pradesh,6307780.696173132,-1801227.3125367789,0,background
966,arunachal pradesh,6428678.128474488,-1472636.028532583,0,background
967,arunachal pradesh,6316394.321528607,-1874455.3836956231,0,background
968,arunachal pradesh,6334991.868810401,-1719036.1661700387,0,background
969,arunachal pradesh,6308741.557922064,-1723040.635074143,0,background
970,arunachal pradesh,6381426.046245962,-1497711.0229845222,0,background
971,arunachal pradesh,6357984.461898175,-1566106.7808761264,0,background
972,arunachal pradesh,6305999.45176984,-1613043.9178668633,0,background
973,arunachal pradesh,6357706.364951061,-1618009.8916265387,0,background
974,arunachal pradesh,6467093.961365403,-1544784.0946042882,0,background
975,arunachal pradesh,6427337.577727696,-1580277.708018768,0,background
976,arunachal pradesh,6360996.795984063,-1962310.3230087725,0,background
977,arunachal pradesh,6340214.25389119,-1616415.3267031251,0,background
978,arunachal pradesh,6342819.226468914,-1924981.943405672,0,background
979,arunachal pradesh,6344231.982382119,-1811231.3807363468,0,background
980,arunachal pradesh,6238404.108041715,-1735638.7939223426,0,background
981,arunachal pradesh,6468165.351206559,-1486180.5582476351,0,background
982,arunachal pradesh,6365100.109413567,-1577503.649408493,0,background
983,arunachal pradesh,6266940.174835916,-1949022.4153539792,0,background
984,arunachal pradesh,6438732.782943211,-1605582.2227895719,0,background
985,arunachal pradesh,6324787.167287216,-1909903.7314542045,0,background
986,arunachal pradesh,6421679.191541072,-1480437.9940959553,0,background
987,arunachal pradesh,6295645.259810861,-1643897.3625401002,0,background
988,arunachal pradesh,6487157.159649908,-1523222.321795513,0,background
989,arunachal pradesh,6290469.523739724,-1753606.247633839,0,background
990,arunachal pradesh,6303508.061184405,-1936086.7039697866,0,background
991,arunachal pradesh,6328641.804372371,-1837886.1309247657,0,background
992,arunachal pradesh,6272349.743663853,-1929303.3688621575,0,background
993,arunachal pradesh,6364920.438734076,-1885255.2865078715,0,background
994,arunachal pradesh,6188792.254161483,-1792667.2227897153,0,background
995,arunachal pradesh,6368266.438356792,-1580914.580121902,0,background
996,arunachal pradesh,6322033.142200169,-1567841.4951276223,0,background
997,arunachal pradesh,6466878.973384568,-1540257.207825201,0,background
998,arunachal pradesh,6501780.021602249,-1503923.5864716072,0,background
999,arunachal pradesh,6348626.985384667,-1582720.2070354612,0,background
1000,arunachal pradesh,6351687.9888088545,-1840686.2765546828,0,background
1001,arunachal pradesh,6256910.450522345,-1700578.0495541045,0,background
1002,arunachal pradesh,6209237.283680668,-1836576.7936790758,0,background
1003,arunachal pradesh,6498482.648887934,-1466612.107958422,0,background
1004,arunachal pradesh,6458284.057814172,-1418582.4069486712,0,background
1005,arunachal pradesh,6262175.986373931,-1637222.188782605,0,background
1006,arunachal pradesh,6254866.294297925,-1820690.023656709,0,background
1007,arunachal pradesh,6268222.535801502,-1918162.0007352924,0,background
1008,arunachal pradesh,6489176.846952469,-1532884.159499268,0,background
1009,arunachal pradesh,6391743.185927402,-1668709.242022384,0,background
1010,arunachal pradesh,6355654.9718744885,-1604359.4973641413,0,background
1011,arunachal pradesh,6334624.324076653,-1873384.4433254737,0,background
1012,arunachal pradesh,6428472.705086071,-1473402.5113878145,0,background
1013,arunachal pradesh,6293565.028746856,-1811291.9858895799,0,background
1014,arunachal pradesh,6304880.715935002,-1866634.553477668,0,background
1015,arunachal pradesh,6375513.2642536815,-1514916.13057788,0,background
1016,arunachal pradesh,6507753.863306192,-1395099.8806204493,0,background
1017,arunachal pradesh,6268790.40724559,-1890857.5277730827,0,background
1018,arunachal pradesh,6388078.755060543,-1621003.3883529785,0,background
1019,arunachal pradesh,6446165.751042686,-1402993.395419153,0,background
1020,arunachal pradesh,6310102.933758644,-1837553.440268157,0,background
1021,arunachal pradesh,6322258.969121107,-1893627.9690986197,0,background
1022,arunachal pradesh,6368832.154605243,-1652406.24764554,0,background
1023,arunachal pradesh,6423801.408557886,-1606478.1196779534,0,background
1024,arunachal pradesh,6363236.62566142,-1535187.2353037428,0,background
1025,arunachal pradesh,6337304.460811549,-1911681.0722729957,0,background
1026,arunachal pradesh,6456570.361396079,-1476419.0201038835,0,background
1027,arunachal pradesh,6323724.909571109,-1793441.217542409,0,background
1028,arunachal pradesh,6479031.088085949,-1522246.8433022965,0,background
1029,arunachal pradesh,6243274.443352227,-1759090.4573226236,0,background
1030,arunachal pradesh,6326277.593512788,-1811799.1302548395,0,background
1031,arunachal pradesh,6284092.544987234,-1879520.0506707476,0,background
1032,arunachal pradesh,6334550.718635959,-1595830.6523625266,0,background
1033,arunachal pradesh,6443635.043294976,-1387444.3162600864,0,background
1034,arunachal pradesh,6439358.389504174,-1751707.4897788877,0,background
1035,arunachal pradesh,6203414.800294567,-1807272.0845946237,0,background
1036,arunachal pradesh,6364243.633633286,-1606851.1273596927,0,background
1037,arunachal pradesh,6303327.547812863,-1725332.788209136,0,background
1038,arunachal pradesh,6459714.55955887,-1527874.4730248887,0,background
1039,arunachal pradesh,6438125.670895058,-1602581.8057954637,0,background
1040,arunachal pradesh,6439689.371071691,-1596525.3662074397,0,background
1041,arunachal pradesh,6286375.417261288,-1721246.633825045,0,background
1042,arunachal pradesh,6261890.833247838,-1903154.0378253586,0,background
1043,arunachal pradesh,6333140.218629294,-1909126.7842941668,0,background
1044,arunachal pradesh,6282367.513072005,-1817401.0006661795,0,background
1045,arunachal pradesh,6212575.433644105,-1748231.39554368,0,background
1046,arunachal pradesh,6461117.195327421,-1343309.3543291779,0,background
1047,arunachal pradesh,6258954.987924116,-1668909.8247444506,0,background
1048,arunachal pradesh,6211452.011929233,-1769672.6077088858,0,background
1049,arunachal pradesh,6281003.243348747,-1688242.6985005909,0,background
1050,arunachal pradesh,6348421.624683758,-1736777.4457257062,0,background
1051,arunachal pradesh,6290936.496426386,-1640689.9173121334,0,background
1052,arunachal pradesh,6484492.145350216,-1494009.6280557292,0,background
1053,arunachal pradesh,6460366.170012299,-1358116.0484424753,0,background
1054,arunachal pradesh,6342342.853701809,-1824760.8772533224,0,background
1055,arunachal pradesh,6291121.098548872,-1750602.3890473892,0,background
1056,arunachal pradesh,6336974.499738218,-1697030.494267551,0,background
1057,arunachal pradesh,6452121.610288626,-1377778.2767541273,0,background
1058,arunachal pradesh,6286582.087650514,-1621729.939566597,0,background
1059,arunachal pradesh,6243731.5502182515,-1712240.3241770745,0,background
1060,arunachal pradesh,6247699.016401685,-1841984.2923253924,0,background
1061,arunachal pradesh,6342736.580692524,-1758398.6203239358,0,background
1062,arunachal pradesh,6305582.149763501,-1832881.2584141702,0,background
1063,arunachal pradesh,6327595.786905452,-1759453.9635012378,0,background
1064,arunachal pradesh,6250631.3854356,-1818061.5980708508,0,background
1065,arunachal pradesh,6199637.205424643,-1796787.4185639813,0,background
1066,arunachal pradesh,6324191.765323981,-1567894.089842325,0,background
1067,arunachal pradesh,6402538.436602887,-1514230.0864564632,0,background
1068,arunachal pradesh,6213898.29287428,-1759127.2282813361,0,background
1069,arunachal pradesh,6288892.2884551175,-1644053.5140976661,0,background
1070,arunachal pradesh,6481861.489385863,-1440342.5189034208,0,background
1071,arunachal pradesh,6445888.4211072,-1599697.6390563468,0,background
1072,arunachal pradesh,6260710.463194879,-1878531.0577660755,0,background
1073,arunachal pradesh,6416102.571021372,-1616277.17761026,0,background
1074,arunachal pradesh,6319956.695866254,-1622391.81826181,0,background
1075,arunachal pradesh,6225309.159891955,-1773666.9392047238,0,background
1076,arunachal pradesh,6344582.543092473,-1538622.552627662,0,background
1077,arunachal pradesh,6389912.096418285,-1838033.467141381,0,background
1078,arunachal pradesh,6332539.438154484,-1612482.6051181767,0,background
1079,arunachal pradesh,6468274.351599221,-1481403.7184554122,0,background
1080,arunachal pradesh,6367370.625962041,-1841147.9854535013,0,background
1081,arunachal pradesh,6344544.278849805,-1688491.392682576,0,background
1082,arunachal pradesh,6447091.519241151,-1427836.4238443982,0,background
1083,arunachal pradesh,6312021.72410717,-1739614.0292270107,0,background
1084,arunachal pradesh,6253631.0194209935,-1810583.1018731548,0,background
1085,arunachal pradesh,6456060.474805322,-1344575.3832992986,0,background
1086,arunachal pradesh,6352384.59366612,-1575383.4258076644,0,background
1087,arunachal pradesh,6384744.700801118,-1587076.5074567331,0,background
1088,arunachal pradesh,6411365.622033646,-1618271.0251067607,0,background
1089,arunachal pradesh,6350216.646495802,-1833974.1807342945,0,background
1090,arunachal pradesh,6451160.51315104,-1527838.164142549,0,background
1091,arunachal pradesh,6353847.833596575,-1944833.7174722794,0,background
1092,arunachal pradesh,6244761.625263266,-1640327.796723332,0,background
1093,arunachal pradesh,6437229.369640075,-1605934.204039595,0,background
1094,arunachal pradesh,6349212.849286595,-1686338.1660257962,0,background
1095,arunachal pradesh,6395765.24979794,-1542823.3491039725,0,background
1096,arunachal pradesh,6211222.291416183,-1766078.998409664,0,background
1097,arunachal pradesh,6204709.4237303855,-1797331.6465564321,0,background
1098,arunachal pradesh,6266278.133906144,-1948795.1752049264,0,background
1099,arunachal pradesh,6499572.404471684,-1499787.7131694653,0,background
1100,arunachal pradesh,6247758.504936579,-1702378.8577878356,0,background
1101,arunachal pradesh,6379594.040202605,-1517796.5930725122,0,background
1102,arunachal pradesh,6348454.443490221,-1701092.2319941833,0,background
1103,arunachal pradesh,6277846.405121732,-1921374.144492361,0,background
1104,arunachal pradesh,6341461.767777106,-1630835.5977780665,0,background
1105,arunachal pradesh,6265245.752083263,-1796848.5338359561,0,background
1106,arunachal pradesh,6346397.621677638,-1904275.1068173433,0,background
1107,arunachal pradesh,6355190.153896402,-1830509.1346839538,0,background
1108,arunachal pradesh,6323365.456820838,-1815526.0828198842,0,background
1109,arunachal pradesh,6448635.104490494,-1461026.1748582693,0,background
1110,arunachal pradesh,6313100.204716955,-1582671.7452064573,0,background
1111,arunachal pradesh,6391084.437030059,-1641467.0688625297,0,background
1112,arunachal pradesh,6349981.977539625,-1603870.4421438472,0,background
1113,arunachal pradesh,6242609.550134498,-1639522.7054586601,0,background
1114,arunachal pradesh,6322352.531236985,-1803108.8408163679,0,background
1115,arunachal pradesh,6429057.386730943,-1600071.0260745252,0,background
1116,arunachal pradesh,6286205.381589718,-1881734.253783366,0,background
1117,arunachal pradesh,6345489.518783541,-1747456.2063031667,0,background
1118,arunachal pradesh,6482432.634980025,-1569306.6680075496,0,background
1119,arunachal pradesh,6331847.353603427,-1537693.6773374125,0,background
1120,arunachal pradesh,6495172.497305608,-1435502.983817913,0,background
1121,arunachal pradesh,6197806.298487142,-1782514.4611870984,0,background
1122,arunachal pradesh,6480343.911496361,-1533382.8455534829,0,background
1123,arunachal pradesh,6498206.114510827,-1413467.287534811,0,background
1124,arunachal pradesh,6247459.284245691,-1800821.1142053711,0,background
1125,arunachal pradesh,6315286.530508759,-1842860.0625717796,0,background
1126,arunachal pradesh,6304465.477582536,-1652545.183971741,0,background
1127,arunachal pradesh,6214257.209166402,-1771522.3758971237,0,background
1128,arunachal pradesh,6391410.91827493,-1475102.9477306677,0,background
1129,arunachal pradesh,6356100.625095519,-1832263.6975144146,0,background
1130,arunachal pradesh,6279704.179753664,-1613607.0041332622,0,background
1131,arunachal pradesh,6352190.542383281,-1898234.6732586538,0,background
1132,arunachal pradesh,6350350.099923157,-1864248.011027288,0,background
1133,arunachal pradesh,6330554.546901356,-1883374.8042965967,0,background
1134,arunachal pradesh,6307093.769324322,-1770338.5630552277,0,background
1135,arunachal pradesh,6262576.36845891,-1738533.1340525963,0,background
1136,arunachal pradesh,6274506.160391627,-1934789.4964227767,0,background
1137,arunachal pradesh,6366334.778427636,-1542666.6448788655,0,background
1138,arunachal pradesh,6350992.586446658,-1516959.3904802068,0,background
1139,arunachal pradesh,6274254.778094129,-1634564.259349567,0,background
1140,arunachal pradesh,6370090.957347842,-1645126.1538552223,0,background
1141,arunachal pradesh,6338704.688274093,-1510063.2894359396,0,background
1142,arunachal pradesh,6310773.662138914,-1655609.614964309,0,background
1143,arunachal pradesh,6382099.088107236,-1647103.2187723669,0,background
1144,arunachal pradesh,6321018.66149764,-1625005.5548212305,0,background
1145,arunachal pradesh,6328300.284537561,-1781381.0955383105,0,background
1146,arunachal pradesh,6202844.874343316,-1786598.0159851,0,background
1147,arunachal pradesh,6321619.264364367,-1595750.2683481323,0,background
1148,arunachal pradesh,6256603.731635329,-1731200.9163776308,0,background
1149,arunachal pradesh,6336225.424009966,-1691905.5113632132,0,background
1150,arunachal pradesh,6369725.370387272,-1652287.729455755,0,background
1151,arunachal pradesh,6325517.758441847,-1713837.88565351,0,background
1152,arunachal pradesh,6308869.019734602,-1662717.9449206833,0,background
1153,arunachal pradesh,6288752.973447624,-1901809.1563998032,0,background
1154,arunachal pradesh,6260316.6835937705,-1830393.5476584034,0,background
1155,arunachal pradesh,6225636.073335503,-1785700.0260245667,0,background
1156,arunachal pradesh,6270183.838338207,-1605470.05146638,0,background
1157,arunachal pradesh,6332920.837259458,-1619102.5210641846,0,background
1158,arunachal pradesh,6321683.810434484,-1572814.6895678062,0,background
1159,arunachal pradesh,6270556.157485465,-1820986.8026392416,0,background
1160,arunachal pradesh,6308719.801016054,-1656050.7206472664,0,background
1161,arunachal pradesh,6314350.678393684,-1724821.9451115904,0,background
1162,arunachal pradesh,6229389.859909874,-1744593.7274042328,0,background
1163,arunachal pradesh,6353417.187147177,-1681992.8391159044,0,background
1164,arunachal pradesh,6319115.619281742,-1896141.9728619638,0,background
1165,arunachal pradesh,6356703.0126119815,-1727457.0155081432,0,background
1166,arunachal pradesh,6433876.382140779,-1603573.2352200113,0,background
1167,arunachal pradesh,6371183.675620609,-1587337.8437337729,0,background
1168,arunachal pradesh,6354759.429142788,-1821392.0703957118,0,background
1169,arunachal pradesh,6317865.427729438,-1704575.8960663879,0,background
1170,arunachal pradesh,6342517.608257277,-1537649.3936708416,0,background
1171,arunachal pradesh,6337233.425553268,-1558007.0174017353,0,background
1172,arunachal pradesh,6357426.3008957375,-1844713.6991346336,0,background
1173,arunachal pradesh,6411423.432344579,-1489935.3603411668,0,background
1174,arunachal pradesh,6428948.365158147,-1590308.075722657,0,background
1175,arunachal pradesh,6415350.6700942945,-1620306.443411374,0,background
1176,arunachal pradesh,6491424.717963152,-1496816.9722449102,0,background
1177,arunachal pradesh,6254661.973443804,-1748820.9060492935,0,background
1178,arunachal pradesh,6243450.938470126,-1763915.554828761,0,background
1179,arunachal pradesh,6336820.875954555,-1807965.530498604,0,background
1180,arunachal pradesh,6439350.45276557,-1759144.781100467,0,background
1181,arunachal pradesh,6390443.95745651,-1650114.9522114007,0,background
1182,arunachal pradesh,6296739.709039699,-1675143.0755486705,0,background
1183,arunachal pradesh,6272494.868706802,-1682749.7455957355,0,background
1184,arunachal pradesh,6250833.179192383,-1633270.1244709978,0,background
1185,arunachal pradesh,6442430.959154753,-1478979.4083558472,0,background
1186,arunachal pradesh,6413360.958717299,-1502387.8058789854,0,background
1187,arunachal pradesh,6277598.090261162,-1735156.8988397436,0,background
1188,arunachal pradesh,6421471.4888981,-1550083.9519900563,0,background
1189,arunachal pradesh,6381665.182143189,-1631285.8719423579,0,background
1190,arunachal pradesh,6348602.92686972,-1568182.658102445,0,background
1191,arunachal pradesh,6277539.789740014,-1743936.4968045114,0,background
1192,arunachal pradesh,6336427.789644644,-1813290.8299292913,0,background
1193,arunachal pradesh,6328565.057657941,-1904724.5925340112,0,background
1194,arunachal pradesh,6389130.661841706,-1666471.7640264977,0,background
1195,arunachal pradesh,6328836.573594752,-1883925.1382077932,0,background
1196,arunachal pradesh,6397883.484719861,-1539301.4232154181,0,background
1197,arunachal pradesh,6312442.329126264,-1783793.1537264711,0,background
1198,arunachal pradesh,6293881.477859335,-1805588.4720704535,0,background
1199,arunachal pradesh,6257471.779127818,-1610979.1378499907,0,background
1200,arunachal pradesh,6272765.084622102,-1815554.8402747547,0,background
1201,arunachal pradesh,6330967.313609663,-1900008.9803823207,0,background
1202,arunachal pradesh,6360214.049680712,-1817930.499759639,0,background
1203,arunachal pradesh,6313523.6740153665,-1737161.0180185756,0,background
1204,arunachal pradesh,6324717.977429078,-1837034.9108097067,0,background
1205,arunachal pradesh,6339333.093365585,-1864399.79758173,0,background
1206,arunachal pradesh,6421146.839269783,-1574153.3448711834,0,background
1207,arunachal pradesh,6333738.158855761,-1598402.6150608829,0,background
1208,arunachal pradesh,6342460.34895439,-1923463.0562347323,0,background
1209,arunachal pradesh,6423268.899160336,-1770378.4460335085,0,background
1210,arunachal pradesh,6327368.797425154,-1645542.1171199207,0,background
1211,arunachal pradesh,6261638.029767632,-1700768.521482482,0,background
1212,arunachal pradesh,6301290.458003061,-1841415.0768831214,0,background
1213,arunachal pradesh,6318004.586354118,-1830821.267811403,0,background
1214,arunachal pradesh,6320107.617010363,-1761696.677877383,0,background
1215,arunachal pradesh,6351384.560279377,-1509048.3786680994,0,background
1216,arunachal pradesh,6323850.264740947,-1893283.669503486,0,background
1217,arunachal pradesh,6428146.320438533,-1546817.6463912388,0,background
1218,arunachal pradesh,6447951.280730832,-1433963.1746821438,0,background
1219,arunachal pradesh,6298302.482002553,-1579976.4320738951,0,background
1220,arunachal pradesh,6223724.503996115,-1796788.5124490717,0,background
1221,assam,6589998.502299172,-1321644.918000655,0,background
1222,assam,6392155.8318984965,-1721854.4792800536,0,background
1223,assam,6404406.355917769,-1703923.2612431487,0,background
1224,assam,6556968.979633741,-1618863.0787918225,0,background
1225,assam,6486176.661098037,-1627268.947837918,0,background
1226,assam,6673359.965570328,-1513367.3855315645,0,background
1227,assam,6683738.450233285,-1159304.2798164415,0,background
1228,assam,6554873.558004774,-1613673.449265919,0,background
1229,assam,6410028.080440219,-1768774.2103100633,0,background
1230,assam,6601010.857253986,-1230545.058384827,0,background
1231,assam,6467772.478070469,-1614179.8155415305,0,background
1232,assam,6607383.878393791,-1323304.0269413223,0,background
1233,assam,6573291.4419256495,-1301639.761189264,0,background
1234,assam,6549734.981888408,-1611835.6686146942,0,background
1235,assam,6547101.7806054875,-1406713.6692498843,0,background
1236,assam,6605036.728598256,-1574712.4501909127,0,background
1237,assam,6561893.438510774,-1390061.6133290445,0,background
1238,assam,6570575.683416166,-1262425.0802442038,0,background
1239,assam,6605392.323179704,-1204617.432353861,0,background
1240,assam,6478510.686642633,-1594691.366349189,0,background
1241,assam,6576434.033613661,-1373327.7021783292,0,background
1242,assam,6431484.061766588,-1645989.470010683,0,background
1243,assam,6604515.062293583,-1210434.2705571493,0,background
1244,assam,6542560.311885602,-1429407.3925326369,0,background
1245,assam,6494550.411582201,-1625667.8717296575,0,background
1246,assam,6633517.293196526,-1179786.2012279385,0,background
1247,assam,6636401.949598707,-1345949.1032143217,0,background
1248,assam,6546582.114812892,-1474962.008143136,0,background
1249,assam,6612928.777601233,-1275576.294969137,0,background
1250,assam,6564963.870011145,-1506746.944925719,0,background
1251,assam,6607326.862771934,-1454608.3094823423,0,background
1252,assam,6633492.4477382405,-1249391.3632769443,0,background
1253,assam,6434278.869400512,-1721563.7574870042,0,background
1254,assam,6652229.236121936,-1166785.4291794696,0,background
1255,assam,6595836.5036137495,-1445075.8741432233,0,background
1256,assam,6374313.28776196,-1820261.025078746,0,background
1257,assam,6340639.378516377,-1798297.7822428863,0,background
1258,assam,6636926.552632032,-1235855.595802463,0,background
1259,assam,6534047.994232098,-1488668.7476412223,0,background
1260,assam,6597682.06154791,-1553365.912066486,0,background
1261,assam,6602155.814141651,-1569967.0662285155,0,background
1262,assam,6609945.15828028,-1560546.930145103,0,background
1263,assam,6566292.23430679,-1511850.6191696257,0,background
1264,assam,6469328.3637505835,-1626528.1648872283,0,background
1265,assam,6488089.684966594,-1570204.5749894206,0,background
1266,assam,6572007.416755898,-1290270.9130416107,0,background
1267,assam,6375540.251626007,-1791140.5099289445,0,background
1268,assam,6583164.969182962,-1311881.7918723791,0,background
1269,assam,6602914.785734404,-1514429.7369562986,0,background
1270,assam,6599596.066878288,-1513654.5144578284,0,background
1271,assam,6562037.210049428,-1345152.837540648,0,background
1272,assam,6646786.708211861,-1170305.0392192695,0,background
1273,assam,6334220.55385466,-1798842.515768156,0,background
1274,assam,6684702.037519981,-1568681.093123626,0,background
1275,assam,6593357.743978534,-1167351.2034357605,0,background
1276,assam,6573139.829438669,-1446776.2913897266,0,background
1277,assam,6599675.153874539,-1305564.0626838838,0,background
1278,assam,6517959.689636558,-1557716.0772752378,0,background
1279,assam,6600469.426523132,-1554729.1510417724,0,background
1280,assam,6380037.239544378,-1777549.4410380798,0,background
1281,assam,6446948.37461912,-1712879.6572318573,0,background
1282,assam,6630998.820456974,-1480468.6887158244,0,background
1283,assam,6416002.039329198,-1702049.9415968307,0,background
1284,assam,6538987.185014797,-1572844.0514413444,0,background
1285,assam,6560257.115230671,-1474729.2073378486,0,background
1286,assam,6491058.244183133,-1643181.724415178,0,background
1287,assam,6468806.702542915,-1683340.0457307512,0,background
1288,assam,6484710.911978178,-1633083.8688094805,0,background
1289,assam,6577537.833215143,-1381454.2856133345,0,background
1290,assam,6390754.515707316,-1759539.8329366106,0,background
1291,assam,6449855.620240799,-1700628.2996629027,0,background
1292,assam,6512579.25233124,-1605357.5159654173,0,background
1293,assam,6588648.868752315,-1302026.9171237927,0,background
1294,assam,6506502.916586595,-1502593.084587552,0,background
1295,assam,6395580.001056258,-1690163.8328026969,0,background
1296,assam,6556213.206991786,-1368057.8221458166,0,background
1297,assam,6687404.264008623,-1557576.371520759,0,background
1298,assam,6565369.789517232,-1563519.9371127859,0,background
1299,assam,6601430.919027855,-1200410.8453526683,0,background
1300,assam,6560859.4098200705,-1399412.0177245517,0,background
1301,assam,6608988.452522858,-1329953.3782834206,0,background
1302,assam,6564999.53940317,-1348080.3775848274,0,background
1303,assam,6476940.339096923,-1655302.5990835698,0,background
1304,assam,6745811.665317323,-1509242.9522735656,0,background
1305,assam,6595717.390217113,-1478751.4603539112,0,background
1306,assam,6593599.273780974,-1429835.0823542771,0,background
1307,assam,6500392.302563311,-1598534.251176768,0,background
1308,assam,6477502.231380667,-1589607.7898262504,0,background
1309,assam,6401269.968789026,-1732389.3499578948,0,background
1310,assam,6509669.253826716,-1483977.2721926386,0,background
1311,assam,6588535.470561137,-1481317.9618474364,0,background
1312,assam,6407661.488463956,-1687723.3388844195,0,background
1313,assam,6519429.138505224,-1465895.8511348858,0,background
1314,assam,6572559.866693287,-1551796.740876647,0,background
1315,assam,6403746.508135727,-1722395.337412857,0,background
1316,assam,6616933.333368072,-1332777.4139619053,0,background
1317,assam,6721403.736716071,-1537440.3514352338,0,background
1318,assam,6492134.576735747,-1650004.8934768129,0,background
1319,assam,6517357.043675803,-1446678.7763727985,0,background
1320,assam,6444140.267171633,-1710972.8668005988,0,background
1321,assam,6589441.895649541,-1223050.0822477667,0,background
1322,assam,6493674.773488253,-1539284.4695053434,0,background
1323,assam,6481399.300461753,-1629666.7726752146,0,background
1324,assam,6535200.478661533,-1436702.6670988763,0,background
1325,assam,6589187.028672168,-1485368.0083156042,0,background
1326,assam,6356018.006390702,-1756193.645345073,0,background
1327,assam,6632921.38125793,-1274797.5899532414,0,background
1328,assam,6649694.198915317,-1223706.1773095522,0,background
1329,assam,6616870.5051843515,-1269832.785174491,0,background
1330,assam,6597687.912004473,-1214651.1086013236,0,background
1331,assam,6602891.2693380695,-1496826.3235248078,0,background
1332,assam,6426844.015433696,-1624376.0090836852,0,background
1333,assam,6330424.704623922,-1801014.2185558344,0,background
1334,assam,6626195.350190849,-1563217.3867038381,0,background
1335,assam,6715346.226362165,-1540111.1524673926,0,background
1336,assam,6612786.972799358,-1175216.2513220813,0,background
1337,assam,6551575.3857663395,-1407983.5129742748,0,background
1338,assam,6401333.0071669035,-1669984.0042196112,0,background
1339,assam,6405762.250464312,-1677059.9589318119,0,background
1340,assam,6581697.874621506,-1418264.9345034757,0,background
1341,assam,6568634.44122252,-1374975.1018386176,0,background
1342,assam,6587204.836698771,-1496332.3235260532,0,background
1343,assam,6575282.439516921,-1359150.7403929818,0,background
1344,assam,6616722.331418462,-1276180.2185832926,0,background
1345,assam,6626415.908453652,-1345632.4511450746,0,background
1346,assam,6563775.351966329,-1389730.8757356142,0,background
1347,assam,6564347.966509877,-1301471.0170667432,0,background
1348,assam,6599945.98236592,-1589929.4563604195,0,background
1349,assam,6524177.515562776,-1534135.1793491642,0,background
1350,assam,6602316.892690853,-1301473.7349668324,0,background
1351,assam,6598039.707473388,-1190422.036241256,0,background
1352,assam,6378386.287631896,-1748751.9743062002,0,background
1353,assam,6525890.678817189,-1614610.8672207703,0,background
1354,assam,6536938.360973725,-1557542.7073226506,0,background
1355,assam,6553820.406826635,-1603424.42656421,0,background
1356,assam,6630583.232335886,-1435913.1865604257,0,background
1357,assam,6369171.372958901,-1713888.8961828917,0,background
1358,assam,6610074.535999589,-1515974.209273684,0,background
1359,assam,6349409.73880067,-1773542.5504115915,0,background
1360,assam,6545098.027291127,-1372566.9356588344,0,background
1361,assam,6613090.4593591355,-1152938.778660221,0,background
1362,assam,6336135.912490455,-1780095.9663377772,0,background
1363,assam,6647434.570060433,-1226953.3851878722,0,background
1364,assam,6488266.947085694,-1589893.3695330112,0,background
1365,assam,6581067.336974766,-1227815.685673129,0,background
1366,assam,6646580.291507992,-1525495.4816415082,0,background
1367,assam,6428602.96693721,-1705411.505935724,0,background
1368,assam,6397351.332498327,-1714195.0934991848,0,background
1369,assam,6377011.565483456,-1802924.7793116185,0,background
1370,assam,6549137.927287104,-1610584.8740151257,0,background
1371,assam,6388736.178209363,-1801375.7640509906,0,background
1372,assam,6552874.86140884,-1514291.6094964691,0,background
1373,assam,6620482.150026966,-1490592.9591105415,0,background
1374,assam,6627804.654725256,-1173908.256653869,0,background
1375,assam,6577462.498483808,-1226513.9146573537,0,background
1376,assam,6613495.960661466,-1556590.189090345,0,background
1377,assam,6486221.21690009,-1604727.5802990072,0,background
1378,assam,6633265.851213257,-1554986.304154305,0,background
1379,assam,6489256.030301164,-1665207.4656298382,0,background
1380,assam,6536600.049243441,-1469584.3879944251,0,background
1381,assam,6500684.63803638,-1566087.7824468354,0,background
1382,assam,6560922.631107267,-1427136.3250318344,0,background
1383,assam,6643391.585619742,-1265368.7349257641,0,background
1384,assam,6459775.284171259,-1632321.6341231053,0,background
1385,assam,6568352.500979195,-1270227.8687659544,0,background
1386,assam,6591318.455849722,-1169190.9157820616,0,background
1387,assam,6417206.763996567,-1671783.6624291115,0,background
1388,assam,6566775.204316185,-1408430.12624532,0,background
1389,assam,6544459.418718728,-1417197.3850680252,0,background
1390,assam,6368966.590711987,-1741048.9297423973,0,background
1391,assam,6580938.399571991,-1326963.9899877808,0,background
1392,assam,6466962.736487179,-1696945.4490272552,0,background
1393,assam,6481096.987879641,-1672772.673886033,0,background
1394,assam,6639200.046224882,-1286879.2891349397,0,background
1395,assam,6483394.286773449,-1647441.5410405686,0,background
1396,assam,6522307.3171239095,-1554424.3014369297,0,background
1397,assam,6552912.135516091,-1412946.3670825614,0,background
1398,assam,6382846.935731059,-1812327.0734398775,0,background
1399,assam,6548649.4499253705,-1613600.451666685,0,background
1400,assam,6376687.547898803,-1731421.893360491,0,background
1401,assam,6597400.19667223,-1264684.6454612236,0,background
1402,assam,6507525.881938446,-1574728.974719857,0,background
1403,assam,6498742.027619779,-1569080.681799093,0,background
1404,assam,6673288.716050253,-1511021.0673551024,0,background
1405,assam,6607224.771446844,-1509610.0623330728,0,background
1406,assam,6652055.57572127,-1165648.5923743788,0,background
1407,assam,6559447.555950565,-1382852.9861454063,0,background
1408,assam,6615840.424158018,-1266213.6237003256,0,background
1409,assam,6596381.245992123,-1524946.8580033092,0,background
1410,assam,6410692.955400631,-1745838.3881487309,0,background
1411,assam,6611072.597638694,-1213992.9913613808,0,background
1412,assam,6615698.848247938,-1290756.9310221171,0,background
1413,assam,6564781.775034776,-1321083.7647298838,0,background
1414,assam,6549641.060759354,-1420066.1245627643,0,background
1415,assam,6574965.12752165,-1623514.1799926204,0,background
1416,assam,6587489.333898901,-1214499.6115102845,0,background
1417,assam,6506851.941211585,-1558215.2120571942,0,background
1418,assam,6537400.517943071,-1421556.8464735958,0,background
1419,assam,6573384.132254947,-1427267.3588434304,0,background
1420,assam,6592156.840044625,-1440694.1962168969,0,background
1421,assam,6638724.611741429,-1284885.8755600078,0,background
1422,assam,6516415.2756953575,-1602221.352424769,0,background
1423,assam,6585131.755929992,-1432903.5490279316,0,background
1424,assam,6358459.947505634,-1737515.2036570634,0,background
1425,assam,6648480.025481016,-1526721.6738833436,0,background
1426,assam,6432820.02446699,-1648419.099101658,0,background
1427,assam,6669576.4675747035,-1517765.80895907,0,background
1428,assam,6390033.915362889,-1750984.074922731,0,background
1429,assam,6434602.345561006,-1673703.390204165,0,background
1430,assam,6573267.1244308725,-1239221.7569702107,0,background
1431,assam,6645488.266057601,-1232604.3725450425,0,background
1432,assam,6621446.674592019,-1239666.9302382905,0,background
1433,assam,6506469.2298392905,-1509041.617833987,0,background
1434,assam,6566209.586854999,-1377941.0274717384,0,background
1435,assam,6438023.274884432,-1690346.9489741705,0,background
1436,assam,6544926.757472269,-1455951.6563426973,0,background
1437,assam,6412724.361464191,-1732490.4435670082,0,background
1438,assam,6597435.319996725,-1524308.6988048626,0,background
1439,assam,6558150.317867026,-1441322.6152475995,0,background
1440,assam,6551560.2981423605,-1347939.9306328124,0,background
1441,assam,6619642.198148761,-1282418.9460360745,0,background
1442,assam,6572917.549805533,-1364211.8301052134,0,background
1443,assam,6708841.200965713,-1510387.7205202626,0,background
1444,assam,6564094.060992174,-1341314.3690457663,0,background
1445,assam,6456480.980946556,-1623730.0269962302,0,background
1446,assam,6587568.54709601,-1366246.0579385909,0,background
1447,assam,6577982.109244147,-1219514.1745391202,0,background
1448,assam,6516672.976889717,-1610035.616469558,0,background
1449,assam,6591457.7261121385,-1292541.129780126,0,background
1450,assam,6590889.060025941,-1169797.015810102,0,background
1451,assam,6484161.536239197,-1653501.216170613,0,background
1452,assam,6578105.593912459,-1272595.0918447466,0,background
1453,assam,6713158.122434217,-1477693.0414457258,0,background
1454,assam,6636301.246786566,-1487327.2201685428,0,background
1455,assam,6498786.63055124,-1639368.248460798,0,background
1456,assam,6506136.500688983,-1537159.8953758536,0,background
1457,assam,6641563.422479105,-1199619.5001277968,0,background
1458,assam,6621245.691458882,-1175915.3018495454,0,background
1459,assam,6539647.537499144,-1625256.6557367211,0,background
1460,assam,6630109.501733792,-1339994.256510083,0,background
1461,assam,6593181.032002263,-1359772.97678677,0,background
1462,assam,6753290.730414817,-1479052.7150201902,0,background
1463,assam,6564543.829148925,-1445522.3542578034,0,background
1464,assam,6409420.682281783,-1650066.4117386835,0,background
1465,assam,6602323.1497074505,-1521723.6713439764,0,background
1466,assam,6502005.791078667,-1490557.347592997,0,background
1467,assam,6576911.700475406,-1397095.9819512744,0,background
1468,assam,6565133.6831886135,-1499834.6824520552,0,background
1469,assam,6645188.341403623,-1198338.4908563015,0,background
1470,assam,6711257.138469163,-1459644.838191884,0,background
1471,assam,6413264.002698914,-1631688.8773669759,0,background
1472,assam,6542474.404520009,-1475008.5182822742,0,background
1473,assam,6550567.087246852,-1518753.0258988484,0,background
1474,assam,6482759.242760523,-1622230.7188653962,0,background
1475,assam,6596678.249465009,-1242483.7563494986,0,background
1476,assam,6638458.927014999,-1278202.5288577287,0,background
1477,assam,6448027.350717887,-1668792.6964866677,0,background
1478,assam,6523266.979803088,-1480700.2921902658,0,background
1479,assam,6554919.087929554,-1446363.4682024252,0,background
1480,assam,6620268.1371931955,-1334810.6339560582,0,background
1481,assam,6662571.736513425,-1159015.5940201806,0,background
1482,assam,6636427.164658449,-1169629.1046177552,0,background
1483,assam,6610329.971938699,-1287021.1919691353,0,background
1484,assam,6526998.838169565,-1529585.495222624,0,background
1485,assam,6503128.024694326,-1487801.0968718526,0,background
1486,assam,6588422.242596191,-1461346.4621055264,0,background
1487,assam,6488580.0403514905,-1588392.1019878485,0,background
1488,assam,6673366.035752171,-1175221.4313683198,0,background
1489,assam,6385366.164549575,-1694189.8884466966,0,background
1490,assam,6606667.544620198,-1266662.5017033294,0,background
1491,assam,6623729.607413441,-1560549.8624169761,0,background
1492,assam,6476715.179201911,-1649670.2971190969,0,background
1493,assam,6720272.731042331,-1503696.4321130572,0,background
1494,assam,6626183.30527171,-1482423.7543582092,0,background
1495,assam,6515877.448450272,-1450479.567536941,0,background
1496,assam,6587720.221813215,-1526620.7951741626,0,background
1497,assam,6643484.592717715,-1498893.8237874606,0,background
1498,assam,6618502.11157778,-1496121.3920388496,0,background
1499,assam,6733408.14357419,-1553830.1395554182,0,background
1500,assam,6581699.048648374,-1526886.012010821,0,background
1501,assam,6480227.287837652,-1633973.1502317963,0,background
1502,assam,6505417.378363858,-1478034.5548777245,0,background
1503,assam,6615023.45983359,-1294456.6870541577,0,background
1504,assam,6458279.185483338,-1618893.3204533393,0,background
1505,assam,6583345.538408149,-1287849.5403275485,0,background
1506,assam,6549877.940966721,-1473216.5295304763,0,background
1507,assam,6634044.492860026,-1255279.2824777097,0,background
1508,assam,6632876.221187292,-1190320.122063241,0,background
1509,assam,6635814.575676906,-1235107.5055358412,0,background
1510,assam,6573647.023167558,-1325075.458712224,0,background
1511,assam,6480186.219672967,-1617102.1113933343,0,background
1512,assam,6515855.493764158,-1631706.4087796393,0,background
1513,assam,6609250.698939763,-1174023.3473926312,0,background
1514,assam,6445933.278842236,-1637199.4847683776,0,background
1515,assam,6637327.261860441,-1317551.5970922937,0,background
1516,assam,6450913.2937055435,-1643674.6945659786,0,background
1517,assam,6595070.754325469,-1339268.8405478832,0,background
1518,assam,6443598.994586739,-1612842.201900774,0,background
1519,assam,6626402.998106676,-1343083.6929007913,0,background
1520,assam,6596538.613393457,-1420687.1020142273,0,background
1521,assam,6418262.268425665,-1657680.88978049,0,background
1522,assam,6433079.681689122,-1642095.625066516,0,background
1523,assam,6593606.727936994,-1321131.0623428223,0,background
1524,assam,6697188.773518128,-1169130.2091911496,0,background
1525,assam,6563036.370907742,-1424164.8219044008,0,background
1526,assam,6487109.451761188,-1643452.5143188538,0,background
1527,assam,6620302.834636322,-1208141.6287687856,0,background
1528,assam,6612642.020389236,-1522764.7016198805,0,background
1529,assam,6547080.425713249,-1621083.895968362,0,background
1530,assam,6394152.786039502,-1719440.8744380476,0,background
1531,assam,6628647.702762457,-1264576.6564500576,0,background
1532,assam,6434151.067126547,-1614996.5604335584,0,background
1533,assam,6561794.724011893,-1472416.635079986,0,background
1534,assam,6480557.46981529,-1582284.2100062543,0,background
1535,assam,6548422.536069034,-1583994.2248015373,0,background
1536,assam,6547304.443646111,-1445758.8045982174,0,background
1537,assam,6595311.804119908,-1525081.9264932256,0,background
1538,assam,6480772.96849512,-1662433.1781825586,0,background
1539,assam,6421817.568398234,-1757064.1166857458,0,background
1540,assam,6594063.031472869,-1469485.1750944946,0,background
1541,assam,6571325.478152976,-1402033.1344968432,0,background
1542,assam,6514147.058464316,-1541365.802279484,0,background
1543,assam,6506555.288998771,-1482764.7941344623,0,background
1544,assam,6604640.336450895,-1225386.8999758165,0,background
1545,assam,6573023.770496732,-1500731.7298598045,0,background
1546,assam,6561840.662139381,-1327585.977594645,0,background
1547,assam,6681566.478130091,-1560785.8406856798,0,background
1548,assam,6564568.925462053,-1559688.7962657104,0,background
1549,assam,6681690.228461851,-1569372.0667807595,0,background
1550,assam,6479096.602334371,-1677320.442023375,0,background
1551,assam,6529921.317584272,-1573467.9488736948,0,background
1552,assam,6615952.550413719,-1328076.470810584,0,background
1553,assam,6583319.082994645,-1297658.338466541,0,background
1554,assam,6409577.7193088215,-1712222.380047316,0,background
1555,assam,6581126.040265631,-1212462.246625153,0,background
1556,assam,6412830.961230607,-1642000.8698060776,0,background
1557,assam,6617195.607636878,-1259222.747845467,0,background
1558,assam,6606855.0677088145,-1177761.647895806,0,background
1559,assam,6442890.872251671,-1604779.0189694932,0,background
1560,assam,6364858.479125357,-1783530.1999856434,0,background
1561,assam,6575482.992081778,-1285691.0025116338,0,background
1562,assam,6601209.7252290975,-1299160.344259655,0,background
1563,assam,6599325.045600314,-1248599.5902219084,0,background
1564,assam,6584759.5229657795,-1229621.048145444,0,background
1565,assam,6558274.4965284765,-1592693.368499755,0,background
1566,assam,6642040.534679294,-1271324.663763894,0,background
1567,assam,6624022.800703029,-1514274.595053302,0,background
1568,assam,6631217.4385033995,-1482593.3816574374,0,background
1569,assam,6612336.598391849,-1345865.677554479,0,background
1570,assam,6590286.164888937,-1388386.6255373452,0,background
1571,assam,6620882.754408382,-1513991.3448870287,0,background
1572,assam,6502054.238650981,-1490836.8108581763,0,background
1573,assam,6587398.090173957,-1425039.0014762138,0,background
1574,assam,6600712.485491363,-1206738.2110872287,0,background
1575,assam,6388259.012111695,-1713882.9853101333,0,background
1576,assam,6661791.705737803,-1154131.3738559633,0,background
1577,assam,6456241.540183441,-1603568.5291705146,0,background
1578,assam,6481241.54619301,-1652061.872903579,0,background
1579,assam,6574243.938148131,-1620129.582137799,0,background
1580,assam,6548366.493349624,-1426770.343175637,0,background
1581,assam,6620637.71951694,-1431225.303976312,0,background
1582,assam,6562898.1612152895,-1612169.5274312117,0,background
1583,assam,6697071.938620825,-1494529.7148825384,0,background
1584,assam,6410223.102713101,-1742711.1641458108,0,background
1585,assam,6581352.95534287,-1435783.620336937,0,background
1586,assam,6618159.4221116835,-1571662.0259685977,0,background
1587,assam,6446971.938934813,-1701529.27440523,0,background
1588,assam,6404153.063617725,-1678294.2753398884,0,background
1589,assam,6678971.834870705,-1570011.7938208543,0,background
1590,assam,6440091.03167116,-1656782.6779210414,0,background
1591,assam,6602812.372479426,-1279537.1260561212,0,background
1592,assam,6530842.405921031,-1505029.9749933826,0,background
1593,assam,6514612.266008347,-1491691.6552265382,0,background
1594,assam,6550633.353827222,-1593731.2633910165,0,background
1595,assam,6546474.559523371,-1475996.1976848482,0,background
1596,assam,6338039.437473905,-1795351.4133042183,0,background
1597,assam,6518274.194910042,-1447295.249857225,0,background
1598,assam,6575304.603474333,-1359583.6402567634,0,background
1599,assam,6330997.476425457,-1784288.077321508,0,background
1600,assam,6620930.71743955,-1162180.706841786,0,background
1601,assam,6600738.858028718,-1339535.455000294,0,background
1602,assam,6363715.479898276,-1787315.2978559078,0,background
1603,assam,6546582.859258422,-1519867.9130993905,0,background
1604,assam,6580716.806541715,-1306445.932364381,0,background
1605,assam,6717790.334513896,-1550654.9840707642,0,background
1606,assam,6407626.677659599,-1641521.095966753,0,background
1607,assam,6693817.682420299,-1531511.2501912937,0,background
1608,assam,6374541.419355039,-1716026.9498465657,0,background
1609,assam,6575672.746863084,-1259813.311062236,0,background
1610,assam,6529806.534656732,-1429439.7049299758,0,background
1611,assam,6484477.3877431415,-1586499.6992969124,0,background
1612,assam,6537918.610739203,-1505986.0258535447,0,background
1613,assam,6683742.20037766,-1565534.9311514492,0,background
1614,assam,6628081.050763127,-1181457.530762213,0,background
1615,assam,6504673.690905938,-1499799.8333110735,0,background
1616,assam,6568547.739494118,-1583826.5908169933,0,background
1617,assam,6595885.789027683,-1264197.7479711967,0,background
1618,assam,6606426.042362523,-1193498.2950679406,0,background
1619,assam,6559890.86557883,-1307467.4835630688,0,background
1620,assam,6566668.444160403,-1616796.5094552801,0,background
1621,assam,6591692.819591148,-1370474.842779294,0,background
1622,assam,6426935.674078586,-1716990.2839395984,0,background
1623,assam,6340041.838475095,-1795087.7483541563,0,background
1624,assam,6568192.506937934,-1569891.0816003268,0,background
1625,assam,6423479.1737362025,-1674397.096441322,0,background
1626,assam,6520029.949726097,-1488029.840155298,0,background
1627,assam,6498784.949945534,-1597907.5021755744,0,background
1628,assam,6442293.097157018,-1726557.956720872,0,background
1629,assam,6504989.887914925,-1579373.7062675685,0,background
1630,assam,6425228.788325054,-1623695.7043774552,0,background
1631,assam,6580679.23596999,-1372069.9968019368,0,background
1632,assam,6599264.15914534,-1505299.4622023124,0,background
1633,assam,6513495.479015184,-1544551.3760664295,0,background
1634,assam,6574611.968969772,-1600767.8110328533,0,background
1635,assam,6630414.5963269835,-1180982.5285190095,0,background
1636,assam,6571018.097351908,-1258220.6064695704,0,background
1637,assam,6592005.978214535,-1417360.330066844,0,background
1638,assam,6579585.190404586,-1356012.638411463,0,background
1639,assam,6530412.238952006,-1599595.7323210253,0,background
1640,assam,6580265.440310964,-1211589.2542293812,0,background
1641,assam,6546028.914957656,-1438429.3907784098,0,background
1642,assam,6362605.434340922,-1782044.5167441242,0,background
1643,assam,6624726.620931984,-1279817.5754875282,0,background
1644,assam,6419819.7958332375,-1641297.7902145158,0,background
1645,assam,6571191.390654769,-1368155.9552990731,0,background
1646,assam,6612850.168620729,-1192124.6019251063,0,background
1647,assam,6459084.317042523,-1603091.1015647957,0,background
1648,assam,6623004.214831566,-1550448.296363375,0,background
1649,assam,6635565.021906064,-1348446.0822588927,0,background
1650,assam,6598243.345097085,-1522425.487568991,0,background
1651,assam,6564396.165136307,-1423390.2032077427,0,background
1652,assam,6347923.59905707,-1770483.7516711254,0,background
1653,assam,6608907.063251982,-1576769.6311880655,0,background
1654,assam,6571140.533238125,-1342667.7076261146,0,background
1655,assam,6548555.500070699,-1594499.954958384,0,background
1656,assam,6501525.498030258,-1583783.2664513406,0,background
1657,assam,6495523.250524284,-1542025.514887686,0,background
1658,assam,6582435.516266564,-1412103.9450116905,0,background
1659,assam,6588466.068209532,-1446457.1529336893,0,background
1660,assam,6580310.317696666,-1224423.7884066675,0,background
1661,assam,6390122.7186009465,-1730574.1295511043,0,background
1662,assam,6588667.230490867,-1529556.0699966222,0,background
1663,assam,6584619.815864774,-1305566.590663465,0,background
1664,assam,6604047.7905981755,-1498936.3678428256,0,background
1665,assam,6610243.873190162,-1524633.7292178923,0,background
1666,assam,6570346.053351326,-1274542.2470572896,0,background
1667,assam,6604658.156417954,-1256372.9654526766,0,background
1668,assam,6589955.823897762,-1285227.391175671,0,background
1669,assam,6404877.668844422,-1716748.7272514442,0,background
1670,assam,6538438.034070917,-1474708.358722515,0,background
1671,assam,6354238.259387251,-1787153.4309749417,0,background
1672,assam,6575410.469337442,-1431518.33484441,0,background
1673,assam,6571770.283850223,-1220171.065712797,0,background
1674,assam,6698830.613781112,-1172965.5904441918,0,background
1675,assam,6379172.279744561,-1712218.1643478465,0,background
1676,assam,6482501.892767488,-1659438.0086889989,0,background
1677,assam,6541275.987289357,-1544830.4688004118,0,background
1678,assam,6498147.982420647,-1611135.4370893291,0,background
1679,assam,6566878.653694163,-1359477.5556509718,0,background
1680,assam,6580926.263508244,-1538422.5372025052,0,background
1681,assam,6567620.362231319,-1541335.6014940173,0,background
1682,assam,6579689.887736269,-1417680.7861598572,0,background
1683,assam,6577318.223856443,-1445688.9132973878,0,background
1684,assam,6574460.504152825,-1288140.7253422246,0,background
1685,assam,6595115.673656282,-1319538.694035957,0,background
1686,assam,6509747.031236804,-1648678.0415184365,0,background
1687,assam,6552030.9678665595,-1413846.2145795468,0,background
1688,assam,6580370.864167254,-1231544.6115458014,0,background
1689,assam,6589232.783568385,-1211398.7750710412,0,background
1690,assam,6411217.697719272,-1643491.3553161754,0,background
1691,assam,6459384.431265128,-1658736.5105346187,0,background
1692,assam,6585231.095874698,-1444534.0851149806,0,background
1693,assam,6597490.183572103,-1533913.9116389079,0,background
1694,assam,6361671.956264844,-1773580.805707141,0,background
1695,assam,6449046.323229669,-1681570.521304851,0,background
1696,assam,6574772.339719872,-1511666.0203640047,0,background
1697,assam,6421053.197474746,-1652250.5538007533,0,background
1698,assam,6624070.578608231,-1482802.6578653601,0,background
1699,assam,6610979.529555665,-1151710.4014294322,0,background
1700,assam,6610807.905407853,-1533242.1554562051,0,background
1701,assam,6464089.408567624,-1657567.2416798605,0,background
1702,assam,6627488.425037732,-1173623.4806749455,0,background
1703,assam,6546163.345503351,-1599842.160549726,0,background
1704,assam,6550628.728601872,-1381587.8320853636,0,background
1705,assam,6701929.064924697,-1499883.5450306968,0,background
1706,assam,6592525.703706988,-1475120.959555937,0,background
1707,assam,6639487.92876952,-1253850.4204016586,0,background
1708,assam,6604621.143400979,-1358354.167089469,0,background
1709,assam,6433630.315673065,-1642267.2997824063,0,background
1710,assam,6555086.217586037,-1591174.2164325481,0,background
1711,assam,6715702.130440489,-1524071.4358876732,0,background
1712,assam,6549371.688246796,-1479007.0823553137,0,background
1713,assam,6588527.136463813,-1369482.9153585003,0,background
1714,assam,6511129.298911389,-1541803.1677704707,0,background
1715,assam,6612384.937756282,-1260318.943575308,0,background
1716,assam,6527145.885374995,-1539146.0237948366,0,background
1717,assam,6352651.219525532,-1746628.9749571118,0,background
1718,assam,6600131.508550685,-1569819.5453520021,0,background
1719,assam,6681058.814159632,-1558017.04671643,0,background
1720,assam,6520957.95619164,-1593152.53718722,0,background
1721,assam,6549879.5117154885,-1360838.7653796587,0,background
1722,assam,6763515.98359974,-1494494.130445449,0,background
1723,assam,6426825.96367794,-1662691.3990401658,0,background
1724,assam,6465635.211821164,-1623154.4276902175,0,background
1725,assam,6353961.140322704,-1744209.23580892,0,background
1726,assam,6451586.764408761,-1632800.1039544146,0,background
1727,assam,6498225.54417434,-1568270.746693369,0,background
1728,assam,6547399.488286835,-1614648.0249499823,0,background
1729,assam,6507251.810554256,-1568055.8709449973,0,background
1730,assam,6428576.141919872,-1693595.723264232,0,background
1731,assam,6566766.199522039,-1314993.8122873448,0,background
1732,assam,6570035.982554426,-1215692.685195022,0,background
1733,assam,6488733.321709295,-1602467.7105660343,0,background
1734,assam,6652243.025141414,-1168732.9449366461,0,background
1735,assam,6576723.1478548655,-1198273.2719142293,0,background
1736,assam,6516270.0057645785,-1592732.443543714,0,background
1737,assam,6623562.423785864,-1551023.239948232,0,background
1738,assam,6606126.498496049,-1582217.1898892187,0,background
1739,assam,6642051.644864422,-1158165.3309402724,0,background
1740,assam,6723765.127850181,-1500144.3695487226,0,background
1741,assam,6414496.181877938,-1744484.5034771557,0,background
1742,assam,6590710.438982613,-1324339.1556896772,0,background
1743,assam,6589396.878492,-1263451.2306934206,0,background
1744,assam,6534031.854727896,-1556749.2273615715,0,background
1745,assam,6606385.366605539,-1458282.163966944,0,background
1746,assam,6417073.139888411,-1693735.5457749271,0,background
1747,assam,6643893.103917861,-1167998.037125051,0,background
1748,assam,6560416.860434923,-1619882.4859158148,0,background
1749,assam,6590858.726643676,-1438084.0416539966,0,background
1750,assam,6586896.085936841,-1300648.2205389405,0,background
1751,assam,6558712.108908167,-1489940.3062450914,0,background
1752,assam,6554535.974133723,-1597878.7719215692,0,background
1753,assam,6616657.795958455,-1527141.8259616776,0,background
1754,assam,6514238.751293152,-1494309.2971070588,0,background
1755,assam,6369883.125196363,-1778221.6872079729,0,background
1756,assam,6580592.543875007,-1518225.3250432569,0,background
1757,assam,6595229.680795776,-1196013.4310545851,0,background
1758,assam,6552493.2514854,-1441696.1267462976,0,background
1759,assam,6575141.196756495,-1534604.641795928,0,background
1760,assam,6693199.417487617,-1560683.9326221938,0,background
1761,assam,6594268.0384039385,-1556666.1099378518,0,background
1762,assam,6654228.392077144,-1521355.5795840253,0,background
1763,assam,6534422.032723376,-1621859.807984731,0,background
1764,assam,6618014.355165608,-1349628.7063110769,0,background
1765,assam,6729117.166171766,-1481491.3970400703,0,background
1766,assam,6582584.562296352,-1331881.3181289833,0,background
1767,assam,6714734.413818778,-1540400.5503025055,0,background
1768,assam,6532231.229298159,-1628149.8595729258,0,background
1769,assam,6380122.839061269,-1696383.27516923,0,background
1770,assam,6332200.283674322,-1802912.0365713544,0,background
1771,assam,6561789.654955913,-1529508.5175620613,0,background
1772,assam,6524820.112310517,-1476618.0562982094,0,background
1773,assam,6447135.1723057935,-1633935.4889348478,0,background
1774,assam,6391497.185934206,-1772887.8906638771,0,background
1775,assam,6463872.424980657,-1650443.3537103117,0,background
1776,assam,6577571.63574004,-1597575.9871907074,0,background
1777,assam,6394593.050537588,-1766805.5726866412,0,background
1778,assam,6632122.455573724,-1517624.1788537675,0,background
1779,assam,6550862.660847159,-1379800.3723285312,0,background
1780,assam,6583047.42139694,-1227156.8884400825,0,background
1781,assam,6709957.010430816,-1556162.8739773936,0,background
1782,assam,6557566.79364402,-1607221.2041932195,0,background
1783,assam,6460749.419827738,-1696674.0496240275,0,background
1784,assam,6580115.175191765,-1521258.8054649911,0,background
1785,assam,6599641.766650836,-1588581.9635245546,0,background
1786,assam,6429143.065601826,-1628948.138518264,0,background
1787,assam,6497151.446982811,-1575479.7272150025,0,background
1788,assam,6638697.639572096,-1227349.7260213024,0,background
1789,assam,6580476.483672248,-1250541.5459245741,0,background
1790,assam,6369057.5145596,-1716757.2797735946,0,background
1791,assam,6531272.1724650785,-1463256.166603951,0,background
1792,assam,6494532.680323845,-1649570.8928846575,0,background
1793,assam,6595235.514194314,-1175041.8400649866,0,background
1794,assam,6639918.185075608,-1250090.603017875,0,background
1795,assam,6447189.779194579,-1647136.5699551578,0,background
1796,assam,6611295.673018632,-1259216.9277654572,0,background
1797,assam,6635961.724985121,-1256054.7275013528,0,background
1798,assam,6532060.543244245,-1533639.4640977776,0,background
1799,assam,6608960.952833174,-1185066.4432906655,0,background
1800,assam,6557220.083211629,-1613713.8606547667,0,background
1801,assam,6536012.541097792,-1580078.8448925426,0,background
1802,assam,6463519.9486612715,-1643946.0472110084,0,background
1803,assam,6527715.761390819,-1518253.6423102266,0,background
1804,assam,6697344.085248294,-1537526.2813349378,0,background
1805,assam,6582747.6698687095,-1304515.3479914472,0,background
1806,assam,6406564.026617775,-1700612.2677881108,0,background
1807,assam,6478691.6173402555,-1603231.5518001365,0,background
1808,assam,6581997.2287455555,-1395536.7967627677,0,background
1809,assam,6624221.479784095,-1314911.8071346632,0,background
1810,assam,6380474.026762981,-1742636.042552543,0,background
1811,assam,6603267.435355655,-1161318.9274843135,0,background
1812,assam,6581103.5691257715,-1265462.3762912683,0,background
1813,assam,6729946.212867958,-1482412.6639233949,0,background
1814,assam,6587775.500940702,-1355389.3995084518,0,background
1815,assam,6503656.271905803,-1518994.4119373448,0,background
1816,assam,6480896.716985747,-1625411.930716841,0,background
1817,assam,6458186.461347811,-1699422.407607373,0,background
1818,assam,6386736.032636358,-1765630.1325599544,0,background
1819,assam,6562564.28550448,-1374572.9388186464,0,background
1820,assam,6576965.286967921,-1211179.602837445,0,background
1821,assam,6347744.218142503,-1781575.7721673045,0,background
1822,assam,6561457.578110441,-1579050.2859559404,0,background
1823,assam,6588548.782251137,-1276899.5837235742,0,background
1824,assam,6548606.020916891,-1607902.7934661456,0,background
1825,assam,6553956.143902049,-1513836.4560931118,0,background
1826,assam,6585427.574059562,-1265260.1555242552,0,background
1827,assam,6428235.20567665,-1683815.9455759525,0,background
1828,assam,6621556.6005935995,-1227829.505454514,0,background
1829,assam,6540496.583377705,-1518915.3178949517,0,background
1830,assam,6539596.190036924,-1496612.3863893785,0,background
1831,assam,6584446.217022394,-1330882.5647748753,0,background
1832,assam,6565096.078191458,-1391441.0976241818,0,background
1833,assam,6395986.764895607,-1677070.8873940252,0,background
1834,assam,6623412.02927293,-1290497.1166599812,0,background
1835,assam,6448152.521822022,-1664197.4842275702,0,background
1836,assam,6393796.906212297,-1728393.1417312548,0,background
1837,assam,6597879.004239351,-1281282.2557849397,0,background
1838,assam,6487232.911505322,-1615614.3774173185,0,background
1839,assam,6389436.104093004,-1795617.4413830473,0,background
1840,assam,6579778.847081104,-1456730.3334948889,0,background
1841,assam,6545443.164045377,-1510940.320849773,0,background
1842,assam,6596460.200258427,-1224089.2224392442,0,background
1843,assam,6747150.635143375,-1473450.410260213,0,background
1844,assam,6541574.725606434,-1502366.3436320033,0,background
1845,assam,6565618.180193861,-1605728.5727783632,0,background
1846,assam,6574390.862686022,-1594897.61879544,0,background
1847,assam,6402223.196133438,-1742269.8741234348,0,background
1848,assam,6373228.750909353,-1794114.0837587747,0,background
1849,assam,6540261.768605329,-1474324.0321447018,0,background
1850,assam,6563878.990752121,-1427414.9046939001,0,background
1851,assam,6488833.812519224,-1657263.5430875185,0,background
1852,assam,6385982.234071299,-1791402.4121495562,0,background
1853,assam,6557975.119868856,-1474547.7235810515,0,background
1854,assam,6464927.280866342,-1692899.422012622,0,background
1855,assam,6387522.944906155,-1736023.633987525,0,background
1856,assam,6609729.9014487695,-1345660.1365729892,0,background
1857,assam,6613058.898826949,-1190983.3231397655,0,background
1858,assam,6473148.752150135,-1650606.741214458,0,background
1859,assam,6638522.325431241,-1275466.2839797207,0,background
1860,assam,6593599.790255018,-1304320.587819057,0,background
1861,assam,6568196.2426028075,-1552097.7394885356,0,background
1862,assam,6485374.224305858,-1652615.5460550967,0,background
1863,assam,6573907.421094058,-1255722.9176101403,0,background
1864,assam,6641373.350139159,-1300665.2768122572,0,background
1865,assam,6486614.065301873,-1568870.7131159906,0,background
1866,assam,6556744.746647076,-1578891.7766073323,0,background
1867,assam,6580401.96819054,-1327522.8091882833,0,background
1868,assam,6550154.28966841,-1400780.7030425547,0,background
1869,assam,6549795.449287594,-1456373.5160366916,0,background
1870,assam,6407324.955578706,-1713364.990474442,0,background
1871,assam,6527224.6305168765,-1454665.5962547613,0,background
1872,assam,6623496.9932752205,-1173628.3239269652,0,background
1873,assam,6582617.935798289,-1513787.354139751,0,background
1874,assam,6559335.913884978,-1412987.7552187787,0,background
1875,assam,6603337.507188367,-1510904.346146021,0,background
1876,assam,6632342.322576442,-1309021.870594024,0,background
1877,assam,6705438.459227919,-1524114.3555935286,0,background
1878,assam,6463036.878380845,-1601609.1821309507,0,background
1879,assam,6742864.945271224,-1474443.535381608,0,background
1880,assam,6665168.932429287,-1171857.8542615862,0,background
1881,assam,6573679.184459119,-1292004.0449298779,0,background
1882,assam,6563421.563495901,-1416641.163088653,0,background
1883,assam,6664946.5291264,-1181260.4968333312,0,background
1884,assam,6538079.93764682,-1418575.1488920352,0,background
1885,assam,6627772.267451525,-1236512.3206752988,0,background
1886,assam,6417096.509226283,-1673461.8275978763,0,background
1887,assam,6593714.614627834,-1510676.9954376454,0,background
1888,assam,6547148.4490941735,-1441752.73888954,0,background
1889,assam,6555661.441809557,-1598113.540353165,0,background
1890,assam,6641108.283558267,-1301486.2476060698,0,background
1891,assam,6467031.140838972,-1663395.6996038875,0,background
1892,assam,6572772.45278661,-1345950.9980801013,0,background
1893,assam,6510261.06578574,-1561733.2701613333,0,background
1894,assam,6582369.454778143,-1190485.5421893694,0,background
1895,assam,6588986.242808641,-1459579.8152604853,0,background
1896,assam,6564151.531358314,-1493215.049428385,0,background
1897,assam,6632108.831462594,-1268950.1296311284,0,background
1898,assam,6556931.381126872,-1367663.1405300698,0,background
1899,assam,6584953.208256718,-1200136.7551015436,0,background
1900,assam,6505947.724543515,-1644275.9510535935,0,background
1901,assam,6465709.537301206,-1655724.4035177063,0,background
1902,assam,6519916.728834235,-1432617.5930692682,0,background
1903,assam,6380680.053157312,-1724660.553582079,0,background
1904,assam,6558230.766567307,-1444421.494545812,0,background
1905,assam,6452582.507617157,-1669938.9936597494,0,background
1906,assam,6683230.865022449,-1162144.9933418406,0,background
1907,assam,6373048.820070368,-1711385.127417641,0,background
1908,assam,6571772.745539579,-1630563.9496114403,0,background
1909,assam,6578224.721370196,-1248777.6116269138,0,background
1910,assam,6537814.9519543,-1583584.0498437348,0,background
1911,assam,6371841.964070352,-1790587.5558803529,0,background
1912,assam,6679847.65098041,-1529222.9313009924,0,background
1913,assam,6463877.633214982,-1598391.784440466,0,background
1914,assam,6639665.017692636,-1233046.788253824,0,background
1915,assam,6554987.7972078305,-1495193.725046337,0,background
1916,assam,6417873.878347785,-1693210.4572009954,0,background
1917,assam,6732956.963791906,-1474834.684663006,0,background
1918,assam,6599144.125720991,-1575508.3403729312,0,background
1919,assam,6360608.357295572,-1746078.7430841634,0,background
1920,assam,6523044.237218543,-1541011.5564506927,0,background
1921,assam,6605744.5111575,-1198246.7137849499,0,background
1922,assam,6407848.264121863,-1696269.8689431753,0,background
1923,assam,6530479.296629994,-1606742.236294889,0,background
1924,assam,6510942.483066261,-1607872.6019907433,0,background
1925,assam,6411632.025258916,-1670646.5517897215,0,background
1926,assam,6418688.1094345,-1690902.2097354308,0,background
1927,assam,6612566.774278285,-1550215.499964859,0,background
1928,assam,6607644.188122242,-1345216.1842703654,0,background
1929,assam,6424637.490219778,-1735414.6806376907,0,background
1930,assam,6625146.57069307,-1454517.6263821675,0,background
1931,assam,6609418.674527591,-1167592.590710917,0,background
1932,assam,6517321.487637272,-1450453.3043040654,0,background
1933,assam,6532811.846849947,-1531865.4249243145,0,background
1934,assam,6581541.852273168,-1185099.643313539,0,background
1935,assam,6600210.476407281,-1590112.120984707,0,background
1936,assam,6490846.603973073,-1586622.281153002,0,background
1937,assam,6415502.581238756,-1662636.4222505672,0,background
1938,assam,6408034.055326893,-1635934.1287558705,0,background
1939,assam,6709324.530067077,-1479880.7237403975,0,background
1940,assam,6676705.962334156,-1163501.0221186036,0,background
1941,assam,6542928.540267837,-1410716.8085945307,0,background
1942,assam,6584684.170051177,-1423241.1311648632,0,background
1943,assam,6696128.095704147,-1520552.1245536793,0,background
1944,assam,6522946.459123447,-1646152.9696630847,0,background
1945,assam,6619034.282887319,-1456653.2130437223,0,background
1946,assam,6404191.118512276,-1722671.580227265,0,background
1947,assam,6587238.450452106,-1582397.3337157806,0,background
1948,assam,6596587.848645888,-1163895.6704287475,0,background
1949,assam,6728291.910892279,-1470948.9486928903,0,background
1950,assam,6578038.0524659045,-1349036.2276643307,0,background
1951,assam,6537857.299463437,-1545362.0360771206,0,background
1952,assam,6528415.238001194,-1633854.1282461856,0,background
1953,assam,6602334.302221117,-1227938.1738772176,0,background
1954,assam,6644212.367978287,-1181566.1195680678,0,background
1955,assam,6598559.440988877,-1522421.1307276087,0,background
1956,assam,6528834.35102097,-1470110.9794235844,0,background
1957,assam,6430489.567377429,-1647925.4875607584,0,background
1958,assam,6718793.551020243,-1494645.579455499,0,background
1959,assam,6592864.602760974,-1481498.2233730513,0,background
1960,assam,6539828.341956661,-1441228.9175807105,0,background
1961,assam,6342048.2501229895,-1795167.6557294477,0,background
1962,assam,6407538.927471305,-1652180.4717878709,0,background
1963,assam,6713509.492741566,-1531359.5749190366,0,background
1964,assam,6593285.875469841,-1303307.5650232711,0,background
1965,assam,6698964.127196237,-1171260.2732281894,0,background
1966,assam,6608201.302898909,-1577256.9998910856,0,background
1967,assam,6484487.853223479,-1619530.9688742007,0,background
1968,assam,6560929.060101749,-1375674.24837707,0,background
1969,assam,6565775.818356838,-1485417.426380104,0,background
1970,assam,6357609.052615121,-1746214.096859133,0,background
1971,assam,6502455.7369494615,-1463866.4888109558,0,background
1972,assam,6511851.526481565,-1631358.4958651299,0,background
1973,assam,6522077.672779862,-1535522.2473884851,0,background
1974,assam,6565304.085871049,-1493088.1059857698,0,background
1975,assam,6508261.114094164,-1559013.756178798,0,background
1976,assam,6619999.522961268,-1369074.272952521,0,background
1977,assam,6528072.836076108,-1631382.6263007869,0,background
1978,assam,6416459.147268,-1695847.6720872885,0,background
1979,assam,6424129.379564534,-1683855.1583137244,0,background
1980,assam,6517813.6232090285,-1457543.8186085555,0,background
1981,assam,6437341.810512742,-1673779.704084237,0,background
1982,assam,6493851.753262732,-1570778.6533986568,0,background
1983,assam,6613297.227590492,-1248946.604483258,0,background
1984,assam,6544638.3818515865,-1553542.7480290525,0,background
1985,assam,6544260.939784681,-1524904.9004405006,0,background
1986,assam,6625754.139481556,-1549793.0824863166,0,background
1987,assam,6576958.640851855,-1596207.565255691,0,background
1988,assam,6380440.932147279,-1743345.6333050781,0,background
1989,assam,6429348.351098297,-1632063.5432343152,0,background
1990,assam,6548500.780866439,-1573601.046385589,0,background
1991,assam,6596267.170901304,-1583701.8545684519,0,background
1992,assam,6567185.799463043,-1423521.0453851866,0,background
1993,assam,6375743.051629862,-1771444.9930399936,0,background
1994,assam,6635869.7636151295,-1246290.5580796723,0,background
1995,assam,6498386.984602749,-1549093.3477942883,0,background
1996,assam,6637051.161941567,-1253794.0762127163,0,background
1997,assam,6619108.878003179,-1319194.3881555593,0,background
1998,assam,6722041.883797606,-1482631.1043191894,0,background
1999,assam,6564809.829294897,-1575138.7382217112,0,background
2000,assam,6637748.376089587,-1193343.65318642,0,background
2001,assam,6624176.360779555,-1458833.3257101355,0,background
2002,assam,6575341.037162856,-1231983.391168627,0,background
2003,assam,6592038.164583703,-1490760.8697705038,0,background
2004,assam,6333110.907499671,-1791119.6633158787,0,background
2005,assam,6388338.319073166,-1780074.468539227,0,background
2006,assam,6621608.951120281,-1332532.0564782254,0,background
2007,assam,6573326.583029747,-1295395.0717375248,0,background
2008,assam,6580710.535462918,-1470593.2627983114,0,background
2009,assam,6346318.063977706,-1779147.550436943,0,background
2010,assam,6538048.8939163685,-1403004.1507853398,0,background
2011,assam,6625513.869879842,-1179897.7888567406,0,background
2012,assam,6336316.641903216,-1796103.3536205993,0,background
2013,assam,6491389.328612057,-1633942.0230920473,0,background
2014,assam,6467439.468658494,-1657286.7328662116,0,background
2015,assam,6613956.76508184,-1532254.8578440575,0,background
2016,assam,6440192.083639188,-1667961.5929237665,0,background
2017,assam,6377432.673309395,-1803983.2984732152,0,background
2018,assam,6370254.48812001,-1750146.5828208087,0,background
2019,assam,6575762.51231272,-1200777.8192370369,0,background
2020,assam,6492784.6341550555,-1583994.8896265326,0,background
2021,assam,6518868.248209088,-1435372.392141046,0,background
2022,assam,6597096.986026392,-1259983.6690144408,0,background
2023,assam,6510649.588834964,-1485862.9597528146,0,background
2024,assam,6410343.481636947,-1735506.3346793398,0,background
2025,assam,6565388.879871116,-1458161.1592915007,0,background
2026,assam,6501280.177296083,-1610274.7470473633,0,background
2027,assam,6701781.381615687,-1489365.1832863037,0,background
2028,assam,6542425.5558323525,-1555957.2533761875,0,background
2029,assam,6584010.622335917,-1476063.557127463,0,background
2030,assam,6534891.4960508095,-1580579.7615818663,0,background
2031,assam,6608925.177239461,-1577678.4882918554,0,background
2032,assam,6722489.040591699,-1538197.1422278588,0,background
2033,assam,6416742.777702072,-1691058.4360768714,0,background
2034,assam,6463150.186606782,-1639868.3547737168,0,background
2035,assam,6629608.032719503,-1329792.6015102703,0,background
2036,assam,6598520.88354366,-1501455.6358400024,0,background
2037,assam,6698671.206012565,-1484323.7130473324,0,background
2038,assam,6400950.548415256,-1741801.0298989548,0,background
2039,assam,6632238.859833369,-1163032.5547364312,0,background
2040,assam,6569068.578741509,-1496289.6250422935,0,background
2041,assam,6577487.005057289,-1518194.1269565234,0,background
2042,assam,6507846.379087222,-1527598.2430881155,0,background
2043,assam,6628979.3140768325,-1321138.0519779488,0,background
2044,assam,6583981.084252179,-1406738.5612854802,0,background
2045,assam,6539673.034377976,-1573354.2654139448,0,background
2046,assam,6617739.361484831,-1355639.4300133018,0,background
2047,assam,6648556.087362242,-1169744.6813066246,0,background
2048,assam,6583785.336332045,-1524008.8587601185,0,background
2049,assam,6592555.977772411,-1273577.715351417,0,background
2050,assam,6618917.136453135,-1153668.7617050288,0,background
2051,assam,6594429.032254365,-1289419.744326149,0,background
2052,assam,6672517.101952833,-1550732.5149513332,0,background
2053,assam,6537386.53696492,-1537992.2708354476,0,background
2054,assam,6484758.657002642,-1568786.3957782232,0,background
2055,assam,6364791.67741376,-1802242.6574460594,0,background
2056,assam,6548831.861266873,-1566597.9590883572,0,background
2057,assam,6568840.040962474,-1587141.4834750537,0,background
2058,assam,6557140.791013809,-1420772.1116550036,0,background
2059,assam,6586319.150936962,-1276512.710818318,0,background
2060,assam,6625164.966484683,-1336806.7536494378,0,background
2061,assam,6706736.523848619,-1543405.6423789286,0,background
2062,assam,6404430.211109709,-1770784.3415414726,0,background
2063,assam,6632256.818619064,-1156658.7932678123,0,background
2064,assam,6549720.769457422,-1539507.5317813118,0,background
2065,assam,6599288.787334566,-1313046.8094506126,0,background
2066,assam,6673313.439559769,-1508816.6911570649,0,background
2067,assam,6570257.599945296,-1259398.7189365411,0,background
2068,assam,6658973.184059686,-1157608.5484895823,0,background
2069,assam,6611434.759648875,-1505175.607214307,0,background
2070,assam,6464229.118532229,-1693160.9121837132,0,background
2071,assam,6393291.782693128,-1794348.9912182766,0,background
2072,assam,6423817.965577954,-1711611.4246443314,0,background
2073,assam,6642291.93232803,-1163748.8793911436,0,background
2074,assam,6637126.1103888545,-1282618.7502762591,0,background
2075,assam,6738773.179936685,-1483512.8423186517,0,background
2076,assam,6563059.720496222,-1424940.2610193095,0,background
2077,manipur,6616161.62950646,-1709608.0133220295,0,background
2078,manipur,6635383.229951701,-1662498.9410762892,0,background
2079,manipur,6613865.478472372,-1629425.442234863,0,background
2080,manipur,6600878.350974288,-1686481.2527540156,0,background
2081,manipur,6671740.438248553,-1720868.5959024113,0,background
2082,manipur,6616420.107335572,-1640883.3811615454,0,background
2083,manipur,6618403.93784088,-1727186.795265511,0,background
2084,manipur,6713424.715538148,-1610720.3470969284,0,background
2085,manipur,6604122.270429121,-1676338.460003001,0,background
2086,manipur,6659683.173754593,-1645399.434216925,0,background
2087,manipur,6597189.608617724,-1700760.8066350678,0,background
2088,manipur,6679613.670540304,-1575744.2121788792,0,background
2089,manipur,6708791.8689344395,-1646141.9326427423,0,background
2090,manipur,6696186.033940132,-1674583.5656476559,0,background
2091,manipur,6623843.390922982,-1647403.3908838853,0,background
2092,manipur,6603695.224404391,-1679615.560446143,0,background
2093,manipur,6682440.734163161,-1589933.585053969,0,background
2094,manipur,6626580.954762722,-1644096.5049462612,0,background
2095,manipur,6722492.881416054,-1576774.948791358,0,background
2096,manipur,6706808.866603719,-1640502.2614579028,0,background
2097,manipur,6623446.484996459,-1621059.7964476717,0,background
2098,manipur,6682726.042138189,-1711930.7358072577,0,background
2099,manipur,6675867.813963789,-1717469.748159785,0,background
2100,manipur,6635804.422710633,-1676145.3259034972,0,background
2101,manipur,6699333.894918441,-1593498.4108470806,0,background
2102,manipur,6647676.807200128,-1588920.5932128641,0,background
2103,manipur,6676565.482048499,-1719922.6707488871,0,background
2104,manipur,6697099.487974401,-1642027.6118736146,0,background
2105,manipur,6710855.662447251,-1640409.4304359795,0,background
2106,manipur,6633369.657987394,-1619508.5579976318,0,background
2107,manipur,6692516.3875391185,-1639443.7082511124,0,background
2108,manipur,6600907.238584163,-1654545.3201222653,0,background
2109,manipur,6693252.51573624,-1668797.2796435708,0,background
2110,manipur,6695036.938414195,-1673297.2611122048,0,background
2111,manipur,6736150.701234531,-1649090.366888573,0,background
2112,manipur,6698143.834031717,-1670743.7978172055,0,background
2113,manipur,6726700.9484253125,-1605406.4139598852,0,background
2114,manipur,6727298.822715273,-1602478.8211849057,0,background
2115,manipur,6717976.895657757,-1602430.5451031246,0,background
2116,manipur,6730796.9122869065,-1648691.8056356665,0,background
2117,manipur,6717590.350818243,-1617187.9339039098,0,background
2118,manipur,6671605.560282229,-1726675.6997948776,0,background
2119,manipur,6604335.826912982,-1677760.6059810722,0,background
2120,manipur,6671285.534839777,-1722910.40659136,0,background
2121,manipur,6695339.665508207,-1658243.0696925498,0,background
2122,manipur,6633553.147157957,-1735294.3533997852,0,background
2123,manipur,6742171.489156686,-1564847.9369404186,0,background
2124,manipur,6694015.945194103,-1658032.9344909166,0,background
2125,manipur,6667019.252882608,-1585958.2626433573,0,background
2126,manipur,6735382.665151158,-1645883.3565190358,0,background
2127,manipur,6683463.481893678,-1639904.6307883968,0,background
2128,manipur,6694364.297661884,-1669166.8051636782,0,background
2129,manipur,6752735.043086835,-1581431.3695172607,0,background
2130,manipur,6626276.711015072,-1624555.5716316088,0,background
2131,manipur,6665608.3760195505,-1721132.7252857226,0,background
2132,manipur,6628467.85183525,-1736944.8614548822,0,background
2133,manipur,6678325.019963859,-1647481.6704648628,0,background
2134,manipur,6663225.584419762,-1723668.587318935,0,background
2135,manipur,6626691.161847416,-1643537.7415716923,0,background
2136,manipur,6640882.779171424,-1740073.6635821767,0,background
2137,manipur,6625756.379742017,-1629758.8205087767,0,background
2138,manipur,6612110.83841101,-1697528.8742754334,0,background
2139,manipur,6702663.800445878,-1711668.0233573052,0,background
2140,manipur,6659307.996109383,-1682890.351232826,0,background
2141,manipur,6626680.328329147,-1648247.6849603408,0,background
2142,manipur,6656884.359335909,-1655034.5749222373,0,background
2143,manipur,6755499.306245644,-1587410.2766807969,0,background
2144,manipur,6612641.106757706,-1705878.3224585685,0,background
2145,manipur,6637192.416857309,-1656710.1754333624,0,background
2146,manipur,6743831.297985062,-1700117.6941645206,0,background
2147,manipur,6680364.286049942,-1671549.6740912355,0,background
2148,manipur,6654925.291847088,-1633974.5701716882,0,background
2149,manipur,6687972.192335223,-1714970.890788917,0,background
2150,manipur,6692468.877391485,-1648571.959962676,0,background
2151,manipur,6675958.445883183,-1580012.6255693024,0,background
2152,manipur,6654595.726881613,-1632489.7191559484,0,background
2153,manipur,6747446.7437934,-1642637.7617528178,0,background
2154,manipur,6658147.299978901,-1649988.491379909,0,background
2155,manipur,6657380.5144567415,-1715853.9833084636,0,background
2156,manipur,6689604.262051935,-1649267.6470846294,0,background
2157,manipur,6617459.987476299,-1705216.79150118,0,background
2158,manipur,6662040.174962404,-1645087.2622911173,0,background
2159,manipur,6683232.15513755,-1668371.9332365396,0,background
2160,manipur,6752128.014302624,-1581540.249939413,0,background
2161,manipur,6656330.528792865,-1622559.352618836,0,background
2162,manipur,6623036.978821494,-1738750.5726890294,0,background
2163,manipur,6625926.801328458,-1620911.9735227372,0,background
2164,manipur,6654271.427688615,-1587485.5289860119,0,background
2165,manipur,6687403.828020106,-1709681.3800775167,0,background
2166,manipur,6644401.45135048,-1589891.892528361,0,background
2167,manipur,6656451.301484967,-1626298.1372997945,0,background
2168,manipur,6670359.63148766,-1580281.6561672841,0,background
2169,manipur,6680022.254221038,-1693249.7261941198,0,background
2170,manipur,6629439.540465314,-1624541.0001594226,0,background
2171,manipur,6682258.400799483,-1692236.8283670077,0,background
2172,manipur,6630219.701930003,-1737980.7763735026,0,background
2173,manipur,6689864.145683175,-1650365.4703971522,0,background
2174,manipur,6734850.38610192,-1613466.576289287,0,background
2175,manipur,6684712.646695962,-1709843.3744476084,0,background
2176,manipur,6734022.111346612,-1581491.83941163,0,background
2177,manipur,6587816.471958889,-1699977.041329023,0,background
2178,manipur,6677758.780560325,-1579107.5652834133,0,background
2179,manipur,6655117.730782254,-1599357.264312135,0,background
2180,manipur,6695330.285644202,-1653471.4114419692,0,background
2181,manipur,6657940.747537833,-1599152.8855404633,0,background
2182,manipur,6634671.917139554,-1677062.3806096679,0,background
2183,manipur,6704625.4644658435,-1671467.6634538842,0,background
2184,manipur,6613243.294106853,-1628320.5043126568,0,background
2185,manipur,6614935.7787037175,-1700408.289846511,0,background
2186,manipur,6616702.448187661,-1702326.3290844471,0,background
2187,manipur,6645882.479176793,-1597022.4944517387,0,background
2188,manipur,6748854.460873036,-1577396.591652541,0,background
2189,manipur,6606554.880692646,-1693829.326024063,0,background
2190,manipur,6671735.02193732,-1583532.7054335235,0,background
2191,manipur,6689073.518969856,-1653337.5056413119,0,background
2192,manipur,6740097.564050905,-1693560.3252946243,0,background
2193,manipur,6738076.76475017,-1583650.456421582,0,background
2194,manipur,6704713.437405274,-1612488.138999626,0,background
2195,manipur,6673931.489593499,-1587124.9760143152,0,background
2196,manipur,6629781.081912712,-1624854.5381320035,0,background
2197,manipur,6641155.715881885,-1739687.1112822404,0,background
2198,manipur,6663934.135687196,-1663584.5131086917,0,background
2199,manipur,6632179.836404431,-1620579.5230621668,0,background
2200,manipur,6697294.877111398,-1664800.094420507,0,background
2201,manipur,6589016.799077007,-1703716.6048838343,0,background
2202,manipur,6667824.440935477,-1581055.7059912737,0,background
2203,manipur,6721908.3978162175,-1580252.4263881596,0,background
2204,manipur,6695101.186986307,-1600518.2842207786,0,background
2205,manipur,6635460.497843596,-1630842.6135829329,0,background
2206,manipur,6736798.267007033,-1612957.0402069916,0,background
2207,manipur,6602172.226164802,-1653352.5036338496,0,background
2208,manipur,6672402.031396707,-1717015.5469458448,0,background
2209,manipur,6706375.636439759,-1636960.0300728942,0,background
2210,manipur,6726388.4731529765,-1609358.684188009,0,background
2211,manipur,6698195.438256921,-1658661.7211151689,0,background
2212,manipur,6713885.064636,-1644708.236694692,0,background
2213,manipur,6611908.203248538,-1697313.1230513053,0,background
2214,manipur,6711676.735658765,-1639253.5734177777,0,background
2215,manipur,6665937.134470661,-1695320.4890926671,0,background
2216,manipur,6686625.486034646,-1580552.2111633096,0,background
2217,manipur,6712756.301120958,-1661242.5988538398,0,background
2218,manipur,6739169.371349365,-1652191.9176403652,0,background
2219,manipur,6671223.63192141,-1582934.1085662392,0,background
2220,manipur,6738692.802945312,-1697289.0448445536,0,background
2221,manipur,6653183.642176617,-1713054.948438911,0,background
2222,manipur,6596568.674814163,-1699394.8664730089,0,background
2223,manipur,6750432.7337755235,-1643810.4170930297,0,background
2224,manipur,6732875.120442483,-1613400.7705664025,0,background
2225,manipur,6693608.540777065,-1650213.1896165297,0,background
2226,manipur,6685187.642653984,-1580199.347417198,0,background
2227,manipur,6704066.793277637,-1613984.4922318307,0,background
2228,manipur,6699560.12430731,-1669671.2662782045,0,background
2229,manipur,6722940.321199349,-1579851.1965545453,0,background
2230,manipur,6707445.638828311,-1669236.5102112736,0,background
2231,manipur,6596515.047824796,-1701048.7004581431,0,background
2232,manipur,6654563.652507777,-1672245.72548048,0,background
2233,manipur,6748726.5116217015,-1697995.111569178,0,background
2234,manipur,6601546.623992921,-1677627.3183946062,0,background
2235,manipur,6621267.262414021,-1700896.1130733534,0,background
2236,manipur,6656739.527116698,-1628778.2601202184,0,background
2237,manipur,6625692.8751068935,-1677288.5422194796,0,background
2238,manipur,6613418.04265699,-1633368.7240445288,0,background
2239,manipur,6663753.000459883,-1725645.382746655,0,background
2240,manipur,6645427.231871355,-1601433.769717667,0,background
2241,manipur,6733573.572374935,-1642155.308722957,0,background
2242,manipur,6694631.518091845,-1645733.7202359529,0,background
2243,manipur,6637504.470432425,-1737043.3328747565,0,background
2244,manipur,6637931.590692658,-1639547.6397102543,0,background
2245,manipur,6672058.925669411,-1570690.332901271,0,background
2246,manipur,6727136.717324809,-1580359.1201367076,0,background
2247,manipur,6621979.144622004,-1623157.017028788,0,background
2248,manipur,6601479.770665057,-1686733.3765704564,0,background
2249,manipur,6659423.32526494,-1644587.920808969,0,background
2250,manipur,6714246.030649089,-1587990.6667015308,0,background
2251,manipur,6669274.510420836,-1665473.1141564841,0,background
2252,manipur,6629782.798212916,-1740239.2046913933,0,background
2253,manipur,6621830.05784952,-1643030.5516403348,0,background
2254,manipur,6626464.932499288,-1741571.092739284,0,background
2255,manipur,6733987.827738426,-1658273.9075967658,0,background
2256,manipur,6670504.017046097,-1725380.5437904634,0,background
2257,manipur,6697058.767332859,-1656936.6276055914,0,background
2258,manipur,6636329.194617518,-1677320.5555134227,0,background
2259,manipur,6651553.941329397,-1626201.2030382925,0,background
2260,manipur,6692733.666128679,-1661093.8865305244,0,background
2261,manipur,6618669.133095313,-1720969.7109780856,0,background
2262,manipur,6733336.429446865,-1648578.737763539,0,background
2263,manipur,6739151.487182836,-1614105.3064817747,0,background
2264,manipur,6719149.655818841,-1624011.158032432,0,background
2265,manipur,6627441.37477408,-1742096.418457935,0,background
2266,manipur,6616985.264273936,-1627835.690611201,0,background
2267,manipur,6712188.212912346,-1659360.0422557378,0,background
2268,manipur,6657023.572992218,-1670111.7521122347,0,background
2269,manipur,6651891.456904927,-1585680.7198000988,0,background
2270,manipur,6688246.639910379,-1636144.2245577266,0,background
2271,manipur,6660060.350602537,-1695016.5233182637,0,background
2272,manipur,6726551.628105478,-1708802.5616160966,0,background
2273,manipur,6669564.144869161,-1657556.3942756846,0,background
2274,manipur,6671969.376583057,-1606749.6469539623,0,background
2275,manipur,6656751.494695339,-1643574.7673849997,0,background
2276,manipur,6684246.482116307,-1706543.1243906866,0,background
2277,manipur,6683514.2553922385,-1583643.9907447668,0,background
2278,manipur,6669872.086400571,-1657534.9690335833,0,background
2279,manipur,6672210.27904512,-1642391.7453500312,0,background
2280,manipur,6651283.040684267,-1589014.2764469767,0,background
2281,manipur,6654055.179359722,-1593570.1742583893,0,background
2282,manipur,6693154.099203294,-1660920.9043065766,0,background
2283,manipur,6679872.427785113,-1589586.781278106,0,background
2284,manipur,6729937.562810306,-1655111.4745749054,0,background
2285,manipur,6731116.329110302,-1650771.1296672083,0,background
2286,manipur,6730711.477100801,-1609749.1085112991,0,background
2287,manipur,6732683.6321068145,-1701065.6648134673,0,background
2288,manipur,6621374.140131151,-1686349.9931181797,0,background
2289,manipur,6637650.301118456,-1737602.9132678544,0,background
2290,manipur,6720030.873534306,-1579766.2465657082,0,background
2291,manipur,6663161.974561411,-1722949.5849929093,0,background
2292,manipur,6737589.989720976,-1657147.4230356638,0,background
2293,manipur,6651279.5718643395,-1640895.0697455783,0,background
2294,manipur,6726955.130153525,-1601848.3990240095,0,background
2295,manipur,6676423.301256825,-1582687.1870763185,0,background
2296,manipur,6660197.722915144,-1646395.1203085629,0,background
2297,manipur,6708723.202919014,-1632410.2887107092,0,background
2298,manipur,6633503.236949022,-1628816.102148213,0,background
2299,manipur,6590012.828054963,-1702593.290478088,0,background
2300,manipur,6739311.857974962,-1648285.0603033875,0,background
2301,manipur,6638617.6356659075,-1629357.569514098,0,background
2302,manipur,6753722.62366085,-1588696.494889666,0,background
2303,manipur,6632558.056628637,-1617103.5236405057,0,background
2304,manipur,6690618.451090488,-1673945.2068259714,0,background
2305,manipur,6706186.681952021,-1610959.825297676,0,background
2306,manipur,6622309.718375448,-1675184.2767348806,0,background
2307,manipur,6730841.460138045,-1630292.2051808292,0,background
2308,manipur,6637362.728965663,-1660898.6923150085,0,background
2309,manipur,6618161.668062713,-1695009.3400994523,0,background
2310,manipur,6645374.73480277,-1638811.8505591156,0,background
2311,manipur,6695103.682690322,-1660220.195454869,0,background
2312,manipur,6655090.614023934,-1651772.1154023611,0,background
2313,manipur,6619353.967769007,-1626955.1682211051,0,background
2314,manipur,6738553.622282087,-1643392.8353778345,0,background
2315,manipur,6737408.854683227,-1652806.2086380909,0,background
2316,manipur,6652374.125272187,-1600372.466786304,0,background
2317,manipur,6737770.670015682,-1635125.8841565636,0,background
2318,manipur,6719756.879999566,-1587994.2402739802,0,background
2319,manipur,6674460.008360727,-1659414.9593054734,0,background
2320,manipur,6731155.556286211,-1616377.5113478652,0,background
2321,manipur,6732167.275979525,-1604879.3328691074,0,background
2322,manipur,6720540.362331126,-1601948.9721902586,0,background
2323,manipur,6670394.680864614,-1727165.660617128,0,background
2324,manipur,6603253.937649212,-1678155.0923179283,0,background
2325,manipur,6744996.5291891415,-1667554.5812726705,0,background
2326,manipur,6668399.723553947,-1683301.6110052513,0,background
2327,manipur,6698951.246976035,-1676461.1945234416,0,background
2328,manipur,6663570.954973772,-1649100.218845371,0,background
2329,manipur,6632698.599599615,-1735029.62800698,0,background
2330,manipur,6601630.687629506,-1684285.8219175714,0,background
2331,manipur,6631668.879569429,-1676005.4287164505,0,background
2332,manipur,6652571.698622748,-1650846.1679310517,0,background
2333,manipur,6602249.726752758,-1687717.0954122276,0,background
2334,manipur,6698297.322675642,-1596600.7146934127,0,background
2335,manipur,6665059.462118619,-1662351.2558268337,0,background
2336,manipur,6657715.711826526,-1599285.817277412,0,background
2337,manipur,6740369.733855646,-1654901.6751539402,0,background
2338,manipur,6636109.194340608,-1629386.403725567,0,background
2339,manipur,6653905.512406025,-1622402.4490823129,0,background
2340,manipur,6675427.895017193,-1722851.1285009575,0,background
2341,manipur,6655538.233571905,-1651024.9940247145,0,background
2342,manipur,6689559.099396157,-1643854.084999592,0,background
2343,manipur,6639061.7243552925,-1616241.7199079434,0,background
2344,manipur,6635753.931456053,-1740548.075575804,0,background
2345,manipur,6623644.710789755,-1674979.5410232663,0,background
2346,manipur,6703641.966331377,-1670744.5926516466,0,background
2347,manipur,6626588.264292687,-1644094.7824124645,0,background
2348,manipur,6660623.530624944,-1640908.457020781,0,background
2349,manipur,6760810.312518172,-1564656.1394165196,0,background
2350,manipur,6689279.087978608,-1661547.6312626663,0,background
2351,manipur,6623055.466697113,-1624374.2257445033,0,background
2352,manipur,6701556.901964804,-1653280.3296296743,0,background
2353,manipur,6747388.879713223,-1668923.1151774763,0,background
2354,manipur,6649732.83916829,-1600521.3104577628,0,background
2355,manipur,6752986.038178892,-1570872.1885490497,0,background
2356,manipur,6647389.40832361,-1637612.9911048524,0,background
2357,manipur,6626321.865060712,-1620180.2563487939,0,background
2358,manipur,6673662.3370583225,-1724679.6896616847,0,background
2359,manipur,6590406.549252639,-1702257.2864151297,0,background
2360,manipur,6686877.453619508,-1661619.5220985976,0,background
2361,manipur,6752188.812529847,-1575455.0440427032,0,background
2362,manipur,6616648.546518885,-1632517.0542566266,0,background
2363,manipur,6656451.376290501,-1648377.6324282098,0,background
2364,manipur,6633822.19464949,-1642317.7716187972,0,background
2365,manipur,6653560.439314563,-1601794.4650453746,0,background
2366,manipur,6729133.799326997,-1611094.4648142047,0,background
2367,manipur,6654159.146483314,-1639753.9094855858,0,background
2368,manipur,6655580.596701774,-1605853.1690242034,0,background
2369,manipur,6709065.592795695,-1604876.419860848,0,background
2370,manipur,6599879.140227601,-1687860.505390799,0,background
2371,manipur,6631135.6361346925,-1621710.8024414557,0,background
2372,manipur,6688213.929696556,-1705688.9757280261,0,background
2373,manipur,6704708.287921605,-1611797.2614404298,0,background
2374,manipur,6628586.327329641,-1634062.289981303,0,background
2375,manipur,6754171.946908633,-1659050.4741655034,0,background
2376,manipur,6660906.497226889,-1695126.727619043,0,background
2377,manipur,6626611.222595345,-1623748.059056743,0,background
2378,manipur,6693418.929962156,-1706131.704533424,0,background
2379,manipur,6715013.116910792,-1603935.348186444,0,background
2380,manipur,6664461.5212976765,-1595552.915984871,0,background
2381,manipur,6627745.274840177,-1625149.5456518077,0,background
2382,manipur,6699219.517544763,-1660502.3816754252,0,background
2383,manipur,6656497.544221087,-1599874.7559810537,0,background
2384,manipur,6629858.274648882,-1620454.7438945598,0,background
2385,manipur,6678938.31806686,-1646854.8145123376,0,background
2386,manipur,6724171.678038118,-1587798.9866952808,0,background
2387,manipur,6732838.234310547,-1616355.0070067504,0,background
2388,manipur,6692307.103351783,-1661130.4987862562,0,background
2389,manipur,6714029.733377453,-1608482.370167943,0,background
2390,manipur,6623106.350241423,-1724012.6060620926,0,background
2391,manipur,6691809.011831455,-1646060.2001450472,0,background
2392,manipur,6593758.365029027,-1697642.9015274858,0,background
2393,manipur,6659933.3388747405,-1665544.4773904243,0,background
2394,manipur,6707617.23894588,-1641976.780677545,0,background
2395,manipur,6656905.248850478,-1649659.8317734946,0,background
2396,manipur,6683417.190060674,-1654530.0279672688,0,background
2397,manipur,6669943.103233337,-1585017.0112411722,0,background
2398,manipur,6680044.849524993,-1670511.1882939648,0,background
2399,manipur,6640719.305794161,-1638557.4972758181,0,background
2400,manipur,6611361.285720453,-1624745.7124095354,0,background
2401,manipur,6619521.908479885,-1692823.0590206203,0,background
2402,manipur,6673858.741041884,-1572866.3789526937,0,background
2403,manipur,6631511.7505195085,-1682733.5413064852,0,background
2404,manipur,6689589.688455917,-1702659.8134964604,0,background
2405,manipur,6722163.033037834,-1590363.4791058244,0,background
2406,manipur,6629740.591753045,-1737987.1880931885,0,background
2407,manipur,6682821.576826329,-1698011.2364893241,0,background
2408,manipur,6686273.763016555,-1696954.2296498027,0,background
2409,manipur,6727268.57321565,-1602936.6597200448,0,background
2410,manipur,6590659.842688944,-1698369.1308786126,0,background
2411,manipur,6700114.362262695,-1684943.5558386913,0,background
2412,manipur,6710945.551673421,-1592345.9450938972,0,background
2413,manipur,6703758.910830207,-1658201.0162496578,0,background
2414,manipur,6702506.456721359,-1658124.2372205146,0,background
2415,manipur,6655109.938057822,-1651847.867937528,0,background
2416,manipur,6685543.729035535,-1714906.9210575903,0,background
2417,manipur,6601467.701224708,-1693271.4221156694,0,background
2418,manipur,6727689.032083679,-1704205.8830052733,0,background
2419,manipur,6669843.868111951,-1728270.851119063,0,background
2420,manipur,6665395.398206049,-1728358.3398997611,0,background
2421,manipur,6712711.451912192,-1657510.3366738523,0,background
2422,manipur,6732895.644606674,-1652848.882656919,0,background
2423,manipur,6686739.40916352,-1636924.90928557,0,background
2424,manipur,6681988.194934258,-1700567.0815758964,0,background
2425,manipur,6701420.215180726,-1673756.7043139248,0,background
2426,manipur,6685235.359484836,-1717255.1227708713,0,background
2427,manipur,6616060.600110024,-1702660.908289517,0,background
2428,manipur,6734123.982695057,-1638985.8661704052,0,background
2429,manipur,6739284.983940862,-1702755.50796026,0,background
2430,manipur,6670127.7569506,-1726191.5712656835,0,background
2431,manipur,6745410.742015157,-1699000.0577376718,0,background
2432,manipur,6660118.893814164,-1652079.5857915187,0,background
2433,manipur,6654393.0368651785,-1598931.4887265202,0,background
2434,manipur,6619913.061045222,-1738116.2815561374,0,background
2435,manipur,6592311.229654601,-1699125.891014859,0,background
2436,manipur,6633568.57807365,-1629279.5404832964,0,background
2437,manipur,6651163.8717743615,-1711176.7301980343,0,background
2438,manipur,6653364.055810421,-1592905.0089470448,0,background
2439,manipur,6677009.79135297,-1588118.6165491736,0,background
2440,manipur,6689573.567427415,-1713192.9839776102,0,background
2441,manipur,6672870.839843307,-1659717.1655071077,0,background
2442,manipur,6717376.894951777,-1619185.3083276046,0,background
2443,manipur,6656769.657682721,-1618882.07881182,0,background
2444,manipur,6617446.102669879,-1692693.0094249705,0,background
2445,manipur,6634797.836394494,-1643756.6657904687,0,background
2446,manipur,6744337.302448487,-1640886.1304969033,0,background
2447,manipur,6595452.264167973,-1703416.912095832,0,background
2448,manipur,6684717.828347979,-1711359.8350194239,0,background
2449,manipur,6686439.436664396,-1696229.214520698,0,background
2450,manipur,6668562.554960781,-1589279.2790184352,0,background
2451,manipur,6652030.170939522,-1588727.905980105,0,background
2452,manipur,6637532.553746695,-1657379.8885012467,0,background
2453,manipur,6656154.745500707,-1654277.4240122037,0,background
2454,manipur,6700482.947275813,-1713489.0970254783,0,background
2455,manipur,6681631.858605495,-1677054.0844754186,0,background
2456,manipur,6703943.706751484,-1666034.6637072114,0,background
2457,manipur,6624714.201697026,-1638937.7245306019,0,background
2458,manipur,6713866.674220541,-1649223.8987080215,0,background
2459,manipur,6750022.4377697,-1576945.3362616021,0,background
2460,manipur,6655345.862872908,-1625229.8874008905,0,background
2461,manipur,6730442.882706549,-1606079.6712026813,0,background
2462,manipur,6734042.881362995,-1642091.3838590716,0,background
2463,manipur,6669751.628612666,-1584850.107159044,0,background
2464,manipur,6641441.117673224,-1635923.8732187361,0,background
2465,manipur,6631955.05536743,-1736457.7592946172,0,background
2466,manipur,6623162.464203934,-1626560.9747935552,0,background
2467,manipur,6738275.5903131,-1700256.5957179249,0,background
2468,manipur,6653506.9427146455,-1635752.9182032808,0,background
2469,manipur,6654360.719047599,-1633040.2945081133,0,background
2470,manipur,6681490.168823613,-1673276.6643864943,0,background
2471,manipur,6659430.073404488,-1734328.756337302,0,background
2472,manipur,6623769.106213004,-1701604.521929127,0,background
2473,manipur,6663697.328162143,-1725893.1570488077,0,background
2474,manipur,6662279.817442679,-1651086.998179759,0,background
2475,manipur,6629785.459599515,-1623029.2871743795,0,background
2476,manipur,6647727.410806995,-1604863.996086235,0,background
2477,manipur,6631713.563253705,-1617422.9199892427,0,background
2478,manipur,6693883.55886445,-1655768.1774774985,0,background
2479,manipur,6659673.446732483,-1666407.9729563538,0,background
2480,manipur,6684050.666613747,-1681646.245736217,0,background
2481,manipur,6682617.197533327,-1588793.9020002158,0,background
2482,manipur,6734438.869142109,-1616939.2341043218,0,background
2483,manipur,6594152.539170157,-1702660.1382219086,0,background
2484,manipur,6749051.850254955,-1653725.1604530022,0,background
2485,manipur,6614600.485438217,-1640613.1193052444,0,background
2486,manipur,6722483.136998755,-1606561.321237993,0,background
2487,manipur,6735198.913527301,-1642090.8423701953,0,background
2488,manipur,6651204.4375651525,-1640476.0790922537,0,background
2489,manipur,6652763.7891479945,-1629502.5832339933,0,background
2490,manipur,6600695.220642804,-1684540.4099633887,0,background
2491,manipur,6703352.632724657,-1668006.417968024,0,background
2492,manipur,6639663.47914006,-1615366.020634579,0,background
2493,manipur,6713646.127294642,-1649688.7918515673,0,background
2494,manipur,6616738.400708533,-1627235.3787071826,0,background
2495,manipur,6634191.022337636,-1739015.4524214468,0,background
2496,manipur,6693476.392017487,-1660410.4328309048,0,background
2497,manipur,6668765.89941984,-1723504.2465223467,0,background
2498,manipur,6625134.940158527,-1641328.8928598978,0,background
2499,manipur,6697729.774409162,-1675141.1941278481,0,background
2500,manipur,6639758.623331181,-1739911.1361770458,0,background
2501,manipur,6750098.344200647,-1666202.8168759616,0,background
2502,manipur,6604938.427903225,-1696601.9544043427,0,background
2503,manipur,6700784.685019741,-1713356.464888288,0,background
2504,manipur,6689576.579893052,-1639818.1237224373,0,background
2505,manipur,6686323.537650335,-1579632.7886524643,0,background
2506,manipur,6745336.581687528,-1637278.3887835064,0,background
2507,manipur,6689656.816457153,-1662343.2796963535,0,background
2508,manipur,6695791.581328491,-1654043.369285165,0,background
2509,manipur,6723133.576446175,-1587780.6590979022,0,background
2510,manipur,6675503.016210231,-1667494.286002368,0,background
2511,manipur,6750313.572092901,-1634491.875001692,0,background
2512,manipur,6698262.980910822,-1661009.0084721728,0,background
2513,manipur,6622031.661284433,-1671676.9686520135,0,background
2514,manipur,6691334.256807165,-1641937.4501023297,0,background
2515,manipur,6616417.244795195,-1636194.064963547,0,background
2516,manipur,6673615.780078253,-1716482.3116995562,0,background
2517,manipur,6684369.160346821,-1635768.7423415447,0,background
2518,manipur,6682917.218291633,-1578480.0270355986,0,background
2519,manipur,6675909.178437485,-1720634.0027806682,0,background
2520,manipur,6682357.125339759,-1671879.6082723052,0,background
2521,manipur,6670754.115126823,-1666483.6250537136,0,background
2522,manipur,6731539.447855801,-1579181.8373099817,0,background
2523,manipur,6686569.216786929,-1664746.6630833943,0,background
2524,manipur,6681261.960408381,-1665536.291033403,0,background
2525,manipur,6676096.356758068,-1667999.6820139098,0,background
2526,manipur,6740270.752531528,-1565062.345674037,0,background
2527,manipur,6647252.639515667,-1665052.0603922089,0,background
2528,manipur,6685130.096575713,-1639609.88132597,0,background
2529,manipur,6658178.322654269,-1694633.0023941495,0,background
2530,manipur,6634384.371512463,-1650389.3950845986,0,background
2531,manipur,6656086.543874993,-1640163.6361164274,0,background
2532,manipur,6743296.51141934,-1645654.795002015,0,background
2533,manipur,6686347.687509524,-1581562.9901224808,0,background
2534,manipur,6615694.683526175,-1636097.0076681108,0,background
2535,manipur,6618878.434363956,-1693227.0765430918,0,background
2536,manipur,6688286.263122984,-1639296.8485470698,0,background
2537,manipur,6693175.982355312,-1663524.5353152177,0,background
2538,manipur,6684114.632869673,-1657493.9245832101,0,background
2539,manipur,6743441.096676752,-1700330.8719528331,0,background
2540,manipur,6755608.417319392,-1613583.5226067898,0,background
2541,manipur,6713478.664990626,-1617340.4181029007,0,background
2542,manipur,6620335.468981174,-1635543.7210822585,0,background
2543,manipur,6698487.953539339,-1663342.4461457478,0,background
2544,manipur,6723118.8979112,-1706442.5512692046,0,background
2545,manipur,6602900.16929327,-1652285.2029487516,0,background
2546,manipur,6719778.83463303,-1582398.1056754796,0,background
2547,manipur,6715736.941876301,-1611062.4655502269,0,background
2548,manipur,6628446.066113802,-1616207.6342556544,0,background
2549,manipur,6734832.98158379,-1654300.1152771204,0,background
2550,manipur,6681319.222806043,-1586313.5793840843,0,background
2551,manipur,6691195.825815598,-1647587.8605348116,0,background
2552,manipur,6731198.284159769,-1657045.7036597326,0,background
2553,manipur,6653547.353995473,-1597790.790458882,0,background
2554,manipur,6740326.573358563,-1660856.5907823406,0,background
2555,manipur,6596545.022338398,-1696772.6351076134,0,background
2556,manipur,6658729.660649353,-1665663.0315936594,0,background
2557,manipur,6665118.114080836,-1664942.7745239916,0,background
2558,manipur,6694229.514058926,-1673257.2734580894,0,background
2559,manipur,6593062.831404858,-1700020.5729201192,0,background
2560,manipur,6680556.459928006,-1589174.9365898098,0,background
2561,manipur,6736713.224287522,-1697339.8807837951,0,background
2562,manipur,6611967.937618963,-1641289.2579216424,0,background
2563,manipur,6657183.066819454,-1672779.2041581622,0,background
2564,manipur,6632309.717016151,-1736355.6710999582,0,background
2565,manipur,6644539.382269079,-1597841.7865690603,0,background
2566,manipur,6617696.791288565,-1625635.165708509,0,background
2567,manipur,6626394.046037486,-1628998.2908778277,0,background
2568,manipur,6682225.4664574,-1577266.097621849,0,background
2569,manipur,6618310.372125922,-1643171.9828507188,0,background
2570,manipur,6643867.742504859,-1600744.3618615966,0,background
2571,manipur,6646154.267776421,-1651743.7564215758,0,background
2572,manipur,6703575.282658067,-1668162.2646912164,0,background
2573,manipur,6696620.704851995,-1676617.833219638,0,background
2574,manipur,6619844.609287778,-1641074.4223346747,0,background
2575,manipur,6709551.279047151,-1644963.1290226977,0,background
2576,manipur,6663103.311247275,-1696358.2767691186,0,background
2577,manipur,6620186.10647131,-1720602.7210764622,0,background
2578,manipur,6720687.226156819,-1606125.9806798291,0,background
2579,manipur,6696723.958242856,-1643023.4629414266,0,background
2580,manipur,6736408.310391735,-1638428.4094815813,0,background
2581,manipur,6651161.354979901,-1712540.4897202512,0,background
2582,manipur,6727002.8381277565,-1706645.1564351479,0,background
2583,manipur,6700821.269283409,-1661688.8641471707,0,background
2584,manipur,6632802.810022868,-1661411.8453476133,0,background
2585,manipur,6645325.764143886,-1638724.7674190002,0,background
2586,manipur,6625646.387238645,-1628174.5635731295,0,background
2587,manipur,6659969.911921585,-1652789.1352504836,0,background
2588,manipur,6686436.107753932,-1659271.918403138,0,background
2589,manipur,6642727.404291832,-1636326.0192579266,0,background
2590,manipur,6602474.11115081,-1684424.626978509,0,background
2591,manipur,6601203.2528202105,-1674769.0509089474,0,background
2592,manipur,6669394.517820268,-1658034.2912111692,0,background
2593,manipur,6627987.82000058,-1640940.4885879455,0,background
2594,manipur,6637119.050162146,-1616457.1684458554,0,background
2595,manipur,6720565.025792858,-1705519.0426203243,0,background
2596,manipur,6684261.756977965,-1663711.767653167,0,background
2597,manipur,6746265.557442962,-1642455.5373061544,0,background
2598,manipur,6725723.527776432,-1705280.307638772,0,background
2599,manipur,6691890.781891214,-1669691.8457152443,0,background
2600,manipur,6715806.859642672,-1660120.4188922055,0,background
2601,manipur,6593887.756393407,-1700848.7477814024,0,background
2602,manipur,6741116.083581754,-1633990.4941690357,0,background
2603,manipur,6690036.202902644,-1715273.843226604,0,background
2604,manipur,6701362.353074368,-1613571.3814064749,0,background
2605,manipur,6745677.359635382,-1649314.659186634,0,background
2606,manipur,6668162.873867173,-1657801.0206834727,0,background
2607,manipur,6669134.711317457,-1581319.1314851886,0,background
2608,manipur,6730798.185718414,-1705432.4544376251,0,background
2609,manipur,6691478.171359758,-1655760.7559946107,0,background
2610,manipur,6678936.296198583,-1662330.389925424,0,background
2611,manipur,6652849.762228297,-1654016.150507235,0,background
2612,manipur,6664190.44494557,-1647993.670126797,0,background
2613,manipur,6686831.236297705,-1716955.5095285808,0,background
2614,manipur,6674464.936085084,-1661064.136912962,0,background
2615,manipur,6629393.959905585,-1741180.1131675134,0,background
2616,manipur,6706989.578492763,-1659108.9690873108,0,background
2617,manipur,6655779.877004181,-1643404.7164042841,0,background
2618,manipur,6672303.070760968,-1583135.2443557705,0,background
2619,manipur,6623979.814992802,-1630235.221860512,0,background
2620,manipur,6707357.0268897135,-1641433.9554193749,0,background
2621,manipur,6725013.385037555,-1652662.0117772988,0,background
2622,manipur,6737388.185535801,-1636270.997746755,0,background
2623,manipur,6684937.483160342,-1717589.117806501,0,background
2624,manipur,6687415.272119853,-1580373.6347034224,0,background
2625,manipur,6665095.238567485,-1726441.5079375126,0,background
2626,manipur,6632218.161791362,-1614315.518465683,0,background
2627,manipur,6686245.702163485,-1660094.1868761631,0,background
2628,manipur,6733500.253401714,-1704118.688116892,0,background
2629,manipur,6618958.448378579,-1730167.7288330223,0,background
2630,manipur,6639234.704129661,-1614416.2576710812,0,background
2631,manipur,6713070.205968997,-1659790.2751996464,0,background
2632,manipur,6741946.306764803,-1634742.718351811,0,background
2633,manipur,6666180.016594481,-1695240.4883172251,0,background
2634,manipur,6686389.815418029,-1586712.3822569659,0,background
2635,manipur,6635637.431469856,-1661920.799250009,0,background
2636,manipur,6666763.944981187,-1644371.737854906,0,background
2637,manipur,6731105.029976849,-1580369.8743477184,0,background
2638,manipur,6592256.789291051,-1722684.4773001573,0,background
2639,manipur,6607650.608529592,-1695358.849870983,0,background
2640,manipur,6712768.553486299,-1612635.5146873358,0,background
2641,manipur,6758611.080539858,-1621393.9395022206,0,background
2642,manipur,6667078.398377414,-1663450.1423641525,0,background
2643,manipur,6665345.417595046,-1659279.5942053962,0,background
2644,manipur,6617781.836514369,-1640156.2993027442,0,background
2645,manipur,6718955.944341733,-1589314.8116927266,0,background
2646,manipur,6617022.248516559,-1708710.5209522208,0,background
2647,manipur,6606615.864517166,-1720101.669172175,0,background
2648,manipur,6732223.190546642,-1611394.6470890716,0,background
2649,manipur,6613148.741327586,-1634652.4176235285,0,background
2650,manipur,6746008.0372253405,-1649564.3818180948,0,background
2651,manipur,6611411.862394302,-1699992.170887348,0,background
2652,manipur,6689301.136879757,-1615132.900104612,0,background
2653,manipur,6628447.493700871,-1637515.0413858332,0,background
2654,manipur,6637229.673947902,-1616377.7477647199,0,background
2655,manipur,6658863.594592926,-1724141.6312780043,0,background
2656,manipur,6646584.727927171,-1589133.2936595685,0,background
2657,manipur,6630903.771173144,-1625434.551411292,0,background
2658,manipur,6638795.5769098755,-1661402.7614172648,0,background
2659,manipur,6609510.844832228,-1625807.601718694,0,background
2660,manipur,6655699.9924412845,-1620999.5534048697,0,background
2661,manipur,6725208.736042275,-1649139.4759042095,0,background
2662,manipur,6601320.9677905375,-1687458.8890500173,0,background
2663,manipur,6657654.479611077,-1625255.70192701,0,background
2664,manipur,6713935.552690191,-1610395.2241389598,0,background
2665,manipur,6678803.842415887,-1675759.398385915,0,background
2666,manipur,6737452.013265003,-1583462.1725576408,0,background
2667,manipur,6670443.238298903,-1659458.9508838807,0,background
2668,manipur,6746894.184252209,-1637278.1576648059,0,background
2669,manipur,6612803.350557357,-1702329.291401221,0,background
2670,manipur,6748646.4408219345,-1667323.003194586,0,background
2671,manipur,6698989.195093828,-1710933.964171102,0,background
2672,manipur,6711384.306840315,-1697623.6623059895,0,background
2673,manipur,6730615.512816255,-1615731.6000923924,0,background
2674,manipur,6743467.232270564,-1652717.7183754556,0,background
2675,manipur,6686111.552700518,-1642602.8169852146,0,background
2676,manipur,6749659.266333931,-1637088.5600960546,0,background
2677,manipur,6672416.255477833,-1657297.213298322,0,background
2678,manipur,6628603.684825606,-1625792.6177006802,0,background
2679,manipur,6680963.736899232,-1718903.6926681944,0,background
2680,manipur,6625481.089263195,-1623462.9820840983,0,background
2681,manipur,6673694.77188613,-1723927.6553451722,0,background
2682,manipur,6653737.867563612,-1642959.198888406,0,background
2683,manipur,6671349.284308162,-1584098.455948622,0,background
2684,manipur,6685573.192486151,-1651201.391285489,0,background
2685,manipur,6725002.802104085,-1698964.1671257338,0,background
2686,manipur,6647029.390417423,-1639941.2577934507,0,background
2687,manipur,6665071.050834934,-1697997.9843159637,0,background
2688,manipur,6683962.475088022,-1680055.045749285,0,background
2689,manipur,6615290.843796448,-1720002.4139559832,0,background
2690,manipur,6759795.263272922,-1619752.5732499473,0,background
2691,manipur,6749824.347714034,-1666538.2634866647,0,background
2692,manipur,6712412.716589994,-1603846.5615972276,0,background
2693,manipur,6677414.812215601,-1647432.4766838478,0,background
2694,manipur,6613917.101569793,-1638079.998603728,0,background
2695,manipur,6620923.730017878,-1632071.4067883482,0,background
2696,manipur,6645986.68152364,-1668332.8955820058,0,background
2697,manipur,6653033.365189389,-1596815.7658419583,0,background
2698,manipur,6745929.012036548,-1634883.8780075721,0,background
2699,manipur,6614573.977187412,-1639491.693520306,0,background
2700,manipur,6681491.658849039,-1668453.5232369916,0,background
2701,manipur,6672756.507346683,-1585165.416162294,0,background
2702,manipur,6683769.64722772,-1588116.8675318803,0,background
2703,manipur,6684867.294584667,-1704770.0624871138,0,background
2704,manipur,6662377.474663791,-1596393.5811793322,0,background
2705,manipur,6727649.065316409,-1644794.1382272374,0,background
2706,manipur,6676924.059579354,-1675716.4321484847,0,background
2707,manipur,6631498.841120287,-1617525.2859153745,0,background
2708,manipur,6749863.603940827,-1691583.7232905685,0,background
2709,manipur,6647540.10927282,-1641064.306097362,0,background
2710,manipur,6617932.665400687,-1728508.720225034,0,background
2711,manipur,6674152.22909828,-1642506.0964841035,0,background
2712,manipur,6634500.935752692,-1657080.7674138276,0,background
2713,manipur,6709989.490771771,-1631551.1655422207,0,background
2714,manipur,6665149.522750406,-1642043.1402767466,0,background
2715,manipur,6667217.336616069,-1698604.8394481807,0,background
2716,manipur,6687243.965408981,-1658068.9425962034,0,background
2717,manipur,6731464.597700169,-1648980.528110661,0,background
2718,manipur,6731002.417925598,-1604231.575764796,0,background
2719,manipur,6627437.378436454,-1738610.2439680472,0,background
2720,manipur,6695508.274239491,-1657287.4618377523,0,background
2721,manipur,6684179.160038171,-1691161.0514874372,0,background
2722,manipur,6736232.755632386,-1660868.2247855612,0,background
2723,manipur,6675308.513615244,-1577801.636131076,0,background
2724,manipur,6677865.113587641,-1720096.4865843535,0,background
2725,manipur,6655792.206811128,-1627940.5117084205,0,background
2726,manipur,6636755.354747804,-1630132.1336628068,0,background
2727,manipur,6621223.2856611,-1701351.0038651046,0,background
2728,manipur,6744197.932434259,-1639393.5256292743,0,background
2729,manipur,6691670.04059721,-1657225.835160198,0,background
2730,manipur,6726965.836356995,-1708350.8263607493,0,background
2731,manipur,6662272.540295101,-1716649.9787268464,0,background
2732,manipur,6686315.428438366,-1709233.5964229398,0,background
2733,manipur,6658383.352969905,-1671065.3723316297,0,background
2734,manipur,6684886.666781809,-1674073.4677802643,0,background
2735,manipur,6751377.531481782,-1577787.7700227872,0,background
2736,manipur,6656610.328294804,-1617821.5859297628,0,background
2737,manipur,6724389.299427365,-1707868.2303371867,0,background
2738,manipur,6637243.110263935,-1658352.7306173728,0,background
2739,manipur,6689784.059258907,-1643375.209977608,0,background
2740,manipur,6679171.015946969,-1719545.1103760279,0,background
2741,manipur,6719679.831454012,-1580079.5247329683,0,background
2742,manipur,6589944.977010573,-1697179.5465029113,0,background
2743,manipur,6712793.827809682,-1649361.0373025925,0,background
2744,manipur,6708169.5221857475,-1639158.0324905773,0,background
2745,manipur,6663651.93263453,-1727768.7872693927,0,background
2746,manipur,6725034.796978472,-1601397.470605048,0,background
2747,manipur,6742970.801528769,-1650698.6908170814,0,background
2748,manipur,6736594.712534499,-1614702.839930454,0,background
2749,manipur,6594742.623030603,-1697455.3216714754,0,background
2750,manipur,6628604.087060194,-1624483.5424493065,0,background
2751,manipur,6625036.316009711,-1620405.3475758296,0,background
2752,manipur,6730313.272486943,-1610335.620121982,0,background
2753,manipur,6661508.71221934,-1727027.1909519194,0,background
2754,manipur,6599457.3479556935,-1680313.8098512834,0,background
2755,manipur,6683860.379117406,-1713533.2415786444,0,background
2756,manipur,6750761.09280261,-1699004.165638076,0,background
2757,manipur,6737105.14090674,-1636461.597744767,0,background
2758,manipur,6598879.153833257,-1686538.9199859567,0,background
2759,manipur,6685491.6665747585,-1586234.2425099409,0,background
2760,manipur,6634675.251311701,-1662897.059200647,0,background
2761,manipur,6681610.809018696,-1583650.744927419,0,background
2762,manipur,6749701.528004314,-1699486.1254498498,0,background
2763,manipur,6728059.993043736,-1703308.9601077088,0,background
2764,manipur,6747208.91995495,-1647510.2616100288,0,background
2765,manipur,6693835.681750096,-1674799.3031220022,0,background
2766,manipur,6663482.110785168,-1665448.4539664297,0,background
2767,manipur,6749520.84234794,-1701144.94704213,0,background
2768,manipur,6641761.209396896,-1740199.846287252,0,background
2769,manipur,6632524.01427193,-1625580.5721241187,0,background
2770,manipur,6637546.528359818,-1643586.1524042024,0,background
2771,manipur,6754242.957558303,-1634976.512194416,0,background
2772,manipur,6617534.485721938,-1707533.4513255607,0,background
2773,manipur,6666447.694676485,-1683265.6995827688,0,background
2774,manipur,6743236.184119627,-1651237.1922556988,0,background
2775,manipur,6619043.695057825,-1700587.8828891688,0,background
2776,manipur,6669581.503305439,-1583479.5415045219,0,background
2777,manipur,6656903.190501598,-1627955.7817355534,0,background
2778,manipur,6684346.01773043,-1704249.3460244318,0,background
2779,manipur,6699189.504515658,-1667943.3151578782,0,background
2780,manipur,6600138.187057851,-1683477.239151748,0,background
2781,manipur,6647611.607597632,-1589523.738702418,0,background
2782,manipur,6704207.143183922,-1642003.0309157895,0,background
2783,manipur,6654723.517244307,-1643778.3182081573,0,background
2784,manipur,6690727.629410199,-1706386.3929548021,0,background
2785,manipur,6661199.507105347,-1640901.3379939895,0,background
2786,manipur,6667378.066980885,-1662969.2635452887,0,background
2787,manipur,6598330.36641687,-1698660.611429001,0,background
2788,manipur,6720156.298771676,-1587292.2973520895,0,background
2789,manipur,6620587.523806063,-1698416.6221361065,0,background
2790,manipur,6737782.772712731,-1648878.063036161,0,background
2791,manipur,6597467.05181691,-1698396.7765489605,0,background
2792,manipur,6634145.903505811,-1618282.1480487182,0,background
2793,manipur,6732519.178838919,-1659902.630856979,0,background
2794,manipur,6663443.110539481,-1693948.545371153,0,background
2795,manipur,6653847.820714463,-1596196.1502382497,0,background
2796,manipur,6677458.937882719,-1578438.7877923911,0,background
2797,manipur,6604813.542513819,-1651479.9410969573,0,background
2798,manipur,6669780.851216758,-1662344.1089141003,0,background
2799,manipur,6598760.923031155,-1685495.5734859419,0,background
2800,manipur,6742079.71831756,-1699285.1233533754,0,background
2801,manipur,6627096.644258595,-1738544.2684558432,0,background
2802,manipur,6745348.194308297,-1646456.9770198816,0,background
2803,manipur,6685417.210909384,-1613410.7815526996,0,background
2804,manipur,6740246.008466653,-1643270.507682803,0,background
2805,manipur,6669390.52070411,-1666627.7140050705,0,background
2806,manipur,6715123.936056056,-1652234.5881980278,0,background
2807,manipur,6693602.4715594165,-1660409.251846421,0,background
2808,manipur,6665791.583685267,-1646229.833404061,0,background
2809,manipur,6665158.170407907,-1581924.0639878297,0,background
2810,manipur,6741559.632378709,-1652880.2894149134,0,background
2811,manipur,6668331.931336298,-1725618.5846474608,0,background
2812,manipur,6747868.827474232,-1700892.2320276543,0,background
2813,manipur,6691331.000737499,-1649316.5095623136,0,background
2814,manipur,6680044.734662671,-1590779.125279589,0,background
2815,manipur,6692504.787584213,-1716081.657710009,0,background
2816,manipur,6710874.628956503,-1637297.836200499,0,background
2817,manipur,6617411.102203782,-1695582.3864643057,0,background
2818,manipur,6646750.61513422,-1652532.8616093933,0,background
2819,manipur,6600322.911358445,-1687075.970345175,0,background
2820,manipur,6634006.659165578,-1641227.789112998,0,background
2821,manipur,6671313.387595689,-1723864.842187646,0,background
2822,manipur,6697448.271408529,-1675273.302420475,0,background
2823,manipur,6660177.938409424,-1719550.5189039218,0,background
2824,manipur,6752627.29738538,-1660466.518198584,0,background
2825,manipur,6618012.867197179,-1731044.5457190955,0,background
2826,manipur,6685701.411946955,-1708230.50283654,0,background
2827,manipur,6737066.122981117,-1703313.7111852856,0,background
2828,manipur,6625191.447843132,-1677498.076047071,0,background
2829,manipur,6631331.382193758,-1734477.9455139332,0,background
2830,manipur,6631202.002669601,-1647312.3901531228,0,background
2831,manipur,6667392.158953023,-1658165.9021260394,0,background
2832,manipur,6680526.236684026,-1650378.865873894,0,background
2833,manipur,6734922.499379472,-1642032.156147548,0,background
2834,manipur,6649997.263463565,-1653422.569722995,0,background
2835,manipur,6686706.489864656,-1650952.8747852277,0,background
2836,manipur,6655270.08161828,-1644537.1744621808,0,background
2837,manipur,6679120.93060869,-1591245.0502920032,0,background
2838,manipur,6655579.195322299,-1636043.3738825668,0,background
2839,manipur,6622117.496662444,-1675369.2849038106,0,background
2840,manipur,6689912.950104337,-1710758.7539515083,0,background
2841,manipur,6663096.582200842,-1663960.497839136,0,background
2842,manipur,6657585.6425291775,-1670328.2089750548,0,background
2843,manipur,6702154.166738601,-1618842.381764614,0,background
2844,manipur,6629106.802435793,-1638865.3561441116,0,background
2845,manipur,6661395.802688634,-1642823.323818702,0,background
2846,manipur,6655612.415401521,-1629384.3985032877,0,background
2847,manipur,6648940.197880965,-1653550.637643609,0,background
2848,manipur,6674873.126811721,-1579842.961697383,0,background
2849,manipur,6671944.707769949,-1661082.513330007,0,background
2850,manipur,6704449.48102042,-1667828.8128282863,0,background
2851,manipur,6731944.263271724,-1641605.150120163,0,background
2852,manipur,6606602.664238085,-1720294.0139456503,0,background
2853,manipur,6629717.902216972,-1623221.6237118333,0,background
2854,manipur,6646034.071364821,-1595241.4715441093,0,background
2855,manipur,6653647.199304981,-1667639.1396816873,0,background
2856,manipur,6727970.731414283,-1644297.3526072528,0,background
2857,manipur,6742855.278159743,-1649623.5932273427,0,background
2858,manipur,6680140.937597261,-1674699.1171460738,0,background
2859,manipur,6710818.518564675,-1634463.321028901,0,background
2860,manipur,6744626.443581132,-1634570.357530379,0,background
2861,manipur,6694847.169895726,-1708463.1302066739,0,background
2862,manipur,6621118.12736179,-1680484.9647185882,0,background
2863,manipur,6684341.466292598,-1581681.9276464782,0,background
2864,manipur,6691001.363594061,-1651827.2830141005,0,background
2865,manipur,6642774.375487401,-1659093.7949555998,0,background
2866,manipur,6619147.552729946,-1646936.6589637601,0,background
2867,manipur,6717757.637241866,-1602140.8380384368,0,background
2868,manipur,6697963.774315019,-1654014.5452807094,0,background
2869,manipur,6632922.713083916,-1676517.8406070862,0,background
2870,manipur,6677558.225315812,-1577575.4061207192,0,background
2871,manipur,6686483.170451491,-1646360.5632453552,0,background
2872,manipur,6706387.97962289,-1665797.8573701521,0,background
2873,manipur,6632892.707416217,-1679066.8552732219,0,background
2874,manipur,6733351.055192358,-1642640.8529778689,0,background
2875,manipur,6747883.883450053,-1701804.7632795325,0,background
2876,manipur,6749403.627576033,-1639499.3962881707,0,background
2877,manipur,6659154.003254918,-1725749.0855757042,0,background
2878,manipur,6612690.26895926,-1630139.2179995198,0,background
2879,manipur,6690325.4466205435,-1656576.2195115592,0,background
2880,manipur,6659293.745007043,-1719710.2994789027,0,background
2881,manipur,6740647.93210754,-1694500.7861312886,0,background
2882,manipur,6675847.966271383,-1574851.547566276,0,background
2883,manipur,6622564.2567272615,-1640464.8305215472,0,background
2884,manipur,6699743.922995456,-1663074.8249360821,0,background
2885,manipur,6593541.508546335,-1701835.9124094713,0,background
2886,manipur,6660390.378031625,-1724379.98364385,0,background
2887,manipur,6736193.504149453,-1658789.662375247,0,background
2888,manipur,6671532.714203959,-1587119.6503902841,0,background
2889,manipur,6658538.321159455,-1650499.6340988793,0,background
2890,manipur,6618786.83439786,-1733432.3650988783,0,background
2891,manipur,6680371.900521168,-1642990.6628847679,0,background
2892,manipur,6652464.953347866,-1620717.6354358345,0,background
2893,manipur,6741735.421869486,-1640334.9139642306,0,background
2894,manipur,6734774.075902211,-1651448.9621302858,0,background
2895,manipur,6741220.0702338405,-1695318.0858603485,0,background
2896,manipur,6622889.988234805,-1635174.59557941,0,background
2897,manipur,6627106.412121112,-1743411.8533249113,0,background
2898,manipur,6737398.858872705,-1583129.7237616286,0,background
2899,manipur,6720598.794259746,-1589071.1006416986,0,background
2900,manipur,6605195.466475945,-1694411.5855847276,0,background
2901,manipur,6687799.459122358,-1647843.365155927,0,background
2902,manipur,6697736.999442144,-1675387.552910182,0,background
2903,manipur,6677914.215884285,-1575515.3363295544,0,background
2904,manipur,6666977.908659021,-1719561.3489712025,0,background
2905,manipur,6743033.633289416,-1664685.56653558,0,background
2906,manipur,6709890.306259194,-1606040.3429555623,0,background
2907,manipur,6624187.46046375,-1620529.6986169838,0,background
2908,manipur,6622906.069669326,-1623935.5258038985,0,background
2909,manipur,6693587.092349635,-1654726.253088976,0,background
2910,manipur,6733533.536162395,-1650082.399153482,0,background
2911,manipur,6656646.177745521,-1592922.6603339664,0,background
2912,manipur,6727167.263033774,-1645078.5839681434,0,background
2913,manipur,6697951.558283453,-1677277.9768038378,0,background
2914,manipur,6654351.907529074,-1592918.9918855345,0,background
2915,manipur,6625267.431008301,-1680510.8856859226,0,background
2916,manipur,6629302.420605439,-1624861.8239828371,0,background
2917,manipur,6685197.417464852,-1659263.4617132724,0,background
2918,manipur,6701252.66775986,-1615200.6744670111,0,background
2919,manipur,6744855.845352999,-1643596.6754773417,0,background
2920,manipur,6687709.600453173,-1660839.628352403,0,background
2921,manipur,6720805.803152299,-1604042.940398546,0,background
2922,manipur,6634786.099396138,-1642339.1824515231,0,background
2923,manipur,6730323.485062689,-1643235.796160245,0,background
2924,manipur,6669202.750088573,-1664630.0331997464,0,background
2925,manipur,6634834.700832216,-1623671.877136753,0,background
2926,manipur,6750347.143968396,-1698463.346604382,0,background
2927,manipur,6648501.730863825,-1645883.9739332118,0,background
2928,manipur,6620418.297189974,-1680756.5183401667,0,background
2929,manipur,6635089.724416243,-1616286.604259678,0,background
2930,manipur,6628940.309622578,-1618778.389285296,0,background
2931,manipur,6639329.809161352,-1637847.25408736,0,background
2932,manipur,6681748.447388179,-1677952.6337802554,0,background
2933,manipur,6605893.048381742,-1676135.5331814676,0,background
2934,manipur,6610680.563048246,-1625362.3088060804,0,background
2935,manipur,6704214.48061867,-1610095.806828591,0,background
2936,manipur,6688799.725129258,-1703145.7082347933,0,background
2937,manipur,6602712.780547305,-1679350.2059876542,0,background
2938,manipur,6658774.861407232,-1647847.425307879,0,background
2939,manipur,6619322.670237712,-1736257.9720412025,0,background
2940,manipur,6674122.441938675,-1665040.7664602164,0,background
2941,manipur,6671705.833830024,-1582297.413914852,0,background
2942,manipur,6666286.504001882,-1581079.7478821308,0,background
2943,manipur,6682313.861845792,-1589113.2463191464,0,background
2944,manipur,6698737.983665058,-1655734.604802648,0,background
2945,manipur,6681228.539164933,-1583300.668703756,0,background
2946,manipur,6652658.0290931845,-1634474.5634029135,0,background
2947,manipur,6658951.883438149,-1635460.7650949683,0,background
2948,manipur,6754039.075851479,-1582182.9313988145,0,background
2949,manipur,6749528.804162037,-1649862.6009866253,0,background
2950,manipur,6626519.262876848,-1743153.4076152616,0,background
2951,manipur,6651201.027899916,-1647849.7491943133,0,background
2952,manipur,6688234.850647707,-1706357.6639919442,0,background
2953,manipur,6657256.072207919,-1623178.8820908729,0,background
2954,manipur,6736539.718479337,-1637424.9740742017,0,background
2955,manipur,6651561.144362081,-1622778.9925814962,0,background
2956,manipur,6676197.801656093,-1661588.8255768034,0,background
2957,manipur,6627664.847976627,-1743285.0217064,0,background
2958,manipur,6719977.133893194,-1608134.5327770829,0,background
2959,manipur,6615771.8541804105,-1700236.2962692345,0,background
2960,manipur,6750784.374358636,-1655585.4020536195,0,background
2961,manipur,6699639.777294814,-1708910.9438362431,0,background
2962,manipur,6706119.920948485,-1609638.476616996,0,background
2963,manipur,6734315.266068518,-1657720.3073027814,0,background
2964,manipur,6740005.7939651515,-1655187.850047503,0,background
2965,manipur,6675030.62309975,-1668882.0152557823,0,background
2966,manipur,6650076.222890014,-1592603.702974127,0,background
2967,manipur,6657125.655586146,-1621766.4855097514,0,background
2968,manipur,6704608.44954834,-1667457.263779595,0,background
2969,manipur,6632385.397198307,-1659444.752227884,0,background
2970,manipur,6652592.2926036,-1669801.9728490002,0,background
2971,manipur,6667309.986828468,-1656546.6811472483,0,background
2972,manipur,6719448.701954893,-1579319.7118127113,0,background
2973,manipur,6745198.357157182,-1667971.3272433348,0,background
2974,manipur,6745870.876191427,-1665100.6411109758,0,background
2975,manipur,6752888.197442386,-1699959.3908313725,0,background
2976,manipur,6734711.707526628,-1649201.2370197363,0,background
2977,manipur,6663535.027115461,-1642864.4027626328,0,background
2978,manipur,6687549.420013941,-1700952.886223546,0,background
2979,manipur,6619750.329788242,-1642680.380901683,0,background
2980,manipur,6683089.637538012,-1639478.4262101655,0,background
2981,manipur,6691535.186047214,-1710668.5060951198,0,background
2982,manipur,6598965.088198407,-1684401.9414148373,0,background
2983,manipur,6616991.295387268,-1701862.282689952,0,background
2984,manipur,6700817.052179074,-1663238.3239913487,0,background
2985,manipur,6691453.69066324,-1646114.2942986668,0,background
2986,manipur,6685685.343294681,-1655110.5967993957,0,background
2987,manipur,6625761.294912605,-1683022.2880693607,0,background
2988,manipur,6706739.404434372,-1644891.0569665346,0,background
2989,manipur,6671836.7203849545,-1577478.7450852077,0,background
2990,manipur,6634113.077397732,-1676808.8231826953,0,background
2991,manipur,6664429.7981234,-1696377.674629166,0,background
2992,manipur,6658117.625786658,-1630966.356120974,0,background
2993,manipur,6618493.034027382,-1629017.9854515144,0,background
2994,manipur,6614408.840701609,-1696498.1659942954,0,background
2995,manipur,6743664.503127699,-1645319.326880406,0,background
2996,manipur,6656807.707557821,-1639089.1770494636,0,background
2997,manipur,6643893.848629606,-1598286.3962430484,0,background
2998,manipur,6714000.651755501,-1650468.453111882,0,background
2999,manipur,6673807.11377265,-1718056.8938580523,0,background
3000,manipur,6668432.430240566,-1720019.706801972,0,background
3001,manipur,6733452.970466767,-1614526.2365965287,0,background
3002,manipur,6687614.758798416,-1649103.1623420636,0,background
3003,manipur,6735640.87246637,-1635837.726783565,0,background
3004,manipur,6739680.839780821,-1698287.9080776328,0,background
3005,manipur,6594963.188029881,-1703496.7854535952,0,background
3006,manipur,6729129.162771753,-1648599.530126993,0,background
3007,manipur,6684286.98954395,-1665125.5748750034,0,background
3008,manipur,6621669.296497024,-1673494.332753336,0,background
3009,manipur,6640450.106133189,-1737417.1601023648,0,background
3010,manipur,6707917.996664095,-1607327.577398906,0,background
3011,manipur,6601233.425123583,-1685283.5140279313,0,background
3012,manipur,6721970.708566907,-1605930.1051306897,0,background
3013,manipur,6669550.875459557,-1728069.8251777482,0,background
3014,manipur,6731282.568226504,-1647029.0276548334,0,background
3015,manipur,6685231.011315699,-1660269.197378069,0,background
3016,manipur,6689416.496116826,-1714189.4165786558,0,background
3017,manipur,6702478.133973499,-1711585.7243101366,0,background
3018,manipur,6686319.533358449,-1697567.940254469,0,background
3019,manipur,6682284.177453878,-1662940.0988750348,0,background
3020,manipur,6619782.7513950635,-1696356.5620075776,0,background
3021,manipur,6686778.967110061,-1650033.3362533539,0,background
3022,manipur,6651557.217773152,-1646358.847924855,0,background
3023,manipur,6711740.31199862,-1658293.9871848004,0,background
3024,manipur,6685314.260319434,-1669037.8358657435,0,background
3025,manipur,6681001.552512954,-1589578.5294104554,0,background
3026,manipur,6639622.270978632,-1736172.3024849382,0,background
3027,manipur,6752926.384863347,-1635451.632325138,0,background
3028,manipur,6619329.1635373905,-1702397.2185145596,0,background
3029,manipur,6653478.420904831,-1597907.9160467354,0,background
3030,manipur,6675657.585163081,-1664208.4827709275,0,background
3031,manipur,6738934.562301519,-1647191.1406505983,0,background
3032,manipur,6665653.798526716,-1642141.736148473,0,background
3033,manipur,6668260.326510993,-1682473.9360893993,0,background
3034,manipur,6690619.966111297,-1665542.4133938528,0,background
3035,manipur,6631341.554911604,-1645760.539013159,0,background
3036,manipur,6693520.656945247,-1653208.0415106288,0,background
3037,manipur,6656742.864948025,-1605623.1385347212,0,background
3038,manipur,6680476.10504382,-1666783.5029434327,0,background
3039,manipur,6672092.855806009,-1641493.698798458,0,background
3040,manipur,6671900.623565173,-1718467.6478221447,0,background
3041,manipur,6655093.26480074,-1619641.7785151957,0,background
3042,manipur,6649169.22989544,-1598984.0418425433,0,background
3043,manipur,6619097.417454388,-1692263.2627170375,0,background
3044,manipur,6725713.750536856,-1700184.1955532636,0,background
3045,manipur,6711978.2641568715,-1611616.9025972267,0,background
3046,manipur,6751392.83744083,-1572663.1104224168,0,background
3047,manipur,6642190.813662535,-1739435.581021458,0,background
3048,manipur,6745831.520225028,-1642737.0925197206,0,background
3049,manipur,6630953.0215822635,-1643631.781520932,0,background
3050,manipur,6748785.67222329,-1574445.7397190053,0,background
3051,manipur,6648921.6782579,-1605516.4085886367,0,background
3052,manipur,6746560.850698554,-1651089.5458763186,0,background
3053,manipur,6663734.149988466,-1651715.8591000922,0,background
3054,manipur,6613604.071911719,-1698237.400522644,0,background
3055,manipur,6673835.64996693,-1658391.3552265472,0,background
3056,manipur,6751557.068732125,-1665131.1637241135,0,background
3057,manipur,6681307.122729805,-1647416.5127863907,0,background
3058,manipur,6684200.7631459925,-1642462.455266173,0,background
3059,manipur,6726332.983520482,-1578916.3257172273,0,background
3060,manipur,6673521.114417295,-1584412.736497297,0,background
3061,manipur,6713918.324542159,-1696312.8975725395,0,background
3062,manipur,6649405.6401906,-1592232.2532219708,0,background
3063,manipur,6711190.865479738,-1660755.596201904,0,background
3064,manipur,6665642.393721516,-1685353.5880969602,0,background
3065,manipur,6719260.389984904,-1584997.8700445632,0,background
3066,manipur,6731473.031244939,-1645898.5782337752,0,background
3067,manipur,6727075.291122741,-1643780.0435622109,0,background
3068,manipur,6637063.666258227,-1741618.0714617216,0,background
3069,manipur,6739735.348613626,-1643112.9295346348,0,background
3070,manipur,6635877.7875871025,-1614474.0660369433,0,background
3071,manipur,6630601.239061106,-1631188.8125646315,0,background
3072,manipur,6675712.963367714,-1644478.116513944,0,background
3073,manipur,6655068.2103067795,-1634048.6494264144,0,background
3074,manipur,6695105.554735688,-1659372.865139545,0,background
3075,manipur,6647668.156376691,-1647388.9075339765,0,background
3076,manipur,6602355.080753792,-1691128.9575806793,0,background
3077,manipur,6659710.051050079,-1650562.9698997592,0,background
3078,manipur,6714674.404679163,-1646542.424069835,0,background
3079,manipur,6749080.611157213,-1638974.6591771122,0,background
3080,manipur,6617162.203100782,-1626369.0904185397,0,background
3081,manipur,6653969.362132774,-1644136.9687558485,0,background
3082,manipur,6662056.640753293,-1665053.2273199754,0,background
3083,manipur,6602605.583161822,-1680920.785690331,0,background
3084,manipur,6697111.770843981,-1605728.3966561432,0,background
3085,manipur,6673447.777417058,-1723716.0781509771,0,background
3086,manipur,6688077.479301278,-1612559.7713330842,0,background
3087,manipur,6730487.7430314105,-1650401.3165854288,0,background
3088,manipur,6715887.358803875,-1608633.5354559452,0,background
3089,manipur,6681087.894753896,-1692197.9105647192,0,background
3090,manipur,6654218.74055415,-1604667.906259733,0,background
3091,manipur,6671443.137060449,-1590572.6554255346,0,background
3092,manipur,6750814.9736994235,-1614291.139146605,0,background
3093,manipur,6703309.077981239,-1672962.9617209889,0,background
3094,manipur,6619229.940700451,-1632761.133297138,0,background
3095,manipur,6683775.589390031,-1646017.9700664983,0,background
3096,manipur,6628925.4118426135,-1638334.838804839,0,background
3097,manipur,6590464.145573376,-1694403.7455470513,0,background
3098,manipur,6686855.880703264,-1668864.1877859763,0,background
3099,manipur,6681873.37380344,-1663448.147251845,0,background
3100,manipur,6727690.976970237,-1643656.2013484286,0,background
3101,manipur,6726090.111690492,-1609067.008343303,0,background
3102,manipur,6682388.862355269,-1677474.7499172103,0,background
3103,manipur,6714659.790966714,-1609358.667132805,0,background
3104,manipur,6602448.822933704,-1678840.8022181946,0,background
3105,manipur,6686063.018700512,-1706673.8173891495,0,background
3106,manipur,6719108.642927396,-1624432.3554612088,0,background
3107,manipur,6643863.764917589,-1599576.1955272274,0,background
3108,manipur,6666334.108357537,-1594338.295220582,0,background
3109,manipur,6693172.412533717,-1668683.4123081102,0,background
3110,manipur,6750661.144716329,-1612832.945285586,0,background
3111,manipur,6630626.550924383,-1741036.1107560415,0,background
3112,manipur,6685640.352577292,-1647038.4216191696,0,background
3113,manipur,6749317.758551065,-1665740.2254134193,0,background
3114,manipur,6724590.111183803,-1650813.557790617,0,background
3115,manipur,6728044.09314281,-1606418.0979083725,0,background
3116,manipur,6669281.384426198,-1581306.106251801,0,background
3117,manipur,6676450.723029096,-1583941.8680896633,0,background
3118,manipur,6684321.587829976,-1664206.964814982,0,background
3119,manipur,6683008.277543978,-1715830.335339557,0,background
3120,manipur,6621264.233759318,-1720778.0189371067,0,background
3121,manipur,6602827.754765938,-1686689.1195705328,0,background
3122,manipur,6631562.413287892,-1681532.7823966297,0,background
3123,manipur,6661930.665441062,-1647527.0685587546,0,background
3124,manipur,6718362.315876888,-1604137.8234386516,0,background
3125,manipur,6684268.963667181,-1651227.2683876236,0,background
3126,manipur,6731460.026687874,-1652441.2958800134,0,background
3127,manipur,6682981.0512697315,-1579917.680232649,0,background
3128,manipur,6641427.165074135,-1659026.1837865766,0,background
3129,manipur,6729420.78258281,-1655122.3127359345,0,background
3130,manipur,6752233.62925252,-1574811.9310222033,0,background
3131,manipur,6691722.371631019,-1710676.1329079596,0,background
3132,manipur,6737792.7478263425,-1654083.8103820828,0,background
3133,manipur,6626273.324235601,-1742543.557617854,0,background
3134,manipur,6682963.653785171,-1701495.611532929,0,background
3135,manipur,6590195.722137411,-1695230.9722404317,0,background
3136,manipur,6624461.201075059,-1634011.6051580538,0,background
3137,manipur,6717551.196701937,-1615551.0575123264,0,background
3138,manipur,6742847.268451309,-1649007.3745979492,0,background
3139,manipur,6637610.111185721,-1624142.599317984,0,background
3140,manipur,6612241.974372913,-1702177.4639201467,0,background
3141,manipur,6651711.630890481,-1587920.1939807266,0,background
3142,manipur,6613440.660875985,-1698423.6966715842,0,background
3143,manipur,6671194.895354247,-1611178.728591346,0,background
3144,manipur,6627922.147908085,-1739990.8438569985,0,background
3145,manipur,6734420.294182981,-1650992.874072007,0,background
3146,manipur,6657813.902200083,-1594009.4576166996,0,background
3147,manipur,6624787.227314743,-1700700.8281986022,0,background
3148,manipur,6653287.92962855,-1654516.7402483188,0,background
3149,manipur,6626681.947258219,-1647205.9209616208,0,background
3150,manipur,6650487.951298194,-1670794.9143622804,0,background
3151,manipur,6739397.3299272405,-1583923.4601641328,0,background
3152,manipur,6637165.297755319,-1625120.595656264,0,background
3153,manipur,6749126.918922421,-1701118.1737098882,0,background
3154,manipur,6719422.752845391,-1608728.1929437593,0,background
3155,manipur,6667922.531963964,-1581780.227863551,0,background
3156,manipur,6621617.071474865,-1640998.5492472963,0,background
3157,manipur,6654408.609077143,-1655127.4930552647,0,background
3158,manipur,6650268.880972172,-1666722.886377443,0,background
3159,manipur,6712568.630699067,-1695150.7267600242,0,background
3160,manipur,6628611.966413911,-1639728.5354833095,0,background
3161,manipur,6738998.642160574,-1651310.4310552164,0,background
3162,manipur,6684302.569951661,-1720019.8673635966,0,background
3163,manipur,6748795.731313245,-1651923.841451789,0,background
3164,manipur,6650664.446937418,-1595779.7517251535,0,background
3165,manipur,6648757.528269853,-1589684.8970238643,0,background
3166,manipur,6721955.3666209085,-1590537.3210055071,0,background
3167,manipur,6737147.971850235,-1695973.1186390445,0,background
3168,manipur,6680031.632749316,-1576908.6818069248,0,background
3169,manipur,6683171.818940784,-1665075.688844666,0,background
3170,manipur,6641827.152524394,-1630653.2639741292,0,background
3171,manipur,6756895.084279271,-1583198.0045128192,0,background
3172,manipur,6704168.153571827,-1669597.090064209,0,background
3173,manipur,6677101.568177155,-1648728.4524966914,0,background
3174,manipur,6735530.993962849,-1636101.36726239,0,background
3175,manipur,6646829.331696983,-1652082.5604795623,0,background
3176,manipur,6608019.057408714,-1699503.9274439318,0,background
3177,manipur,6613156.235958114,-1628555.026622652,0,background
3178,manipur,6688665.044108831,-1644288.757237626,0,background
3179,manipur,6709311.9919511005,-1604516.4180435718,0,background
3180,manipur,6718734.7576279845,-1602896.6467452096,0,background
3181,manipur,6599567.453169557,-1681580.6472598428,0,background
3182,manipur,6720247.205214254,-1604863.5868379604,0,background
3183,manipur,6687465.271635616,-1635419.6516716336,0,background
3184,manipur,6692132.718562359,-1640689.4546062488,0,background
3185,manipur,6667950.984695845,-1726702.0533274398,0,background
3186,manipur,6674613.898856157,-1670484.0240199098,0,background
3187,manipur,6635296.721434929,-1676493.8790299871,0,background
3188,manipur,6677092.964179646,-1585990.1878873883,0,background
3189,manipur,6718075.137529985,-1660238.8019290224,0,background
3190,manipur,6742891.530090991,-1636144.710839472,0,background
3191,manipur,6684925.914921529,-1584809.7996728886,0,background
3192,manipur,6679520.459110965,-1662466.516025723,0,background
3193,manipur,6684155.219870818,-1659830.2144748427,0,background
3194,manipur,6627193.802407347,-1743215.9031838742,0,background
3195,manipur,6615823.5370667,-1705319.6332649495,0,background
3196,manipur,6713895.115729483,-1697266.3873264487,0,background
3197,manipur,6636563.039727505,-1661085.743661922,0,background
3198,manipur,6727769.175571174,-1577593.1886939667,0,background
3199,manipur,6649552.181466698,-1606851.7328741027,0,background
3200,manipur,6626665.353493442,-1741753.0701080232,0,background
3201,manipur,6741735.506480324,-1647985.3066181757,0,background
3202,manipur,6696488.185668138,-1710508.9705926068,0,background
3203,manipur,6620890.582244603,-1675258.015177843,0,background
3204,manipur,6618259.853802446,-1701523.2545916133,0,background
3205,manipur,6686792.2533822395,-1658807.109706977,0,background
3206,manipur,6691531.067218633,-1663535.0716694528,0,background
3207,manipur,6698722.646464074,-1714834.4663646736,0,background
3208,manipur,6695913.980736021,-1594064.9804167943,0,background
3209,manipur,6689954.429499864,-1652986.2607845739,0,background
3210,manipur,6718505.805452494,-1622490.3884217958,0,background
3211,manipur,6676924.631347692,-1583414.0673712625,0,background
3212,manipur,6629001.109206044,-1675410.5269477295,0,background
3213,manipur,6742112.174650638,-1635563.8891984222,0,background
3214,manipur,6667496.10893315,-1582892.2073861011,0,background
3215,manipur,6650310.5111062825,-1649498.5041816353,0,background
3216,manipur,6682725.529069857,-1691005.9891626246,0,background
3217,manipur,6673759.188461774,-1723485.1514630062,0,background
3218,manipur,6649179.602102795,-1644953.1357883208,0,background
3219,manipur,6690463.069841258,-1670909.30720456,0,background
3220,manipur,6707280.700146768,-1647109.6441584066,0,background
3221,manipur,6688423.142797451,-1646972.0434517057,0,background
3222,manipur,6700452.693495664,-1595085.6147595053,0,background
3223,manipur,6656873.861772642,-1629196.8895952664,0,background
3224,manipur,6657362.1004592655,-1654614.140587626,0,background
3225,manipur,6671739.490247449,-1723816.1762385524,0,background
3226,manipur,6632473.765316894,-1629109.4335304913,0,background
3227,manipur,6739084.782170966,-1635163.8521551827,0,background
3228,manipur,6735520.753344606,-1638932.9368905763,0,background
3229,manipur,6646556.430479298,-1652436.1212530797,0,background
3230,manipur,6686310.688664759,-1715694.6593424561,0,background
3231,manipur,6684960.433044985,-1657605.798685879,0,background
3232,manipur,6689034.727261907,-1613403.126547099,0,background
3233,manipur,6621587.082702121,-1687371.7573896954,0,background
3234,manipur,6669082.476308476,-1583907.0935307571,0,background
3235,manipur,6684024.4800466355,-1695415.7454717609,0,background
3236,manipur,6639582.579512635,-1632495.8460451905,0,background
3237,manipur,6684449.056358024,-1657153.3157036225,0,background
3238,manipur,6628858.24326523,-1629244.675226,0,background
3239,manipur,6707476.480672329,-1635662.7726927598,0,background
3240,manipur,6678366.777764157,-1647931.5253669235,0,background
3241,manipur,6693642.46226747,-1671977.2525318763,0,background
3242,manipur,6698747.185731842,-1659024.8910999394,0,background
3243,manipur,6730763.341667557,-1611976.5730101094,0,background
3244,manipur,6648031.223200369,-1599463.7971960946,0,background
3245,manipur,6620811.144761357,-1623007.5299411998,0,background
3246,manipur,6739736.624924352,-1636588.7964430521,0,background
3247,manipur,6696528.693584741,-1673965.4895326737,0,background
3248,manipur,6735222.351533326,-1659485.8975437623,0,background
3249,manipur,6612386.831383457,-1637777.970082842,0,background
3250,manipur,6645282.576497118,-1655466.6234187423,0,background
3251,manipur,6719271.54033146,-1586623.1634275096,0,background
3252,manipur,6702537.322599994,-1662445.8168409579,0,background
3253,manipur,6658978.092642237,-1665973.5229064457,0,background
3254,manipur,6751531.984696162,-1611517.0947546624,0,background
3255,manipur,6661929.909465591,-1693554.1720227206,0,background
3256,manipur,6739664.976437928,-1644199.5886412726,0,background
3257,manipur,6739317.090475164,-1700352.4384293996,0,background
3258,manipur,6646064.03214107,-1654507.8749178564,0,background
3259,manipur,6711438.94013426,-1639552.967339521,0,background
3260,manipur,6719190.321994355,-1590023.4110912143,0,background
3261,manipur,6709523.059704749,-1660915.5636613003,0,background
3262,manipur,6640144.782010016,-1633168.9666462045,0,background
3263,manipur,6674182.582162729,-1723482.4374186052,0,background
3264,manipur,6591791.303331379,-1700176.3777154204,0,background
3265,manipur,6684333.429880108,-1712839.030661185,0,background
3266,manipur,6659917.299791614,-1598980.8549418957,0,background
3267,manipur,6649746.908888293,-1601002.002236182,0,background
3268,manipur,6713425.8302881885,-1697879.7919448218,0,background
3269,manipur,6619004.211187886,-1700948.6646218903,0,background
3270,manipur,6664144.041650555,-1716115.58047807,0,background
3271,manipur,6687058.824508453,-1707714.8087554276,0,background
3272,manipur,6654531.306681534,-1648554.1329771774,0,background
3273,manipur,6648542.303985354,-1587277.5562394601,0,background
3274,manipur,6695307.118249208,-1707540.5531459064,0,background
3275,manipur,6673987.902833812,-1589881.590992486,0,background
3276,manipur,6749330.650133739,-1650464.5810122278,0,background
3277,manipur,6731720.795518144,-1652654.4716157906,0,background
3278,manipur,6694327.799877814,-1711029.325439096,0,background
3279,manipur,6597939.735322712,-1699084.4165905844,0,background
3280,manipur,6736346.409186141,-1703854.8599101936,0,background
3281,manipur,6652834.500945704,-1630202.7970332347,0,background
3282,manipur,6686284.182483912,-1638824.3629210475,0,background
3283,manipur,6733306.632421335,-1641481.5489107638,0,background
3284,manipur,6595852.617614774,-1703127.423228463,0,background
3285,manipur,6706465.490800567,-1639226.1827604547,0,background
3286,manipur,6673736.097951881,-1573164.7709691843,0,background
3287,manipur,6709706.090373348,-1631956.8506168518,0,background
3288,manipur,6669262.388047445,-1591280.8025311008,0,background
3289,manipur,6701794.483083655,-1623396.68491435,0,background
3290,manipur,6725543.410029287,-1579466.4295865777,0,background
3291,manipur,6654890.784953781,-1653127.82761762,0,background
3292,manipur,6601323.5221339455,-1693083.165585264,0,background
3293,manipur,6636733.412542259,-1673815.6829153511,0,background
3294,manipur,6646812.044675094,-1596615.4065224053,0,background
3295,manipur,6744885.73169991,-1699974.6423069045,0,background
3296,manipur,6622649.880404402,-1736905.2926260529,0,background
3297,manipur,6622376.91240052,-1643258.1565497501,0,background
3298,manipur,6631808.730107834,-1649204.6234818515,0,background
3299,manipur,6685211.52959113,-1691193.552514839,0,background
3300,manipur,6671799.6706123585,-1719005.5558618973,0,background
3301,manipur,6696851.777363492,-1715906.2209408989,0,background
3302,manipur,6690250.947860508,-1673178.882383284,0,background
3303,manipur,6685461.662798139,-1650915.8109115672,0,background
3304,manipur,6656644.090805216,-1636603.710844078,0,background
3305,manipur,6709783.064472823,-1659220.5371681375,0,background
3306,manipur,6736419.061463251,-1643401.972764162,0,background
3307,manipur,6674007.516256728,-1668647.6347967105,0,background
3308,manipur,6674248.362616769,-1572512.3268068407,0,background
3309,manipur,6627800.216936711,-1637384.1638772904,0,background
3310,manipur,6696497.052839993,-1662541.909094698,0,background
3311,manipur,6680722.546723385,-1719854.81525833,0,background
3312,manipur,6713263.798027303,-1609213.8383104685,0,background
3313,manipur,6686672.040676037,-1579973.2431535486,0,background
3314,manipur,6697837.584642901,-1662892.3295354825,0,background
3315,manipur,6738920.955357679,-1655284.5480710499,0,background
3316,manipur,6668463.585578377,-1701468.5663290173,0,background
3317,manipur,6622969.463399267,-1636552.4903912824,0,background
3318,manipur,6718532.15224417,-1577968.6559711178,0,background
3319,manipur,6694781.1269537145,-1681340.8208388642,0,background
3320,manipur,6750462.728529032,-1588354.027847334,0,background
3321,manipur,6654409.361560044,-1638308.7724267603,0,background
3322,manipur,6672459.674126931,-1720510.5580956733,0,background
3323,manipur,6718295.800152839,-1611685.8649805253,0,background
3324,manipur,6657638.308836696,-1594642.2034647714,0,background
3325,manipur,6669809.089453393,-1726256.4864340818,0,background
3326,manipur,6736692.252909372,-1698724.4741737295,0,background
3327,manipur,6632034.889818078,-1680931.9347205579,0,background
3328,manipur,6746369.8637609,-1647608.3666782265,0,background
3329,manipur,6694454.696331501,-1670934.8807319712,0,background
3330,manipur,6688514.468695163,-1670073.6939238347,0,background
3331,manipur,6748893.105396684,-1644278.2068300329,0,background
3332,manipur,6686312.935416284,-1668474.386847076,0,background
3333,manipur,6757142.148572468,-1582833.9339679773,0,background
3334,manipur,6638599.124560243,-1659495.5168053817,0,background
3335,manipur,6680362.6911883,-1578703.3559902648,0,background
3336,manipur,6735188.421930221,-1698978.2548841005,0,background
3337,manipur,6620339.594978511,-1638904.098835318,0,background
3338,manipur,6718413.986528751,-1621360.3397243072,0,background
3339,manipur,6616715.417194316,-1627742.665039033,0,background
3340,manipur,6632049.994033489,-1628324.4522576039,0,background
3341,manipur,6603709.668081082,-1692214.4836141858,0,background
3342,manipur,6699072.49572433,-1654618.8629174936,0,background
3343,manipur,6670361.285007379,-1662950.197965617,0,background
3344,manipur,6695450.997760885,-1672881.583430885,0,background
3345,manipur,6624677.700899889,-1640784.0949254984,0,background
3346,manipur,6648051.588586314,-1639623.3950228472,0,background
3347,manipur,6602323.526657073,-1652548.0572815994,0,background
3348,manipur,6657165.248095688,-1640265.9577706896,0,background
3349,manipur,6660796.164630471,-1647748.1413921195,0,background
3350,manipur,6625073.377291089,-1632113.845407715,0,background
3351,manipur,6624930.618244424,-1677588.8563185402,0,background
3352,manipur,6621281.623412289,-1722888.400418984,0,background
3353,manipur,6592909.946047831,-1724485.856716389,0,background
3354,manipur,6730261.323956583,-1643369.865214182,0,background
3355,manipur,6649678.083596135,-1597541.0301711771,0,background
3356,manipur,6742343.634200573,-1695558.6559791705,0,background
3357,manipur,6690280.005082999,-1651363.382721734,0,background
3358,manipur,6695002.580060834,-1678968.49752755,0,background
3359,manipur,6639421.024774815,-1677703.2324249432,0,background
3360,manipur,6724310.954434202,-1706001.366398418,0,background
3361,manipur,6602287.291222299,-1679326.935475916,0,background
3362,manipur,6618060.06349151,-1731755.5482477443,0,background
3363,manipur,6621183.114314034,-1642689.5294841346,0,background
3364,manipur,6721380.689711723,-1591076.0793832,0,background
3365,manipur,6643601.419909974,-1597918.4004308467,0,background
3366,manipur,6744061.854787078,-1644539.389882735,0,background
3367,manipur,6751165.659495299,-1615262.025406635,0,background
3368,manipur,6624543.303200805,-1642989.9157903274,0,background
3369,manipur,6622196.491260469,-1735649.517114744,0,background
3370,manipur,6648831.361551671,-1596760.7074490127,0,background
3371,manipur,6731825.213837492,-1615960.1620889767,0,background
3372,manipur,6689287.268782265,-1657446.889395622,0,background
3373,manipur,6722822.091137118,-1578701.3201841314,0,background
3374,manipur,6634965.7564256815,-1663831.8818634888,0,background
3375,manipur,6691389.67179054,-1640013.1724420998,0,background
3376,manipur,6704726.379460338,-1610975.4960449701,0,background
3377,manipur,6595013.373660489,-1702464.934468113,0,background
3378,manipur,6724815.1212037895,-1701237.0543079574,0,background
3379,manipur,6700214.779603571,-1708669.4989792344,0,background
3380,manipur,6691152.884507586,-1663748.9676469942,0,background
3381,manipur,6655490.164807376,-1621774.2318859694,0,background
3382,manipur,6617162.164699887,-1627814.3864569422,0,background
3383,manipur,6699923.537927114,-1707712.7677238877,0,background
3384,manipur,6686893.058265981,-1715709.112508827,0,background
3385,manipur,6599376.919587415,-1695782.251248553,0,background
3386,manipur,6659435.476773731,-1729034.2504786542,0,background
3387,manipur,6601451.781119213,-1695497.776619298,0,background
3388,manipur,6659365.964396961,-1670839.8590284034,0,background
3389,manipur,6652710.464662622,-1655188.2588935753,0,background
3390,manipur,6695850.163745567,-1714533.0389810172,0,background
3391,manipur,6727981.770653619,-1607885.3221028217,0,background
3392,manipur,6704394.313657553,-1667756.6281844915,0,background
3393,manipur,6718672.687519603,-1586411.165027809,0,background
3394,manipur,6601831.560304637,-1683346.9134232004,0,background
3395,manipur,6716770.697399604,-1606583.3614710222,0,background
3396,manipur,6747721.626829464,-1645674.800077107,0,background
3397,manipur,6728573.297240273,-1646865.7966186027,0,background
3398,manipur,6641986.811070822,-1657783.6386427798,0,background
3399,manipur,6603556.949485437,-1720859.7084635135,0,background
3400,manipur,6666906.53503467,-1695140.1765516356,0,background
3401,manipur,6688402.500546312,-1699959.9727183701,0,background
3402,manipur,6694091.993578665,-1715463.3040635164,0,background
3403,manipur,6692794.948053889,-1664773.297714378,0,background
3404,manipur,6650521.358646966,-1710228.0596443678,0,background
3405,manipur,6669222.273809523,-1588695.1329206096,0,background
3406,manipur,6689832.067920269,-1653201.1806872848,0,background
3407,manipur,6674861.370738263,-1663436.681012073,0,background
3408,manipur,6681697.45618332,-1716195.7478948894,0,background
3409,manipur,6692426.110322854,-1716608.840632136,0,background
3410,manipur,6603209.443754747,-1673130.6453504807,0,background
3411,manipur,6657897.254596334,-1673543.5467532647,0,background
3412,manipur,6685371.253756678,-1583006.4841999202,0,background
3413,manipur,6633112.615581079,-1659149.7207138985,0,background
3414,manipur,6677505.175048543,-1578703.3137824612,0,background
3415,manipur,6620526.29711592,-1680905.928688639,0,background
3416,manipur,6654898.171066085,-1645897.2118997076,0,background
3417,manipur,6620057.3072877545,-1640920.4044250774,0,background
3418,manipur,6726749.266679704,-1601625.9349856647,0,background
3419,manipur,6602527.944921111,-1673216.633342575,0,background
3420,manipur,6739271.834646779,-1650849.0203801154,0,background
3421,manipur,6672568.551601953,-1583845.9536708985,0,background
3422,manipur,6692757.327075309,-1670857.4810910565,0,background
3423,manipur,6750945.286959215,-1663545.225571879,0,background
3424,manipur,6676068.028436587,-1660880.7433683514,0,background
3425,manipur,6621959.075014888,-1644424.368052214,0,background
3426,manipur,6734890.784650129,-1660156.4190848975,0,background
3427,manipur,6635579.390892967,-1627862.3520651923,0,background
3428,manipur,6625826.692949474,-1626262.9884428042,0,background
3429,manipur,6748580.254145627,-1649065.0928500486,0,background
3430,manipur,6738134.641928108,-1613347.4311472645,0,background
3431,manipur,6679742.642148906,-1584316.2232373462,0,background
3432,manipur,6619271.805859911,-1736316.4572516114,0,background
3433,manipur,6662642.977700001,-1642649.2090544018,0,background
3434,manipur,6697757.216326645,-1663299.8082346944,0,background
3435,manipur,6698398.510080006,-1663618.5079766258,0,background
3436,manipur,6683389.360752296,-1710503.4179958887,0,background
3437,manipur,6751837.869682243,-1585761.9763593136,0,background
3438,manipur,6721491.914825854,-1706020.821977845,0,background
3439,manipur,6661271.067983922,-1726667.324764579,0,background
3440,manipur,6684160.720670403,-1711550.229934282,0,background
3441,manipur,6656905.531379416,-1628311.8333558175,0,background
3442,manipur,6760851.930525567,-1620713.569731348,0,background
3443,manipur,6719300.8634477975,-1609026.6147576505,0,background
3444,manipur,6594575.821242917,-1698375.2063613683,0,background
3445,manipur,6689197.979897203,-1642590.1364249291,0,background
3446,manipur,6706971.659572176,-1638072.8366452325,0,background
3447,manipur,6660876.793910534,-1643631.4259718321,0,background
3448,manipur,6658196.244637129,-1601185.342331732,0,background
3449,manipur,6734839.865588046,-1648894.3814058,0,background
3450,manipur,6750175.372634561,-1699471.7363160732,0,background
3451,manipur,6734989.455155487,-1638628.6620597113,0,background
3452,manipur,6746842.904883681,-1648819.0152767838,0,background
3453,manipur,6690660.200748458,-1711373.4029021694,0,background
3454,manipur,6706635.122416853,-1642240.169128949,0,background
3455,manipur,6625417.450775282,-1626867.621443991,0,background
3456,manipur,6622673.697242261,-1682858.2581667055,0,background
3457,manipur,6600017.8500555195,-1677998.2291421378,0,background
3458,manipur,6621517.378750661,-1646516.7459680263,0,background
3459,manipur,6732384.362204112,-1642819.7145815066,0,background
3460,manipur,6748767.707014812,-1641953.1837261238,0,background
3461,manipur,6665395.923856598,-1686265.461535684,0,background
3462,manipur,6696905.963510311,-1708716.5828024854,0,background
3463,manipur,6601881.70391796,-1649663.677097698,0,background
3464,manipur,6737316.053322233,-1647817.8426309403,0,background
3465,manipur,6647028.909543558,-1669881.1253831957,0,background
3466,manipur,6618689.47266995,-1642156.9855771537,0,background
3467,manipur,6672903.823532176,-1662730.3045527241,0,background
3468,manipur,6668407.963335737,-1590841.3585649256,0,background
3469,manipur,6684573.476259585,-1657608.6564378198,0,background
3470,manipur,6719672.701347539,-1624357.3780422553,0,background
3471,manipur,6638481.254760718,-1659858.2849218391,0,background
3472,manipur,6616475.475341582,-1629460.939479234,0,background
3473,manipur,6614449.256202005,-1625776.914384973,0,background
3474,manipur,6741944.707304974,-1700319.6674214131,0,background
3475,manipur,6621792.684400425,-1720959.3042642174,0,background
3476,manipur,6718001.79010596,-1578299.4419980438,0,background
3477,manipur,6725529.8458495075,-1580038.4501378217,0,background
3478,manipur,6741822.791915251,-1701075.683198567,0,background
3479,manipur,6686189.444910061,-1670854.5939118068,0,background
3480,manipur,6733824.421010357,-1644049.6826498562,0,background
3481,manipur,6689703.481755189,-1714575.197068979,0,background
3482,manipur,6662872.848518742,-1693841.4624605083,0,background
3483,manipur,6713698.438387439,-1603051.414321641,0,background
3484,manipur,6737019.3757588975,-1638704.9269710584,0,background
3485,manipur,6739240.0611239225,-1655517.0713949585,0,background
3486,manipur,6654709.065389144,-1592625.4914432305,0,background
3487,manipur,6659951.818154599,-1667638.823965814,0,background
3488,manipur,6625739.410597788,-1742053.7456329376,0,background
3489,manipur,6626866.489175028,-1639320.3353262688,0,background
3490,manipur,6705353.402887114,-1672630.1017217787,0,background
3491,manipur,6741873.553013265,-1638880.3635322547,0,background
3492,manipur,6739691.493834526,-1655098.5185733878,0,background
3493,manipur,6634256.488733142,-1660267.0762841662,0,background
3494,manipur,6639663.335412368,-1658507.6453698324,0,background
3495,manipur,6734907.790764332,-1566579.203527318,0,background
3496,manipur,6674790.20459772,-1584952.5578559055,0,background
3497,manipur,6603079.796251118,-1654440.9847772834,0,background
3498,manipur,6627483.736525616,-1638410.246491293,0,background
3499,manipur,6598560.466744111,-1684654.089085629,0,background
3500,manipur,6622671.956321508,-1702104.5266112841,0,background
3501,manipur,6685926.728696757,-1707549.5147879752,0,background
3502,manipur,6750624.6224030545,-1578237.0774662213,0,background
3503,manipur,6684859.516087302,-1667475.7659433791,0,background
3504,manipur,6633564.687587581,-1676966.1250204183,0,background
3505,manipur,6605439.052250814,-1688921.2729159405,0,background
3506,manipur,6628791.488590502,-1632910.9537205598,0,background
3507,manipur,6626525.784937521,-1631036.6959685031,0,background
3508,manipur,6694804.962841987,-1669335.555718078,0,background
3509,manipur,6714936.834768548,-1656545.8554308242,0,background
3510,manipur,6674757.958264943,-1719720.2879411757,0,background
3511,manipur,6656247.20718393,-1645106.904116944,0,background
3512,manipur,6747290.529821347,-1696107.153102314,0,background
3513,manipur,6707636.708466413,-1639708.7407884062,0,background
3514,manipur,6650672.159434785,-1646717.2224743236,0,background
3515,manipur,6741787.169051028,-1634572.1597192094,0,background
3516,manipur,6608994.0370793305,-1697434.2980572162,0,background
3517,manipur,6616436.308563941,-1638766.66353116,0,background
3518,manipur,6616172.279925681,-1627777.9927463576,0,background
3519,manipur,6621059.224656696,-1726245.0925009244,0,background
3520,manipur,6747050.558110484,-1698890.4106514587,0,background
3521,manipur,6659660.730233768,-1729142.355002099,0,background
3522,manipur,6743674.151931983,-1643578.9100609412,0,background
3523,manipur,6642682.261204691,-1630905.5651473487,0,background
3524,manipur,6672232.659671562,-1571387.3298950323,0,background
3525,manipur,6689786.98763582,-1670706.7028272534,0,background
3526,manipur,6622107.413045427,-1677800.6643398078,0,background
3527,manipur,6734496.318106977,-1701758.9286995705,0,background
3528,manipur,6730097.846675511,-1651199.0636001462,0,background
3529,manipur,6615527.646728115,-1641097.3293456698,0,background
3530,manipur,6683827.776900398,-1682457.192073186,0,background
3531,manipur,6726191.590048869,-1708599.6771410222,0,background
3532,manipur,6711671.413413306,-1613027.533253632,0,background
3533,manipur,6714513.688993285,-1612128.887370921,0,background
3534,manipur,6627917.962711933,-1637858.586181224,0,background
3535,manipur,6713465.421336702,-1616955.856003866,0,background
3536,manipur,6633379.2224725345,-1620130.8794239436,0,background
3537,manipur,6666748.460214452,-1662197.9485657099,0,background
3538,manipur,6709178.712438481,-1678041.2224276965,0,background
3539,manipur,6667117.618269458,-1642644.8913419817,0,background
3540,manipur,6634978.327790597,-1619545.242521362,0,background
3541,manipur,6728459.091123074,-1651690.5616834932,0,background
3542,manipur,6737610.337691038,-1657588.8391869748,0,background
3543,manipur,6604698.251575691,-1670626.0453599826,0,background
3544,manipur,6675842.016906215,-1660698.029975369,0,background
3545,manipur,6679630.091373619,-1645572.1714641121,0,background
3546,manipur,6730920.403252066,-1653451.1745803428,0,background
3547,manipur,6731301.268029837,-1654687.08774801,0,background
3548,manipur,6658758.119022963,-1649653.1773099406,0,background
3549,manipur,6702479.1173212845,-1614019.6442336098,0,background
3550,manipur,6706353.148572042,-1659200.2190862999,0,background
3551,manipur,6595078.448185511,-1702936.501172848,0,background
3552,manipur,6699303.018448494,-1714584.8334860306,0,background
3553,manipur,6699975.874847511,-1654239.6374713902,0,background
3554,manipur,6592173.473633139,-1720023.171828212,0,background
3555,manipur,6649708.198090198,-1666473.3851645498,0,background
3556,manipur,6616069.490481045,-1682720.9486935814,0,background
3557,manipur,6664847.707643021,-1719539.229271284,0,background
3558,manipur,6646199.758622636,-1692681.4384178275,0,background
3559,manipur,6659787.82239818,-1726090.5943111985,0,background
3560,manipur,6637672.385496497,-1674916.5130960506,0,background
3561,manipur,6677358.075872153,-1648913.5688557767,0,background
3562,manipur,6623534.001416817,-1628867.6895163036,0,background
3563,manipur,6671998.373838568,-1575462.5194574501,0,background
3564,manipur,6720737.826575222,-1604420.6594717198,0,background
3565,manipur,6590618.0838401,-1698019.5593386658,0,background
3566,manipur,6621771.10519617,-1633652.8559234296,0,background
3567,manipur,6676891.5660889065,-1670301.981507841,0,background
3568,manipur,6596283.923422717,-1702599.0251306084,0,background
3569,manipur,6647786.652776701,-1668542.2667649745,0,background
3570,manipur,6626155.339674697,-1628674.5558128022,0,background
3571,manipur,6690362.811800266,-1644995.5475312634,0,background
3572,manipur,6678541.321867698,-1649950.5501974607,0,background
3573,manipur,6731013.269805463,-1655653.7846518704,0,background
3574,manipur,6656825.653924983,-1598580.272858374,0,background
3575,manipur,6735413.676534439,-1643587.8679229757,0,background
3576,manipur,6646741.139993676,-1597069.2434436143,0,background
3577,manipur,6682530.354301548,-1589572.6320056266,0,background
3578,manipur,6732325.107433419,-1652554.970080875,0,background
3579,manipur,6709805.377141531,-1647050.5335665643,0,background
3580,manipur,6741273.9492582735,-1642912.6731945085,0,background
3581,manipur,6632787.801743608,-1681179.3273791182,0,background
3582,manipur,6722373.012895562,-1578246.6423625867,0,background
3583,manipur,6616363.167921891,-1630350.5839534833,0,background
3584,manipur,6680850.286015762,-1588965.2400014268,0,background
3585,manipur,6707807.847460612,-1673956.6506556247,0,background
3586,manipur,6732518.142996136,-1654240.2068898217,0,background
3587,manipur,6724120.343530405,-1585327.962416727,0,background
3588,manipur,6679459.243814996,-1718031.1745681448,0,background
3589,manipur,6682055.147873277,-1716376.356979678,0,background
3590,manipur,6653025.7741537485,-1621669.9200856863,0,background
3591,manipur,6739566.93398669,-1649955.1342777014,0,background
3592,manipur,6685732.579062561,-1641973.9913793295,0,background
3593,manipur,6667546.860042815,-1641450.0873815953,0,background
3594,manipur,6638247.00474862,-1640171.0213698684,0,background
3595,manipur,6628231.708779705,-1677072.6146682708,0,background
3596,manipur,6660785.942864493,-1722495.8865745214,0,background
3597,manipur,6618862.002872394,-1697871.834650397,0,background
3598,manipur,6679233.237081194,-1644632.849778874,0,background
3599,manipur,6692155.344464074,-1646544.2809932244,0,background
3600,manipur,6741089.5294726705,-1636375.5299573508,0,background
3601,manipur,6736582.550959628,-1653504.4581838546,0,background
3602,manipur,6732665.398855193,-1704171.7966706844,0,background
3603,manipur,6633136.918707703,-1685854.072678162,0,background
3604,manipur,6706906.049855838,-1648233.8517207645,0,background
3605,manipur,6686755.660794906,-1700463.8498650019,0,background
3606,manipur,6654666.605567718,-1632003.9886036105,0,background
3607,manipur,6737102.343453211,-1655647.0532287138,0,background
3608,manipur,6657392.2855215445,-1616571.570706486,0,background
3609,manipur,6727671.859051415,-1609095.518401289,0,background
3610,manipur,6673768.567965465,-1658621.1590462571,0,background
3611,manipur,6680425.888009751,-1695342.179539077,0,background
3612,manipur,6648317.751090644,-1596798.5961972564,0,background
3613,manipur,6630828.381411735,-1647513.5154810937,0,background
3614,manipur,6660603.727346913,-1719822.7105926715,0,background
3615,manipur,6673051.553617499,-1719924.0385943607,0,background
3616,manipur,6643677.402829937,-1638140.0795824905,0,background
3617,manipur,6637059.439188901,-1658704.0541279016,0,background
3618,manipur,6711041.651053134,-1632477.0709690086,0,background
3619,manipur,6652704.396294944,-1629281.512822936,0,background
3620,manipur,6690934.087517348,-1666383.0696891898,0,background
3621,manipur,6612496.823022965,-1704584.92237026,0,background
3622,manipur,6620053.099653679,-1641286.0999581078,0,background
3623,manipur,6715581.726740657,-1612891.5861978002,0,background
3624,manipur,6628225.779113631,-1615221.012361676,0,background
3625,manipur,6684259.52011579,-1695286.32972346,0,background
3626,manipur,6619683.393266791,-1648934.1300093213,0,background
3627,manipur,6709445.886834187,-1647511.4073830836,0,background
3628,manipur,6648766.466458592,-1652034.962042738,0,background
3629,manipur,6697858.301509714,-1713982.714969923,0,background
3630,manipur,6662867.813055721,-1716862.1405036827,0,background
3631,manipur,6721777.29756034,-1579931.133503529,0,background
3632,manipur,6604708.410657512,-1671581.513325951,0,background
3633,manipur,6683386.962912104,-1708745.3051910535,0,background
3634,manipur,6730926.913347715,-1703042.413407384,0,background
3635,manipur,6692124.122054063,-1647134.241166765,0,background
3636,manipur,6632257.558959262,-1738677.268048385,0,background
3637,manipur,6719249.453201845,-1610101.7178797708,0,background
3638,manipur,6671387.221242387,-1659217.795814037,0,background
3639,manipur,6618403.19982739,-1734935.8188185047,0,background
3640,manipur,6674534.858493813,-1664053.7058815896,0,background
3641,manipur,6654990.076117729,-1651899.9028957149,0,background
3642,manipur,6678930.220113835,-1572806.9691466098,0,background
3643,manipur,6679628.693595844,-1644686.9619795776,0,background
3644,manipur,6750838.759326622,-1580776.3466171713,0,background
3645,manipur,6693932.436581011,-1708664.5062879915,0,background
3646,manipur,6665079.792593952,-1724351.988798506,0,background
3647,manipur,6686444.114703965,-1673074.5821444637,0,background
3648,manipur,6697867.310573119,-1593147.5116721024,0,background
3649,manipur,6636582.663493163,-1623945.2969978033,0,background
3650,manipur,6693384.030621409,-1709462.5794641692,0,background
3651,manipur,6597712.858566999,-1699809.6217756628,0,background
3652,manipur,6699442.791310517,-1667181.2273950577,0,background
3653,manipur,6734642.214714187,-1567534.595760398,0,background
3654,manipur,6653371.409726393,-1626044.2604239353,0,background
3655,manipur,6625029.140609614,-1739778.3133469697,0,background
3656,manipur,6682118.360770238,-1701093.487777879,0,background
3657,manipur,6708109.861053225,-1633432.878402638,0,background
3658,manipur,6732273.052239184,-1644939.3127493009,0,background
3659,manipur,6631309.685122567,-1737613.44036332,0,background
3660,manipur,6684048.199457178,-1669449.747075284,0,background
3661,manipur,6694776.7701534,-1708670.8281632543,0,background
3662,manipur,6610721.685934524,-1626546.6918272886,0,background
3663,manipur,6717692.688739231,-1613520.0745064209,0,background
3664,manipur,6654878.57523043,-1715322.9638082937,0,background
3665,manipur,6646874.0249315,-1652917.32169107,0,background
3666,manipur,6689919.026248687,-1646993.0913010398,0,background
3667,manipur,6644213.5822065575,-1657677.2142481422,0,background
3668,manipur,6625880.698065606,-1637211.6647831728,0,background
3669,manipur,6635841.891732752,-1674376.1046487235,0,background
3670,manipur,6732577.522272222,-1604324.0630704544,0,background
3671,manipur,6621184.777205425,-1629710.1080272535,0,background
3672,manipur,6728767.611415661,-1607810.9715755668,0,background
3673,manipur,6617457.888573929,-1649947.3350533524,0,background
3674,manipur,6656099.045499411,-1639753.4396666426,0,background
3675,manipur,6651054.735289252,-1599608.8915148927,0,background
3676,manipur,6692052.870577538,-1656495.0970799576,0,background
3677,manipur,6675194.576810618,-1644513.5955802638,0,background
3678,manipur,6689772.294567188,-1643123.2114878881,0,background
3679,manipur,6626913.394889018,-1622628.241075579,0,background
3680,manipur,6622581.234427043,-1644553.3993344961,0,background
3681,manipur,6664252.590087547,-1714819.3389628255,0,background
3682,manipur,6685177.500729005,-1579257.1936068092,0,background
3683,manipur,6686073.163663778,-1712405.1550714944,0,background
3684,manipur,6701153.773741688,-1656587.9171555701,0,background
3685,manipur,6701191.887034732,-1610437.528448021,0,background
3686,manipur,6646353.676367373,-1693000.1450220018,0,background
3687,manipur,6708724.217423886,-1640958.85284131,0,background
3688,manipur,6666311.317334215,-1663175.9944424243,0,background
3689,manipur,6717616.044679055,-1586688.808590057,0,background
3690,manipur,6750894.756235342,-1696952.115279792,0,background
3691,manipur,6625723.349883511,-1738951.43273711,0,background
3692,manipur,6603009.156665374,-1687145.4710814962,0,background
3693,manipur,6650974.755252177,-1651584.4644905676,0,background
3694,manipur,6729216.9440528,-1612974.8954531562,0,background
3695,manipur,6729529.197285283,-1706605.2794877978,0,background
3696,manipur,6724115.406114336,-1600438.5025815978,0,background
3697,manipur,6744571.168953278,-1700160.5824274344,0,background
3698,manipur,6723280.672730583,-1600882.3623027196,0,background
3699,manipur,6648200.5209859945,-1648503.5799467703,0,background
3700,manipur,6730689.23320395,-1657814.5336560686,0,background
3701,manipur,6631028.988506672,-1618594.9420937153,0,background
3702,manipur,6635626.975374766,-1723698.974799252,0,background
3703,manipur,6628122.812068265,-1640119.5545671724,0,background
3704,manipur,6743498.0546694435,-1701201.0766732104,0,background
3705,manipur,6728044.224228173,-1706218.550336279,0,background
3706,manipur,6605256.965250215,-1719032.5189104644,0,background
3707,manipur,6704630.5601991275,-1673636.7781193755,0,background
3708,meghalaya,6679368.2527060965,-1255957.4818780194,0,background
3709,meghalaya,6641545.26546018,-1360559.3279736112,0,background
3710,meghalaya,6668981.574696188,-1441532.7901493066,0,background
3711,meghalaya,6705172.394470207,-1174507.5122989328,0,background
3712,meghalaya,6659867.283873751,-1272607.6996449996,0,background
3713,meghalaya,6701079.864852842,-1173129.5746710473,0,background
3714,meghalaya,6715805.865018455,-1183617.9253185706,0,background
3715,meghalaya,6639099.418627236,-1375643.1492285058,0,background
3716,meghalaya,6682399.664336605,-1210250.6220469745,0,background
3717,meghalaya,6684153.989409122,-1256789.8943550012,0,background
3718,meghalaya,6663811.920124103,-1201845.7292436196,0,background
3719,meghalaya,6674769.238477468,-1245920.4422806778,0,background
3720,meghalaya,6666466.986947038,-1242370.788697997,0,background
3721,meghalaya,6658315.695901422,-1328909.247359889,0,background
3722,meghalaya,6705138.319069742,-1187034.8112579326,0,background
3723,meghalaya,6712931.055922366,-1290327.5948597968,0,background
3724,meghalaya,6672070.584090274,-1199981.9390578042,0,background
3725,meghalaya,6715961.36854014,-1229655.7271033246,0,background
3726,meghalaya,6711610.944738329,-1225969.2489270638,0,background
3727,meghalaya,6671631.667970687,-1290283.6851967203,0,background
3728,meghalaya,6653295.380033929,-1270270.3301171337,0,background
3729,meghalaya,6674021.661599944,-1226245.5499939765,0,background
3730,meghalaya,6701663.3613082,-1201889.7658240832,0,background
3731,meghalaya,6690839.1519362265,-1319844.897500145,0,background
3732,meghalaya,6710195.218955752,-1284669.8566084283,0,background
3733,meghalaya,6675634.311300862,-1281887.903527941,0,background
3734,meghalaya,6667554.754998429,-1234058.3464489256,0,background
3735,meghalaya,6723077.08028335,-1183283.3785178931,0,background
3736,meghalaya,6710661.015515283,-1175208.947145916,0,background
3737,meghalaya,6674218.5648351265,-1452054.3810756453,0,background
3738,meghalaya,6641835.948596047,-1385817.903172257,0,background
3739,meghalaya,6705383.519427932,-1228986.035717269,0,background
3740,meghalaya,6718071.238584348,-1208867.0026709673,0,background
3741,meghalaya,6685680.35429805,-1232843.8118417484,0,background
3742,meghalaya,6617277.971237848,-1380208.044227335,0,background
3743,meghalaya,6671087.869557012,-1493125.1858943347,0,background
3744,meghalaya,6636502.734095008,-1456605.8079817062,0,background
3745,meghalaya,6693632.018815029,-1319673.0732860612,0,background
3746,meghalaya,6663966.54965681,-1339757.1145231104,0,background
3747,meghalaya,6676515.890888958,-1183362.9825089853,0,background
3748,meghalaya,6717100.544036687,-1176055.8794054936,0,background
3749,meghalaya,6713670.640456932,-1291882.7392280935,0,background
3750,meghalaya,6704567.528315469,-1254884.7549852242,0,background
3751,meghalaya,6704980.146931944,-1249465.9702159136,0,background
3752,meghalaya,6658494.459388288,-1211885.8659200673,0,background
3753,meghalaya,6698546.686403621,-1249376.6143126902,0,background
3754,meghalaya,6676265.366458403,-1179745.427538575,0,background
3755,meghalaya,6660887.573925517,-1290873.717233072,0,background
3756,meghalaya,6702861.991584979,-1235185.1638366438,0,background
3757,meghalaya,6673323.84497039,-1491076.3563015242,0,background
3758,meghalaya,6651315.436085044,-1380665.4830708583,0,background
3759,meghalaya,6722255.2409068765,-1227787.350463144,0,background
3760,meghalaya,6674415.780125515,-1240216.4340536997,0,background
3761,meghalaya,6666322.981478358,-1472377.0411550887,0,background
3762,meghalaya,6663374.637185603,-1507184.1973265081,0,background
3763,meghalaya,6677487.160800601,-1251059.1007022443,0,background
3764,meghalaya,6673855.99855562,-1485415.598275197,0,background
3765,meghalaya,6691313.24640649,-1291723.8430830801,0,background
3766,meghalaya,6715244.4100946365,-1179813.638736457,0,background
3767,meghalaya,6649188.259873242,-1349489.5904406111,0,background
3768,meghalaya,6727048.750628383,-1171452.6691436234,0,background
3769,meghalaya,6671671.244493256,-1267751.9367527585,0,background
3770,meghalaya,6706912.023661018,-1193578.4960954462,0,background
3771,meghalaya,6712267.100625806,-1185978.215168029,0,background
3772,meghalaya,6709321.154914719,-1173014.6115655063,0,background
3773,meghalaya,6663378.637845887,-1218887.4854722214,0,background
3774,meghalaya,6721949.776541769,-1243060.9663130783,0,background
3775,meghalaya,6680292.963572963,-1178544.83586332,0,background
3776,meghalaya,6682031.9803329585,-1247889.3530902637,0,background
3777,meghalaya,6646161.649469488,-1339407.725018499,0,background
3778,meghalaya,6664026.818227599,-1198507.4986987386,0,background
3779,meghalaya,6639990.3156005135,-1452248.7984891057,0,background
3780,meghalaya,6690654.56174972,-1335642.959512444,0,background
3781,meghalaya,6719010.183724975,-1206598.8006652298,0,background
3782,meghalaya,6697773.667231487,-1230087.6188412462,0,background
3783,meghalaya,6667038.657781234,-1236024.5631511766,0,background
3784,meghalaya,6671795.526234187,-1480840.4587420512,0,background
3785,meghalaya,6650385.348762582,-1412213.4468221574,0,background
3786,meghalaya,6675938.1582948435,-1285965.1942233986,0,background
3787,meghalaya,6640790.603842807,-1446102.0153271377,0,background
3788,meghalaya,6670245.9464944955,-1483171.4942090195,0,background
3789,meghalaya,6654663.503103386,-1472083.708754603,0,background
3790,meghalaya,6712198.602080706,-1173169.3846935495,0,background
3791,meghalaya,6674213.844247989,-1187146.9481913145,0,background
3792,meghalaya,6664909.983307763,-1457328.951637177,0,background
3793,meghalaya,6678996.734093806,-1246114.6871687258,0,background
3794,meghalaya,6656384.114375669,-1346743.2692738422,0,background
3795,meghalaya,6724442.5066514425,-1221575.0694894206,0,background
3796,meghalaya,6670068.049656413,-1279243.8855350679,0,background
3797,meghalaya,6652090.804962155,-1358052.8175293817,0,background
3798,meghalaya,6667565.003014596,-1250513.6907012276,0,background
3799,meghalaya,6682515.2962929,-1195131.605870791,0,background
3800,meghalaya,6702736.38652318,-1199517.0301838457,0,background
3801,meghalaya,6644066.507346428,-1458265.9740289506,0,background
3802,meghalaya,6713583.735026769,-1245336.985653026,0,background
3803,meghalaya,6654593.584193517,-1466697.6756443644,0,background
3804,meghalaya,6684595.686457285,-1260126.0243012197,0,background
3805,meghalaya,6672486.695837967,-1269220.7498004772,0,background
3806,meghalaya,6677839.157445435,-1457681.511205134,0,background
3807,meghalaya,6675243.639873726,-1186190.9409357435,0,background
3808,meghalaya,6719210.350915924,-1268278.6571839491,0,background
3809,meghalaya,6696320.013559919,-1363283.5342434891,0,background
3810,meghalaya,6719587.945743894,-1185406.996951065,0,background
3811,meghalaya,6708924.895847663,-1167810.8903194428,0,background
3812,meghalaya,6669547.957233331,-1207882.4960160065,0,background
3813,meghalaya,6648400.98862403,-1390400.5147663907,0,background
3814,meghalaya,6661351.6940726675,-1254037.5469562882,0,background
3815,meghalaya,6657255.723724914,-1337403.2951908582,0,background
3816,meghalaya,6656726.53224336,-1459316.0583100824,0,background
3817,meghalaya,6661483.44598748,-1240780.9476246997,0,background
3818,meghalaya,6659942.363235558,-1328331.4373272131,0,background
3819,meghalaya,6628097.978216294,-1457023.0304370378,0,background
3820,meghalaya,6639025.064473302,-1381000.670170178,0,background
3821,meghalaya,6656001.892232536,-1286633.7344021788,0,background
3822,meghalaya,6710991.598287407,-1259348.4728791341,0,background
3823,meghalaya,6654580.818500004,-1221714.3566364723,0,background
3824,meghalaya,6665683.975977441,-1208380.454242739,0,background
3825,meghalaya,6704121.462119494,-1199287.067806282,0,background
3826,meghalaya,6639217.317489669,-1451292.1186068729,0,background
3827,meghalaya,6707798.399720969,-1284046.7092924255,0,background
3828,meghalaya,6679215.033537423,-1206490.2230169617,0,background
3829,meghalaya,6679921.102766016,-1482277.3213487463,0,background
3830,meghalaya,6666675.611111261,-1257284.0303458767,0,background
3831,meghalaya,6659212.130815926,-1271154.190711795,0,background
3832,meghalaya,6691183.792163768,-1232453.117924531,0,background
3833,meghalaya,6686765.408211476,-1229962.1630858758,0,background
3834,meghalaya,6710191.803778794,-1269803.593849022,0,background
3835,meghalaya,6725184.540853053,-1188882.9838152176,0,background
3836,meghalaya,6709620.175947766,-1210620.425111837,0,background
3837,meghalaya,6608717.411506916,-1429928.8661716438,0,background
3838,meghalaya,6670790.44518799,-1206207.2879971869,0,background
3839,meghalaya,6655164.888458321,-1243688.1704538458,0,background
3840,meghalaya,6726787.032261655,-1206564.4654507074,0,background
3841,meghalaya,6657113.173051814,-1243309.8785737143,0,background
3842,meghalaya,6696460.029649105,-1364250.479558412,0,background
3843,meghalaya,6641054.3580681775,-1387515.312086807,0,background
3844,meghalaya,6634456.114377553,-1407844.516665802,0,background
3845,meghalaya,6685641.319166379,-1182490.9082592654,0,background
3846,meghalaya,6719856.614683212,-1203040.3865309376,0,background
3847,meghalaya,6677083.308260894,-1304433.929259947,0,background
3848,meghalaya,6621649.588749714,-1418549.8429873793,0,background
3849,meghalaya,6723289.051030036,-1201310.486145613,0,background
3850,meghalaya,6705310.031241283,-1210590.8045111499,0,background
3851,meghalaya,6673487.288689918,-1282714.4411941466,0,background
3852,meghalaya,6637672.856959356,-1381217.0907083454,0,background
3853,meghalaya,6666722.906108951,-1258946.455277025,0,background
3854,meghalaya,6666633.19174735,-1214397.9360451046,0,background
3855,meghalaya,6686724.619871552,-1233146.813976958,0,background
3856,meghalaya,6712418.465664783,-1214615.8855038262,0,background
3857,meghalaya,6708693.014336355,-1264195.6136733007,0,background
3858,meghalaya,6668149.068012051,-1221046.9964188018,0,background
3859,meghalaya,6672149.709239806,-1290117.746666326,0,background
3860,meghalaya,6672307.334960574,-1245835.7795381895,0,background
3861,meghalaya,6677339.733521378,-1487662.7640054773,0,background
3862,meghalaya,6724916.2878049305,-1171768.458906136,0,background
3863,meghalaya,6700498.498898473,-1340793.4398845492,0,background
3864,meghalaya,6660574.731693815,-1272934.5793754333,0,background
3865,meghalaya,6661249.466529755,-1362568.651553532,0,background
3866,meghalaya,6651055.129109071,-1283960.797410501,0,background
3867,meghalaya,6663934.332556224,-1209813.1703748354,0,background
3868,meghalaya,6709648.943967031,-1242386.5933111997,0,background
3869,meghalaya,6682759.181536098,-1245837.143170131,0,background
3870,meghalaya,6681581.78496041,-1190119.9944384606,0,background
3871,meghalaya,6664957.011427268,-1233456.6396669701,0,background
3872,meghalaya,6658655.858258025,-1272143.2522842577,0,background
3873,meghalaya,6666196.19213372,-1441236.137293247,0,background
3874,meghalaya,6677315.243412521,-1488757.9983823122,0,background
3875,meghalaya,6711536.119695406,-1268860.4755349741,0,background
3876,meghalaya,6692139.549544832,-1295643.2988915746,0,background
3877,meghalaya,6648852.967004302,-1480510.5944574017,0,background
3878,meghalaya,6690540.161272353,-1313288.4564395896,0,background
3879,meghalaya,6672310.995913792,-1493024.2397887872,0,background
3880,meghalaya,6667008.333078258,-1281506.2097600547,0,background
3881,meghalaya,6694198.6765527,-1317533.6567458708,0,background
3882,meghalaya,6685724.861032836,-1171313.796410361,0,background
3883,meghalaya,6658063.769649289,-1252222.90563407,0,background
3884,meghalaya,6676909.73783353,-1208881.2340315995,0,background
3885,meghalaya,6683416.148463072,-1293966.160020229,0,background
3886,meghalaya,6634940.307455884,-1448501.8580884412,0,background
3887,meghalaya,6666280.259627023,-1213289.9719815508,0,background
3888,meghalaya,6653830.091197425,-1454135.2259041795,0,background
3889,meghalaya,6645723.47297808,-1282193.3705172203,0,background
3890,meghalaya,6669663.099819129,-1451961.9426225882,0,background
3891,meghalaya,6692670.084581754,-1295995.661685328,0,background
3892,meghalaya,6664109.1541717155,-1279729.4005807063,0,background
3893,meghalaya,6704836.868047601,-1216850.9601370962,0,background
3894,meghalaya,6724453.799041249,-1167187.2428469462,0,background
3895,meghalaya,6712495.247804253,-1288334.842775195,0,background
3896,meghalaya,6687759.599029524,-1340722.5349341226,0,background
3897,meghalaya,6660309.91152402,-1276662.420007737,0,background
3898,meghalaya,6708828.588472072,-1269681.7917145349,0,background
3899,meghalaya,6689775.291948789,-1181834.6577533716,0,background
3900,meghalaya,6675917.420625046,-1208228.1060728838,0,background
3901,meghalaya,6688946.729865096,-1270762.222742092,0,background
3902,meghalaya,6699499.2156046275,-1229514.2633527885,0,background
3903,meghalaya,6659305.138458418,-1233011.6809269967,0,background
3904,meghalaya,6687925.509832693,-1300770.443080335,0,background
3905,meghalaya,6662738.991365209,-1295178.0319435163,0,background
3906,meghalaya,6654782.4953451315,-1378599.995149242,0,background
3907,meghalaya,6671364.430230345,-1308884.9065182665,0,background
3908,meghalaya,6716199.95406435,-1285422.2343260294,0,background
3909,meghalaya,6670326.161232904,-1447889.9538045179,0,background
3910,meghalaya,6679731.60119616,-1179467.8611533307,0,background
3911,meghalaya,6714499.178833874,-1225559.9411823764,0,background
3912,meghalaya,6716445.100207375,-1218353.197281138,0,background
3913,meghalaya,6634857.5371594895,-1387933.9225906737,0,background
3914,meghalaya,6657847.842315142,-1224365.7714435593,0,background
3915,meghalaya,6661296.298385864,-1293654.9362120302,0,background
3916,meghalaya,6711865.185228323,-1254256.3045803974,0,background
3917,meghalaya,6655458.665847742,-1268803.766900053,0,background
3918,meghalaya,6676874.244758344,-1258626.1805870188,0,background
3919,meghalaya,6649390.530525336,-1432126.2179081456,0,background
3920,meghalaya,6669575.237108137,-1486939.99898863,0,background
3921,meghalaya,6695607.212372789,-1316690.0526647114,0,background
3922,meghalaya,6671638.188601944,-1441093.5666237273,0,background
3923,meghalaya,6719764.180475274,-1165146.6613854265,0,background
3924,meghalaya,6682435.042945948,-1329527.989148017,0,background
3925,meghalaya,6692912.14346401,-1238514.7796367165,0,background
3926,meghalaya,6666856.731565085,-1190627.5355733125,0,background
3927,meghalaya,6706905.050416403,-1287689.1573582948,0,background
3928,meghalaya,6665638.543583087,-1189454.367083762,0,background
3929,meghalaya,6667546.017831377,-1450190.7217391147,0,background
3930,meghalaya,6685709.532257533,-1295144.003926369,0,background
3931,meghalaya,6662284.565832772,-1238956.3023199085,0,background
3932,meghalaya,6658136.363345909,-1327407.1885583014,0,background
3933,meghalaya,6704328.380609372,-1170937.084517108,0,background
3934,meghalaya,6673130.76273598,-1472886.4679632615,0,background
3935,meghalaya,6664279.827781638,-1254087.8071722204,0,background
3936,meghalaya,6654247.745799318,-1380101.600439952,0,background
3937,meghalaya,6723250.0737297265,-1200147.2909410899,0,background
3938,meghalaya,6659553.635294221,-1271247.51183948,0,background
3939,meghalaya,6715841.591692012,-1281280.9527004128,0,background
3940,meghalaya,6681247.54609514,-1289189.0410223021,0,background
3941,meghalaya,6669495.0500679,-1487906.293493348,0,background
3942,meghalaya,6642198.116131632,-1387993.177126044,0,background
3943,meghalaya,6670958.380842702,-1286666.953912542,0,background
3944,meghalaya,6709861.922247786,-1210854.923256034,0,background
3945,meghalaya,6662375.493938018,-1247922.5855794095,0,background
3946,meghalaya,6686442.881878227,-1240460.2802660218,0,background
3947,meghalaya,6672769.96906818,-1449287.756802995,0,background
3948,meghalaya,6721042.103694091,-1167870.6638175035,0,background
3949,meghalaya,6672426.751035809,-1255675.9385913552,0,background
3950,meghalaya,6713160.177577653,-1270985.8421003262,0,background
3951,meghalaya,6699356.058345599,-1289320.9322701446,0,background
3952,meghalaya,6662500.735517418,-1455338.7310709085,0,background
3953,meghalaya,6655111.173901221,-1476567.189908333,0,background
3954,meghalaya,6695905.041294665,-1317630.7817249394,0,background
3955,meghalaya,6678677.5446511265,-1202200.2584754615,0,background
3956,meghalaya,6674794.753686832,-1308950.6491449294,0,background
3957,meghalaya,6704753.065860466,-1275314.7337706743,0,background
3958,meghalaya,6692781.26885739,-1237514.6389642835,0,background
3959,meghalaya,6669354.923308509,-1236218.4891280276,0,background
3960,meghalaya,6720516.183653116,-1163102.3741239388,0,background
3961,meghalaya,6657541.473329573,-1287133.7695223547,0,background
3962,meghalaya,6702373.990629284,-1289360.6707503141,0,background
3963,meghalaya,6652938.298879227,-1218373.7716303463,0,background
3964,meghalaya,6709298.3505508285,-1206894.5572575915,0,background
3965,meghalaya,6666794.9299108945,-1257370.9923308508,0,background
3966,meghalaya,6686540.483747887,-1249200.9055064179,0,background
3967,meghalaya,6665701.199593973,-1488354.5728401148,0,background
3968,meghalaya,6674632.796633941,-1175287.5749940784,0,background
3969,meghalaya,6637722.561906318,-1365144.2204623818,0,background
3970,meghalaya,6674762.544510846,-1214603.9179544628,0,background
3971,meghalaya,6694643.12496745,-1211283.8265334135,0,background
3972,meghalaya,6656374.841300292,-1349978.6442398806,0,background
3973,meghalaya,6672819.790070217,-1284202.5131599437,0,background
3974,meghalaya,6668768.512869563,-1489432.860049551,0,background
3975,meghalaya,6662215.601919139,-1230017.0807786146,0,background
3976,meghalaya,6637533.470425236,-1440943.6291695146,0,background
3977,meghalaya,6669615.353279791,-1247326.599757084,0,background
3978,meghalaya,6712822.523273953,-1204505.9785272053,0,background
3979,meghalaya,6652518.404825534,-1224543.9692548655,0,background
3980,meghalaya,6724374.808642006,-1240751.5822268755,0,background
3981,meghalaya,6670100.554934329,-1440106.0176018737,0,background
3982,meghalaya,6654431.5762800565,-1232976.6412719605,0,background
3983,meghalaya,6671293.850527701,-1192127.2482862456,0,background
3984,meghalaya,6691331.753687028,-1456076.6855790257,0,background
3985,meghalaya,6717198.059074785,-1212315.881920445,0,background
3986,meghalaya,6630569.345068214,-1462087.973499663,0,background
3987,meghalaya,6658309.380725147,-1203688.1591565984,0,background
3988,meghalaya,6649735.255192174,-1351035.077461965,0,background
3989,meghalaya,6707335.365670586,-1262922.8015653663,0,background
3990,meghalaya,6682108.137796313,-1284141.81293853,0,background
3991,meghalaya,6668787.226248547,-1269150.284388384,0,background
3992,meghalaya,6631876.993455671,-1404706.0817985334,0,background
3993,meghalaya,6687528.382373041,-1236276.9246314736,0,background
3994,meghalaya,6718666.210913362,-1253199.867176541,0,background
3995,meghalaya,6704742.949996564,-1248299.0995934359,0,background
3996,meghalaya,6672237.441450733,-1265826.0903002908,0,background
3997,meghalaya,6663387.841176474,-1506818.0140724652,0,background
3998,meghalaya,6710569.286784484,-1196378.6455520375,0,background
3999,meghalaya,6669868.773806906,-1212832.9362830643,0,background
4000,meghalaya,6707742.420597334,-1277848.3610850007,0,background
4001,meghalaya,6676060.455798603,-1204716.178153488,0,background
4002,meghalaya,6658670.80828257,-1330752.1978803626,0,background
4003,meghalaya,6679769.938635791,-1241355.4531333228,0,background
4004,meghalaya,6660264.365266174,-1199994.3876233804,0,background
4005,meghalaya,6683385.062878937,-1299501.1374488608,0,background
4006,meghalaya,6685958.442215879,-1341133.7315259236,0,background
4007,meghalaya,6679613.399821463,-1179771.9552446066,0,background
4008,meghalaya,6668001.226202835,-1251913.5455744315,0,background
4009,meghalaya,6669269.241874025,-1438981.340892278,0,background
4010,meghalaya,6676094.447879429,-1231348.0748130747,0,background
4011,meghalaya,6681632.990182048,-1480780.32991001,0,background
4012,meghalaya,6693562.71877635,-1194734.5700748668,0,background
4013,meghalaya,6723216.342017231,-1223955.7761573007,0,background
4014,meghalaya,6613038.702100673,-1421336.2684627795,0,background
4015,meghalaya,6690186.443596724,-1300649.522295929,0,background
4016,meghalaya,6652939.028583061,-1471230.0403167682,0,background
4017,meghalaya,6651119.926230981,-1352090.9265397424,0,background
4018,meghalaya,6649362.84708631,-1483190.2258957555,0,background
4019,meghalaya,6687969.7819001805,-1182841.637718217,0,background
4020,meghalaya,6650242.35047937,-1274547.0746276977,0,background
4021,meghalaya,6713206.397138538,-1297589.3659530263,0,background
4022,meghalaya,6657638.200241363,-1507061.1477551267,0,background
4023,meghalaya,6665507.956617893,-1408286.357007826,0,background
4024,meghalaya,6709749.968070408,-1283742.9740595876,0,background
4025,meghalaya,6658609.7445146525,-1269728.2014095648,0,background
4026,meghalaya,6711221.155945968,-1224432.6864818314,0,background
4027,meghalaya,6626244.173139395,-1380567.1415515146,0,background
4028,meghalaya,6684073.38592053,-1285998.2622068657,0,background
4029,meghalaya,6632522.676013441,-1384039.0633547914,0,background
4030,meghalaya,6653449.341271879,-1500350.5761514371,0,background
4031,meghalaya,6662127.40566593,-1247514.117406699,0,background
4032,meghalaya,6707425.072523504,-1300946.744068132,0,background
4033,meghalaya,6708279.219856679,-1245531.1205208756,0,background
4034,meghalaya,6642911.402385904,-1357597.3710754914,0,background
4035,meghalaya,6629659.929095144,-1420733.9726771163,0,background
4036,meghalaya,6655146.174023717,-1340704.667830401,0,background
4037,meghalaya,6714020.38340427,-1164670.8400715361,0,background
4038,meghalaya,6675765.800422502,-1293812.987019709,0,background
4039,meghalaya,6694560.563599961,-1194091.8587527922,0,background
4040,meghalaya,6653271.408961496,-1245567.2445353947,0,background
4041,meghalaya,6699775.129721553,-1222655.9483095962,0,background
4042,meghalaya,6659743.924656009,-1213437.480606428,0,background
4043,meghalaya,6715592.144294505,-1215875.3913834668,0,background
4044,meghalaya,6664381.369111875,-1504478.0834157201,0,background
4045,meghalaya,6707641.843708137,-1275191.546263267,0,background
4046,meghalaya,6708340.074736175,-1253909.1619958892,0,background
4047,meghalaya,6700315.844385338,-1248485.254015639,0,background
4048,meghalaya,6681207.011384914,-1216240.5368145446,0,background
4049,meghalaya,6722309.306201501,-1229378.5582880778,0,background
4050,meghalaya,6667307.117428676,-1484346.9123475738,0,background
4051,meghalaya,6692708.132841246,-1234161.452777043,0,background
4052,meghalaya,6720038.178504274,-1231035.3440761003,0,background
4053,meghalaya,6660998.819987464,-1335759.1602133815,0,background
4054,meghalaya,6704626.284564585,-1224393.4948250167,0,background
4055,meghalaya,6638981.833411712,-1385558.962532385,0,background
4056,meghalaya,6715442.286503458,-1236107.8010814441,0,background
4057,meghalaya,6653407.762780233,-1338990.7989830687,0,background
4058,meghalaya,6692148.8421115745,-1179687.7104020235,0,background
4059,meghalaya,6684964.971462755,-1238585.975497825,0,background
4060,meghalaya,6662026.102426321,-1360285.9721342197,0,background
4061,meghalaya,6656957.866283457,-1243555.9266162196,0,background
4062,meghalaya,6710333.57717602,-1224517.2212706585,0,background
4063,meghalaya,6654328.284714582,-1286343.3161099802,0,background
4064,meghalaya,6669181.801390923,-1472267.321245895,0,background
4065,meghalaya,6655455.09541688,-1339321.7945098293,0,background
4066,meghalaya,6662812.946536106,-1507682.656680109,0,background
4067,meghalaya,6700807.803833242,-1241316.504912708,0,background
4068,meghalaya,6705019.614674994,-1242652.8079300397,0,background
4069,meghalaya,6669439.994917884,-1241612.655654438,0,background
4070,meghalaya,6702072.173203662,-1197889.6833021617,0,background
4071,meghalaya,6662062.538190485,-1239090.6807019704,0,background
4072,meghalaya,6664008.140836053,-1250571.203125523,0,background
4073,meghalaya,6633444.011371469,-1383660.1108019254,0,background
4074,meghalaya,6660792.582997648,-1291192.8479399432,0,background
4075,meghalaya,6689328.977095084,-1336623.8601598633,0,background
4076,meghalaya,6639512.157122965,-1484564.050349663,0,background
4077,meghalaya,6662267.888721891,-1229821.2026512667,0,background
4078,meghalaya,6703295.638749467,-1169082.8748766799,0,background
4079,meghalaya,6682282.187778472,-1485664.8596372118,0,background
4080,meghalaya,6717414.042782999,-1234830.9447156896,0,background
4081,meghalaya,6723840.729957255,-1182152.8139786148,0,background
4082,meghalaya,6687214.546530913,-1343496.2747620994,0,background
4083,meghalaya,6651448.544462708,-1245842.7445389475,0,background
4084,meghalaya,6722707.992874969,-1190964.1386086864,0,background
4085,meghalaya,6677272.292592493,-1179797.0144614922,0,background
4086,meghalaya,6649151.124981911,-1412659.619423208,0,background
4087,meghalaya,6722157.793360034,-1199446.7075510616,0,background
4088,meghalaya,6664318.902546999,-1239094.3832002147,0,background
4089,meghalaya,6656085.294258876,-1334421.6995169048,0,background
4090,meghalaya,6708546.928632202,-1228457.0369459626,0,background
4091,meghalaya,6686256.965214374,-1242316.5315388408,0,background
4092,meghalaya,6710097.037268834,-1252505.3522845604,0,background
4093,meghalaya,6642984.931951755,-1363806.9721575873,0,background
4094,meghalaya,6726882.372224637,-1229916.0161509465,0,background
4095,meghalaya,6672704.768192318,-1483791.3087702575,0,background
4096,meghalaya,6677536.866758281,-1239001.5766026885,0,background
4097,meghalaya,6679724.472742285,-1418645.3306559536,0,background
4098,meghalaya,6662520.256589682,-1262116.58690532,0,background
4099,meghalaya,6691171.360784292,-1190068.8617905183,0,background
4100,meghalaya,6711729.09283286,-1257007.8200129159,0,background
4101,meghalaya,6674867.120639524,-1257678.66173614,0,background
4102,meghalaya,6696073.916506715,-1237058.4139089137,0,background
4103,meghalaya,6706246.542767171,-1265412.9690182258,0,background
4104,meghalaya,6667820.315577528,-1493129.7177313352,0,background
4105,meghalaya,6703730.98274077,-1276627.2530289062,0,background
4106,meghalaya,6655484.332024524,-1255711.6696978272,0,background
4107,meghalaya,6646617.419328216,-1272185.5756598217,0,background
4108,meghalaya,6684667.875997263,-1181892.4013798344,0,background
4109,meghalaya,6669531.094423793,-1487609.793477099,0,background
4110,meghalaya,6655370.359233355,-1471642.8481079643,0,background
4111,meghalaya,6692396.615193527,-1253903.770206114,0,background
4112,meghalaya,6682442.804934797,-1302305.7499799994,0,background
4113,meghalaya,6680764.510259407,-1264799.8023924124,0,background
4114,meghalaya,6712271.006099176,-1302785.5516886543,0,background
4115,meghalaya,6714349.988094214,-1254374.3168761996,0,background
4116,meghalaya,6659112.923737757,-1192315.9905610182,0,background
4117,meghalaya,6681168.573247651,-1305649.1854784319,0,background
4118,meghalaya,6680361.502307011,-1255699.668873422,0,background
4119,meghalaya,6708874.914649322,-1179437.4032837648,0,background
4120,meghalaya,6706966.964133183,-1230474.9176904513,0,background
4121,meghalaya,6672674.872800264,-1185984.4816172037,0,background
4122,meghalaya,6696501.255939979,-1252161.907437606,0,background
4123,meghalaya,6671946.287193848,-1307394.0361974356,0,background
4124,meghalaya,6661613.43789397,-1236646.5678958958,0,background
4125,meghalaya,6658323.116489473,-1265207.348263691,0,background
4126,meghalaya,6667554.035215337,-1406192.7890633165,0,background
4127,meghalaya,6666134.822707059,-1491558.3815600574,0,background
4128,meghalaya,6656117.156722213,-1244646.0140438923,0,background
4129,meghalaya,6714189.6539910445,-1279584.7746776594,0,background
4130,meghalaya,6641294.076157901,-1472643.9481280644,0,background
4131,meghalaya,6636467.553490924,-1403138.6351578424,0,background
4132,meghalaya,6649242.015394662,-1386726.1091448492,0,background
4133,meghalaya,6702821.970653295,-1222294.546571126,0,background
4134,meghalaya,6713528.838660705,-1183052.5151989642,0,background
4135,meghalaya,6654032.992846726,-1475385.4295351028,0,background
4136,meghalaya,6708803.131774934,-1275149.8921842163,0,background
4137,meghalaya,6695822.580907777,-1260578.1508679243,0,background
4138,meghalaya,6634529.393403869,-1374821.9566202194,0,background
4139,meghalaya,6691397.044260786,-1322574.1371531934,0,background
4140,meghalaya,6656398.531123044,-1336794.9675283679,0,background
4141,meghalaya,6683398.764483245,-1207662.6573192438,0,background
4142,meghalaya,6668190.569696986,-1439914.305219169,0,background
4143,meghalaya,6690437.635594977,-1292062.7610859463,0,background
4144,meghalaya,6671617.140023966,-1258938.245835895,0,background
4145,meghalaya,6706770.67711982,-1219658.275903942,0,background
4146,meghalaya,6665396.512015689,-1217145.2900392215,0,background
4147,meghalaya,6714296.5995281525,-1213084.6629064986,0,background
4148,meghalaya,6672368.159147611,-1375389.4790663978,0,background
4149,meghalaya,6700794.035736294,-1230682.5798786522,0,background
4150,meghalaya,6677529.584278874,-1243922.872459132,0,background
4151,meghalaya,6698202.709488201,-1238538.5240490045,0,background
4152,meghalaya,6697034.688022843,-1294835.1893888211,0,background
4153,meghalaya,6629703.157257708,-1451919.0276610204,0,background
4154,meghalaya,6697985.045815956,-1200731.282553801,0,background
4155,meghalaya,6699060.021957766,-1194519.304544518,0,background
4156,meghalaya,6676925.89730527,-1201178.066436724,0,background
4157,meghalaya,6635427.1738738995,-1401737.2223539485,0,background
4158,meghalaya,6668098.861125383,-1194655.2559931553,0,background
4159,meghalaya,6652811.062942712,-1268451.1100918737,0,background
4160,meghalaya,6684008.421738324,-1183767.991285521,0,background
4161,meghalaya,6701435.718835938,-1227041.2560636597,0,background
4162,meghalaya,6709659.785313253,-1223389.1776291544,0,background
4163,meghalaya,6704959.27045859,-1250313.3997157463,0,background
4164,meghalaya,6610679.743248662,-1426952.7279827662,0,background
4165,meghalaya,6675372.514585021,-1237918.5893642001,0,background
4166,meghalaya,6607484.734127094,-1430257.0164466323,0,background
4167,meghalaya,6682454.407458777,-1244676.4627340324,0,background
4168,meghalaya,6677926.099511035,-1209787.025212994,0,background
4169,meghalaya,6660130.72914056,-1247334.0387407953,0,background
4170,meghalaya,6653602.354946026,-1264532.3685703569,0,background
4171,meghalaya,6720027.286226393,-1187563.157663903,0,background
4172,meghalaya,6685624.37558289,-1169108.8890521552,0,background
4173,meghalaya,6693694.055214254,-1230710.6723136436,0,background
4174,meghalaya,6651620.608113265,-1274943.9191020878,0,background
4175,meghalaya,6690714.741546983,-1336708.966012079,0,background
4176,meghalaya,6685517.34293944,-1268109.5847088753,0,background
4177,meghalaya,6679447.438649871,-1289443.3059410686,0,background
4178,meghalaya,6691791.940882474,-1298592.0005373384,0,background
4179,meghalaya,6704485.098859633,-1218948.0504277719,0,background
4180,meghalaya,6655159.510365924,-1340844.880870721,0,background
4181,meghalaya,6676163.171065513,-1457563.1073722057,0,background
4182,meghalaya,6678652.427653886,-1307832.631858554,0,background
4183,meghalaya,6680375.679138281,-1481661.4179701682,0,background
4184,meghalaya,6714340.267713257,-1204021.00118205,0,background
4185,meghalaya,6714731.332718828,-1210287.7825977106,0,background
4186,meghalaya,6706227.567289197,-1171122.067621438,0,background
4187,meghalaya,6653155.402351829,-1481473.8249204655,0,background
4188,meghalaya,6618138.708638173,-1417517.198957315,0,background
4189,meghalaya,6711792.092714204,-1240250.469526859,0,background
4190,meghalaya,6727447.4149039425,-1218267.1673758146,0,background
4191,meghalaya,6665925.279247188,-1443104.094683766,0,background
4192,meghalaya,6666316.087680424,-1252594.2058224229,0,background
4193,meghalaya,6639996.802236746,-1446554.0547312875,0,background
4194,meghalaya,6725045.305529035,-1187932.103608723,0,background
4195,meghalaya,6682895.574087911,-1234831.0503739556,0,background
4196,meghalaya,6648925.856796539,-1351363.3351597623,0,background
4197,meghalaya,6631249.117958248,-1409534.3304178317,0,background
4198,meghalaya,6663084.1355202645,-1347965.912301753,0,background
4199,meghalaya,6658616.404948741,-1341273.7756229946,0,background
4200,meghalaya,6654664.746193545,-1242900.08739865,0,background
4201,meghalaya,6652436.161264375,-1450658.7654879333,0,background
4202,meghalaya,6653954.602361768,-1231745.4633263831,0,background
4203,meghalaya,6670273.535704368,-1222886.160746053,0,background
4204,meghalaya,6687883.077838294,-1175950.6807891596,0,background
4205,meghalaya,6689191.1388215255,-1297976.279868064,0,background
4206,meghalaya,6714578.982683426,-1180946.6480180805,0,background
4207,meghalaya,6682324.79010504,-1264933.568892785,0,background
4208,meghalaya,6637832.148936705,-1356775.7577597557,0,background
4209,meghalaya,6678944.33488172,-1454390.7207534355,0,background
4210,meghalaya,6676813.246026286,-1248331.807052824,0,background
4211,meghalaya,6706280.954868171,-1195867.9999220492,0,background
4212,meghalaya,6656304.953859419,-1279827.3385576662,0,background
4213,meghalaya,6717571.086734184,-1198934.7491042013,0,background
4214,meghalaya,6642617.215912448,-1339337.4821986698,0,background
4215,meghalaya,6659091.141320163,-1303338.5707747934,0,background
4216,meghalaya,6675424.749084667,-1224935.1663291208,0,background
4217,meghalaya,6716243.742558831,-1282090.9353996771,0,background
4218,meghalaya,6675593.181680172,-1450997.6806628213,0,background
4219,meghalaya,6726723.516538919,-1225716.3407445832,0,background
4220,meghalaya,6662054.324155255,-1269896.0846536518,0,background
4221,meghalaya,6664443.73661162,-1225034.4718651737,0,background
4222,meghalaya,6650321.065683713,-1388841.1154570424,0,background
4223,meghalaya,6665032.028561642,-1348445.58463979,0,background
4224,meghalaya,6653034.03136681,-1224013.9160529561,0,background
4225,meghalaya,6689851.376507202,-1185622.2993035489,0,background
4226,meghalaya,6655880.576664987,-1345341.8319378763,0,background
4227,meghalaya,6637129.383653242,-1380948.8557785857,0,background
4228,meghalaya,6720662.685489851,-1202205.1420049958,0,background
4229,meghalaya,6683890.322346334,-1191663.4230627003,0,background
4230,meghalaya,6671080.412321759,-1248844.3423920174,0,background
4231,meghalaya,6658428.500189238,-1274976.5295655387,0,background
4232,meghalaya,6707149.997192278,-1256130.9105722553,0,background
4233,meghalaya,6665264.367191271,-1216836.3613842863,0,background
4234,meghalaya,6704807.3273612065,-1277188.4679574326,0,background
4235,meghalaya,6686854.311421973,-1300742.4795058698,0,background
4236,meghalaya,6716191.846138352,-1247141.3199262212,0,background
4237,meghalaya,6654078.903194521,-1481814.012701125,0,background
4238,meghalaya,6634481.345591338,-1454311.1928719378,0,background
4239,meghalaya,6704834.241657129,-1220967.0372663727,0,background
4240,meghalaya,6720182.168528271,-1226216.575819371,0,background
4241,meghalaya,6660107.750759859,-1339436.5601882597,0,background
4242,meghalaya,6638708.840175888,-1459111.5106832618,0,background
4243,meghalaya,6653932.086180944,-1499054.8008173557,0,background
4244,meghalaya,6715911.989812353,-1202238.4917645403,0,background
4245,meghalaya,6634011.484844347,-1407503.1924093084,0,background
4246,meghalaya,6635307.952678329,-1367755.1264266667,0,background
4247,meghalaya,6707346.004288443,-1276738.5141351586,0,background
4248,meghalaya,6707135.101924177,-1276491.593760357,0,background
4249,meghalaya,6703378.712186736,-1170446.86853085,0,background
4250,meghalaya,6676802.903836213,-1281256.884297067,0,background
4251,meghalaya,6690493.740215204,-1185383.9799357574,0,background
4252,meghalaya,6674143.446518412,-1224136.0704152936,0,background
4253,meghalaya,6727756.418686883,-1200904.2451792345,0,background
4254,meghalaya,6631590.848150612,-1408625.6459229891,0,background
4255,meghalaya,6709907.7983257,-1276231.258733962,0,background
4256,meghalaya,6679920.858017383,-1303980.0687560777,0,background
4257,meghalaya,6639662.115669061,-1361564.265566347,0,background
4258,meghalaya,6697628.316901195,-1293142.176060245,0,background
4259,meghalaya,6676688.9967765,-1200740.0664086738,0,background
4260,meghalaya,6670363.922009468,-1408874.5719259884,0,background
4261,meghalaya,6716474.748901676,-1267866.606485596,0,background
4262,meghalaya,6688927.990215572,-1234971.7581961749,0,background
4263,meghalaya,6674191.149606074,-1279293.1211573794,0,background
4264,meghalaya,6685658.715313587,-1190974.21014629,0,background
4265,meghalaya,6655176.736636656,-1475083.475019799,0,background
4266,meghalaya,6701656.636269087,-1257022.4136179625,0,background
4267,meghalaya,6649587.362316513,-1262879.9128941034,0,background
4268,meghalaya,6675318.905481258,-1177296.574896211,0,background
4269,meghalaya,6705673.922338522,-1307998.6967949022,0,background
4270,meghalaya,6713103.153942284,-1248469.8492328387,0,background
4271,meghalaya,6672320.602774528,-1307005.3924789932,0,background
4272,meghalaya,6706608.171803165,-1288804.0087413099,0,background
4273,meghalaya,6667000.241047359,-1496647.1698221008,0,background
4274,meghalaya,6705360.269938046,-1198107.676782914,0,background
4275,meghalaya,6674177.149897116,-1266505.0908723748,0,background
4276,meghalaya,6654427.485972143,-1275595.381833996,0,background
4277,meghalaya,6661593.536544102,-1247500.1108982763,0,background
4278,meghalaya,6660098.694071132,-1281163.6954666034,0,background
4279,meghalaya,6721425.4507401595,-1227465.3072357622,0,background
4280,meghalaya,6664451.83091277,-1458350.5361879426,0,background
4281,meghalaya,6653911.40333921,-1466929.3796858448,0,background
4282,meghalaya,6676701.350340249,-1207179.442463827,0,background
4283,meghalaya,6677887.641821233,-1247890.6214347908,0,background
4284,meghalaya,6702105.532348752,-1222260.6233744363,0,background
4285,meghalaya,6722659.3009132035,-1228876.61186243,0,background
4286,meghalaya,6632330.77692341,-1377547.2630664625,0,background
4287,meghalaya,6707379.9760793,-1225107.184889402,0,background
4288,meghalaya,6673958.450483691,-1232325.0066189447,0,background
4289,meghalaya,6679356.504464877,-1237685.9850721818,0,background
4290,meghalaya,6670109.381062487,-1244906.9387076227,0,background
4291,meghalaya,6628409.357003337,-1454189.9984185845,0,background
4292,meghalaya,6675352.550981272,-1311083.4599422375,0,background
4293,meghalaya,6674350.503674547,-1205045.7553111932,0,background
4294,meghalaya,6709326.870083838,-1181361.7007971823,0,background
4295,meghalaya,6615211.757478337,-1407738.4113164481,0,background
4296,meghalaya,6640237.663948141,-1485785.6948992657,0,background
4297,meghalaya,6707906.783697999,-1206344.7607119016,0,background
4298,meghalaya,6704651.758810095,-1220880.499046665,0,background
4299,meghalaya,6654435.327918359,-1275667.4954423993,0,background
4300,meghalaya,6713932.630461815,-1180210.4954270697,0,background
4301,meghalaya,6676530.562293044,-1304140.8488251923,0,background
4302,meghalaya,6663753.4701607805,-1454855.4799250765,0,background
4303,meghalaya,6675091.050555519,-1239147.6707098237,0,background
4304,meghalaya,6680776.875369541,-1254900.7416817863,0,background
4305,meghalaya,6682692.941110015,-1479271.0929342029,0,background
4306,meghalaya,6676718.01719088,-1210752.120473152,0,background
4307,meghalaya,6679157.470482337,-1200644.498707168,0,background
4308,meghalaya,6658578.037994604,-1228707.1657829792,0,background
4309,meghalaya,6718046.745103891,-1249729.1126445462,0,background
4310,meghalaya,6669454.385760208,-1451239.7653747762,0,background
4311,meghalaya,6640567.825664829,-1436540.2969252001,0,background
4312,meghalaya,6688747.399021545,-1336813.9646184638,0,background
4313,meghalaya,6631513.551094863,-1367971.7351437288,0,background
4314,meghalaya,6685143.777587589,-1170697.4917734046,0,background
4315,meghalaya,6699938.863907753,-1238562.6009184385,0,background
4316,meghalaya,6716072.586228892,-1249234.4289950526,0,background
4317,meghalaya,6713426.627580874,-1229172.4866886053,0,background
4318,meghalaya,6689688.2422344815,-1181691.7792044168,0,background
4319,meghalaya,6668530.789659711,-1286032.1975086255,0,background
4320,meghalaya,6711695.523190926,-1231414.1894921048,0,background
4321,meghalaya,6705609.013460089,-1249044.0074286407,0,background
4322,meghalaya,6673247.658649313,-1219545.153765226,0,background
4323,meghalaya,6654081.104278289,-1240788.7287247647,0,background
4324,meghalaya,6649660.707548937,-1382455.4873039692,0,background
4325,meghalaya,6614741.357413121,-1423997.717626785,0,background
4326,meghalaya,6662066.580653786,-1365082.7055342887,0,background
4327,meghalaya,6709537.7475076895,-1192158.1114878983,0,background
4328,meghalaya,6712263.629405575,-1210828.5366326068,0,background
4329,meghalaya,6717094.190412647,-1205787.8150252092,0,background
4330,meghalaya,6646334.42521783,-1339289.5868536457,0,background
4331,meghalaya,6672721.243366502,-1224841.3407822377,0,background
4332,meghalaya,6668679.661668677,-1506530.4837691004,0,background
4333,meghalaya,6720723.142769119,-1242902.2887901356,0,background
4334,meghalaya,6706553.714790418,-1194179.8754757002,0,background
4335,meghalaya,6654105.571493287,-1379695.2376803858,0,background
4336,meghalaya,6696692.178574114,-1233490.3610988527,0,background
4337,meghalaya,6656590.265184728,-1379587.4296579221,0,background
4338,meghalaya,6723040.6672392795,-1177987.5941511372,0,background
4339,meghalaya,6705156.506776257,-1293106.1709290121,0,background
4340,meghalaya,6705908.9216161175,-1303204.3117317248,0,background
4341,meghalaya,6634932.923234264,-1442573.6127032405,0,background
4342,meghalaya,6642375.482638095,-1459838.7998182501,0,background
4343,meghalaya,6665244.638905759,-1509034.1633795726,0,background
4344,meghalaya,6672973.010895324,-1252620.471724088,0,background
4345,meghalaya,6673873.096149958,-1202798.8505249594,0,background
4346,meghalaya,6718805.416591418,-1251805.031489364,0,background
4347,meghalaya,6648978.8193023065,-1340652.1771921997,0,background
4348,meghalaya,6675713.89684609,-1194059.1369346005,0,background
4349,meghalaya,6705591.848791697,-1245436.0269474771,0,background
4350,meghalaya,6721485.534792339,-1234363.7933337819,0,background
4351,meghalaya,6696957.683668451,-1293881.1711058794,0,background
4352,meghalaya,6709680.491378075,-1230472.4796288197,0,background
4353,meghalaya,6708949.700186061,-1279901.5534623498,0,background
4354,meghalaya,6679564.230147,-1257309.2418579245,0,background
4355,meghalaya,6700417.201392296,-1256216.6264175696,0,background
4356,meghalaya,6676280.793405949,-1171098.6287036773,0,background
4357,meghalaya,6709989.048302378,-1240337.9192999294,0,background
4358,meghalaya,6683879.125380444,-1324511.478288307,0,background
4359,meghalaya,6659282.132932193,-1278640.7008556903,0,background
4360,meghalaya,6670624.458137544,-1186871.8156803583,0,background
4361,meghalaya,6612214.646419589,-1420884.0945655745,0,background
4362,meghalaya,6652434.424316882,-1453182.9961087864,0,background
4363,meghalaya,6678514.23909302,-1245422.9639123,0,background
4364,meghalaya,6679837.080879569,-1293822.187761923,0,background
4365,meghalaya,6639764.407311835,-1358547.184130493,0,background
4366,meghalaya,6719228.283553799,-1185929.685464102,0,background
4367,meghalaya,6647093.204945898,-1345630.2021095345,0,background
4368,meghalaya,6696839.1190127665,-1318422.165627086,0,background
4369,meghalaya,6658513.586173243,-1342587.105753528,0,background
4370,meghalaya,6667834.56894849,-1443176.692467239,0,background
4371,meghalaya,6724595.972501732,-1243894.6711077553,0,background
4372,meghalaya,6712144.957801871,-1172958.8124936845,0,background
4373,meghalaya,6665462.903653305,-1491541.5721683407,0,background
4374,meghalaya,6680808.258535998,-1192925.323668062,0,background
4375,meghalaya,6720448.932749929,-1272997.7105492458,0,background
4376,meghalaya,6716349.849866028,-1285001.022845585,0,background
4377,meghalaya,6630542.189900425,-1403178.7832430426,0,background
4378,meghalaya,6699267.296027037,-1194310.8290517514,0,background
4379,meghalaya,6721527.619640568,-1249184.0912345226,0,background
4380,meghalaya,6650424.919543524,-1275262.6866872685,0,background
4381,meghalaya,6720059.761658261,-1244340.7758544702,0,background
4382,meghalaya,6640503.9797611125,-1376150.088609666,0,background
4383,meghalaya,6659175.6678061895,-1231607.9718970102,0,background
4384,meghalaya,6679263.619408463,-1458242.2565619315,0,background
4385,meghalaya,6657306.071344525,-1279403.5571518927,0,background
4386,meghalaya,6656247.62866602,-1266728.4444219198,0,background
4387,meghalaya,6687080.280021453,-1269997.5813385444,0,background
4388,meghalaya,6677327.390052772,-1261093.315322912,0,background
4389,meghalaya,6712058.242310842,-1233014.807146821,0,background
4390,meghalaya,6664838.60618247,-1210300.75391667,0,background
4391,meghalaya,6673347.020453302,-1487173.5494892467,0,background
4392,meghalaya,6663466.4420619095,-1409737.942803476,0,background
4393,meghalaya,6715618.508188737,-1245535.2754052645,0,background
4394,meghalaya,6653599.666366221,-1344858.2315883164,0,background
4395,meghalaya,6715695.89604375,-1201771.894893502,0,background
4396,meghalaya,6724077.303390878,-1188007.4812554326,0,background
4397,meghalaya,6676893.302229979,-1491980.1268778278,0,background
4398,meghalaya,6721942.597970029,-1174184.552266892,0,background
4399,meghalaya,6722393.154347073,-1228525.0207797622,0,background
4400,meghalaya,6667025.226533992,-1213662.2613116077,0,background
4401,meghalaya,6691217.4607924735,-1321569.4027288884,0,background
4402,meghalaya,6703402.868650445,-1342351.808431372,0,background
4403,meghalaya,6667784.307907378,-1432918.769270529,0,background
4404,meghalaya,6668595.185053069,-1285135.3885244655,0,background
4405,meghalaya,6677454.802987295,-1208550.7005608024,0,background
4406,meghalaya,6651487.852674453,-1260831.0507411333,0,background
4407,meghalaya,6653240.306808075,-1493957.4118376665,0,background
4408,meghalaya,6644547.695260351,-1387915.8598358363,0,background
4409,meghalaya,6645175.192659847,-1339964.9288417709,0,background
4410,meghalaya,6653809.90079142,-1383312.1462422274,0,background
4411,meghalaya,6723167.84923369,-1170733.9200112473,0,background
4412,meghalaya,6711314.732602566,-1240013.890218481,0,background
4413,meghalaya,6656057.060831796,-1507716.2174367562,0,background
4414,meghalaya,6646779.872858658,-1345746.6718797572,0,background
4415,meghalaya,6628077.735778076,-1402989.2851406005,0,background
4416,meghalaya,6692773.844128695,-1208647.4515364037,0,background
4417,meghalaya,6700173.3555893535,-1229475.4323559825,0,background
4418,meghalaya,6676747.091462201,-1220283.312074673,0,background
4419,meghalaya,6662107.778780334,-1285794.3257201386,0,background
4420,meghalaya,6641720.700799161,-1359489.224867222,0,background
4421,meghalaya,6663202.438944498,-1327007.047900463,0,background
4422,meghalaya,6685630.167465408,-1473940.814979451,0,background
4423,meghalaya,6707606.9733412145,-1208543.7403857433,0,background
4424,meghalaya,6680809.864317163,-1182403.4021871968,0,background
4425,meghalaya,6640056.767929803,-1419264.0047947126,0,background
4426,meghalaya,6725600.512843897,-1219567.3309908258,0,background
4427,meghalaya,6659741.56791718,-1193267.745034028,0,background
4428,meghalaya,6663419.456681297,-1362319.9400011017,0,background
4429,meghalaya,6684588.116516115,-1187432.9723361537,0,background
4430,meghalaya,6715314.335883516,-1207952.385573004,0,background
4431,meghalaya,6699222.36977089,-1225100.2405458142,0,background
4432,meghalaya,6677372.28927677,-1247363.1892119427,0,background
4433,meghalaya,6677165.712576503,-1293030.7085490038,0,background
4434,meghalaya,6688788.938145688,-1252579.3278844065,0,background
4435,meghalaya,6711348.832553835,-1275409.6238545082,0,background
4436,meghalaya,6683020.8409269545,-1175518.3065960119,0,background
4437,meghalaya,6676919.7115915865,-1227769.4301105211,0,background
4438,meghalaya,6708378.663770211,-1265968.5869829126,0,background
4439,meghalaya,6655600.507978247,-1354972.1861281754,0,background
4440,meghalaya,6717301.68265127,-1282254.016497796,0,background
4441,meghalaya,6671816.334500902,-1282512.6669119406,0,background
4442,meghalaya,6675780.551374258,-1200534.5350409,0,background
4443,meghalaya,6643900.272030056,-1358530.3703632788,0,background
4444,meghalaya,6720893.052739478,-1245451.7030680885,0,background
4445,meghalaya,6613993.403010118,-1422999.1037596904,0,background
4446,meghalaya,6655566.732130495,-1283746.646998473,0,background
4447,meghalaya,6718387.892284943,-1174571.4479356364,0,background
4448,meghalaya,6616590.852863816,-1379255.3972220724,0,background
4449,meghalaya,6666829.658242929,-1187360.4991510483,0,background
4450,meghalaya,6660572.752571988,-1217278.0030250081,0,background
4451,meghalaya,6658872.5618327735,-1226651.8420650184,0,background
4452,meghalaya,6678969.182912885,-1233507.7357365834,0,background
4453,meghalaya,6683226.493086997,-1300472.0883166303,0,background
4454,meghalaya,6711987.297946453,-1214267.3842563333,0,background
4455,meghalaya,6660179.928350495,-1260812.2313795306,0,background
4456,meghalaya,6678109.99640355,-1227667.9713784028,0,background
4457,meghalaya,6634839.072455098,-1437666.8770632297,0,background
4458,meghalaya,6707822.733734882,-1292200.8102364445,0,background
4459,meghalaya,6688055.367006262,-1208888.1677284604,0,background
4460,meghalaya,6665493.822012278,-1343742.6177318043,0,background
4461,meghalaya,6661217.853451271,-1231964.2813299545,0,background
4462,meghalaya,6677839.854626577,-1260592.2181779272,0,background
4463,meghalaya,6635958.411742041,-1349406.6691639533,0,background
4464,meghalaya,6671297.101326898,-1179167.8170361684,0,background
4465,meghalaya,6672513.2704268545,-1290975.8036652103,0,background
4466,meghalaya,6651952.616548769,-1466038.1100460938,0,background
4467,meghalaya,6682357.331899198,-1476578.3411952618,0,background
4468,meghalaya,6657255.499230908,-1263477.8697652633,0,background
4469,meghalaya,6688566.117713189,-1240329.9255247265,0,background
4470,meghalaya,6715515.7290690355,-1296917.9344169213,0,background
4471,meghalaya,6634544.365487995,-1367816.7247093574,0,background
4472,meghalaya,6707269.136613767,-1273996.0063290945,0,background
4473,meghalaya,6681537.547587503,-1235706.6214257495,0,background
4474,meghalaya,6705484.625114917,-1242801.5949457323,0,background
4475,meghalaya,6707280.817778188,-1184665.7290496675,0,background
4476,meghalaya,6710307.092978011,-1230464.8460848148,0,background
4477,meghalaya,6706926.814993751,-1278982.4425982418,0,background
4478,meghalaya,6699851.538052816,-1335711.5866563187,0,background
4479,meghalaya,6681146.988174295,-1207011.58315162,0,background
4480,meghalaya,6706331.917064389,-1230961.887700163,0,background
4481,meghalaya,6649522.294672881,-1293906.452498955,0,background
4482,meghalaya,6625506.005309058,-1362094.341007935,0,background
4483,meghalaya,6667985.698998614,-1474259.9027678333,0,background
4484,meghalaya,6720891.389054068,-1227150.9559272595,0,background
4485,meghalaya,6666366.97771283,-1215445.103636392,0,background
4486,meghalaya,6666038.460807649,-1346629.5082086013,0,background
4487,meghalaya,6708069.033163151,-1215939.4852441915,0,background
4488,meghalaya,6646812.961903948,-1341546.5984250968,0,background
4489,meghalaya,6637484.994001943,-1379592.5541614853,0,background
4490,meghalaya,6672745.08711396,-1189270.0083263833,0,background
4491,meghalaya,6702505.804402902,-1231456.8368710317,0,background
4492,meghalaya,6640738.878420151,-1458409.1140968911,0,background
4493,meghalaya,6704363.910153871,-1288933.575574194,0,background
4494,meghalaya,6650211.112259194,-1348556.6280223543,0,background
4495,meghalaya,6672178.2382712355,-1309024.6762349217,0,background
4496,meghalaya,6694706.608468648,-1251997.56920673,0,background
4497,meghalaya,6642768.975355726,-1457181.3756744226,0,background
4498,meghalaya,6684799.787842198,-1268006.4601500658,0,background
4499,meghalaya,6721053.5584996,-1238264.6174954453,0,background
4500,meghalaya,6655238.145585874,-1265967.6016861834,0,background
4501,meghalaya,6685716.173248549,-1190401.604769183,0,background
4502,meghalaya,6704529.3375417795,-1241717.8646392978,0,background
4503,meghalaya,6650812.125912771,-1457660.0785488014,0,background
4504,meghalaya,6624343.391700614,-1380985.3851894466,0,background
4505,meghalaya,6692725.584757493,-1232788.6168404133,0,background
4506,meghalaya,6685773.91278787,-1286559.3143923744,0,background
4507,meghalaya,6715700.761479852,-1208954.4470225326,0,background
4508,meghalaya,6696820.165052153,-1321451.245770719,0,background
4509,meghalaya,6680359.592545664,-1247265.473628871,0,background
4510,meghalaya,6687344.5070780795,-1295145.8732298568,0,background
4511,meghalaya,6667338.162513678,-1217419.9779442942,0,background
4512,meghalaya,6673309.444293674,-1488263.9568774425,0,background
4513,meghalaya,6674938.80133872,-1222882.9234282295,0,background
4514,meghalaya,6693510.396861163,-1245431.5214303578,0,background
4515,meghalaya,6658878.584357613,-1208640.1114669698,0,background
4516,meghalaya,6653627.478673886,-1461364.906113612,0,background
4517,meghalaya,6714135.529447579,-1208509.3780166823,0,background
4518,meghalaya,6660175.148184603,-1238202.5847677665,0,background
4519,meghalaya,6701421.467501059,-1341970.523597449,0,background
4520,meghalaya,6650909.236808668,-1379996.2544031092,0,background
4521,meghalaya,6676726.579310275,-1258906.5528178432,0,background
4522,meghalaya,6668400.189101813,-1295661.6949227273,0,background
4523,meghalaya,6707155.601472215,-1284203.1134530792,0,background
4524,meghalaya,6724859.850961663,-1190146.8372334566,0,background
4525,meghalaya,6662088.257119893,-1322696.9644768995,0,background
4526,meghalaya,6688589.506067975,-1181694.2091734873,0,background
4527,meghalaya,6677336.576899939,-1352359.6874713125,0,background
4528,meghalaya,6625925.556299583,-1386766.3689979254,0,background
4529,meghalaya,6647344.735994696,-1279656.9928885347,0,background
4530,meghalaya,6717944.151045134,-1185003.994105524,0,background
4531,meghalaya,6707536.15637629,-1252710.2055149695,0,background
4532,meghalaya,6715191.828389706,-1173729.2156867827,0,background
4533,meghalaya,6697081.784156311,-1316875.3713539655,0,background
4534,meghalaya,6691024.392541342,-1249624.2135185665,0,background
4535,meghalaya,6714281.997677696,-1272616.0494589095,0,background
4536,meghalaya,6667859.67989453,-1245519.768490889,0,background
4537,meghalaya,6669099.411179916,-1203790.097648528,0,background
4538,meghalaya,6674875.973797063,-1241085.9855175526,0,background
4539,meghalaya,6608303.5539535275,-1417412.8311712157,0,background
4540,meghalaya,6673589.47694167,-1488969.7828265773,0,background
4541,meghalaya,6707079.238296757,-1281770.4133560678,0,background
4542,meghalaya,6666163.698124885,-1443217.7524014271,0,background
4543,meghalaya,6632498.961345036,-1367925.103380255,0,background
4544,meghalaya,6718304.782200213,-1242194.331529155,0,background
4545,meghalaya,6704026.346487649,-1216383.6885845112,0,background
4546,meghalaya,6714999.385390518,-1277808.216762014,0,background
4547,meghalaya,6660102.728489098,-1460789.3943172067,0,background
4548,meghalaya,6693437.431004225,-1245843.4210442146,0,background
4549,meghalaya,6723230.447266095,-1247960.7203181249,0,background
4550,meghalaya,6645518.572848072,-1427421.5778465613,0,background
4551,meghalaya,6657418.633989159,-1376415.237856472,0,background
4552,meghalaya,6721597.893613136,-1203764.4323794208,0,background
4553,meghalaya,6656194.9938348625,-1277864.4348620547,0,background
4554,meghalaya,6642828.848404172,-1352884.9607333483,0,background
4555,meghalaya,6677268.176611579,-1190151.8568088429,0,background
4556,meghalaya,6610186.383871735,-1424750.884286487,0,background
4557,meghalaya,6655710.586349792,-1471668.0465820893,0,background
4558,meghalaya,6690960.118579865,-1229519.3148381433,0,background
4559,meghalaya,6691778.198543823,-1317356.816672489,0,background
4560,meghalaya,6670265.744103673,-1279045.8648425564,0,background
4561,meghalaya,6647299.327533811,-1288245.993558566,0,background
4562,meghalaya,6677979.415976589,-1194994.0885931351,0,background
4563,meghalaya,6703417.645946585,-1247464.460271464,0,background
4564,meghalaya,6715981.719713867,-1197877.0264876992,0,background
4565,meghalaya,6711395.638048604,-1272091.8378448607,0,background
4566,meghalaya,6627655.486821331,-1399369.0397986397,0,background
4567,meghalaya,6698823.054370247,-1199650.4147176214,0,background
4568,meghalaya,6648986.194402791,-1381228.032758959,0,background
4569,meghalaya,6704534.457012242,-1275116.0653195437,0,background
4570,meghalaya,6649456.165884447,-1280407.1851186764,0,background
4571,meghalaya,6642964.841419859,-1379032.177494254,0,background
4572,meghalaya,6672776.9195121825,-1186956.6826531512,0,background
4573,meghalaya,6716845.008604548,-1280544.577074492,0,background
4574,meghalaya,6707060.547636756,-1264008.39660104,0,background
4575,meghalaya,6656785.962199064,-1212368.254033171,0,background
4576,meghalaya,6658331.452022994,-1222634.2311472862,0,background
4577,meghalaya,6633225.175748908,-1350906.9411583676,0,background
4578,meghalaya,6675001.419296075,-1455020.5155534104,0,background
4579,meghalaya,6676127.240534803,-1219398.3063454179,0,background
4580,meghalaya,6640801.852132153,-1453947.0723993075,0,background
4581,meghalaya,6717150.512449456,-1234745.5585601996,0,background
4582,meghalaya,6641056.659122967,-1361296.218857854,0,background
4583,meghalaya,6661499.119483508,-1254283.9066799292,0,background
4584,meghalaya,6713335.391482434,-1256917.463131759,0,background
4585,meghalaya,6673448.894764778,-1214616.4195094595,0,background
4586,meghalaya,6670529.625837744,-1476962.3675407965,0,background
4587,meghalaya,6658165.264301209,-1253349.586190044,0,background
4588,meghalaya,6724533.983434521,-1171156.4405267679,0,background
4589,meghalaya,6655542.61286734,-1275445.4309648366,0,background
4590,meghalaya,6701837.461044771,-1194455.9894113617,0,background
4591,meghalaya,6683702.714733799,-1194045.8121205177,0,background
4592,meghalaya,6647572.972186034,-1294999.8935522886,0,background
4593,meghalaya,6659193.775956694,-1212753.069844876,0,background
4594,meghalaya,6720346.167887416,-1182329.1241088146,0,background
4595,meghalaya,6612155.652628647,-1419626.9799115965,0,background
4596,meghalaya,6665146.956441094,-1214299.5330529904,0,background
4597,meghalaya,6684225.645829715,-1267783.7192396706,0,background
4598,meghalaya,6621556.026524866,-1362244.0398217787,0,background
4599,meghalaya,6712400.989279134,-1228077.3378950804,0,background
4600,meghalaya,6633848.716030521,-1463555.12937088,0,background
4601,meghalaya,6664003.645831645,-1248729.558659104,0,background
4602,meghalaya,6689043.591337694,-1322622.724645418,0,background
4603,meghalaya,6684714.115257864,-1178665.9453183413,0,background
4604,meghalaya,6650274.536560104,-1217414.3052420483,0,background
4605,meghalaya,6663639.862160477,-1280891.9672955205,0,background
4606,meghalaya,6707574.873034206,-1250143.1833664076,0,background
4607,meghalaya,6708439.996883104,-1185248.3677345333,0,background
4608,meghalaya,6677040.359412686,-1187449.629538462,0,background
4609,meghalaya,6700050.785697917,-1221356.6973869358,0,background
4610,meghalaya,6677905.356835862,-1306930.5996637533,0,background
4611,meghalaya,6687361.039293249,-1323694.1967707141,0,background
4612,meghalaya,6670583.51093296,-1204969.424140786,0,background
4613,meghalaya,6665236.848374722,-1186974.5599769873,0,background
4614,meghalaya,6717773.957583843,-1197522.9794990837,0,background
4615,meghalaya,6669719.267935889,-1182289.2904879712,0,background
4616,meghalaya,6701496.081824107,-1275096.5533180512,0,background
4617,meghalaya,6666930.869414396,-1499185.463101453,0,background
4618,meghalaya,6628220.367757137,-1457161.627704374,0,background
4619,meghalaya,6696547.775634498,-1317064.5222788425,0,background
4620,meghalaya,6681182.126417473,-1176811.116805364,0,background
4621,meghalaya,6613957.291468818,-1419919.4421609612,0,background
4622,meghalaya,6639935.358339149,-1486578.5417780082,0,background
4623,meghalaya,6662416.000040471,-1412599.9034012947,0,background
4624,meghalaya,6682763.973921808,-1208942.689133713,0,background
4625,meghalaya,6715239.105867167,-1175646.3418788465,0,background
4626,meghalaya,6656272.40213845,-1256691.2571739198,0,background
4627,meghalaya,6691751.753369358,-1291786.4005198998,0,background
4628,meghalaya,6662094.225238165,-1211420.444831263,0,background
4629,meghalaya,6700599.063191255,-1239192.5113693452,0,background
4630,meghalaya,6722262.416235937,-1186077.3981461513,0,background
4631,meghalaya,6622388.008060982,-1382496.7848390322,0,background
4632,meghalaya,6680967.29526987,-1459737.4688935492,0,background
4633,meghalaya,6693645.1084141955,-1313913.713720892,0,background
4634,meghalaya,6717949.932199753,-1184243.4560801794,0,background
4635,meghalaya,6725306.9837877825,-1199101.274364617,0,background
4636,meghalaya,6660143.0241655465,-1507896.5431629773,0,background
4637,meghalaya,6672628.608044726,-1495081.8109716317,0,background
4638,meghalaya,6712603.858718856,-1297381.2797312099,0,background
4639,meghalaya,6659116.35575019,-1280392.7997397645,0,background
4640,meghalaya,6717129.024908611,-1225476.6239725691,0,background
4641,meghalaya,6711861.949532833,-1278076.2052652987,0,background
4642,meghalaya,6718206.557903779,-1213634.8786182874,0,background
4643,meghalaya,6660399.693626896,-1260008.653606356,0,background
4644,meghalaya,6649390.384117596,-1342112.7598284439,0,background
4645,meghalaya,6680273.180063077,-1246757.217182287,0,background
4646,meghalaya,6667731.055135642,-1438691.5493289311,0,background
4647,meghalaya,6709363.622814847,-1180506.1045834452,0,background
4648,meghalaya,6665688.483448581,-1455879.5742084263,0,background
4649,meghalaya,6669505.501822705,-1182681.3640118563,0,background
4650,meghalaya,6634511.480760491,-1388321.7561457066,0,background
4651,meghalaya,6671366.199963406,-1283065.2188239824,0,background
4652,meghalaya,6665916.693002123,-1269250.4177650253,0,background
4653,meghalaya,6722073.91208037,-1167780.243671183,0,background
4654,meghalaya,6661552.063312054,-1265544.5274925118,0,background
4655,meghalaya,6651631.034977372,-1343759.551969865,0,background
4656,meghalaya,6680046.818202348,-1476456.285897705,0,background
4657,meghalaya,6655483.364872617,-1311591.7851520758,0,background
4658,meghalaya,6632390.015588652,-1384381.501502803,0,background
4659,meghalaya,6660671.435049615,-1363264.5749579887,0,background
4660,meghalaya,6628083.255869961,-1404897.7382730413,0,background
4661,meghalaya,6656868.099898752,-1375050.7961884772,0,background
4662,meghalaya,6650954.510915236,-1347579.4917691874,0,background
4663,meghalaya,6662321.745797643,-1411359.8949812283,0,background
4664,meghalaya,6650901.508811854,-1343996.597403093,0,background
4665,meghalaya,6652901.581911288,-1380953.5111917977,0,background
4666,meghalaya,6668798.932126848,-1207568.4591687664,0,background
4667,meghalaya,6660677.685405002,-1207305.364232943,0,background
4668,meghalaya,6654594.076606425,-1473019.0450712116,0,background
4669,meghalaya,6706670.786282095,-1298672.064303403,0,background
4670,meghalaya,6695356.803135839,-1315795.7631168119,0,background
4671,meghalaya,6673088.5157211805,-1307071.0389584678,0,background
4672,meghalaya,6667254.66579767,-1432849.2542513253,0,background
4673,meghalaya,6662906.402640941,-1280369.0021752967,0,background
4674,meghalaya,6661029.4745940305,-1291308.9694512293,0,background
4675,meghalaya,6668201.931755532,-1445382.0458284714,0,background
4676,meghalaya,6687381.573366363,-1254727.995634968,0,background
4677,meghalaya,6692512.536863074,-1191585.83573345,0,background
4678,meghalaya,6654231.120502125,-1276949.277950222,0,background
4679,meghalaya,6695610.718882225,-1365613.1212041834,0,background
4680,meghalaya,6627718.177431305,-1401961.9951218201,0,background
4681,meghalaya,6675333.438130076,-1210972.2661331098,0,background
4682,meghalaya,6690682.601908396,-1456327.3954518023,0,background
4683,meghalaya,6685759.41235622,-1332150.7944693824,0,background
4684,meghalaya,6659901.987755541,-1200983.01976526,0,background
4685,meghalaya,6698070.085998414,-1196977.348847093,0,background
4686,meghalaya,6646646.211087585,-1354256.6228659316,0,background
4687,meghalaya,6638034.5064281,-1358344.3652514745,0,background
4688,meghalaya,6678525.427276711,-1399728.2816835446,0,background
4689,meghalaya,6698395.366793905,-1248840.3852841489,0,background
4690,meghalaya,6667274.40284494,-1239961.6691258757,0,background
4691,meghalaya,6639847.1575420955,-1386507.4037815644,0,background
4692,meghalaya,6674778.911899012,-1242787.340356452,0,background
4693,meghalaya,6670652.033436711,-1203371.360539679,0,background
4694,meghalaya,6724401.115491593,-1249918.960585316,0,background
4695,meghalaya,6670905.907658919,-1184297.2398448924,0,background
4696,meghalaya,6689144.699141721,-1184839.7415153517,0,background
4697,meghalaya,6639826.44934758,-1391225.4649708304,0,background
4698,meghalaya,6649426.619781219,-1286382.579555391,0,background
4699,meghalaya,6699468.161179398,-1317945.8238333447,0,background
4700,meghalaya,6672445.12612254,-1185646.8826100035,0,background
4701,meghalaya,6690374.401928529,-1455962.2601041582,0,background
4702,meghalaya,6692914.7190451175,-1335478.5780412152,0,background
4703,meghalaya,6669471.710528404,-1198329.674628059,0,background
4704,meghalaya,6669192.132922931,-1430989.0435517584,0,background
4705,meghalaya,6675449.459151602,-1195315.724967848,0,background
4706,meghalaya,6661775.271177322,-1455961.142664572,0,background
4707,meghalaya,6690835.302389698,-1299985.831568206,0,background
4708,meghalaya,6666493.57052857,-1221037.1390333646,0,background
4709,meghalaya,6657525.58416421,-1338349.3872854186,0,background
4710,meghalaya,6634178.185281169,-1368027.4609388274,0,background
4711,meghalaya,6715467.163912879,-1183380.555088056,0,background
4712,meghalaya,6653334.093300918,-1283224.8350819186,0,background
4713,meghalaya,6661968.378597961,-1492300.3932184603,0,background
4714,meghalaya,6660037.251663905,-1231676.8509595753,0,background
4715,meghalaya,6666055.921094999,-1264999.1253996678,0,background
4716,meghalaya,6656275.810443489,-1471483.023695643,0,background
4717,meghalaya,6711950.613827102,-1213652.0430491122,0,background
4718,meghalaya,6700356.1707582055,-1224649.1471619562,0,background
4719,meghalaya,6620711.3988614185,-1419627.567753638,0,background
4720,meghalaya,6695388.219140673,-1293276.8811126086,0,background
4721,meghalaya,6670897.717752474,-1199558.304672249,0,background
4722,meghalaya,6708023.805447778,-1277796.735304491,0,background
4723,meghalaya,6698906.693487638,-1189813.6231822644,0,background
4724,meghalaya,6661480.116526242,-1237843.892458492,0,background
4725,meghalaya,6708890.903898861,-1234972.196241354,0,background
4726,meghalaya,6660853.780705715,-1218511.2127880738,0,background
4727,meghalaya,6656219.735073956,-1231778.1349012773,0,background
4728,meghalaya,6690995.911969842,-1176378.0721428029,0,background
4729,meghalaya,6654636.361079743,-1231771.3448406311,0,background
4730,meghalaya,6646729.583304402,-1343414.1599391364,0,background
4731,meghalaya,6656753.934261267,-1359288.9227957907,0,background
4732,meghalaya,6660257.021170495,-1210399.9213432535,0,background
4733,meghalaya,6680072.258427501,-1231841.0792488167,0,background
4734,meghalaya,6666594.059593456,-1441927.0480679604,0,background
4735,meghalaya,6700499.036447996,-1252361.0536594498,0,background
4736,meghalaya,6687328.791961546,-1171680.0454128159,0,background
4737,meghalaya,6670900.772816519,-1451281.4150070657,0,background
4738,meghalaya,6680587.86105423,-1239789.383459613,0,background
4739,meghalaya,6651721.012184118,-1286335.1447582524,0,background
4740,meghalaya,6653076.802284415,-1262924.9138757552,0,background
4741,meghalaya,6650398.491711847,-1379953.950487879,0,background
4742,meghalaya,6704454.318429846,-1226659.9490639262,0,background
4743,meghalaya,6642433.728126835,-1341578.3704630074,0,background
4744,meghalaya,6650598.9039716385,-1329806.0990180776,0,background
4745,meghalaya,6644677.016940815,-1379436.2533495065,0,background
4746,meghalaya,6625112.399996144,-1404670.2364610496,0,background
4747,meghalaya,6678355.424064276,-1233313.6328507224,0,background
4748,meghalaya,6673138.391602581,-1477355.3313111397,0,background
4749,meghalaya,6703868.896133253,-1192784.077931803,0,background
4750,meghalaya,6726100.832973227,-1189907.3776026238,0,background
4751,meghalaya,6650632.838548677,-1282060.1383766131,0,background
4752,meghalaya,6691348.02916125,-1297965.3885845214,0,background
4753,meghalaya,6678172.099672633,-1486862.5975273575,0,background
4754,meghalaya,6657688.830705193,-1333440.3204491658,0,background
4755,meghalaya,6668508.928807353,-1485166.7223517625,0,background
4756,meghalaya,6709237.5975680435,-1242246.6942203885,0,background
4757,meghalaya,6684998.675264078,-1295804.062493599,0,background
4758,meghalaya,6666613.047786232,-1212111.4913850948,0,background
4759,mizoram,6871130.456474799,-1519634.8291177931,0,background
4760,mizoram,6782004.826856001,-1505074.0014453176,0,background
4761,mizoram,6775663.9923981475,-1546493.1508967387,0,background
4762,mizoram,6862506.424300863,-1515461.3321097288,0,background
4763,mizoram,6846938.113190011,-1513985.3522191138,0,background
4764,mizoram,6784258.510153396,-1565236.096278737,0,background
4765,mizoram,6788285.2455271315,-1494082.8266710772,0,background
4766,mizoram,6861104.574529641,-1507280.3238257442,0,background
4767,mizoram,6848977.88654287,-1510528.9592737881,0,background
4768,mizoram,6899690.207985377,-1597441.0946352775,0,background
4769,mizoram,6806132.574405414,-1502364.1549017031,0,background
4770,mizoram,6861473.805793332,-1601173.7942832522,0,background
4771,mizoram,6755436.289412637,-1543108.255924732,0,background
4772,mizoram,6882966.85543075,-1510023.9441744566,0,background
4773,mizoram,6810994.245969502,-1496729.8359328853,0,background
4774,mizoram,6782808.120840221,-1514126.4870771007,0,background
4775,mizoram,6770606.942531485,-1530260.2846567254,0,background
4776,mizoram,6822092.8597664805,-1489270.382121654,0,background
4777,mizoram,6893757.652547263,-1608614.179194218,0,background
4778,mizoram,6831988.097652716,-1501309.4299244108,0,background
4779,mizoram,6861843.622220276,-1513089.5509646616,0,background
4780,mizoram,6867603.0490112305,-1517598.0354015592,0,background
4781,mizoram,6819501.573037211,-1486268.632648898,0,background
4782,mizoram,6933406.9859596975,-1584326.8884189173,0,background
4783,mizoram,6955237.035609092,-1593331.1262879225,0,background
4784,mizoram,6750950.964969829,-1541137.562364746,0,background
4785,mizoram,6770533.696672346,-1526485.938643443,0,background
4786,mizoram,6841146.867351529,-1504220.7702622788,0,background
4787,mizoram,6762814.894267843,-1560433.1886004305,0,background
4788,mizoram,6826102.557198931,-1498665.2753659685,0,background
4789,mizoram,6876125.455753917,-1516280.0240450609,0,background
4790,mizoram,6833944.678469288,-1568884.244466626,0,background
4791,mizoram,6792595.382368409,-1554406.977894406,0,background
4792,mizoram,6772772.207009023,-1528975.3627575804,0,background
4793,mizoram,6917444.832668045,-1620044.4954635182,0,background
4794,mizoram,6781315.069371627,-1598995.3281530845,0,background
4795,mizoram,6905462.163765126,-1558695.0597564075,0,background
4796,mizoram,6938465.910094497,-1608382.6374082537,0,background
4797,mizoram,6848010.105452248,-1511346.5309735374,0,background
4798,mizoram,6768282.527969408,-1610988.9301909297,0,background
4799,mizoram,6887276.252059929,-1600971.601170494,0,background
4800,mizoram,6867111.522933481,-1583903.8337165995,0,background
4801,mizoram,6870433.787948386,-1515542.100990955,0,background
4802,mizoram,6935391.370819072,-1573727.8025036675,0,background
4803,mizoram,6942600.892125558,-1599419.0838130936,0,background
4804,mizoram,6902918.253541868,-1564262.0276149746,0,background
4805,mizoram,6837345.959712195,-1518836.5018247887,0,background
4806,mizoram,6878883.467638417,-1541582.258493733,0,background
4807,mizoram,6940202.425101488,-1595315.6348621214,0,background
4808,mizoram,6837593.019776772,-1513324.2811036364,0,background
4809,mizoram,6867527.5615366865,-1599442.6078214801,0,background
4810,mizoram,6943976.210557722,-1600321.654918895,0,background
4811,mizoram,6782604.951147971,-1519551.020952877,0,background
4812,mizoram,6847329.32343966,-1520186.4206511292,0,background
4813,mizoram,6869186.120836583,-1586293.5242158384,0,background
4814,mizoram,6864044.7697183555,-1599567.2846152296,0,background
4815,mizoram,6825744.514702551,-1514533.1321459727,0,background
4816,mizoram,6829397.921320358,-1514375.8347661437,0,background
4817,mizoram,6903180.810515598,-1564664.0927198948,0,background
4818,mizoram,6952177.580819356,-1594105.4839819125,0,background
4819,mizoram,6784796.688768658,-1507481.6811849652,0,background
4820,mizoram,6847249.77901101,-1502353.9726951364,0,background
4821,mizoram,6850092.337226445,-1505118.715556509,0,background
4822,mizoram,6811888.689553047,-1486149.8461563063,0,background
4823,mizoram,6835889.006500038,-1526694.0685403254,0,background
4824,mizoram,6786068.801405319,-1496136.398509791,0,background
4825,mizoram,6842188.901322853,-1500447.5833039246,0,background
4826,mizoram,6877489.097234685,-1515426.695543312,0,background
4827,mizoram,6844106.62000104,-1510278.7638421701,0,background
4828,mizoram,6779192.800150409,-1509691.7703361097,0,background
4829,mizoram,6783590.892051373,-1499371.225334774,0,background
4830,mizoram,6810740.617464978,-1484283.7671999587,0,background
4831,mizoram,6889948.96923605,-1596817.8536937202,0,background
4832,mizoram,6831180.471935232,-1518081.9566169574,0,background
4833,mizoram,6900337.45996232,-1562162.3496700379,0,background
4834,mizoram,6830310.160417577,-1495179.291048534,0,background
4835,mizoram,6869675.136399106,-1585614.735878417,0,background
4836,mizoram,6787819.553265463,-1599696.621266808,0,background
4837,mizoram,6842516.725322029,-1529519.4201487866,0,background
4838,mizoram,6886865.837379991,-1554880.9484428333,0,background
4839,mizoram,6888381.14528806,-1596482.8559239877,0,background
4840,mizoram,6835392.417981044,-1528244.1403094535,0,background
4841,mizoram,6885025.095000368,-1594479.2919369268,0,background
4842,mizoram,6826254.235147105,-1498395.3698399945,0,background
4843,mizoram,6887034.050516802,-1578337.0740911148,0,background
4844,mizoram,6833508.276116183,-1510093.7457447539,0,background
4845,mizoram,6760750.005718454,-1507191.6073046036,0,background
4846,mizoram,6836532.883521667,-1569418.550967858,0,background
4847,mizoram,6857404.181158499,-1509338.1893277895,0,background
4848,mizoram,6890154.206647092,-1599484.0781691258,0,background
4849,mizoram,6859956.988034093,-1508908.1498336634,0,background
4850,mizoram,6830775.566843764,-1506498.6939357845,0,background
4851,mizoram,6755057.661766319,-1528976.4991154608,0,background
4852,mizoram,6898570.287540162,-1563672.2022861934,0,background
4853,mizoram,6866453.714087359,-1520744.499550934,0,background
4854,mizoram,6887470.905609971,-1577471.8566934518,0,background
4855,mizoram,6892204.486310764,-1600331.5607972187,0,background
4856,mizoram,6787150.223346036,-1491341.3934060899,0,background
4857,mizoram,6836188.884122045,-1568197.5107038307,0,background
4858,mizoram,6947709.763966472,-1595517.8624798171,0,background
4859,mizoram,6935569.88528563,-1570568.7636641106,0,background
4860,mizoram,6893345.596616064,-1600589.3578094246,0,background
4861,mizoram,6839095.272863526,-1512565.5761442238,0,background
4862,mizoram,6842836.771016615,-1518857.400503008,0,background
4863,mizoram,6824024.69662717,-1571255.1403024006,0,background
4864,mizoram,6927010.11484545,-1588826.5924070033,0,background
4865,mizoram,6874654.491375689,-1533452.8290685662,0,background
4866,mizoram,6832699.326398828,-1571794.5663495183,0,background
4867,mizoram,6839265.7804693235,-1516293.8424317152,0,background
4868,mizoram,6858757.411392242,-1600023.4054646804,0,background
4869,mizoram,6900504.086210173,-1606647.978737472,0,background
4870,mizoram,6782275.27154108,-1507198.6937602793,0,background
4871,mizoram,6780089.177314057,-1509766.5295087015,0,background
4872,mizoram,6913841.547563284,-1574227.3150047571,0,background
4873,mizoram,6779730.414590315,-1517643.1312870157,0,background
4874,mizoram,6817902.830272186,-1486862.8247941216,0,background
4875,mizoram,6935264.534316583,-1581443.368091062,0,background
4876,mizoram,6852353.546771968,-1511427.1672484395,0,background
4877,mizoram,6833147.466079975,-1578168.982118564,0,background
4878,mizoram,6821569.232954405,-1504007.1631362657,0,background
4879,mizoram,6847553.06903292,-1520222.5802757463,0,background
4880,mizoram,6901318.0853110645,-1562418.159194595,0,background
4881,mizoram,6769678.0662449,-1514775.9930734544,0,background
4882,mizoram,6863441.482912872,-1597027.2914325313,0,background
4883,mizoram,6951194.078882109,-1601712.7775152335,0,background
4884,mizoram,6838965.952322112,-1508848.5623778445,0,background
4885,mizoram,6879418.270646092,-1542016.4049995982,0,background
4886,mizoram,6893564.311262679,-1602846.3069447372,0,background
4887,mizoram,6768108.379279226,-1530898.2556590138,0,background
4888,mizoram,6849570.723469092,-1509254.4562205959,0,background
4889,mizoram,6831641.039725455,-1497900.7450907484,0,background
4890,mizoram,6857780.801300322,-1507013.4109521033,0,background
4891,mizoram,6905774.860415486,-1560461.1881380123,0,background
4892,mizoram,6876268.265578284,-1531354.1433851682,0,background
4893,mizoram,6958901.176912489,-1557426.3232186094,0,background
4894,mizoram,6926126.411712277,-1592811.638150301,0,background
4895,mizoram,6931040.545454471,-1585149.4889670613,0,background
4896,mizoram,6871883.694496968,-1513563.1659857875,0,background
4897,mizoram,6835307.010027614,-1496364.839578685,0,background
4898,mizoram,6878662.744579394,-1537740.6973354714,0,background
4899,mizoram,6809460.487704322,-1484911.806505464,0,background
4900,mizoram,6864991.4456449095,-1509402.0024202692,0,background
4901,mizoram,6824610.400675874,-1490678.0807764789,0,background
4902,mizoram,6830382.447818815,-1624046.1336751292,0,background
4903,mizoram,6832447.474930447,-1492869.6236880564,0,background
4904,mizoram,6891835.388516649,-1523462.8875574775,0,background
4905,mizoram,6812812.7291853875,-1496716.5442594439,0,background
4906,mizoram,6872773.24927858,-1527589.145135778,0,background
4907,mizoram,6838800.567461906,-1516123.997460978,0,background
4908,mizoram,6822872.469688925,-1486418.9630837897,0,background
4909,mizoram,6864375.168742618,-1535375.5100143242,0,background
4910,mizoram,6935366.002596232,-1585768.424394847,0,background
4911,mizoram,6959335.464382569,-1558674.6367993755,0,background
4912,mizoram,6822193.878133598,-1515314.469111043,0,background
4913,mizoram,6834331.084243618,-1501954.6061427959,0,background
4914,mizoram,6938034.907781496,-1607924.7812700185,0,background
4915,mizoram,6877157.699672223,-1540817.3973479855,0,background
4916,mizoram,6805308.016211015,-1503585.391373774,0,background
4917,mizoram,6881625.375652355,-1512411.5907116686,0,background
4918,mizoram,6829106.691395736,-1514478.1438941765,0,background
4919,mizoram,6884671.658413955,-1595012.8959535144,0,background
4920,mizoram,6889391.808077779,-1594469.7933158125,0,background
4921,mizoram,6799323.928019996,-1496699.4439509069,0,background
4922,mizoram,6925766.30512609,-1586953.4391129191,0,background
4923,mizoram,6838678.92852637,-1512621.4519600004,0,background
4924,mizoram,6842327.30597835,-1517395.1629253733,0,background
4925,mizoram,6839064.000087739,-1508767.1143801054,0,background
4926,mizoram,6770315.564821921,-1515965.0376681332,0,background
4927,mizoram,6770552.800037246,-1529114.125035091,0,background
4928,mizoram,6735809.475930869,-1553424.2547680947,0,background
4929,mizoram,6928664.384027614,-1579114.5079718267,0,background
4930,mizoram,6818775.658205421,-1515429.024646009,0,background
4931,mizoram,6790924.388293366,-1511581.6747520824,0,background
4932,mizoram,6944859.149267006,-1597970.1968935917,0,background
4933,mizoram,6829785.784496724,-1496359.775109135,0,background
4934,mizoram,6842910.04368265,-1512622.9914941625,0,background
4935,mizoram,6930276.573128612,-1577680.1921468931,0,background
4936,mizoram,6884048.111292771,-1513962.7915736956,0,background
4937,mizoram,6823729.146234521,-1516408.8909947036,0,background
4938,mizoram,6867696.257198238,-1512584.401623778,0,background
4939,mizoram,6871798.437242061,-1587281.991763535,0,background
4940,mizoram,6839537.238156443,-1522195.8438626786,0,background
4941,mizoram,6934056.3975266265,-1583698.7214399723,0,background
4942,mizoram,6812961.927469642,-1564465.2635116847,0,background
4943,mizoram,6876895.830535984,-1538906.8820350503,0,background
4944,mizoram,6873748.706705009,-1523311.5505109157,0,background
4945,mizoram,6950972.166912745,-1603299.4756666438,0,background
4946,mizoram,6868575.954473069,-1596369.9073729147,0,background
4947,mizoram,6888156.915411204,-1598412.6575424112,0,background
4948,mizoram,6833046.746586191,-1624537.0578679028,0,background
4949,mizoram,6833147.83671485,-1493172.0886827945,0,background
4950,mizoram,6874506.402167053,-1540297.114475008,0,background
4951,mizoram,6872992.989637169,-1519527.6280060618,0,background
4952,mizoram,6751738.715179263,-1528205.0668663015,0,background
4953,mizoram,6837836.779488787,-1511605.1664920996,0,background
4954,mizoram,6827530.200012003,-1514931.4126666866,0,background
4955,mizoram,6888430.281696348,-1602496.8739690243,0,background
4956,mizoram,6893114.546399858,-1599758.9318534795,0,background
4957,mizoram,6814749.232209025,-1590730.4369983943,0,background
4958,mizoram,6954461.929125475,-1593917.033647517,0,background
4959,mizoram,6891887.668658458,-1534647.7493407559,0,background
4960,mizoram,6844930.767748053,-1503496.3487476904,0,background
4961,mizoram,6918460.889168021,-1571315.929345978,0,background
4962,mizoram,6885670.795031065,-1594190.5000640408,0,background
4963,mizoram,6734243.074968102,-1555585.0394737397,0,background
4964,mizoram,6867682.601155097,-1514630.723483274,0,background
4965,mizoram,6852524.039718382,-1509341.6430754338,0,background
4966,mizoram,6893274.048218063,-1598066.7911041884,0,background
4967,mizoram,6870356.3924198225,-1594038.5532982964,0,background
4968,mizoram,6832761.465155065,-1572348.2778095955,0,background
4969,mizoram,6808063.251384361,-1497003.3935618566,0,background
4970,mizoram,6863637.68250157,-1512134.0851778013,0,background
4971,mizoram,6883976.897101543,-1580403.4732596546,0,background
4972,mizoram,6876917.587489784,-1514944.073523104,0,background
4973,mizoram,6877118.522657417,-1544074.518785448,0,background
4974,mizoram,6835056.416707045,-1516049.1190303338,0,background
4975,mizoram,6870713.663984051,-1592565.803337106,0,background
4976,mizoram,6854754.814061597,-1576181.2440178914,0,background
4977,mizoram,6888693.4889634745,-1559821.4364222577,0,background
4978,mizoram,6871278.945279766,-1533558.554852293,0,background
4979,mizoram,6895696.02744449,-1599744.0367746025,0,background
4980,mizoram,6894427.250358379,-1537362.6695172726,0,background
4981,mizoram,6818716.412410442,-1496800.2899100108,0,background
4982,mizoram,6846655.148174986,-1518236.3467845118,0,background
4983,mizoram,6917057.679191681,-1571449.3898788288,0,background
4984,mizoram,6877744.859382104,-1510850.2569520483,0,background
4985,mizoram,6824806.65220234,-1514205.4396783814,0,background
4986,mizoram,6850810.525896715,-1576397.770749684,0,background
4987,mizoram,6787678.823497997,-1513723.8135056302,0,background
4988,mizoram,6822374.291649186,-1491056.2761351177,0,background
4989,mizoram,6787100.280003908,-1513365.3860567408,0,background
4990,mizoram,6928679.874778847,-1579711.776274418,0,background
4991,mizoram,6848719.697546262,-1560988.320358764,0,background
4992,mizoram,6866339.3297863575,-1516464.0006320856,0,background
4993,mizoram,6937095.434630532,-1567411.1517215718,0,background
4994,mizoram,6863735.632188861,-1506735.4537720142,0,background
4995,mizoram,6864051.475552365,-1600734.408150661,0,background
4996,mizoram,6813191.392507807,-1563232.3632174744,0,background
4997,mizoram,6838663.525637712,-1525430.6333902108,0,background
4998,mizoram,6866279.494640115,-1589089.329064561,0,background
4999,mizoram,6843144.131453674,-1506776.7459631609,0,background
5000,mizoram,6784058.001610546,-1503846.7781782602,0,background
5001,mizoram,6844682.97090274,-1503367.893259937,0,background
5002,mizoram,6795768.542551703,-1620050.6888746526,0,background
5003,mizoram,6825348.01718545,-1488503.346935692,0,background
5004,mizoram,6794368.130359883,-1512197.9054987982,0,background
5005,mizoram,6872005.047606464,-1529821.7797570208,0,background
5006,mizoram,6786958.911899796,-1602112.198200886,0,background
5007,mizoram,6829827.17031699,-1491444.8964326037,0,background
5008,mizoram,6785174.697950993,-1593226.3623004768,0,background
5009,mizoram,6933889.003225729,-1576826.4512940287,0,background
5010,mizoram,6827249.785122629,-1573402.4819717573,0,background
5011,mizoram,6799792.2409492005,-1500194.8789267712,0,background
5012,mizoram,6861332.944567861,-1506403.1820525327,0,background
5013,mizoram,6791391.555198749,-1514797.6693651886,0,background
5014,mizoram,6872166.697231427,-1539603.0797868615,0,background
5015,mizoram,6785219.306746568,-1514331.1997720778,0,background
5016,mizoram,6886164.545741458,-1582845.4274085048,0,background
5017,mizoram,6826819.511011288,-1492777.8899036234,0,background
5018,mizoram,6897906.104849274,-1604973.3262955323,0,background
5019,mizoram,6894651.478267889,-1525226.1163993157,0,background
5020,mizoram,6909858.556521372,-1617497.6935664094,0,background
5021,mizoram,6837799.460647612,-1516118.1734208886,0,background
5022,mizoram,6825461.4986640625,-1574322.409088918,0,background
5023,mizoram,6867226.512069378,-1538506.487167881,0,background
5024,mizoram,6902438.720533474,-1602164.136412285,0,background
5025,mizoram,6868354.027598223,-1516280.5514348391,0,background
5026,mizoram,6844050.235746163,-1528295.0829824356,0,background
5027,mizoram,6860986.041584706,-1509808.2200035853,0,background
5028,mizoram,6871108.426273276,-1512037.366089729,0,background
5029,mizoram,6844632.669782915,-1528734.545523624,0,background
5030,mizoram,6863109.883559111,-1512645.14895003,0,background
5031,mizoram,6893346.065047906,-1587885.553504441,0,background
5032,mizoram,6916714.239994767,-1543495.3261411963,0,background
5033,mizoram,6873771.893653849,-1519195.42644288,0,background
5034,mizoram,6832144.823540937,-1508303.8872012566,0,background
5035,mizoram,6889680.97410171,-1529632.099351683,0,background
5036,mizoram,6940048.182517553,-1592246.1146825287,0,background
5037,mizoram,6786592.520301383,-1517718.370216533,0,background
5038,mizoram,6819918.193329286,-1487121.0815017233,0,background
5039,mizoram,6931122.778802843,-1581898.231050067,0,background
5040,mizoram,6892277.840218876,-1604478.4901529104,0,background
5041,mizoram,6885816.012074003,-1578077.6783511904,0,background
5042,mizoram,6859653.17081199,-1504494.2350251237,0,background
5043,mizoram,6899213.084099223,-1598317.6830940566,0,background
5044,mizoram,6935871.0090775015,-1573125.8858552522,0,background
5045,mizoram,6853109.053552904,-1575864.316904195,0,background
5046,mizoram,6771732.819528033,-1518142.0111639916,0,background
5047,mizoram,6835492.356316795,-1576277.0362759277,0,background
5048,mizoram,6961147.224696487,-1558956.1456477914,0,background
5049,mizoram,6960698.597609182,-1555694.8149397413,0,background
5050,mizoram,6790371.505198152,-1516362.344807462,0,background
5051,mizoram,6858666.041372914,-1506696.440212747,0,background
5052,mizoram,6823758.092583658,-1571086.1707825745,0,background
5053,mizoram,6753191.536185036,-1546444.580409526,0,background
5054,mizoram,6796227.527859515,-1619972.1180651698,0,background
5055,mizoram,6949432.878783062,-1604576.2054755148,0,background
5056,mizoram,6787805.706436193,-1597231.6001678817,0,background
5057,mizoram,6944455.4312055735,-1601646.8475111113,0,background
5058,mizoram,6792322.759722435,-1618552.3328883979,0,background
5059,mizoram,6811948.772873583,-1564314.2923674283,0,background
5060,mizoram,6833072.479066763,-1576189.3958949596,0,background
5061,mizoram,6816821.887352074,-1502750.4526634736,0,background
5062,mizoram,6905806.424001355,-1560461.2741160833,0,background
5063,mizoram,6780537.759490733,-1607848.071409024,0,background
5064,mizoram,6788929.327466062,-1484078.1347224195,0,background
5065,mizoram,6871497.9516969705,-1520196.9038388343,0,background
5066,mizoram,6811457.784250309,-1501869.7440113819,0,background
5067,mizoram,6896034.005757161,-1601752.6069319465,0,background
5068,mizoram,6781867.961710413,-1597260.770088195,0,background
5069,mizoram,6869529.017446776,-1515254.47584879,0,background
5070,mizoram,6886824.632246568,-1597907.8036417249,0,background
5071,mizoram,6872009.599058639,-1535379.3357708864,0,background
5072,mizoram,6852825.022901781,-1577263.0283733245,0,background
5073,mizoram,6760519.621283746,-1542130.2616000718,0,background
5074,mizoram,6894710.123555462,-1538653.5591733255,0,background
5075,mizoram,6929588.66163261,-1575982.6211800734,0,background
5076,mizoram,6819989.648718443,-1486049.3635723798,0,background
5077,mizoram,6762112.608273705,-1542295.9001022303,0,background
5078,mizoram,6833265.493855704,-1509510.070112111,0,background
5079,mizoram,6904285.3397151455,-1561298.6789168676,0,background
5080,mizoram,6734713.612750009,-1552591.9613652606,0,background
5081,mizoram,6867303.448270455,-1521770.3577573188,0,background
5082,mizoram,6843884.587498,-1500650.325201403,0,background
5083,mizoram,6803359.764162193,-1501389.8769409768,0,background
5084,mizoram,6892874.456927974,-1560520.2301433617,0,background
5085,mizoram,6847984.919292218,-1502048.0721086755,0,background
5086,mizoram,6788769.039883452,-1509756.8732786572,0,background
5087,mizoram,6815996.013477052,-1503273.4155120896,0,background
5088,mizoram,6878758.455868485,-1543217.8709764387,0,background
5089,mizoram,6866215.277313207,-1504801.1683062052,0,background
5090,mizoram,6834326.664907109,-1493567.8372904388,0,background
5091,mizoram,6754092.83901489,-1546527.0591937173,0,background
5092,mizoram,6867387.642911545,-1516061.2400748844,0,background
5093,mizoram,6867000.272048807,-1535050.2311484497,0,background
5094,mizoram,6866538.973104452,-1507913.9677448864,0,background
5095,mizoram,6799029.88263639,-1502405.3104936152,0,background
5096,mizoram,6869982.963450321,-1526674.63859988,0,background
5097,mizoram,6946126.249881639,-1601557.0872673255,0,background
5098,mizoram,6892613.467379598,-1602025.6452699741,0,background
5099,mizoram,6821338.630588222,-1493803.0234903472,0,background
5100,mizoram,6835885.295267703,-1503551.5320757765,0,background
5101,mizoram,6832697.11212499,-1507449.263952606,0,background
5102,mizoram,6870382.124209401,-1510300.0100763398,0,background
5103,mizoram,6827823.540585621,-1497224.1277591528,0,background
5104,mizoram,6878365.39586084,-1538144.427987554,0,background
5105,mizoram,6787573.065618746,-1499117.4479629544,0,background
5106,mizoram,6830532.950117731,-1624661.2580181293,0,background
5107,mizoram,6835148.674645012,-1521653.4803667953,0,background
5108,mizoram,6868770.98501053,-1507871.7802342335,0,background
5109,mizoram,6787629.718257239,-1595191.3325855588,0,background
5110,mizoram,6845578.017451664,-1560789.5889380055,0,background
5111,mizoram,6837094.982922881,-1509658.2269802706,0,background
5112,mizoram,6868264.417459241,-1521561.9967744749,0,background
5113,mizoram,6868165.882501058,-1584371.5380203505,0,background
5114,mizoram,6882520.762215785,-1600406.642365405,0,background
5115,mizoram,6902034.300739942,-1569297.9926536873,0,background
5116,mizoram,6811819.06776895,-1485770.3715010232,0,background
5117,mizoram,6875198.299695535,-1511214.327764918,0,background
5118,mizoram,6753659.086833389,-1546560.2198816794,0,background
5119,mizoram,6786930.677294797,-1511383.825097976,0,background
5120,mizoram,6952250.954010011,-1551304.6517403398,0,background
5121,mizoram,6846750.576728799,-1502789.394989409,0,background
5122,mizoram,6772424.727944249,-1544335.5651191347,0,background
5123,mizoram,6768972.8875985,-1525442.794292937,0,background
5124,mizoram,6872989.408469013,-1516020.6090013855,0,background
5125,mizoram,6782725.500882813,-1504516.106174181,0,background
5126,mizoram,6848571.734166672,-1503610.5666043458,0,background
5127,mizoram,6862824.387129037,-1505882.1115565507,0,background
5128,mizoram,6864244.907255231,-1595662.6781244783,0,background
5129,mizoram,6832708.405512093,-1499959.814196831,0,background
5130,mizoram,6835139.710918787,-1512252.1731813,0,background
5131,mizoram,6835248.718131661,-1570316.5315528489,0,background
5132,mizoram,6866176.81310123,-1520861.0810045728,0,background
5133,mizoram,6824388.794255161,-1501576.262998643,0,background
5134,mizoram,6869318.514472264,-1586852.7624490198,0,background
5135,mizoram,6862706.573459907,-1513451.1187753247,0,background
5136,mizoram,6759488.721665409,-1545624.329961775,0,background
5137,mizoram,6821517.575538998,-1487960.1439264046,0,background
5138,mizoram,6897900.857591142,-1564227.0413485896,0,background
5139,mizoram,6913623.954779184,-1618157.0402250842,0,background
5140,mizoram,6853405.979050267,-1577312.0060122448,0,background
5141,mizoram,6866119.009417084,-1599097.9771388555,0,background
5142,mizoram,6919220.478095551,-1572684.4275382212,0,background
5143,mizoram,6804389.960868252,-1500441.0982730608,0,background
5144,mizoram,6783260.249642869,-1511207.351848796,0,background
5145,mizoram,6828784.33832594,-1501510.0115129598,0,background
5146,mizoram,6831682.4276345335,-1505778.702928899,0,background
5147,mizoram,6862941.807787475,-1602407.1413522174,0,background
5148,mizoram,6949521.354164754,-1591225.0329654452,0,background
5149,mizoram,6865052.93815199,-1504433.1744642616,0,background
5150,mizoram,6798811.0717440145,-1601960.7934277593,0,background
5151,mizoram,6808747.168254571,-1497992.0993688675,0,background
5152,mizoram,6837622.410582564,-1518938.9405528172,0,background
5153,mizoram,6831370.793839042,-1518550.4411620065,0,background
5154,mizoram,6763212.1036566505,-1556576.9849250563,0,background
5155,mizoram,6948150.118574871,-1591595.9668689757,0,background
5156,mizoram,6782281.29559933,-1597151.2255536066,0,background
5157,mizoram,6947916.284265728,-1592872.656654002,0,background
5158,mizoram,6833299.450104761,-1501670.021605899,0,background
5159,mizoram,6821507.96684576,-1490931.5166259648,0,background
5160,mizoram,6844462.8032675125,-1502313.0557903869,0,background
5161,mizoram,6782701.594259409,-1596669.676521913,0,background
5162,mizoram,6863570.296909681,-1595261.915684506,0,background
5163,mizoram,6909112.826223009,-1543650.1504032465,0,background
5164,mizoram,6785772.61035441,-1605955.9153594084,0,background
5165,mizoram,6842318.876984503,-1516629.3895520617,0,background
5166,mizoram,6816574.168620655,-1503608.207840527,0,background
5167,mizoram,6871829.058497638,-1596906.6651854909,0,background
5168,mizoram,6821390.634077655,-1490548.4332116784,0,background
5169,mizoram,6832782.445497299,-1572826.587566836,0,background
5170,mizoram,6880069.363751319,-1542540.8901743663,0,background
5171,mizoram,6875727.628335526,-1530941.501066238,0,background
5172,mizoram,6828970.396325539,-1497964.8075778324,0,background
5173,mizoram,6770433.670815783,-1528432.25134044,0,background
5174,mizoram,6762151.401288731,-1528758.5381657132,0,background
5175,mizoram,6783555.1756914295,-1516471.8819516008,0,background
5176,mizoram,6838738.3478073515,-1501115.9033867524,0,background
5177,mizoram,6945778.3295191275,-1592678.1579333406,0,background
5178,mizoram,6858003.792214392,-1507931.0825172765,0,background
5179,mizoram,6916349.561408226,-1570200.4003818089,0,background
5180,mizoram,6835560.776612992,-1521319.3450473552,0,background
5181,mizoram,6872827.368520231,-1515809.2711125014,0,background
5182,mizoram,6865324.380087049,-1598325.9596168133,0,background
5183,mizoram,6794961.416028086,-1618526.951758005,0,background
5184,mizoram,6824440.19177692,-1488896.9026357615,0,background
5185,mizoram,6837721.6903973445,-1523621.2143263218,0,background
5186,mizoram,6856808.251366927,-1508289.67545259,0,background
5187,mizoram,6870774.74142299,-1600271.79417038,0,background
5188,mizoram,6892220.742529013,-1597297.3988020055,0,background
5189,mizoram,6781551.024320196,-1597701.4041171307,0,background
5190,mizoram,6785510.328268825,-1595199.5131884557,0,background
5191,mizoram,6872363.92137043,-1586912.7195694898,0,background
5192,mizoram,6836082.064419313,-1499404.8135381497,0,background
5193,mizoram,6847521.1438929485,-1562039.141994204,0,background
5194,mizoram,6887301.637523426,-1594888.8074890042,0,background
5195,mizoram,6791289.96809576,-1512743.8604220508,0,background
5196,mizoram,6901588.19022457,-1565230.6921416204,0,background
5197,mizoram,6926808.62761769,-1597908.835476128,0,background
5198,mizoram,6773778.642366516,-1528908.4336889877,0,background
5199,mizoram,6887647.860794026,-1579330.3244449154,0,background
5200,mizoram,6877160.361063379,-1598504.9981514874,0,background
5201,mizoram,6824650.046114328,-1495003.2768712495,0,background
5202,mizoram,6892347.027395662,-1602950.5545063592,0,background
5203,mizoram,6834627.482816901,-1496775.9222735567,0,background
5204,mizoram,6892005.726550782,-1601865.96799078,0,background
5205,mizoram,6848452.172580807,-1512983.617272389,0,background
5206,mizoram,6811995.255764298,-1499489.5061194594,0,background
5207,mizoram,6862524.563818265,-1514158.558380493,0,background
5208,mizoram,6869821.499773928,-1588537.9714876898,0,background
5209,mizoram,6945797.814207482,-1593380.4753695326,0,background
5210,mizoram,6751173.350235379,-1529306.5772854171,0,background
5211,mizoram,6885829.420894005,-1581873.0050243174,0,background
5212,mizoram,6891769.09342759,-1602798.7277385008,0,background
5213,mizoram,6950003.448353343,-1588997.1887790838,0,background
5214,mizoram,6900873.077838936,-1566041.8763921335,0,background
5215,mizoram,6754947.205742924,-1544466.0310038954,0,background
5216,mizoram,6846987.96249489,-1505114.616761418,0,background
5217,mizoram,6834881.128541769,-1509538.7106847365,0,background
5218,mizoram,6828277.714115228,-1498085.882482332,0,background
5219,mizoram,6805673.75438085,-1498342.3754798744,0,background
5220,mizoram,6781697.431763173,-1596702.2686267751,0,background
5221,mizoram,6837586.776399517,-1512103.0254903843,0,background
5222,mizoram,6792392.609259267,-1516076.890573651,0,background
5223,mizoram,6836412.276822129,-1504064.312483441,0,background
5224,mizoram,6785533.089320073,-1505976.4024934124,0,background
5225,mizoram,6930294.849628596,-1586404.2346376735,0,background
5226,mizoram,6868024.320165892,-1537387.1551306683,0,background
5227,mizoram,6835293.238442167,-1500691.559965312,0,background
5228,mizoram,6786911.894072702,-1500013.2331498405,0,background
5229,mizoram,6873417.455625274,-1512911.979245488,0,background
5230,mizoram,6948985.642356682,-1590808.798851374,0,background
5231,mizoram,6824143.276905269,-1499138.1488627163,0,background
5232,mizoram,6827007.4738941975,-1598014.2335001398,0,background
5233,mizoram,6869231.208862263,-1510219.3002409802,0,background
5234,mizoram,6887453.627929784,-1577479.3460997394,0,background
5235,mizoram,6869334.061525138,-1594412.5156652648,0,background
5236,mizoram,6893594.830892835,-1537102.1182775432,0,background
5237,mizoram,6809006.244310525,-1499114.3586238336,0,background
5238,mizoram,6792777.813314853,-1511476.4176212153,0,background
5239,mizoram,6893638.671474515,-1606763.5857163167,0,background
5240,mizoram,6923419.619404796,-1616320.7240601862,0,background
5241,mizoram,6840198.580521583,-1500466.0868226953,0,background
5242,mizoram,6875926.016870166,-1517841.0826029854,0,background
5243,mizoram,6832636.625023654,-1509330.9784711688,0,background
5244,mizoram,6839708.114831169,-1511833.9886238321,0,background
5245,mizoram,6860940.382743327,-1506648.9611235203,0,background
5246,mizoram,6904556.263553952,-1568210.8647988776,0,background
5247,mizoram,6785349.579209467,-1600990.0548761801,0,background
5248,mizoram,6809897.611294438,-1484332.752342867,0,background
5249,mizoram,6864676.425922717,-1513341.4009307702,0,background
5250,mizoram,6868603.029318173,-1596884.554324633,0,background
5251,mizoram,6891997.819039149,-1599700.0741397045,0,background
5252,mizoram,6759550.776221588,-1528111.5519147653,0,background
5253,mizoram,6902199.302806286,-1603511.6628228617,0,background
5254,mizoram,6883362.713052176,-1598849.6519039627,0,background
5255,mizoram,6891748.9897761345,-1522445.9292715876,0,background
5256,mizoram,6822476.219345636,-1568749.9570394477,0,background
5257,mizoram,6784124.549591109,-1497453.1781193635,0,background
5258,mizoram,6897775.598270289,-1565098.0912892257,0,background
5259,mizoram,6952274.146245201,-1591960.209220901,0,background
5260,mizoram,6931961.803930189,-1585586.0847219643,0,background
5261,mizoram,6891454.88794771,-1584653.1794146933,0,background
5262,mizoram,6838454.728292495,-1509724.0250025908,0,background
5263,mizoram,6872422.639883159,-1537824.3892437103,0,background
5264,mizoram,6831067.21439226,-1505840.0301102109,0,background
5265,mizoram,6867715.979388874,-1592724.8396215187,0,background
5266,mizoram,6836583.200172867,-1571896.570943781,0,background
5267,mizoram,6896802.00832064,-1604914.4492746848,0,background
5268,mizoram,6872874.157771702,-1600202.3361184064,0,background
5269,mizoram,6885018.1586366175,-1580971.2862095628,0,background
5270,mizoram,6898347.466424471,-1605354.292849361,0,background
5271,mizoram,6792599.989442877,-1515051.0650982615,0,background
5272,mizoram,6812902.378670374,-1503145.7376627673,0,background
5273,mizoram,6802651.855733447,-1498393.1682337874,0,background
5274,mizoram,6827767.675076744,-1576016.176497946,0,background
5275,mizoram,6876522.250911925,-1542494.7407145624,0,background
5276,mizoram,6924913.869060909,-1586246.841002914,0,background
5277,mizoram,6877619.098180989,-1537794.3315866655,0,background
5278,mizoram,6782766.302236366,-1499272.7629322675,0,background
5279,mizoram,6887035.971828664,-1600908.2608129014,0,background
5280,mizoram,6932331.136741094,-1581755.1722923028,0,background
5281,mizoram,6866124.321798658,-1590119.6613662452,0,background
5282,mizoram,6868601.008620989,-1507169.7831893289,0,background
5283,mizoram,6833615.549837635,-1520661.6627038668,0,background
5284,mizoram,6934086.768974561,-1586233.7129265764,0,background
5285,mizoram,6759440.483652434,-1543943.2284354093,0,background
5286,mizoram,6781861.251994338,-1519094.999557525,0,background
5287,mizoram,6792269.439839969,-1484254.0029733013,0,background
5288,mizoram,6859242.057860301,-1507007.0600128667,0,background
5289,mizoram,6785699.906773371,-1501205.4070232364,0,background
5290,mizoram,6860417.413836069,-1513167.8392407005,0,background
5291,mizoram,6826951.88029814,-1574263.9610253272,0,background
5292,mizoram,6818046.2633680655,-1514245.8864791165,0,background
5293,mizoram,6930363.770324632,-1586472.6796524634,0,background
5294,mizoram,6867522.275282536,-1510950.027786954,0,background
5295,mizoram,6938414.065335823,-1567381.4094084715,0,background
5296,mizoram,6903004.213174335,-1570086.691716485,0,background
5297,mizoram,6950551.466268324,-1565155.1314564545,0,background
5298,mizoram,6756071.968818924,-1545253.3201144051,0,background
5299,mizoram,6818352.213708299,-1509049.462944086,0,background
5300,mizoram,6781009.441098827,-1516290.0336082866,0,background
5301,mizoram,6898311.551713607,-1561787.5346122277,0,background
5302,mizoram,6779540.002860377,-1498699.0011227347,0,background
5303,mizoram,6867141.130579782,-1511030.307586575,0,background
5304,mizoram,6801762.520630288,-1498714.5077989432,0,background
5305,mizoram,6927780.2080326835,-1584371.3609051323,0,background
5306,mizoram,6845374.038942327,-1519105.9187638536,0,background
5307,mizoram,6780769.909874751,-1497600.679645107,0,background
5308,mizoram,6868399.367218981,-1524694.2645599863,0,background
5309,mizoram,6826814.267223283,-1599555.7522086157,0,background
5310,mizoram,6915505.455443327,-1574192.8975789933,0,background
5311,mizoram,6846872.036251003,-1507772.175763944,0,background
5312,mizoram,6904108.40840753,-1569259.1957541262,0,background
5313,mizoram,6893438.607876559,-1602804.8607434751,0,background
5314,mizoram,6855463.800497468,-1512328.6827494125,0,background
5315,mizoram,6782619.806138684,-1512569.7590537749,0,background
5316,mizoram,6898769.250048975,-1601142.9918312924,0,background
5317,mizoram,6839678.510916768,-1514112.6467687413,0,background
5318,mizoram,6872504.124150725,-1517567.592065917,0,background
5319,mizoram,6865792.353401015,-1597127.8775455216,0,background
5320,mizoram,6782516.39353892,-1497517.4433696156,0,background
5321,mizoram,6840260.187689745,-1510670.3499152807,0,background
5322,mizoram,6877256.365325121,-1518647.5054915377,0,background
5323,mizoram,6789529.116156007,-1496727.870401356,0,background
5324,mizoram,6817837.608891888,-1502822.943344792,0,background
5325,mizoram,6844074.404474845,-1500640.3005052623,0,background
5326,mizoram,6823333.379373816,-1492766.1722459143,0,background
5327,mizoram,6933708.471955126,-1585469.038403369,0,background
5328,mizoram,6874690.7473344905,-1538052.1777705068,0,background
5329,mizoram,6889233.611273762,-1557207.9909045377,0,background
5330,mizoram,6921230.7983157635,-1620898.898083624,0,background
5331,mizoram,6873116.40396074,-1600208.2059925932,0,background
5332,mizoram,6736265.474164359,-1552798.9425115366,0,background
5333,mizoram,6888104.695850401,-1530954.993025733,0,background
5334,mizoram,6756025.619192044,-1544173.6420332582,0,background
5335,mizoram,6875904.384195024,-1514981.8185508251,0,background
5336,mizoram,6839188.983748863,-1508339.8323496813,0,background
5337,mizoram,6827570.946986708,-1494734.9376267241,0,background
5338,mizoram,6786070.372390113,-1541204.3806821029,0,background
5339,mizoram,6785387.460204213,-1515967.1591354697,0,background
5340,mizoram,6810939.068431744,-1483479.1835671894,0,background
5341,mizoram,6824743.477525633,-1491711.7609560192,0,background
5342,mizoram,6823309.931264328,-1501376.2274363802,0,background
5343,mizoram,6788438.727651621,-1496920.0390495092,0,background
5344,mizoram,6829233.764449713,-1510417.2644648845,0,background
5345,mizoram,6786492.299188559,-1592530.8465440369,0,background
5346,mizoram,6812509.225206099,-1565085.9508824712,0,background
5347,mizoram,6831630.019647378,-1515190.6218507825,0,background
5348,mizoram,6841563.87946963,-1527270.8139843012,0,background
5349,mizoram,6819752.8864302,-1569514.1611546057,0,background
5350,mizoram,6947406.488336653,-1592852.0509180124,0,background
5351,mizoram,6787046.947023758,-1596539.6730717518,0,background
5352,mizoram,6809429.759595798,-1484266.6819495051,0,background
5353,mizoram,6842315.845809425,-1501005.2018432957,0,background
5354,mizoram,6866968.841192741,-1509837.8958249432,0,background
5355,mizoram,6832758.6213699775,-1570051.1349087846,0,background
5356,mizoram,6832317.51620194,-1573491.15228294,0,background
5357,mizoram,6958708.4343475,-1555577.8536161124,0,background
5358,mizoram,6815856.487488291,-1499034.8898533625,0,background
5359,mizoram,6787391.317072403,-1494116.3133310394,0,background
5360,mizoram,6788919.38669639,-1596790.9162945882,0,background
5361,mizoram,6866817.088378963,-1522523.9145506609,0,background
5362,mizoram,6931149.49287179,-1574939.6909988846,0,background
5363,mizoram,6895616.824401757,-1605150.1530243391,0,background
5364,mizoram,6833283.186715964,-1494544.9172493892,0,background
5365,mizoram,6817513.459784627,-1507088.924419581,0,background
5366,mizoram,6872897.298625089,-1538543.9192812173,0,background
5367,mizoram,6869268.941656518,-1586710.2364274098,0,background
5368,mizoram,6838947.323572407,-1507686.6411186832,0,background
5369,mizoram,6853915.096553284,-1509994.8388646808,0,background
5370,mizoram,6833474.319659741,-1522255.5739850998,0,background
5371,mizoram,6893281.147158699,-1589284.3087657902,0,background
5372,mizoram,6789491.283073147,-1514200.1496976237,0,background
5373,mizoram,6832619.950405452,-1510313.1340749753,0,background
5374,mizoram,6835101.982747459,-1578345.1248067752,0,background
5375,mizoram,6832744.176477048,-1499113.775016921,0,background
5376,mizoram,6749398.817940055,-1541297.3457536928,0,background
5377,mizoram,6827483.987244429,-1494502.145917655,0,background
5378,mizoram,6833159.397112896,-1502485.6201517126,0,background
5379,mizoram,6877402.893199416,-1513144.438469384,0,background
5380,mizoram,6781092.290850512,-1597664.7203910314,0,background
5381,mizoram,6835540.8993270565,-1497883.2881495554,0,background
5382,mizoram,6789148.089079474,-1509967.092869723,0,background
5383,mizoram,6759820.663190323,-1529754.05500371,0,background
5384,mizoram,6879284.081325048,-1600079.5517591026,0,background
5385,mizoram,6873865.384832025,-1516074.8500653817,0,background
5386,mizoram,6845234.0147828385,-1513233.791539686,0,background
5387,mizoram,6878540.974117191,-1510459.9968431261,0,background
5388,mizoram,6870500.247350541,-1513199.0734749201,0,background
5389,mizoram,6866212.583601736,-1523457.9674652687,0,background
5390,mizoram,6841763.990522105,-1501861.021965366,0,background
5391,mizoram,6800285.313735118,-1499828.6247739755,0,background
5392,mizoram,6811348.091875728,-1488100.1912554319,0,background
5393,mizoram,6816252.750673266,-1504782.4079852903,0,background
5394,mizoram,6786079.378436861,-1503664.5198209041,0,background
5395,mizoram,6870267.053241993,-1521837.6412732066,0,background
5396,mizoram,6782561.875667062,-1517002.9251399853,0,background
5397,mizoram,6829980.099101018,-1504779.5771655892,0,background
5398,mizoram,6818728.481168683,-1500554.163408233,0,background
5399,mizoram,6836402.553189982,-1518452.632327779,0,background
5400,mizoram,6869638.189492117,-1525343.3415866492,0,background
5401,mizoram,6815353.063265451,-1498368.9842457385,0,background
5402,mizoram,6874818.114912874,-1529993.738503678,0,background
5403,mizoram,6843816.987570682,-1502642.1154716702,0,background
5404,mizoram,6815942.827998736,-1499570.2144919485,0,background
5405,mizoram,6901042.919828474,-1565482.480270401,0,background
5406,mizoram,6898581.319988734,-1601529.0809561685,0,background
5407,mizoram,6934881.272538891,-1586235.1771345895,0,background
5408,mizoram,6816573.512211819,-1514615.1237509493,0,background
5409,mizoram,6855828.313701265,-1511323.0124704204,0,background
5410,mizoram,6834366.487167483,-1516473.3647558878,0,background
5411,mizoram,6780265.871678359,-1517592.6317631286,0,background
5412,mizoram,6770444.329062542,-1544103.1129198167,0,background
5413,mizoram,6856203.426428348,-1578038.0668109811,0,background
5414,mizoram,6867710.213002366,-1510417.4944764604,0,background
5415,mizoram,6808478.72432147,-1504667.6980754298,0,background
5416,mizoram,6785694.190472137,-1513163.0216279074,0,background
5417,mizoram,6896906.880602737,-1605224.4813887628,0,background
5418,mizoram,6873676.300617533,-1510360.5269453344,0,background
5419,mizoram,6759262.747533651,-1544076.20175285,0,background
5420,mizoram,6779095.5062541235,-1498220.6997217385,0,background
5421,mizoram,6811989.073428855,-1488426.7978253367,0,background
5422,mizoram,6896153.161175003,-1561910.651421352,0,background
5423,mizoram,6763432.537048233,-1559342.6991236487,0,background
5424,mizoram,6759791.29089832,-1546236.0962086653,0,background
5425,mizoram,6866611.887577171,-1538346.7323834149,0,background
5426,mizoram,6863554.006345488,-1601872.8512325934,0,background
5427,mizoram,6826111.76237771,-1501197.8924574766,0,background
5428,mizoram,6870892.948236841,-1586043.228032587,0,background
5429,mizoram,6869082.057845917,-1516858.2446610404,0,background
5430,mizoram,6831955.876058009,-1514243.4337237861,0,background
5431,mizoram,6818793.866530989,-1515798.982624679,0,background
5432,mizoram,6832929.482359995,-1510034.6706755583,0,background
5433,mizoram,6840748.728862726,-1517850.430495169,0,background
5434,mizoram,6921625.664099692,-1619307.6565619227,0,background
5435,mizoram,6874226.703680764,-1531154.2040532127,0,background
5436,mizoram,6791589.423562679,-1511535.921164935,0,background
5437,mizoram,6830187.991514574,-1498006.6250238887,0,background
5438,mizoram,6867081.075305193,-1597929.0625854395,0,background
5439,mizoram,6817234.927316214,-1505236.146879893,0,background
5440,mizoram,6877755.603140896,-1597794.9490932506,0,background
5441,mizoram,6850165.344411076,-1507240.307293836,0,background
5442,mizoram,6828671.958813594,-1495856.7513808543,0,background
5443,mizoram,6891366.415642004,-1606405.8321937555,0,background
5444,mizoram,6825929.414292056,-1601747.458314569,0,background
5445,mizoram,6825507.306373876,-1575960.138368655,0,background
5446,mizoram,6844341.0287127085,-1515414.1425495709,0,background
5447,mizoram,6937074.589683576,-1581044.6100376563,0,background
5448,mizoram,6821048.171982795,-1501830.2198338117,0,background
5449,mizoram,6877830.561157289,-1518469.0776096224,0,background
5450,mizoram,6761050.40935578,-1505028.1907555717,0,background
5451,mizoram,6844049.8203147575,-1508317.1916837872,0,background
5452,mizoram,6900078.682939666,-1599608.6286982913,0,background
5453,mizoram,6832687.3105431525,-1499663.3152010825,0,background
5454,mizoram,6884412.0023657875,-1594566.8002284046,0,background
5455,mizoram,6788152.5205391925,-1494765.0827285512,0,background
5456,mizoram,6845039.554693796,-1515494.2278440837,0,background
5457,mizoram,6829536.834969637,-1576038.1976894871,0,background
5458,mizoram,6876890.563322466,-1536780.6990082718,0,background
5459,mizoram,6900806.901422075,-1562689.3035425704,0,background
5460,mizoram,6825984.882641439,-1574655.4542740127,0,background
5461,mizoram,6787647.61141045,-1601935.0664592043,0,background
5462,mizoram,6883780.08919552,-1578074.3921044387,0,background
5463,mizoram,6834065.296766483,-1579018.3542188907,0,background
5464,mizoram,6782759.219689495,-1518945.3691142204,0,background
5465,mizoram,6760702.410046441,-1544063.6291021828,0,background
5466,mizoram,6831452.8523548255,-1509323.9445593492,0,background
5467,mizoram,6843265.691408053,-1512681.4530855967,0,background
5468,mizoram,6945173.907012363,-1596294.3404017151,0,background
5469,mizoram,6786296.21916424,-1506438.6827936175,0,background
5470,mizoram,6933935.913533792,-1582832.0156059181,0,background
5471,mizoram,6829006.520330607,-1510904.248818422,0,background
5472,mizoram,6803918.54359311,-1499097.9668733552,0,background
5473,mizoram,6808950.561124075,-1486607.5683265212,0,background
5474,mizoram,6863405.262682812,-1517152.9133592052,0,background
5475,mizoram,6837595.535355558,-1503339.8747906797,0,background
5476,mizoram,6833853.125852757,-1508208.295053088,0,background
5477,mizoram,6807544.850520049,-1500580.2366016316,0,background
5478,mizoram,6934959.616939761,-1567134.837133856,0,background
5479,mizoram,6859413.510100447,-1598294.426738939,0,background
5480,mizoram,6877343.583083347,-1541535.0677594347,0,background
5481,mizoram,6928554.270295712,-1581997.8307677794,0,background
5482,mizoram,6873278.934724818,-1515161.2071280228,0,background
5483,mizoram,6773430.866713373,-1528594.452821215,0,background
5484,mizoram,6890158.785003276,-1529436.666141883,0,background
5485,mizoram,6874679.873998549,-1523859.3529728127,0,background
5486,mizoram,6786862.6201281,-1539743.795349137,0,background
5487,mizoram,6889782.811289652,-1583294.2759136655,0,background
5488,mizoram,6845023.333600444,-1511983.8986830702,0,background
5489,mizoram,6856461.1701858025,-1513235.5977745529,0,background
5490,mizoram,6870472.728977202,-1510140.8093767287,0,background
5491,mizoram,6818704.796291732,-1513135.291904582,0,background
5492,mizoram,6871779.339885874,-1518356.9643439383,0,background
5493,mizoram,6954191.509086721,-1552522.4641506302,0,background
5494,mizoram,6899046.959998335,-1600752.9241459293,0,background
5495,mizoram,6885724.651102216,-1576283.1792078267,0,background
5496,mizoram,6927014.128478045,-1584929.655574669,0,background
5497,mizoram,6837142.49950655,-1516197.0114929238,0,background
5498,mizoram,6957271.746842041,-1594727.6658459145,0,background
5499,mizoram,6817609.011112786,-1512534.7269896765,0,background
5500,mizoram,6789413.464411155,-1599433.5924315278,0,background
5501,mizoram,6786533.404862402,-1493360.9751947161,0,background
5502,mizoram,6921470.645554889,-1623508.5494570644,0,background
5503,mizoram,6781817.8443374615,-1518644.2602805982,0,background
5504,mizoram,6780792.639320553,-1509139.5174763035,0,background
5505,mizoram,6884106.852184867,-1598663.8271088041,0,background
5506,mizoram,6832829.812341289,-1510814.0579861386,0,background
5507,mizoram,6960573.982584228,-1557890.638760555,0,background
5508,mizoram,6883729.941822559,-1597927.4917328958,0,background
5509,mizoram,6790395.099662648,-1512878.7180639668,0,background
5510,mizoram,6837102.811624979,-1506779.7578054706,0,background
5511,mizoram,6905219.530590248,-1566035.3249904534,0,background
5512,mizoram,6827846.202282019,-1575675.1404977455,0,background
5513,mizoram,6837999.721885994,-1584415.6877001284,0,background
5514,mizoram,6872199.316657799,-1587151.218216534,0,background
5515,mizoram,6789730.665232256,-1517681.798000355,0,background
5516,mizoram,6874917.438077263,-1521060.9770152532,0,background
5517,mizoram,6792744.037679559,-1554968.7132938837,0,background
5518,mizoram,6752552.404683752,-1544527.5519540836,0,background
5519,mizoram,6868819.993403785,-1591960.6570624227,0,background
5520,mizoram,6906049.131711939,-1612507.160034186,0,background
5521,mizoram,6934785.9873445425,-1571628.0992845707,0,background
5522,mizoram,6874048.184250249,-1521706.3609176094,0,background
5523,mizoram,6946287.442192808,-1599900.765489678,0,background
5524,mizoram,6844068.203219991,-1515239.0083560203,0,background
5525,mizoram,6843997.906481089,-1506327.1657554235,0,background
5526,mizoram,6884502.890506685,-1582170.0552436172,0,background
5527,mizoram,6825436.399688573,-1492548.2788861454,0,background
5528,mizoram,6767539.101613129,-1559785.6768052888,0,background
5529,mizoram,6848328.491274014,-1502595.059998735,0,background
5530,mizoram,6782263.770880632,-1499500.6721990316,0,background
5531,mizoram,6798836.708757303,-1601117.2420974313,0,background
5532,mizoram,6896054.827152081,-1564750.6027689718,0,background
5533,mizoram,6787728.366910571,-1616934.1161914908,0,background
5534,mizoram,6901562.180343204,-1563976.5356357472,0,background
5535,mizoram,6900936.8782344125,-1601331.044224562,0,background
5536,mizoram,6880046.342707618,-1543763.7923652038,0,background
5537,mizoram,6857612.839242967,-1502956.9966617776,0,background
5538,mizoram,6791791.240249612,-1598779.7160316454,0,background
5539,mizoram,6862332.239456434,-1600075.2782775278,0,background
5540,mizoram,6826991.243574848,-1491274.6432561968,0,background
5541,mizoram,6863330.494753344,-1600880.94304269,0,background
5542,mizoram,6755870.00019007,-1546960.0342835607,0,background
5543,mizoram,6829728.572844672,-1515940.0878696695,0,background
5544,mizoram,6948763.344516422,-1591584.8924651982,0,background
5545,mizoram,6816953.317213369,-1504331.8036334568,0,background
5546,mizoram,6772290.763852295,-1527875.6956860567,0,background
5547,mizoram,6946765.122211819,-1598235.3809895033,0,background
5548,mizoram,6886453.610476897,-1580302.394044328,0,background
5549,mizoram,6816158.097328809,-1504032.2260686718,0,background
5550,mizoram,6898222.881624587,-1566040.2554383557,0,background
5551,mizoram,6893041.932199118,-1591398.5448681344,0,background
5552,mizoram,6894980.041220466,-1604248.3805964582,0,background
5553,mizoram,6834841.001712166,-1520092.8661696562,0,background
5554,mizoram,6871741.795707381,-1600744.8504895996,0,background
5555,mizoram,6826340.998844639,-1498316.158599936,0,background
5556,mizoram,6879235.091709209,-1536479.1330052407,0,background
5557,mizoram,6879824.74844307,-1598700.0645417292,0,background
5558,mizoram,6904630.32230381,-1565343.49844232,0,background
5559,mizoram,6804539.4098192025,-1501604.9487759538,0,background
5560,mizoram,6889759.864230918,-1581035.0401816973,0,background
5561,mizoram,6801615.781677698,-1499247.558732506,0,background
5562,mizoram,6842944.066730403,-1507978.979530462,0,background
5563,mizoram,6832535.197069329,-1519459.304997353,0,background
5564,mizoram,6938111.630485808,-1592237.4912652327,0,background
5565,mizoram,6833513.624462723,-1501743.810220467,0,background
5566,mizoram,6937953.853706499,-1592819.348665994,0,background
5567,mizoram,6865955.967856974,-1569560.0927192837,0,background
5568,mizoram,6870554.690342294,-1512022.1944436207,0,background
5569,mizoram,6884454.715884021,-1592984.54262439,0,background
5570,mizoram,6826282.471862222,-1493070.151395484,0,background
5571,mizoram,6917568.6401794525,-1571405.31842747,0,background
5572,mizoram,6782951.63195788,-1508140.408955888,0,background
5573,mizoram,6836762.676941378,-1516759.9602505125,0,background
5574,mizoram,6891807.623659197,-1536904.9018371652,0,background
5575,mizoram,6874405.60483754,-1532398.6052333934,0,background
5576,mizoram,6790619.784736376,-1513719.0192860733,0,background
5577,mizoram,6781815.973757633,-1598297.6845483251,0,background
5578,mizoram,6783754.821619619,-1593611.1841964214,0,background
5579,mizoram,6781922.329250918,-1598464.325823721,0,background
5580,mizoram,6782138.21443075,-1519912.9706510156,0,background
5581,mizoram,6865615.973717587,-1597801.8463008462,0,background
5582,mizoram,6846088.170078558,-1511140.561804529,0,background
5583,mizoram,6790041.565416833,-1600301.3356198024,0,background
5584,mizoram,6838273.877133411,-1524419.7187489583,0,background
5585,mizoram,6933605.389167697,-1584324.0846029816,0,background
5586,mizoram,6937145.311272899,-1581414.6132426783,0,background
5587,mizoram,6890550.882799714,-1596081.0297950238,0,background
5588,mizoram,6786267.94077954,-1501640.3007870193,0,background
5589,mizoram,6775684.959214877,-1544864.0475687652,0,background
5590,mizoram,6858805.582366355,-1596132.9130117474,0,background
5591,mizoram,6820474.256448915,-1486592.7550256099,0,background
5592,mizoram,6830913.963295667,-1500786.8620437232,0,background
5593,mizoram,6910282.516808476,-1542483.6971686506,0,background
5594,mizoram,6807892.827103404,-1485982.594945026,0,background
5595,mizoram,6781614.125724895,-1509964.599172506,0,background
5596,mizoram,6823286.575209053,-1487076.3350053146,0,background
5597,mizoram,6933823.647973968,-1580704.1833452694,0,background
5598,mizoram,6813110.194747314,-1498877.839994991,0,background
5599,mizoram,6934507.518424518,-1585566.4914975434,0,background
5600,mizoram,6832996.950412365,-1502342.0969870286,0,background
5601,mizoram,6781333.309518279,-1519969.2665998118,0,background
5602,mizoram,6780054.765618175,-1597775.7373034183,0,background
5603,mizoram,6864281.196461262,-1510076.6815016847,0,background
5604,mizoram,6892050.821262496,-1560590.4594809439,0,background
5605,mizoram,6789592.8943924345,-1512993.121012577,0,background
5606,mizoram,6788086.589093326,-1596106.992542677,0,background
5607,mizoram,6867372.759301779,-1534660.808784425,0,background
5608,mizoram,6951051.284499377,-1604990.2502588842,0,background
5609,mizoram,6834019.567294085,-1508890.8610174586,0,background
5610,mizoram,6877964.149569201,-1536876.3938020088,0,background
5611,mizoram,6876255.719884006,-1519328.5275124055,0,background
5612,mizoram,6755963.473184178,-1528337.7798538634,0,background
5613,mizoram,6753383.411105437,-1546509.9683046136,0,background
5614,mizoram,6835012.569178575,-1521445.6841774527,0,background
5615,mizoram,6825333.546948859,-1575196.6008088973,0,background
5616,mizoram,6957099.672004249,-1557146.864408176,0,background
5617,mizoram,6811560.749870123,-1482896.212003268,0,background
5618,mizoram,6835748.753371751,-1514693.7874569853,0,background
5619,mizoram,6816437.74464027,-1497414.401234365,0,background
5620,mizoram,6781157.798364362,-1498616.6813893009,0,background
5621,mizoram,6837327.760408288,-1505955.8424834365,0,background
5622,mizoram,6808480.606731655,-1500006.0614892247,0,background
5623,mizoram,6827954.823125277,-1513935.1310971042,0,background
5624,mizoram,6810369.765771253,-1576153.7415046536,0,background
5625,mizoram,6783697.175468324,-1605348.1923522044,0,background
5626,mizoram,6861220.55641534,-1507002.5211543553,0,background
5627,mizoram,6878606.966009044,-1512836.4938127245,0,background
5628,mizoram,6894003.9372766735,-1527579.0771980565,0,background
5629,mizoram,6846696.634703904,-1513017.7020615372,0,background
5630,mizoram,6812933.124426639,-1496844.5451972585,0,background
5631,mizoram,6760665.015593071,-1530658.1824778272,0,background
5632,mizoram,6893130.777689624,-1598092.640186401,0,background
5633,mizoram,6875560.137997766,-1515874.0719087787,0,background
5634,mizoram,6859046.296350632,-1506535.050046626,0,background
5635,mizoram,6856589.88095107,-1577875.8089862203,0,background
5636,mizoram,6934311.668087925,-1567016.8933200145,0,background
5637,mizoram,6818708.727186286,-1487419.7706407448,0,background
5638,mizoram,6881590.477475121,-1596222.6291820148,0,background
5639,mizoram,6889143.454274812,-1602468.9834051393,0,background
5640,mizoram,6815441.252313606,-1499793.454370852,0,background
5641,mizoram,6831627.516573278,-1508920.7470705698,0,background
5642,mizoram,6959463.278125622,-1559246.7536771141,0,background
5643,mizoram,6888474.702398392,-1534482.361338327,0,background
5644,mizoram,6926102.815153025,-1595202.2308647367,0,background
5645,mizoram,6901560.752389222,-1566832.248976825,0,background
5646,mizoram,6831689.829788252,-1508268.9739721706,0,background
5647,mizoram,6866688.736040766,-1592348.4593487,0,background
5648,mizoram,6892251.985115731,-1607879.266020013,0,background
5649,mizoram,6903367.527846732,-1570030.1387738646,0,background
5650,mizoram,6873061.492656556,-1513514.4742900508,0,background
5651,mizoram,6840962.157999775,-1526529.206094055,0,background
5652,mizoram,6830631.41742708,-1624622.535873059,0,background
5653,mizoram,6872594.179164153,-1518539.3526327105,0,background
5654,mizoram,6816944.322228604,-1512563.887556476,0,background
5655,mizoram,6809663.682325845,-1563171.7863743436,0,background
5656,mizoram,6837463.0389715135,-1515458.9224551711,0,background
5657,mizoram,6883179.000784266,-1515820.7312014964,0,background
5658,mizoram,6752235.5153704425,-1544180.1307360656,0,background
5659,mizoram,6783617.237741152,-1598841.7862697146,0,background
5660,mizoram,6891833.470539487,-1597802.1813672003,0,background
5661,mizoram,6924977.727283351,-1586258.8152129352,0,background
5662,mizoram,6883988.74593346,-1581646.265213553,0,background
5663,mizoram,6828724.5380863445,-1499796.359868097,0,background
5664,mizoram,6867425.907540997,-1521811.6670925608,0,background
5665,mizoram,6841422.962593635,-1528632.0150609168,0,background
5666,mizoram,6862329.136291988,-1598722.170342773,0,background
5667,mizoram,6923852.954451551,-1594333.016187073,0,background
5668,mizoram,6796075.6051553665,-1598013.6511311573,0,background
5669,mizoram,6812006.256574889,-1501367.2817733372,0,background
5670,mizoram,6796160.027519734,-1621758.9040117706,0,background
5671,mizoram,6846799.672805287,-1560603.987173651,0,background
5672,mizoram,6860315.89189691,-1594705.2680353026,0,background
5673,mizoram,6875976.559111476,-1598659.984550967,0,background
5674,mizoram,6881068.875568539,-1509753.8793318276,0,background
5675,mizoram,6875266.83963918,-1599274.2108646776,0,background
5676,mizoram,6892523.217168417,-1524615.4532121103,0,background
5677,mizoram,6783437.352225625,-1495226.52435629,0,background
5678,mizoram,6868235.587956098,-1515965.7061846931,0,background
5679,mizoram,6794933.336767374,-1620940.143305453,0,background
5680,mizoram,6863184.8754458325,-1568478.8711978965,0,background
5681,mizoram,6837126.756836611,-1500839.128138705,0,background
5682,mizoram,6877069.253249725,-1598664.8500974537,0,background
5683,mizoram,6845492.051205055,-1527264.7076915826,0,background
5684,mizoram,6807348.720761649,-1496891.812150319,0,background
5685,mizoram,6831642.005010214,-1492342.5624802087,0,background
5686,mizoram,6918093.324660758,-1572826.1400220885,0,background
5687,mizoram,6803929.510874972,-1497752.2071356722,0,background
5688,mizoram,6896676.890751878,-1594451.5694345166,0,background
5689,mizoram,6798871.329734784,-1500430.38350707,0,background
5690,mizoram,6912055.242616238,-1617808.1587669055,0,background
5691,mizoram,6820486.389828544,-1514726.7936469386,0,background
5692,mizoram,6782321.783545049,-1510059.9801355468,0,background
5693,mizoram,6824896.789878763,-1489154.9427787014,0,background
5694,mizoram,6860115.273902859,-1595825.7199235498,0,background
5695,mizoram,6873804.435970577,-1530535.6505052226,0,background
5696,mizoram,6804273.833189514,-1499392.5045781196,0,background
5697,mizoram,6755182.394893797,-1543786.0802902726,0,background
5698,mizoram,6949694.334671772,-1589645.6999359184,0,background
5699,mizoram,6788395.1827179715,-1513518.1078691026,0,background
5700,mizoram,6891056.744756792,-1536397.409899751,0,background
5701,mizoram,6890410.614802341,-1600051.320244344,0,background
5702,mizoram,6831793.2479786975,-1576507.8968387228,0,background
5703,mizoram,6897431.405395449,-1567227.4323824034,0,background
5704,mizoram,6875082.7284054905,-1534132.331929162,0,background
5705,mizoram,6940121.894693375,-1592915.8560715711,0,background
5706,mizoram,6838806.5110098645,-1509977.871211833,0,background
5707,mizoram,6787159.786286396,-1497327.439790271,0,background
5708,mizoram,6865589.76106111,-1510851.3663399417,0,background
5709,mizoram,6762470.503120049,-1560167.9096840518,0,background
5710,mizoram,6863487.998102994,-1509407.420391808,0,background
5711,mizoram,6885773.011085097,-1600105.3874472314,0,background
5712,mizoram,6838787.786722499,-1502397.5458510579,0,background
5713,mizoram,6811862.25917919,-1498985.5183482429,0,background
5714,mizoram,6780185.079250228,-1517012.5222702695,0,background
5715,mizoram,6827189.225277765,-1504513.415479107,0,background
5716,mizoram,6844776.382780633,-1515592.7138732213,0,background
5717,mizoram,6858700.357348237,-1595608.4093060836,0,background
5718,mizoram,6849600.379936748,-1508469.5084609927,0,background
5719,mizoram,6829409.923478751,-1500294.2712480945,0,background
5720,mizoram,6909375.356529312,-1543559.1755114675,0,background
5721,mizoram,6870360.148256217,-1584960.8616202243,0,background
5722,mizoram,6820815.563014659,-1496915.036007982,0,background
5723,mizoram,6834842.727759062,-1494045.4065938643,0,background
5724,mizoram,6960901.014706974,-1556709.4129789292,0,background
5725,mizoram,6769342.342594718,-1544013.327747181,0,background
5726,mizoram,6890764.874805219,-1605328.1876188673,0,background
5727,mizoram,6815987.057978428,-1501076.917374708,0,background
5728,mizoram,6902505.352929872,-1570437.663610893,0,background
5729,mizoram,6879513.4714866495,-1600150.1823011637,0,background
5730,mizoram,6840015.099205211,-1508601.1585522324,0,background
5731,mizoram,6882231.145674888,-1599533.1774951627,0,background
5732,mizoram,6869377.931162341,-1533770.2300856889,0,background
5733,mizoram,6789230.9315139735,-1620497.8282879398,0,background
5734,mizoram,6901209.514644286,-1563454.592700934,0,background
5735,mizoram,6870170.69830237,-1590603.008776941,0,background
5736,mizoram,6787124.566725169,-1494413.0377171098,0,background
5737,mizoram,6879963.000465004,-1598645.352686974,0,background
5738,mizoram,6853511.7796878405,-1575729.6439911083,0,background
5739,mizoram,6761569.378399947,-1544211.7082654506,0,background
5740,mizoram,6819451.397600211,-1501434.0392809603,0,background
5741,mizoram,6780435.888402938,-1499171.803803591,0,background
5742,mizoram,6883439.957649302,-1579015.196804108,0,background
5743,mizoram,6871145.419246152,-1586685.8738768045,0,background
5744,mizoram,6885548.517320262,-1582165.7881084871,0,background
5745,mizoram,6892797.971079484,-1603008.8225181447,0,background
5746,mizoram,6827284.249914324,-1494314.3347041663,0,background
5747,mizoram,6893900.897329182,-1601154.754599103,0,background
5748,mizoram,6915253.439849043,-1571757.3596787285,0,background
5749,mizoram,6937522.045863756,-1582818.5955396749,0,background
5750,mizoram,6834599.430321652,-1498213.97297444,0,background
5751,mizoram,6858795.226216414,-1504579.8864582998,0,background
5752,mizoram,6878807.029444204,-1545370.4597925646,0,background
5753,mizoram,6889942.251362969,-1562089.8192703587,0,background
5754,mizoram,6878631.980341838,-1517002.2666694624,0,background
5755,mizoram,6918796.806963979,-1570672.2271358583,0,background
5756,mizoram,6877656.942534546,-1599611.3241311754,0,background
5757,mizoram,6899713.7355459025,-1567325.119271845,0,background
5758,mizoram,6860292.206699021,-1594558.2832356447,0,background
5759,mizoram,6854343.122371092,-1575560.820118084,0,background
5760,mizoram,6846822.295870271,-1503205.1350564368,0,background
5761,mizoram,6844113.782365,-1526706.689594193,0,background
5762,mizoram,6751426.772206637,-1529055.9891616108,0,background
5763,mizoram,6856000.931384383,-1511315.8401953476,0,background
5764,mizoram,6857049.663060308,-1504986.0134396146,0,background
5765,mizoram,6782723.27912434,-1509259.6651420365,0,background
5766,mizoram,6863213.296130664,-1515619.3435350645,0,background
5767,mizoram,6833465.437837446,-1569436.1144552059,0,background
5768,mizoram,6891445.876472556,-1526913.2818344024,0,background
5769,mizoram,6889579.556503832,-1533922.1519874113,0,background
5770,mizoram,6886872.992294393,-1594762.539518829,0,background
5771,mizoram,6869363.60003615,-1517926.2126038088,0,background
5772,mizoram,6770589.377739728,-1529841.5898809764,0,background
5773,mizoram,6842241.492992137,-1517910.6710964348,0,background
5774,mizoram,6754452.373247454,-1546258.0699664163,0,background
5775,mizoram,6836681.096604844,-1496864.7083528878,0,background
5776,mizoram,6928686.116325549,-1576619.5084081378,0,background
5777,mizoram,6898825.489164285,-1594538.1996719206,0,background
5778,mizoram,6754086.933357679,-1542718.0164620539,0,background
5779,mizoram,6862630.239446971,-1507971.9276659044,0,background
5780,mizoram,6786385.7216987815,-1517447.0864224588,0,background
5781,mizoram,6906751.034254415,-1614608.7372243016,0,background
5782,mizoram,6878519.623614277,-1517611.1194946575,0,background
5783,mizoram,6784459.145651169,-1514102.4284241593,0,background
5784,mizoram,6879815.141099185,-1539282.1026588036,0,background
5785,mizoram,6782140.213457427,-1593516.3286880525,0,background
5786,mizoram,6898459.946148361,-1598434.056705551,0,background
5787,mizoram,6874147.938302286,-1541249.195900403,0,background
5788,mizoram,6870183.201706098,-1599557.3712235126,0,background
5789,mizoram,6810263.534288785,-1563900.4009456849,0,background
5790,mizoram,6822775.300335858,-1515518.976982283,0,background
5791,mizoram,6822246.871374849,-1516789.7980242418,0,background
5792,mizoram,6825633.798214949,-1495603.6980333473,0,background
5793,mizoram,6795242.166804232,-1511781.8128996268,0,background
5794,mizoram,6873806.622334438,-1519484.3861858167,0,background
5795,mizoram,6792238.749654066,-1510885.6047582412,0,background
5796,mizoram,6893893.446376662,-1561995.2009886077,0,background
5797,mizoram,6768798.029649139,-1530674.7545264103,0,background
5798,mizoram,6787268.687389187,-1512768.2737562233,0,background
5799,mizoram,6813555.488362811,-1590398.916810313,0,background
5800,mizoram,6786091.816917406,-1602172.892838041,0,background
5801,mizoram,6823275.355096443,-1488521.3940037587,0,background
5802,mizoram,6786076.877771176,-1604616.770977093,0,background
5803,mizoram,6802584.802014472,-1499943.9639356618,0,background
5804,mizoram,6861021.838987709,-1598900.3924305711,0,background
5805,mizoram,6847008.436405146,-1510850.789384065,0,background
5806,mizoram,6902339.697129179,-1568714.7117283198,0,background
5807,mizoram,6875379.583082507,-1532832.0416039096,0,background
5808,mizoram,6753424.372168126,-1545510.3872256074,0,background
5809,mizoram,6871912.789229942,-1519995.7908955673,0,background
5810,mizoram,6758136.714145988,-1541481.6024162816,0,background
5811,mizoram,6884866.35597538,-1578304.5727813574,0,background
5812,mizoram,6818127.449290289,-1516084.824754054,0,background
5813,mizoram,6896679.664851166,-1597835.9766369192,0,background
5814,mizoram,6837109.104521594,-1527251.87226882,0,background
5815,mizoram,6874209.303743818,-1520667.427115509,0,background
5816,mizoram,6900017.55996192,-1568901.044810704,0,background
5817,mizoram,6896124.634487397,-1595548.7082456893,0,background
5818,mizoram,6786049.188131462,-1502712.0072047063,0,background
5819,mizoram,6811782.585445521,-1485653.0302325278,0,background
5820,mizoram,6866497.200594028,-1519702.716727619,0,background
5821,mizoram,6889829.092127827,-1604229.8860783176,0,background
5822,mizoram,6762984.095542099,-1542807.239771647,0,background
5823,mizoram,6865774.060738344,-1536155.9166289538,0,background
5824,mizoram,6825582.810667956,-1503626.1390275226,0,background
5825,mizoram,6767322.838445532,-1558784.2701125236,0,background
5826,mizoram,6843605.976798125,-1518684.495214214,0,background
5827,mizoram,6933942.574061732,-1582810.3062713426,0,background
5828,mizoram,6876482.24818425,-1520239.0529671493,0,background
5829,mizoram,6795269.9899402335,-1556746.6446578365,0,background
5830,mizoram,6831189.310307183,-1496863.017190486,0,background
5831,mizoram,6887019.154539089,-1596364.2145632117,0,background
5832,mizoram,6836972.031090331,-1506089.536323499,0,background
5833,mizoram,6873379.695929994,-1515104.5147472196,0,background
5834,mizoram,6939707.529114664,-1592736.3823532106,0,background
5835,mizoram,6832720.175681655,-1579512.3120700095,0,background
5836,mizoram,6907339.35470468,-1616220.7552701328,0,background
5837,mizoram,6943863.2237387225,-1601929.9206469217,0,background
5838,mizoram,6785656.469770945,-1511998.153901165,0,background
5839,mizoram,6869135.781432118,-1597833.6651529258,0,background
5840,mizoram,6885214.044759409,-1583632.372022367,0,background
5841,mizoram,6769991.462516364,-1525008.017397752,0,background
5842,mizoram,6892767.541577502,-1591363.7811068103,0,background
5843,mizoram,6788163.907052213,-1512710.6109386103,0,background
5844,mizoram,6848583.915026024,-1512806.7347352854,0,background
5845,mizoram,6832691.443359362,-1573002.6905449517,0,background
5846,mizoram,6781023.89522602,-1514402.4357852575,0,background
5847,mizoram,6926776.278264357,-1577333.9133181048,0,background
5848,mizoram,6868895.876544169,-1505289.4759646878,0,background
5849,mizoram,6864853.0050191535,-1510074.4486606412,0,background
5850,mizoram,6956146.361136333,-1554772.9871976485,0,background
5851,mizoram,6924734.263001234,-1594246.833702513,0,background
5852,mizoram,6752665.683253825,-1542934.2110684898,0,background
5853,mizoram,6788856.954910275,-1484203.9869707883,0,background
5854,mizoram,6834995.003848411,-1578050.1369484589,0,background
5855,mizoram,6758082.997618741,-1543355.572010435,0,background
5856,mizoram,6865882.38594808,-1537648.9144999252,0,background
5857,mizoram,6837699.17135828,-1513551.403512331,0,background
5858,mizoram,6881555.698578246,-1512646.4755577445,0,background
5859,mizoram,6900257.978199811,-1605896.07960012,0,background
5860,mizoram,6894998.008879072,-1602516.679574553,0,background
5861,mizoram,6838980.856156449,-1525395.2443007396,0,background
5862,mizoram,6787575.158958766,-1602899.144180312,0,background
5863,mizoram,6916119.338736141,-1572707.1225161122,0,background
5864,mizoram,6872803.170216706,-1513513.5127861162,0,background
5865,mizoram,6876983.419560161,-1537594.0567930867,0,background
5866,mizoram,6845280.373635078,-1562092.8855218815,0,background
5867,mizoram,6846108.929315105,-1505228.5782783038,0,background
5868,mizoram,6892579.2888395265,-1605180.8532889376,0,background
5869,mizoram,6876912.716028704,-1511651.1940933124,0,background
5870,mizoram,6899507.128765441,-1600168.6637953802,0,background
5871,mizoram,6809346.242306345,-1500802.4838362755,0,background
5872,mizoram,6822515.611486475,-1492901.8503902897,0,background
5873,mizoram,6783176.280688892,-1513861.988426684,0,background
5874,mizoram,6809605.818883093,-1563270.491087991,0,background
5875,mizoram,6864919.619893865,-1517154.4524674846,0,background
5876,mizoram,6792156.430097905,-1482841.4583139964,0,background
5877,mizoram,6875601.27872908,-1527560.0161124447,0,background
5878,mizoram,6878382.737651978,-1513270.724150108,0,background
5879,mizoram,6886957.055283466,-1582164.8681069491,0,background
5880,mizoram,6814626.249521342,-1589430.925340606,0,background
5881,mizoram,6847039.699325816,-1518549.1464365625,0,background
5882,mizoram,6754971.974930545,-1527294.1902606746,0,background
5883,mizoram,6895493.9628628995,-1526423.6026993892,0,background
5884,mizoram,6835635.297189018,-1515568.2881964715,0,background
5885,mizoram,6836359.48338046,-1495531.859621034,0,background
5886,mizoram,6924239.582697077,-1594516.0023376876,0,background
5887,mizoram,6917341.506187503,-1620419.059441549,0,background
5888,mizoram,6784322.730387505,-1605746.0166234076,0,background
5889,mizoram,6873301.83909387,-1529875.4832104435,0,background
5890,mizoram,6945928.254319211,-1600669.808023458,0,background
5891,mizoram,6786830.82667347,-1607032.85751221,0,background
5892,mizoram,6761247.352407106,-1545471.8420864926,0,background
5893,mizoram,6865382.628056244,-1507983.8618787213,0,background
5894,mizoram,6889213.585330094,-1598178.803248792,0,background
5895,mizoram,6815585.941785748,-1499398.2477456778,0,background
5896,mizoram,6844191.6425901335,-1520435.432732168,0,background
5897,mizoram,6787087.818819911,-1619387.1291620706,0,background
5898,mizoram,6879664.81387494,-1538884.7754014812,0,background
5899,mizoram,6926671.386256784,-1578011.9962995816,0,background
5900,mizoram,6858830.790452809,-1506162.4614247328,0,background
5901,mizoram,6951101.358255456,-1593222.212516916,0,background
5902,mizoram,6883012.904456398,-1598049.6026422463,0,background
5903,mizoram,6867591.909015399,-1596802.550746611,0,background
5904,mizoram,6867065.405731993,-1513056.7595729784,0,background
5905,mizoram,6890211.357146062,-1598959.9629213957,0,background
5906,mizoram,6835464.9787292,-1578272.8251250817,0,background
5907,mizoram,6783921.251092523,-1602124.1825689788,0,background
5908,mizoram,6873961.00233079,-1521910.6110574561,0,background
5909,mizoram,6825123.517181134,-1497447.607609043,0,background
5910,mizoram,6932958.910661063,-1583356.7714330405,0,background
5911,mizoram,6782459.119024131,-1511155.0245976544,0,background
5912,mizoram,6934786.688609985,-1575871.6850008934,0,background
5913,mizoram,6835604.032065409,-1498209.8750762732,0,background
5914,mizoram,6958636.560878567,-1555889.1808939588,0,background
5915,mizoram,6837948.52108293,-1503078.6378973643,0,background
5916,mizoram,6846083.374787516,-1521531.4759925443,0,background
5917,mizoram,6821130.77990263,-1495808.017021137,0,background
5918,mizoram,6871036.893403541,-1525807.4582151207,0,background
5919,mizoram,6888560.57044478,-1599078.4344026404,0,background
5920,mizoram,6841607.82834831,-1499708.1746079999,0,background
5921,mizoram,6878176.558857546,-1538609.3597798953,0,background
5922,mizoram,6870905.206683358,-1529459.488099249,0,background
5923,mizoram,6820834.022549327,-1504617.9686672022,0,background
5924,mizoram,6891531.655300469,-1532032.410518664,0,background
5925,mizoram,6871568.604027575,-1588749.547023001,0,background
5926,mizoram,6840667.108746325,-1526466.0551411551,0,background
5927,mizoram,6817302.655276228,-1515290.6021613749,0,background
5928,mizoram,6812043.261500842,-1500747.025679967,0,background
5929,mizoram,6918869.167886643,-1573728.07461987,0,background
5930,mizoram,6888150.894931319,-1557988.2765614341,0,background
5931,mizoram,6876133.140513459,-1530952.580651058,0,background
5932,mizoram,6833143.002044578,-1574189.0658248584,0,background
5933,mizoram,6790048.70782518,-1510150.8123997748,0,background
5934,mizoram,6872771.539105044,-1538203.7330972261,0,background
5935,mizoram,6893531.832638154,-1535309.3246568698,0,background
5936,mizoram,6808498.733790872,-1502570.520804899,0,background
5937,mizoram,6951909.881831901,-1591439.7583612166,0,background
5938,mizoram,6886039.0798522765,-1575494.9532042774,0,background
5939,mizoram,6831491.797189734,-1492397.2140232942,0,background
5940,mizoram,6846829.839039545,-1509880.6346812488,0,background
5941,mizoram,6828265.7361731455,-1511763.6196175865,0,background
5942,mizoram,6866121.113280705,-1534174.7039438763,0,background
5943,mizoram,6773124.291334441,-1509096.1260646435,0,background
5944,mizoram,6871700.510235525,-1531231.9049243042,0,background
5945,mizoram,6784445.623343039,-1597660.5900473841,0,background
5946,mizoram,6918952.369069373,-1571836.0995644866,0,background
5947,mizoram,6798571.842422916,-1499961.8733263433,0,background
5948,mizoram,6817545.680144591,-1504972.1449169542,0,background
5949,mizoram,6834398.557166038,-1516354.7458907287,0,background
5950,mizoram,6941786.011197605,-1592376.5149980292,0,background
5951,mizoram,6873531.556567635,-1539413.5541938911,0,background
5952,mizoram,6883244.729428512,-1594074.094351319,0,background
5953,mizoram,6815583.737445497,-1514783.8862813546,0,background
5954,mizoram,6871857.481350338,-1586503.4168524535,0,background
5955,mizoram,6834229.973888215,-1511222.5161917924,0,background
5956,mizoram,6931886.030371952,-1586278.0604212033,0,background
5957,mizoram,6827233.88464554,-1493361.1772231536,0,background
5958,mizoram,6873632.011580551,-1537428.062146467,0,background
5959,mizoram,6888930.783395365,-1531451.0505511172,0,background
5960,mizoram,6876704.3791283,-1535141.107256915,0,background
5961,mizoram,6835112.572572015,-1569779.520346729,0,background
5962,mizoram,6872903.840969556,-1540802.265162069,0,background
5963,mizoram,6844606.712386628,-1501379.3138403841,0,background
5964,mizoram,6806382.753682886,-1504392.0051153037,0,background
5965,mizoram,6785997.299634501,-1511951.7394603624,0,background
5966,mizoram,6897404.422110494,-1563944.7155283056,0,background
5967,mizoram,6884639.294605298,-1599802.827329612,0,background
5968,mizoram,6867289.4098438835,-1590072.71965175,0,background
5969,mizoram,6865661.928882845,-1537259.2017129392,0,background
5970,mizoram,6784863.8404749995,-1506282.734953119,0,background
5971,mizoram,6805827.313121868,-1502355.3971336202,0,background
5972,mizoram,6814026.316420731,-1484946.2744282072,0,background
5973,mizoram,6839144.10685541,-1498187.908833088,0,background
5974,mizoram,6858899.111890407,-1505399.04190799,0,background
5975,mizoram,6808942.8845442645,-1497946.090416867,0,background
5976,mizoram,6836491.837631882,-1513434.9429373955,0,background
5977,mizoram,6840887.832724389,-1509106.7577808013,0,background
5978,mizoram,6811890.801887747,-1503686.3374769574,0,background
5979,mizoram,6786536.9542307425,-1516705.408620847,0,background
5980,mizoram,6856144.585293633,-1577200.2980055443,0,background
5981,mizoram,6913473.181774158,-1618064.4241136264,0,background
5982,mizoram,6872043.537189419,-1526299.5861301948,0,background
5983,mizoram,6892131.535194696,-1605624.3300318106,0,background
5984,mizoram,6867809.3362759845,-1515508.9666018763,0,background
5985,mizoram,6783913.727126734,-1508163.783392477,0,background
5986,mizoram,6825498.183603236,-1497565.749410408,0,background
5987,mizoram,6944814.965475001,-1600238.9776490466,0,background
5988,mizoram,6883627.701047072,-1512003.3819887473,0,background
5989,mizoram,6867793.581016451,-1534546.89307051,0,background
5990,mizoram,6878143.66987578,-1510517.0080548006,0,background
5991,mizoram,6844418.710274669,-1521959.2337403884,0,background
5992,mizoram,6859309.518011476,-1506121.705471615,0,background
5993,mizoram,6846720.960829924,-1528737.6737932332,0,background
5994,mizoram,6767845.539893665,-1559743.8107393372,0,background
5995,mizoram,6844019.415599605,-1513762.8729759206,0,background
5996,mizoram,6860258.682076384,-1597970.0487222893,0,background
5997,mizoram,6891089.675759618,-1534893.6514819183,0,background
5998,mizoram,6927750.02002329,-1580947.2357617537,0,background
5999,mizoram,6788702.531731978,-1515112.734262556,0,background
6000,mizoram,6866473.094653821,-1523262.509814981,0,background
6001,mizoram,6806801.221110942,-1503075.1127766662,0,background
6002,mizoram,6735717.081081548,-1552077.7095683506,0,background
6003,mizoram,6762963.962503845,-1560393.2851611406,0,background
6004,mizoram,6869233.787601606,-1533870.522693382,0,background
6005,mizoram,6781080.566095543,-1595659.9761060637,0,background
6006,mizoram,6878945.638099399,-1598051.0062539412,0,background
6007,mizoram,6861634.721562236,-1504204.0013261295,0,background
6008,mizoram,6890229.882844256,-1597703.9606419373,0,background
6009,mizoram,6819924.828849863,-1499655.2786111871,0,background
6010,mizoram,6865692.109727829,-1514670.7532732752,0,background
6011,mizoram,6831564.065903874,-1520087.6265267709,0,background
6012,mizoram,6751470.354918117,-1542106.526906042,0,background
6013,mizoram,6944980.374581725,-1600216.53124609,0,background
6014,mizoram,6845781.550157337,-1520474.3023889887,0,background
6015,mizoram,6820934.2922623865,-1502240.8614834354,0,background
6016,mizoram,6753924.7001682,-1542672.0069457293,0,background
6017,mizoram,6862807.229831967,-1599073.9709401375,0,background
6018,mizoram,6788357.264184099,-1498109.5678441748,0,background
6019,mizoram,6735306.56090747,-1554794.176531206,0,background
6020,mizoram,6931617.289776953,-1575515.2361930215,0,background
6021,mizoram,6780719.0525453,-1512379.3463423674,0,background
6022,mizoram,6884718.120844435,-1577703.3758852917,0,background
6023,mizoram,6823459.649902736,-1487266.802943271,0,background
6024,mizoram,6836587.750321572,-1523147.6849439123,0,background
6025,mizoram,6761073.697921381,-1528736.7235108756,0,background
6026,mizoram,6925886.920469023,-1587228.4778172846,0,background
6027,mizoram,6783768.882391406,-1604374.3158344133,0,background
6028,mizoram,6864242.0493913,-1537622.6225578215,0,background
6029,mizoram,6789748.1779970145,-1517161.6060202743,0,background
6030,mizoram,6900167.933235732,-1605537.2536499775,0,background
6031,mizoram,6873623.984612283,-1531289.6340099396,0,background
6032,mizoram,6835853.45878268,-1501049.5371126542,0,background
6033,mizoram,6834980.641771822,-1517019.766829109,0,background
6034,mizoram,6781448.4405702185,-1514558.730965247,0,background
6035,mizoram,6872320.599957211,-1540278.2267178248,0,background
6036,mizoram,6823469.1080902275,-1493092.1815713483,0,background
6037,mizoram,6895086.499443417,-1562789.0966532726,0,background
6038,mizoram,6813311.393032707,-1565695.141793489,0,background
6039,mizoram,6819469.605216979,-1512839.2475548096,0,background
6040,mizoram,6834089.991783608,-1510181.7463449796,0,background
6041,mizoram,6829689.678324856,-1517812.2373085758,0,background
6042,mizoram,6786903.096388566,-1509558.1665069896,0,background
6043,mizoram,6891324.719884379,-1593377.0361193821,0,background
6044,mizoram,6931504.6469995165,-1581686.9743826778,0,background
6045,mizoram,6808330.597190181,-1499509.8422001577,0,background
6046,mizoram,6810970.480574886,-1502779.0345452155,0,background
6047,mizoram,6873936.682468744,-1539999.0477491466,0,background
6048,mizoram,6920024.746515476,-1620837.0915158424,0,background
6049,mizoram,6899544.3155041495,-1607057.2990622805,0,background
6050,mizoram,6813568.964961898,-1484917.696784853,0,background
6051,mizoram,6838080.721956252,-1513353.074914128,0,background
6052,mizoram,6865075.822274875,-1520909.559346752,0,background
6053,mizoram,6948868.85621408,-1596475.7962914705,0,background
6054,mizoram,6880918.742091286,-1512788.077023252,0,background
6055,mizoram,6818542.530641571,-1498638.341701712,0,background
6056,mizoram,6832948.7956057945,-1566695.4233592288,0,background
6057,mizoram,6817183.099253114,-1500600.363575414,0,background
6058,mizoram,6892984.875943695,-1536663.7908163043,0,background
6059,mizoram,6761743.514813775,-1562798.372859551,0,background
6060,mizoram,6822352.850350261,-1501821.8610109766,0,background
6061,mizoram,6833367.099020937,-1521043.2168198172,0,background
6062,mizoram,6959129.061274663,-1557545.5053585991,0,background
6063,mizoram,6879847.983280154,-1597434.6928300504,0,background
6064,mizoram,6763333.046642803,-1562231.617463758,0,background
6065,mizoram,6809850.705106368,-1482568.3451165175,0,background
6066,mizoram,6840521.340219639,-1527968.479681597,0,background
6067,mizoram,6790016.62644852,-1616842.2490222573,0,background
6068,mizoram,6874673.36995844,-1537406.3977523814,0,background
6069,mizoram,6935687.896953851,-1581941.0014668615,0,background
6070,mizoram,6787303.945516592,-1494680.7976801079,0,background
6071,mizoram,6893638.78195513,-1600318.8925513027,0,background
6072,mizoram,6868896.533102772,-1513926.847386816,0,background
6073,mizoram,6896939.5311102215,-1564217.5353101962,0,background
6074,mizoram,6868464.635835224,-1599916.1588973019,0,background
6075,mizoram,6783453.471490782,-1499613.3811210624,0,background
6076,mizoram,6832588.248547263,-1574903.956688666,0,background
6077,mizoram,6859352.875285498,-1507113.498549613,0,background
6078,mizoram,6873707.018018711,-1520529.7149843173,0,background
6079,mizoram,6825131.87199491,-1574109.5229449593,0,background
6080,mizoram,6782785.618605241,-1502541.7625423986,0,background
6081,mizoram,6821278.719170332,-1514291.4900503987,0,background
6082,mizoram,6755843.789348798,-1528399.8729385086,0,background
6083,mizoram,6874127.042676668,-1529480.59462863,0,background
6084,mizoram,6892146.752538293,-1602630.8142272197,0,background
6085,mizoram,6950249.849051642,-1603912.4066315708,0,background
6086,mizoram,6755700.947494892,-1529470.246151696,0,background
6087,mizoram,6865780.05036372,-1515046.2329353727,0,background
6088,mizoram,6893538.285081948,-1527751.3643941884,0,background
6089,mizoram,6788472.592224222,-1515535.8122100637,0,background
6090,mizoram,6872001.7747452175,-1526506.6349864257,0,background
6091,mizoram,6899950.003521731,-1563744.695735224,0,background
6092,mizoram,6833245.881182651,-1579323.2398415103,0,background
6093,mizoram,6847761.34166837,-1529604.9743200901,0,background
6094,mizoram,6928521.069917781,-1577018.4997101058,0,background
6095,mizoram,6826405.366042251,-1598058.753848146,0,background
6096,mizoram,6788958.381531511,-1516217.1924371135,0,background
6097,mizoram,6833061.311447534,-1511968.5928245834,0,background
6098,mizoram,6883234.891224204,-1596528.5923203684,0,background
6099,mizoram,6906050.749218103,-1614845.082685661,0,background
6100,mizoram,6865503.158958985,-1511556.7852804896,0,background
6101,mizoram,6788686.614100101,-1517911.4006948352,0,background
6102,mizoram,6873126.110350868,-1515471.5401500056,0,background
6103,mizoram,6819927.355415005,-1488165.5123504542,0,background
6104,mizoram,6752920.840393315,-1542085.435183507,0,background
6105,mizoram,6828078.855184711,-1573731.6588978113,0,background
6106,mizoram,6851459.185058821,-1504668.8912110387,0,background
6107,mizoram,6895532.844380357,-1562917.099614293,0,background
6108,mizoram,6815948.953228725,-1514123.9014923484,0,background
6109,mizoram,6836803.055307856,-1512516.8457998892,0,background
6110,mizoram,6839827.35402484,-1518613.3914846007,0,background
6111,mizoram,6941395.014227022,-1593634.8213250702,0,background
6112,mizoram,6811848.587211532,-1564553.2645020136,0,background
6113,mizoram,6948811.2130897995,-1593305.548031109,0,background
6114,mizoram,6835729.6855709525,-1494893.824642002,0,background
6115,mizoram,6917008.93962282,-1544075.4494316473,0,background
6116,mizoram,6788530.561973976,-1485730.4817727348,0,background
6117,mizoram,6947316.323231605,-1602594.8500620264,0,background
6118,mizoram,6892110.451030486,-1604663.8860163037,0,background
6119,mizoram,6863780.523806648,-1508529.5630630862,0,background
6120,mizoram,6896980.640170371,-1599160.1721734065,0,background
6121,mizoram,6859216.904654711,-1502733.8673407007,0,background
6122,mizoram,6881892.233322471,-1579447.6679698918,0,background
6123,mizoram,6832436.288361078,-1491949.7361034944,0,background
6124,mizoram,6843010.351083712,-1507326.9430706818,0,background
6125,mizoram,6788367.382842919,-1540811.6791703592,0,background
6126,mizoram,6833132.598113265,-1496220.2492475598,0,background
6127,mizoram,6802685.438483189,-1502913.0585926168,0,background
6128,mizoram,6884560.878733175,-1595420.1495198554,0,background
6129,mizoram,6887105.136851128,-1576075.4083297034,0,background
6130,mizoram,6823056.334067616,-1485619.591372913,0,background
6131,mizoram,6833995.22956952,-1516639.991278653,0,background
6132,mizoram,6810852.521553791,-1495773.7495684691,0,background
6133,mizoram,6933580.064102779,-1585708.086246166,0,background
6134,mizoram,6854845.699076629,-1510924.2603470513,0,background
6135,mizoram,6780235.2854842,-1496479.0415635868,0,background
6136,mizoram,6802465.314082882,-1501242.049975408,0,background
6137,mizoram,6784730.576368247,-1512190.16226082,0,background
6138,mizoram,6827160.415177136,-1573143.1373627728,0,background
6139,mizoram,6822312.669229512,-1501172.4843748119,0,background
6140,mizoram,6811489.537196328,-1498815.3912126056,0,background
6141,mizoram,6899110.569563225,-1566497.0093171974,0,background
6142,mizoram,6835447.419709238,-1578467.6571323425,0,background
6143,mizoram,6877298.091897479,-1513786.2097595332,0,background
6144,mizoram,6830014.455440941,-1506589.7261374737,0,background
6145,mizoram,6809085.697057477,-1505188.395396914,0,background
6146,mizoram,6963443.267597191,-1557789.9397160946,0,background
6147,mizoram,6951624.225854668,-1602718.1171107101,0,background
6148,mizoram,6782276.915110767,-1599711.7473664272,0,background
6149,mizoram,6835162.651598256,-1510856.9354380309,0,background
6150,mizoram,6864207.2792875385,-1520710.2546175024,0,background
6151,mizoram,6875845.124565911,-1526664.5293394106,0,background
6152,mizoram,6890584.271812336,-1536165.5936728213,0,background
6153,mizoram,6832401.391242676,-1507530.0098266427,0,background
6154,mizoram,6938376.710601418,-1568374.9120589565,0,background
6155,mizoram,6913286.653621383,-1619122.041859362,0,background
6156,mizoram,6943720.767357719,-1603346.8480525818,0,background
6157,mizoram,6840887.971294555,-1526370.4300722554,0,background
6158,mizoram,6783206.871131217,-1498068.2655715882,0,background
6159,mizoram,6823569.224447756,-1570950.5888668438,0,background
6160,mizoram,6953982.948084394,-1555411.4425842494,0,background
6161,mizoram,6951646.056734343,-1603456.6946359256,0,background
6162,mizoram,6770844.035670895,-1517206.7981591558,0,background
6163,mizoram,6876353.272524093,-1536767.0411778241,0,background
6164,mizoram,6860401.619659317,-1508601.8372549093,0,background
6165,mizoram,6790458.799551659,-1517186.8768912186,0,background
6166,mizoram,6861935.116088346,-1595178.0412481497,0,background
6167,mizoram,6870730.565130761,-1535167.3013341578,0,background
6168,mizoram,6874972.361260882,-1513370.1311941657,0,background
6169,mizoram,6789047.207190363,-1540906.49357582,0,background
6170,mizoram,6755654.978719208,-1541927.800991607,0,background
6171,mizoram,6931681.325341115,-1581922.3539703016,0,background
6172,mizoram,6890846.877791107,-1528795.2003669895,0,background
6173,mizoram,6906026.578692954,-1562944.655889745,0,background
6174,mizoram,6829084.739299971,-1575593.844075857,0,background
6175,mizoram,6828130.370718473,-1517484.732447197,0,background
6176,mizoram,6845997.682502743,-1528605.7621526155,0,background
6177,mizoram,6882652.680123322,-1513291.205501488,0,background
6178,mizoram,6834569.785911892,-1514076.829068836,0,background
6179,mizoram,6781812.760097311,-1505178.5907546612,0,background
6180,mizoram,6820671.52851739,-1503919.7806861426,0,background
6181,mizoram,6756952.867896136,-1529588.8070862812,0,background
6182,mizoram,6856203.00734503,-1508849.034520284,0,background
6183,mizoram,6855199.471168941,-1576177.6288425585,0,background
6184,mizoram,6751888.658195356,-1541148.5683791477,0,background
6185,mizoram,6891566.24765316,-1532521.6377926127,0,background
6186,mizoram,6935064.979311585,-1572006.9068770637,0,background
6187,mizoram,6834728.48545384,-1494662.596832827,0,background
6188,mizoram,6786276.19256096,-1493041.2345385698,0,background
6189,mizoram,6956602.594320938,-1593451.4358117974,0,background
6190,mizoram,6938968.622961244,-1594168.883991915,0,background
6191,mizoram,6843678.62418842,-1504841.8115204028,0,background
6192,mizoram,6834759.222088316,-1568088.7284998915,0,background
6193,mizoram,6929112.515096108,-1577856.5605045408,0,background
6194,mizoram,6837650.297256003,-1496029.4423692403,0,background
6195,mizoram,6831648.529926304,-1576770.09553655,0,background
6196,mizoram,6870255.478788493,-1585837.6319824292,0,background
6197,mizoram,6773627.724370615,-1544044.1397013972,0,background
6198,mizoram,6869931.4246449545,-1586320.7795274782,0,background
6199,mizoram,6760990.782061489,-1560691.2493652038,0,background
6200,mizoram,6873718.6482644975,-1525612.4974775508,0,background
6201,mizoram,6891375.669424158,-1599273.9762588823,0,background
6202,mizoram,6839302.581496813,-1519596.365900219,0,background
6203,mizoram,6870679.541930457,-1534448.4828685638,0,background
6204,mizoram,6841526.711940001,-1519683.2338142581,0,background
6205,mizoram,6839538.801030503,-1518426.6716726774,0,background
6206,mizoram,6943529.34506325,-1599483.6059297412,0,background
6207,mizoram,6861537.383236153,-1510413.3378064001,0,background
6208,mizoram,6818140.330950412,-1508592.7561720556,0,background
6209,mizoram,6827430.384236942,-1492256.9840637394,0,background
6210,mizoram,6935456.775669789,-1573444.532034033,0,background
6211,mizoram,6952178.71222679,-1593897.6524638026,0,background
6212,mizoram,6840365.710261143,-1503453.206275466,0,background
6213,mizoram,6844367.331531433,-1511943.294124088,0,background
6214,mizoram,6847777.248149677,-1514395.5902382757,0,background
6215,mizoram,6877014.338289486,-1533657.2984278516,0,background
6216,mizoram,6785516.968923908,-1592320.6187619874,0,background
6217,mizoram,6866831.58164864,-1587701.8118096201,0,background
6218,mizoram,6772343.017622859,-1543493.7841132472,0,background
6219,mizoram,6787708.7173122885,-1620326.65298075,0,background
6220,mizoram,6872821.009917863,-1512789.1450306636,0,background
6221,mizoram,6781253.904896158,-1507341.231811934,0,background
6222,mizoram,6886287.791977831,-1577304.312553899,0,background
6223,mizoram,6783705.431165423,-1495318.5626437366,0,background
6224,mizoram,6769713.980699442,-1518268.4637873191,0,background
6225,mizoram,6949697.8091890905,-1593417.4715170753,0,background
6226,mizoram,6944129.964951273,-1593898.3398255568,0,background
6227,mizoram,6806500.910667056,-1501433.2305230089,0,background
6228,mizoram,6948666.529874793,-1594725.548765724,0,background
6229,mizoram,6892800.338171345,-1562790.2927309743,0,background
6230,mizoram,6762685.916840833,-1560184.0600906431,0,background
6231,mizoram,6831849.979822247,-1498155.2298584636,0,background
6232,mizoram,6811729.016308742,-1562792.5188713952,0,background
6233,mizoram,6939071.402927077,-1594066.0390818366,0,background
6234,mizoram,6892263.19390622,-1533602.0736665574,0,background
6235,mizoram,6874745.84028806,-1518604.0926253344,0,background
6236,mizoram,6836705.491026394,-1497674.9030717036,0,background
6237,mizoram,6859054.323187481,-1504884.6444349948,0,background
6238,mizoram,6840296.3687370885,-1510951.4899420827,0,background
6239,mizoram,6844152.726878358,-1502106.6736980404,0,background
6240,mizoram,6845414.581750408,-1526258.3616008353,0,background
6241,mizoram,6799332.23359649,-1603032.277468792,0,background
6242,mizoram,6855914.298309718,-1509403.9991110086,0,background
6243,mizoram,6810438.491060982,-1565235.4595980956,0,background
6244,mizoram,6767703.687242531,-1531196.0872159714,0,background
6245,mizoram,6940065.615268493,-1608286.8065894358,0,background
6246,mizoram,6835412.16755724,-1573497.9908437538,0,background
6247,mizoram,6827744.378787792,-1505603.2332143416,0,background
6248,mizoram,6780526.7120740395,-1506516.3703873155,0,background
6249,mizoram,6847812.5081242975,-1508998.243465145,0,background
6250,mizoram,6823941.250248423,-1502344.4818909324,0,background
6251,mizoram,6889008.026042015,-1557436.2989859048,0,background
6252,mizoram,6836311.238079717,-1515785.2116051374,0,background
6253,mizoram,6834518.084068134,-1568734.9940413279,0,background
6254,mizoram,6813202.08042168,-1514211.7443552325,0,background
6255,mizoram,6877597.431605055,-1598197.6579630217,0,background
6256,mizoram,6844234.539139543,-1520261.1571357655,0,background
6257,mizoram,6833419.172679367,-1566936.321807883,0,background
6258,mizoram,6867586.214850676,-1517474.3202561804,0,background
6259,mizoram,6851796.218154682,-1576002.9059369327,0,background
6260,mizoram,6812847.06339235,-1565418.8224720068,0,background
6261,mizoram,6815023.003107322,-1503461.8307528358,0,background
6262,mizoram,6869640.496440362,-1534736.4867290482,0,background
6263,mizoram,6814659.045020174,-1483834.323837572,0,background
6264,mizoram,6929756.334999965,-1578394.9559474126,0,background
6265,mizoram,6903857.812491142,-1566004.1780992842,0,background
6266,mizoram,6784375.039450649,-1507429.7952947565,0,background
6267,mizoram,6871360.22454069,-1532072.759667071,0,background
6268,mizoram,6841784.345746107,-1525685.1643807301,0,background
6269,mizoram,6893045.317479419,-1598273.299473237,0,background
6270,mizoram,6871443.758738714,-1533978.5562193193,0,background
6271,mizoram,6843884.4521816,-1504149.9050800395,0,background
6272,mizoram,6873620.052316731,-1536075.3726561002,0,background
6273,mizoram,6836197.6895888075,-1516899.6013229683,0,background
6274,mizoram,6893444.210137907,-1599581.5845676798,0,background
6275,mizoram,6836167.859320764,-1511599.5547987975,0,background
6276,mizoram,6863608.490271755,-1507185.976948985,0,background
6277,mizoram,6885373.664967963,-1576336.0595485,0,background
6278,mizoram,6823484.191437228,-1490131.9424961153,0,background
6279,mizoram,6895404.044912744,-1526946.484150544,0,background
6280,mizoram,6751903.720932758,-1542471.3882100736,0,background
6281,mizoram,6841396.455057736,-1528582.8739789852,0,background
6282,mizoram,6830294.7216585,-1500960.2976474161,0,background
6283,mizoram,6786054.701823429,-1593939.117047487,0,background
6284,mizoram,6942465.128470843,-1597323.4811021686,0,background
6285,mizoram,6849133.136336356,-1563292.4020974466,0,background
6286,mizoram,6823479.567634987,-1515890.5602231433,0,background
6287,mizoram,6903696.212003271,-1564403.94914947,0,background
6288,mizoram,6851396.9319051895,-1576592.2273591387,0,background
6289,mizoram,6881364.324464545,-1539133.2269692335,0,background
6290,mizoram,6837355.895968392,-1507602.5376409797,0,background
6291,mizoram,6853342.207034447,-1507599.7677827647,0,background
6292,mizoram,6894707.5351810455,-1538839.4415145693,0,background
6293,mizoram,6877268.245151722,-1519986.0395188455,0,background
6294,mizoram,6734003.522686535,-1556581.8184448555,0,background
6295,mizoram,6813667.994517411,-1484306.1906627591,0,background
6296,mizoram,6785594.911610405,-1517064.6886490479,0,background
6297,mizoram,6901118.286082288,-1569459.8799698509,0,background
6298,mizoram,6822557.972308384,-1493512.2142828924,0,background
6299,mizoram,6832907.39491888,-1510958.702869943,0,background
6300,mizoram,6828653.144964066,-1512246.0779148054,0,background
6301,mizoram,6790558.605831449,-1514152.2016812002,0,background
6302,mizoram,6838305.379651219,-1515118.9907239652,0,background
6303,mizoram,6801373.366638361,-1500333.685338965,0,background
6304,mizoram,6866001.438134083,-1515536.3147903706,0,background
6305,mizoram,6783325.255509037,-1504960.272229678,0,background
6306,mizoram,6842261.355990464,-1528326.00373554,0,background
6307,mizoram,6772004.665420136,-1527483.2469636316,0,background
6308,mizoram,6784427.257775788,-1497182.837439951,0,background
6309,mizoram,6887338.7054627,-1561197.7118426193,0,background
6310,mizoram,6852586.721226732,-1508090.1859859247,0,background
6311,mizoram,6819602.790292336,-1515429.7923044343,0,background
6312,mizoram,6887012.3029374825,-1577708.2636381483,0,background
6313,mizoram,6830592.7003761465,-1574963.920284238,0,background
6314,mizoram,6761087.488987562,-1544057.0269396703,0,background
6315,mizoram,6885657.546392579,-1580051.0802409775,0,background
6316,mizoram,6881536.030357515,-1512304.5209356684,0,background
6317,mizoram,6886274.620734428,-1578446.904366795,0,background
6318,mizoram,6869706.3397311615,-1514804.9811792988,0,background
6319,mizoram,6871986.036949109,-1532510.0067919723,0,background
6320,mizoram,6787218.210839159,-1606840.0317252402,0,background
6321,mizoram,6758643.190995081,-1545871.251788408,0,background
6322,mizoram,6781120.521963494,-1515239.4968673391,0,background
6323,mizoram,6935712.023253603,-1575515.363972865,0,background
6324,mizoram,6821596.574637911,-1491445.528538701,0,background
6325,mizoram,6901990.253867138,-1564758.4504077788,0,background
6326,mizoram,6835313.515575965,-1509258.7252377048,0,background
6327,mizoram,6788560.366251238,-1617565.3925244235,0,background
6328,mizoram,6950812.114019002,-1588388.833784693,0,background
6329,mizoram,6840096.248743709,-1504842.39229431,0,background
6330,mizoram,6937762.631343575,-1592602.681260383,0,background
6331,mizoram,6826332.530187225,-1490552.438946035,0,background
6332,mizoram,6867259.203009858,-1511762.9111744096,0,background
6333,mizoram,6946723.463828741,-1595319.6822921832,0,background
6334,mizoram,6760832.435074687,-1545191.296726966,0,background
6335,mizoram,6941514.594000061,-1596250.98157446,0,background
6336,mizoram,6913074.744688642,-1617218.2162571657,0,background
6337,mizoram,6894264.155457085,-1562365.355921107,0,background
6338,mizoram,6848262.311371398,-1594368.8604017878,0,background
6339,mizoram,6824338.5771049075,-1489514.1812754793,0,background
6340,mizoram,6871798.384259311,-1517280.633924334,0,background
6341,mizoram,6890449.500354589,-1594672.255139768,0,background
6342,mizoram,6851461.442087369,-1508144.1784803388,0,background
6343,mizoram,6811148.077301372,-1497527.5767688528,0,background
6344,mizoram,6776392.7442328725,-1544529.777213691,0,background
6345,mizoram,6868898.011648351,-1584770.498263209,0,background
6346,mizoram,6820208.342553634,-1503538.531939241,0,background
6347,mizoram,6753653.348199955,-1545686.435336568,0,background
6348,mizoram,6866149.599075495,-1595933.2088960668,0,background
6349,mizoram,6858996.323866857,-1510730.7081848127,0,background
6350,mizoram,6813277.940289754,-1566052.7471557793,0,background
6351,mizoram,6881797.524794913,-1594505.6318451094,0,background
6352,mizoram,6877497.496884239,-1539780.9239424693,0,background
6353,mizoram,6811983.404519947,-1562864.2381318915,0,background
6354,mizoram,6892357.097113196,-1562359.6254939046,0,background
6355,mizoram,6806510.065392592,-1484226.9170643534,0,background
6356,mizoram,6948319.16458387,-1597409.9263055823,0,background
6357,mizoram,6905551.280492246,-1560149.6922803938,0,background
6358,mizoram,6897465.902982776,-1565152.452548029,0,background
6359,mizoram,6819891.406487649,-1486722.688772287,0,background
6360,mizoram,6788622.246683168,-1618865.2147713734,0,background
6361,mizoram,6896564.736695569,-1561939.9535708677,0,background
6362,mizoram,6845039.508910905,-1521357.3376100175,0,background
6363,mizoram,6894219.694191823,-1598629.4336144794,0,background
6364,mizoram,6762638.613016094,-1561318.6673428267,0,background
6365,mizoram,6846411.3365066,-1505721.633225773,0,background
6366,mizoram,6754348.16507075,-1542211.3900912676,0,background
6367,mizoram,6787604.079310029,-1599743.503436817,0,background
6368,mizoram,6901529.93032543,-1565374.2823022907,0,background
6369,mizoram,6875155.725100556,-1509540.6233120556,0,background
6370,mizoram,6892391.716485426,-1604259.7460498032,0,background
6371,mizoram,6760842.234002816,-1542514.7440684717,0,background
6372,mizoram,6834247.116470267,-1500809.1420434604,0,background
6373,mizoram,6861260.041750957,-1601518.061948315,0,background
6374,mizoram,6905276.270044603,-1559810.2198270948,0,background
6375,mizoram,6876817.218578402,-1542269.691011348,0,background
6376,mizoram,6891876.7470136285,-1596685.5056704471,0,background
6377,mizoram,6827435.894765139,-1502467.2358118144,0,background
6378,mizoram,6791926.1195655335,-1516093.4226073537,0,background
6379,mizoram,6871698.891172994,-1600327.9774131665,0,background
6380,mizoram,6853568.47815782,-1576561.3954491569,0,background
6381,mizoram,6923885.312270647,-1594719.5284343387,0,background
6382,mizoram,6823629.431103893,-1494480.8095362566,0,background
6383,mizoram,6782846.686779642,-1501435.9859586717,0,background
6384,mizoram,6799534.082302423,-1497925.8624348543,0,background
6385,mizoram,6905415.57299669,-1559763.6118050772,0,background
6386,mizoram,6735364.377978459,-1555536.1981992484,0,background
6387,mizoram,6872984.277944569,-1533986.7395607773,0,background
6388,mizoram,6897691.922682903,-1566333.591726008,0,background
6389,mizoram,6901080.103314481,-1601537.1157373602,0,background
6390,mizoram,6866879.803767577,-1589940.1045244103,0,background
6391,mizoram,6927215.17167337,-1588161.2204695002,0,background
6392,mizoram,6902473.579476198,-1569642.6120290533,0,background
6393,mizoram,6808321.517647988,-1502863.893785565,0,background
6394,mizoram,6874174.141189741,-1512585.441299453,0,background
6395,mizoram,6878522.534728334,-1540429.3165754522,0,background
6396,mizoram,6798931.649201999,-1602711.808149783,0,background
6397,mizoram,6817969.604897443,-1513680.4141533733,0,background
6398,mizoram,6878348.849750269,-1598229.5246168373,0,background
6399,mizoram,6762040.160043458,-1560116.331274244,0,background
6400,mizoram,6756672.516758422,-1529264.638083181,0,background
6401,mizoram,6807432.115904059,-1506462.7638396136,0,background
6402,mizoram,6831800.075938125,-1517058.4375392103,0,background
6403,mizoram,6880169.148016843,-1538473.891626904,0,background
6404,mizoram,6801303.580249677,-1498077.438001078,0,background
6405,mizoram,6816885.036537542,-1506012.3057904963,0,background
6406,mizoram,6821535.653842048,-1488173.8146338088,0,background
6407,mizoram,6783264.34675604,-1495509.5950762234,0,background
6408,mizoram,6827531.5894178515,-1514468.4529343573,0,background
6409,mizoram,6758924.133019301,-1529877.809147934,0,background
6410,mizoram,6903967.732132369,-1568878.2413902474,0,background
6411,mizoram,6869080.084140129,-1593154.117954406,0,background
6412,mizoram,6818610.547739995,-1487942.1161858444,0,background
6413,mizoram,6860046.308889306,-1506408.5126556144,0,background
6414,mizoram,6883482.371951155,-1597747.788337972,0,background
6415,mizoram,6828329.237759901,-1504644.4568169839,0,background
6416,mizoram,6902328.458670956,-1569733.407875266,0,background
6417,mizoram,6786637.312380266,-1619857.0530567071,0,background
6418,mizoram,6765633.097861099,-1530701.3336206307,0,background
6419,mizoram,6830717.742613553,-1508774.7013858922,0,background
6420,mizoram,6784769.776365291,-1495411.8712649944,0,background
6421,mizoram,6819019.903601201,-1504143.1415170615,0,background
6422,mizoram,6831636.069796011,-1517715.6000188985,0,background
6423,mizoram,6893504.902480661,-1537322.1832845102,0,background
6424,mizoram,6923555.242954721,-1593904.847301058,0,background
6425,mizoram,6866734.56705141,-1596505.454269142,0,background
6426,mizoram,6768612.3144833185,-1529768.1461563976,0,background
6427,mizoram,6858625.0554072345,-1595935.6937604726,0,background
6428,mizoram,6783703.428084773,-1507438.9924155686,0,background
6429,mizoram,6761168.197651645,-1529078.7146552934,0,background
6430,mizoram,6782179.947852304,-1604899.5402644072,0,background
6431,mizoram,6862899.2825169545,-1597898.582406022,0,background
6432,mizoram,6782990.832822838,-1510344.2260409521,0,background
6433,mizoram,6926272.376938082,-1588536.35714576,0,background
6434,mizoram,6824257.996033655,-1494523.6380548493,0,background
6435,mizoram,6866274.684503565,-1591800.1550579136,0,background
6436,mizoram,6818098.026743582,-1514654.9438677188,0,background
6437,mizoram,6841766.516915461,-1527668.1084109985,0,background
6438,mizoram,6823407.444892492,-1493016.2419998622,0,background
6439,mizoram,6871487.67323179,-1521025.6551969973,0,background
6440,mizoram,6898517.947075636,-1567998.80425867,0,background
6441,mizoram,6905906.928922681,-1562012.9949220684,0,background
6442,mizoram,6893123.473223048,-1596135.8798480197,0,background
6443,mizoram,6843517.068454529,-1521786.5919904634,0,background
6444,mizoram,6868737.911989317,-1522894.807976791,0,background
6445,mizoram,6803505.805298314,-1496716.54422902,0,background
6446,mizoram,6831641.031019599,-1575621.8604044712,0,background
6447,mizoram,6781830.580849867,-1520400.8235013124,0,background
6448,mizoram,6767609.374389991,-1559545.8177380185,0,background
6449,mizoram,6810072.411364378,-1502348.5412237332,0,background
6450,mizoram,6948023.25305922,-1564018.5508498796,0,background
6451,mizoram,6894309.555598164,-1607733.7676739737,0,background
6452,mizoram,6951086.611606237,-1591880.9777584302,0,background
6453,mizoram,6781082.759369948,-1505976.9335935586,0,background
6454,mizoram,6842359.532506205,-1504120.2777059749,0,background
6455,mizoram,6827526.305529506,-1498489.0929758896,0,background
6456,mizoram,6868985.496745751,-1524077.1348990335,0,background
6457,mizoram,6887077.541427577,-1578795.6328419868,0,background
6458,mizoram,6781956.716930158,-1499129.2084919203,0,background
6459,mizoram,6891957.805535074,-1583332.694081892,0,background
6460,mizoram,6888920.629110305,-1581392.353577169,0,background
6461,mizoram,6814046.524010144,-1566134.1382472294,0,background
6462,mizoram,6870034.096875522,-1517888.2118236776,0,background
6463,mizoram,6894831.720771284,-1593635.6807338402,0,background
6464,mizoram,6875287.087389701,-1532067.924120787,0,background
6465,mizoram,6873786.427025486,-1599429.9677338866,0,background
6466,mizoram,6784710.514877095,-1501983.4473674041,0,background
6467,mizoram,6882422.7572071375,-1538646.277894626,0,background
6468,mizoram,6881757.861916817,-1592602.9656081242,0,background
6469,mizoram,6948733.067451162,-1594599.1203130668,0,background
6470,mizoram,6947871.260076998,-1595989.870140018,0,background
6471,mizoram,6834566.66614483,-1570202.0402292628,0,background
6472,mizoram,6871833.136439015,-1527413.2837226803,0,background
6473,mizoram,6767321.220728998,-1528031.664598597,0,background
6474,mizoram,6858666.991019478,-1594632.471246186,0,background
6475,mizoram,6876465.070644647,-1543270.3940400835,0,background
6476,mizoram,6928993.35401134,-1576231.6026134419,0,background
6477,mizoram,6809235.196924758,-1575487.6063548266,0,background
6478,mizoram,6934054.034474409,-1585057.2405861125,0,background
6479,mizoram,6874427.003695779,-1513711.3045064872,0,background
6480,mizoram,6942684.749044888,-1598899.3053545153,0,background
6481,mizoram,6792485.406415468,-1617158.2023640277,0,background
6482,mizoram,6793864.674163115,-1584534.8360521498,0,background
6483,mizoram,6924570.199923007,-1587919.758744007,0,background
6484,mizoram,6750782.286630877,-1542116.0580634084,0,background
6485,mizoram,6867443.657470538,-1587981.2229409972,0,background
6486,mizoram,6846873.640492173,-1529045.3527137851,0,background
6487,mizoram,6875157.577456678,-1526328.7665601808,0,background
6488,mizoram,6782331.042282362,-1507187.8111725713,0,background
6489,mizoram,6891612.922207649,-1527917.942162597,0,background
6490,mizoram,6839800.387680499,-1519876.2593323372,0,background
6491,mizoram,6842373.260786539,-1516447.2830031626,0,background
6492,mizoram,6782445.181420643,-1495067.9928015224,0,background
6493,mizoram,6929585.939659919,-1578878.098334881,0,background
6494,mizoram,6838472.963282358,-1527026.8718297554,0,background
6495,mizoram,6786703.377989596,-1592909.6153915084,0,background
6496,mizoram,6792844.628781824,-1513169.615002095,0,background
6497,mizoram,6829442.531940158,-1505829.082258794,0,background
6498,mizoram,6825110.442301776,-1598579.7657740174,0,background
6499,mizoram,6929451.6227663215,-1583635.033801447,0,background
6500,mizoram,6889453.246973767,-1563503.296604699,0,background
6501,mizoram,6842730.787375524,-1514478.0085342342,0,background
6502,mizoram,6811201.480149804,-1482829.801512613,0,background
6503,mizoram,6834315.8022362385,-1515637.145177325,0,background
6504,mizoram,6870626.8735181885,-1517479.1943345596,0,background
6505,mizoram,6787427.280358727,-1516429.9115838357,0,background
6506,mizoram,6751991.220991228,-1527301.820972925,0,background
6507,mizoram,6809073.365132247,-1575159.7067031544,0,background
6508,mizoram,6874958.010975301,-1513867.4765045433,0,background
6509,mizoram,6832483.091465601,-1493852.6238268896,0,background
6510,mizoram,6885694.475712591,-1600491.1461600529,0,background
6511,mizoram,6865151.956625469,-1518152.1361365935,0,background
6512,mizoram,6850021.477982954,-1506152.8664652049,0,background
6513,mizoram,6812858.830604522,-1486977.0329044065,0,background
6514,mizoram,6832914.749671546,-1530675.7915100302,0,background
6515,mizoram,6928040.119590989,-1581001.49868776,0,background
6516,mizoram,6944422.371818401,-1601515.0808629962,0,background
6517,mizoram,6818989.632727406,-1511490.3590398948,0,background
6518,mizoram,6808355.600120317,-1573215.061155388,0,background
6519,mizoram,6781973.014593542,-1506659.6120979183,0,background
6520,mizoram,6830013.697653665,-1503811.0422777892,0,background
6521,mizoram,6923075.425489407,-1594030.5284900963,0,background
6522,mizoram,6946209.011452958,-1595416.8314864899,0,background
6523,mizoram,6786205.395635663,-1594791.8169413845,0,background
6524,mizoram,6783160.603235335,-1497103.4484632793,0,background
6525,mizoram,6867297.322455273,-1506547.7515854533,0,background
6526,mizoram,6852888.088367125,-1575232.6317298354,0,background
6527,mizoram,6944843.797395927,-1570012.459526439,0,background
6528,mizoram,6890576.983273899,-1601503.9837502306,0,background
6529,mizoram,6835057.678471285,-1517185.5798586798,0,background
6530,mizoram,6875257.346396508,-1535263.0848808005,0,background
6531,mizoram,6867002.026386391,-1523267.7500573352,0,background
6532,mizoram,6865730.760626921,-1513928.107913859,0,background
6533,mizoram,6808992.3704820415,-1498552.447958247,0,background
6534,mizoram,6962020.425697851,-1559277.7193318263,0,background
6535,mizoram,6786941.078143258,-1603530.9215436946,0,background
6536,mizoram,6847293.340623229,-1508219.7226472204,0,background
6537,mizoram,6817597.504778287,-1511158.5173988908,0,background
6538,mizoram,6835519.609234566,-1499117.457121377,0,background
6539,mizoram,6873404.10721503,-1528202.084941975,0,background
6540,mizoram,6861931.653804256,-1602090.6996543696,0,background
6541,mizoram,6847902.225576616,-1519948.7540343755,0,background
6542,mizoram,6871641.791817943,-1587579.200569093,0,background
6543,mizoram,6888263.762208162,-1600971.6811340686,0,background
6544,mizoram,6896301.446477825,-1605169.192830077,0,background
6545,mizoram,6900414.1881182045,-1602112.506015894,0,background
6546,mizoram,6739154.025734911,-1522253.6367536236,0,background
6547,mizoram,6872147.812365295,-1522659.667559375,0,background
6548,mizoram,6886745.135189517,-1594557.7270629236,0,background
6549,mizoram,6885642.889781789,-1598744.672093493,0,background
6550,mizoram,6810398.906278174,-1503016.036124798,0,background
6551,mizoram,6760045.075269426,-1542305.453713298,0,background
6552,mizoram,6841581.919010496,-1513591.4462097597,0,background
6553,mizoram,6787952.364424784,-1601935.742050185,0,background
6554,mizoram,6955752.568814797,-1554278.0215152644,0,background
6555,mizoram,6882829.067233085,-1597446.1530228462,0,background
6556,mizoram,6793429.432588206,-1513340.281743415,0,background
6557,mizoram,6914061.838468844,-1573312.9572259535,0,background
6558,mizoram,6834023.896540925,-1511403.268490226,0,background
6559,mizoram,6865247.266596365,-1515175.8612683422,0,background
6560,mizoram,6831677.662361284,-1564255.0232653785,0,background
6561,mizoram,6879200.558902356,-1510829.6466909375,0,background
6562,mizoram,6889954.83621716,-1581921.5375302609,0,background
6563,mizoram,6843982.087557548,-1522183.9630998836,0,background
6564,mizoram,6816259.71413529,-1485543.6019136496,0,background
6565,mizoram,6874113.510731541,-1531633.615070772,0,background
6566,mizoram,6942268.114666008,-1568214.9556379754,0,background
6567,mizoram,6882200.731394202,-1591945.016108421,0,background
6568,mizoram,6870276.419762731,-1596566.9914336372,0,background
6569,mizoram,6825185.674430377,-1514980.0442147274,0,background
6570,mizoram,6760191.986864426,-1528215.2102749092,0,background
6571,mizoram,6784793.530278796,-1494613.736609762,0,background
6572,mizoram,6872008.131435013,-1525654.6385228322,0,background
6573,mizoram,6885127.877668852,-1601025.4137066351,0,background
6574,mizoram,6927346.027063111,-1579008.1784211623,0,background
6575,mizoram,6834164.23768099,-1579701.410297936,0,background
6576,mizoram,6785780.543306294,-1518298.3368693928,0,background
6577,mizoram,6892954.766285757,-1594965.4252582542,0,background
6578,mizoram,6764593.036223319,-1560522.522365888,0,background
6579,mizoram,6735790.4366706405,-1554252.1594415114,0,background
6580,mizoram,6859549.010115148,-1504519.4278559147,0,background
6581,mizoram,6819003.004916783,-1568649.0970838643,0,background
6582,mizoram,6861216.404211425,-1507538.4870510744,0,background
6583,mizoram,6953968.7921317015,-1593331.7608274557,0,background
6584,mizoram,6815474.150163009,-1500747.4540244893,0,background
6585,mizoram,6935333.25080853,-1578217.9883078423,0,background
6586,mizoram,6875962.525077493,-1520992.4233414992,0,background
6587,mizoram,6798259.846392237,-1601600.5932385041,0,background
6588,mizoram,6894676.8721268065,-1564580.7036444317,0,background
6589,mizoram,6822910.677373474,-1499414.1255937673,0,background
6590,mizoram,6952993.13462507,-1551621.544307997,0,background
6591,mizoram,6789919.866871545,-1597921.4850897647,0,background
6592,mizoram,6820075.451719484,-1512772.0177051804,0,background
6593,mizoram,6927328.936742848,-1597556.23336355,0,background
6594,mizoram,6934256.846244677,-1577864.154692628,0,background
6595,mizoram,6842987.274990689,-1529569.3479082265,0,background
6596,mizoram,6840328.4111537365,-1499207.5755194826,0,background
6597,mizoram,6848642.385434771,-1513060.103218134,0,background
6598,mizoram,6948440.052038544,-1596347.4586027544,0,background
6599,mizoram,6866251.7843620265,-1601259.3009600274,0,background
6600,mizoram,6940816.356332581,-1593370.6417519706,0,background
6601,mizoram,6891929.124467877,-1602158.064573422,0,background
6602,mizoram,6869134.6129205525,-1585209.669653927,0,background
6603,mizoram,6835411.171026611,-1580060.5745418186,0,background
6604,mizoram,6840538.928274968,-1516496.196077051,0,background
6605,mizoram,6843465.194763198,-1515930.9470093255,0,background
6606,mizoram,6837890.568508373,-1496652.1032539143,0,background
6607,mizoram,6768313.589287747,-1531253.102895209,0,background
6608,mizoram,6823399.968906174,-1494592.8214157708,0,background
6609,mizoram,6790270.216357248,-1617452.625357822,0,background
6610,mizoram,6837483.184963523,-1501970.5600332906,0,background
6611,mizoram,6791322.556948995,-1618122.887939255,0,background
6612,mizoram,6827803.746158258,-1495827.8656519393,0,background
6613,mizoram,6772520.582761338,-1529216.1263969855,0,background
6614,mizoram,6886093.089152174,-1575099.2536387697,0,background
6615,mizoram,6940050.709785641,-1567769.9798433906,0,background
6616,mizoram,6814151.913385199,-1566045.925153453,0,background
6617,mizoram,6829127.149761157,-1506954.8407714122,0,background
6618,mizoram,6811763.7297583595,-1485659.4038568228,0,background
6619,mizoram,6894108.945860795,-1597602.2823662455,0,background
6620,mizoram,6957056.506160816,-1556997.1975301432,0,background
6621,mizoram,6870762.026014565,-1560001.039274377,0,background
6622,mizoram,6828136.614359718,-1492305.0254980007,0,background
6623,mizoram,6784419.532108753,-1494808.7965601098,0,background
6624,mizoram,6753838.95305336,-1528327.794921442,0,background
6625,mizoram,6887225.070370902,-1601379.096038118,0,background
6626,mizoram,6784549.484209092,-1599767.7210661115,0,background
6627,mizoram,6843251.849759279,-1526290.631231702,0,background
6628,mizoram,6938195.69182765,-1607984.371962423,0,background
6629,mizoram,6870805.911970335,-1535873.024915114,0,background
6630,mizoram,6838490.241547671,-1525630.7887859703,0,background
6631,mizoram,6843081.894873704,-1525866.0498290127,0,background
6632,mizoram,6810230.566507071,-1484070.89267048,0,background
6633,mizoram,6837807.660820559,-1526626.6054238814,0,background
6634,mizoram,6782397.2660510745,-1506534.7331616776,0,background
6635,mizoram,6869272.132712071,-1533388.0667352115,0,background
6636,mizoram,6787578.0412993105,-1492997.6934946869,0,background
6637,mizoram,6768388.891858458,-1527240.339969406,0,background
6638,mizoram,6841336.929894447,-1504651.1584827073,0,background
6639,mizoram,6845074.988891063,-1529222.6622194676,0,background
6640,mizoram,6804841.614666237,-1500214.9527676885,0,background
6641,mizoram,6962207.406615502,-1559125.2087376497,0,background
6642,mizoram,6791441.606055413,-1585167.1693333706,0,background
6643,mizoram,6819731.471935252,-1514392.068492767,0,background
6644,mizoram,6820074.651242801,-1513841.535227693,0,background
6645,mizoram,6865090.311842526,-1507369.7782063878,0,background
6646,mizoram,6769513.7284580115,-1528866.070795005,0,background
6647,mizoram,6888773.342130981,-1534325.0405485744,0,background
6648,mizoram,6783360.936889721,-1596204.40309168,0,background
6649,mizoram,6839980.932519767,-1526054.2425400957,0,background
6650,mizoram,6824877.598382897,-1516721.1903531267,0,background
6651,mizoram,6872881.405983372,-1539282.7853941608,0,background
6652,mizoram,6827099.234656745,-1493274.7074933827,0,background
6653,mizoram,6892667.856301819,-1594941.4544135677,0,background
6654,mizoram,6950687.787678543,-1590279.931692758,0,background
6655,mizoram,6865261.017936419,-1509246.4183716867,0,background
6656,mizoram,6868995.3158089,-1588624.7888429184,0,background
6657,mizoram,6840463.68230728,-1498015.74658481,0,background
6658,mizoram,6883946.797894449,-1598616.7228365897,0,background
6659,mizoram,6789768.9625378195,-1599345.3674490259,0,background
6660,mizoram,6873624.155297498,-1538043.3494912041,0,background
6661,mizoram,6875797.985813494,-1516675.7028562706,0,background
6662,mizoram,6832431.249980435,-1514733.0474979025,0,background
6663,mizoram,6806149.236183453,-1497832.096508386,0,background
6664,mizoram,6873154.905978773,-1532613.4285475444,0,background
6665,mizoram,6881727.794975693,-1579541.3812644694,0,background
6666,mizoram,6835062.1960657565,-1570943.5360825956,0,background
6667,mizoram,6813379.208955082,-1500498.2556807003,0,background
6668,mizoram,6839629.758220174,-1515240.2889611428,0,background
6669,mizoram,6899289.271747121,-1606056.6896284656,0,background
6670,mizoram,6892259.9181282455,-1525697.4292160554,0,background
6671,mizoram,6860680.411330297,-1503439.97712602,0,background
6672,mizoram,6874064.892242556,-1534800.5836148795,0,background
6673,mizoram,6857087.858861307,-1507605.2635206305,0,background
6674,mizoram,6949214.2185000535,-1591248.903967861,0,background
6675,mizoram,6860746.179025492,-1595494.893287501,0,background
6676,mizoram,6869270.818706916,-1506656.0216490212,0,background
6677,mizoram,6895120.55224998,-1526447.734987884,0,background
6678,mizoram,6779434.282786248,-1509777.7313822508,0,background
6679,mizoram,6867544.579992461,-1588566.0931510897,0,background
6680,mizoram,6930823.034347366,-1576244.1768389707,0,background
6681,mizoram,6944805.973751902,-1597554.234248536,0,background
6682,mizoram,6807727.036378312,-1504227.8527374766,0,background
6683,mizoram,6811505.0176145965,-1498671.9241762625,0,background
6684,mizoram,6891691.6648421,-1526394.6963426915,0,background
6685,mizoram,6866518.274065231,-1592512.9578897327,0,background
6686,mizoram,6762351.697119845,-1545354.1429739692,0,background
6687,mizoram,6789808.02678231,-1516592.3829275814,0,background
6688,mizoram,6806459.092666859,-1497106.8045775408,0,background
6689,mizoram,6927773.038365296,-1580068.8431226609,0,background
6690,mizoram,6828920.280304316,-1575442.7705056109,0,background
6691,mizoram,6916622.407691386,-1543932.4268165196,0,background
6692,mizoram,6926344.076007252,-1589871.8086671908,0,background
6693,mizoram,6829504.362181978,-1498154.069520193,0,background
6694,mizoram,6928192.308567574,-1584572.237737595,0,background
6695,mizoram,6944480.863562085,-1568596.1881108598,0,background
6696,mizoram,6805647.114600171,-1504291.6970380638,0,background
6697,mizoram,6880951.008333406,-1513995.3483050892,0,background
6698,mizoram,6841987.37035032,-1524316.2832714415,0,background
6699,mizoram,6827503.991399818,-1494174.5641771255,0,background
6700,mizoram,6810931.627253977,-1496314.2710612959,0,background
6701,mizoram,6939037.776585795,-1593557.6580555316,0,background
6702,mizoram,6875718.854706318,-1542481.6459082877,0,background
6703,mizoram,6789795.74801911,-1511074.4340755774,0,background
6704,mizoram,6781319.340491485,-1508750.7211035825,0,background
6705,mizoram,6887134.991061287,-1576438.2640401924,0,background
6706,mizoram,6895113.559416883,-1597917.4024175305,0,background
6707,mizoram,6788249.431099707,-1513191.725991688,0,background
6708,mizoram,6894900.697996256,-1563470.1383902265,0,background
6709,mizoram,6885792.995850425,-1580984.8210100632,0,background
6710,mizoram,6785377.846480811,-1512359.4737297117,0,background
6711,mizoram,6893065.455202599,-1602862.7468992367,0,background
6712,mizoram,6888658.45458595,-1601908.7501890992,0,background
6713,mizoram,6894658.238875374,-1564395.4491599826,0,background
6714,mizoram,6912568.452948164,-1619073.7043207115,0,background
6715,mizoram,6861857.555089918,-1597980.3368858767,0,background
6716,mizoram,6887884.702515482,-1579691.7862257105,0,background
6717,mizoram,6893140.5471388325,-1586044.402200393,0,background
6718,mizoram,6859515.783884606,-1597525.6896125812,0,background
6719,mizoram,6858747.113192541,-1505214.1864598428,0,background
6720,mizoram,6889374.204504693,-1581590.9455350114,0,background
6721,mizoram,6893891.732027335,-1602477.4912582287,0,background
6722,mizoram,6804568.257619559,-1499165.2586101308,0,background
6723,mizoram,6889236.054897276,-1530760.4809979696,0,background
6724,mizoram,6944738.900031596,-1569715.1909979507,0,background
6725,mizoram,6952417.605288076,-1552627.7231520333,0,background
6726,mizoram,6787031.07808226,-1507717.10988783,0,background
6727,mizoram,6849862.434842557,-1505935.1965105357,0,background
6728,mizoram,6845033.648100334,-1504779.910640142,0,background
6729,mizoram,6758285.1791718025,-1541381.4907429274,0,background
6730,mizoram,6939979.2338283565,-1595881.765856034,0,background
6731,mizoram,6891400.381336069,-1604185.6093521088,0,background
6732,mizoram,6812073.613348223,-1565429.1687602815,0,background
6733,mizoram,6767294.960297263,-1611215.1786603222,0,background
6734,mizoram,6816067.712640092,-1486012.710870852,0,background
6735,mizoram,6771780.380099816,-1529375.2234603642,0,background
6736,mizoram,6839308.658828078,-1519727.2968208191,0,background
6737,mizoram,6962926.768725853,-1557452.1696708188,0,background
6738,mizoram,6896571.495055696,-1602984.3664670535,0,background
6739,mizoram,6821928.610927516,-1503219.9976195414,0,background
6740,mizoram,6862018.422848124,-1509471.733484626,0,background
6741,mizoram,6837703.020730469,-1510496.2718838358,0,background
6742,mizoram,6833996.408131757,-1505873.93829902,0,background
6743,mizoram,6865646.75711645,-1517905.7987092421,0,background
6744,mizoram,6896825.146224958,-1566144.4819513485,0,background
6745,mizoram,6868086.451018408,-1516297.1374260301,0,background
6746,mizoram,6807056.199205147,-1506068.6059259146,0,background
6747,mizoram,6935205.975950556,-1575199.9527931155,0,background
6748,mizoram,6817584.394176918,-1506149.3984883833,0,background
6749,mizoram,6888865.903890424,-1598860.5000498884,0,background
6750,mizoram,6845403.6692731,-1528156.664759373,0,background
6751,mizoram,6785422.169469695,-1517922.7944055411,0,background
6752,mizoram,6895204.320457736,-1596041.3167568892,0,background
6753,mizoram,6872749.925295017,-1540687.5908791837,0,background
6754,mizoram,6829275.849815158,-1508761.2208342352,0,background
6755,mizoram,6799572.815278099,-1497079.8771519638,0,background
6756,mizoram,6931334.874326475,-1583013.7888104983,0,background
6757,mizoram,6864920.736741919,-1534914.0956150175,0,background
6758,mizoram,6833424.454715483,-1575409.8519300595,0,background
6759,mizoram,6827182.516178306,-1497125.8637099136,0,background
6760,mizoram,6759548.1438440755,-1544867.7394060565,0,background
6761,mizoram,6871591.764209841,-1526903.6434911566,0,background
6762,mizoram,6888505.58232877,-1581720.6133901787,0,background
6763,mizoram,6784279.55506028,-1604093.779047008,0,background
6764,mizoram,6864926.547226666,-1594575.280281689,0,background
6765,mizoram,6829021.8535653,-1519629.8072216457,0,background
6766,mizoram,6810189.956663947,-1483754.018015261,0,background
6767,mizoram,6861251.1768984655,-1594473.1925380582,0,background
6768,mizoram,6895187.804122443,-1525993.8892115,0,background
6769,mizoram,6935525.78369456,-1569384.141328504,0,background
6770,mizoram,6823557.343540783,-1501524.1949787866,0,background
6771,mizoram,6899266.714801414,-1599908.9395835614,0,background
6772,mizoram,6927071.621429842,-1586826.637442287,0,background
6773,mizoram,6866619.471590257,-1508623.9096970628,0,background
6774,mizoram,6849747.469695334,-1511557.0526061277,0,background
6775,mizoram,6832481.724803016,-1571387.6968650508,0,background
6776,mizoram,6820124.038227944,-1503678.7641149696,0,background
6777,mizoram,6784234.6793383,-1510864.4310254324,0,background
6778,mizoram,6887416.253825908,-1601203.3102652451,0,background
6779,mizoram,6845985.4198351065,-1505569.8658932084,0,background
6780,mizoram,6858821.375030983,-1596414.5939204902,0,background
6781,mizoram,6755074.034937094,-1545306.210311201,0,background
6782,mizoram,6823163.860435811,-1500722.3257348666,0,background
6783,mizoram,6889425.849063085,-1534608.2495275394,0,background
6784,mizoram,6860293.73756719,-1504419.2969217955,0,background
6785,mizoram,6917970.450741803,-1574393.2692103856,0,background
6786,mizoram,6833125.116107611,-1566623.1532913358,0,background
6787,mizoram,6875683.655172012,-1519393.161943216,0,background
6788,mizoram,6846187.795662339,-1517956.9146863762,0,background
6789,mizoram,6838267.119850612,-1499550.853581554,0,background
6790,mizoram,6866758.318375338,-1601287.1933512622,0,background
6791,mizoram,6892829.753696303,-1602890.8321823473,0,background
6792,mizoram,6765813.852301155,-1558196.3841393995,0,background
6793,mizoram,6846293.610980827,-1513263.2145626682,0,background
6794,mizoram,6843356.992032658,-1517271.0975888877,0,background
6795,mizoram,6843223.286771372,-1500288.504107112,0,background
6796,mizoram,6866763.258243978,-1521581.8491854782,0,background
6797,mizoram,6891432.201791272,-1601297.7099068314,0,background
6798,mizoram,6869164.923402842,-1584895.9155194585,0,background
6799,mizoram,6915265.691763099,-1573316.6943455257,0,background
6800,mizoram,6866037.396803766,-1518629.2217534636,0,background
6801,mizoram,6871159.21028323,-1536296.675181837,0,background
6802,mizoram,6881104.119010185,-1540772.8559052825,0,background
6803,mizoram,6868619.469744605,-1592348.355626176,0,background
6804,mizoram,6831222.955376828,-1515816.9081815057,0,background
6805,mizoram,6879841.190759727,-1514169.5108756635,0,background
6806,mizoram,6845239.634652179,-1503772.562434029,0,background
6807,mizoram,6769737.727686021,-1544445.8316003145,0,background
6808,mizoram,6770906.760933196,-1516183.536677224,0,background
6809,mizoram,6868617.786768657,-1535658.583901279,0,background
6810,mizoram,6891826.7700937595,-1595560.6684583786,0,background
6811,mizoram,6819227.025776562,-1511404.5633699184,0,background
6812,mizoram,6881395.253398083,-1595306.645214223,0,background
6813,mizoram,6879571.383683732,-1597413.2090072366,0,background
6814,mizoram,6946560.709915368,-1594307.3747655132,0,background
6815,mizoram,6898937.47270668,-1595551.2324924842,0,background
6816,mizoram,6874289.130237451,-1540590.09322606,0,background
6817,mizoram,6868263.838476649,-1535369.1409799722,0,background
6818,mizoram,6759388.5025899215,-1530413.6513331512,0,background
6819,mizoram,6933878.294373041,-1585952.6839156023,0,background
6820,mizoram,6894392.830390224,-1605296.3349463053,0,background
6821,mizoram,6833425.356285479,-1566693.0168394945,0,background
6822,mizoram,6869477.468429152,-1516963.738086757,0,background
6823,mizoram,6734642.211765999,-1553767.7628198676,0,background
6824,mizoram,6839011.543197342,-1513992.2479564375,0,background
6825,mizoram,6945828.686720528,-1594015.9664894496,0,background
6826,mizoram,6809974.817498838,-1500126.541165797,0,background
6827,mizoram,6858963.553386943,-1508581.7370314642,0,background
6828,mizoram,6784353.616323544,-1605583.0365161286,0,background
6829,mizoram,6783715.2721314905,-1606973.0580116753,0,background
6830,mizoram,6840267.384902246,-1507993.712159754,0,background
6831,mizoram,6832943.487705704,-1566672.4868141082,0,background
6832,mizoram,6794813.204784987,-1557442.4972170545,0,background
6833,mizoram,6869260.461718302,-1525352.503882,0,background
6834,mizoram,6866677.800725778,-1517905.9690476963,0,background
6835,mizoram,6832763.394759389,-1573256.9523246505,0,background
6836,mizoram,6756700.469948429,-1543356.072254272,0,background
6837,mizoram,6787158.284659823,-1596454.9265071182,0,background
6838,mizoram,6924875.112417778,-1592504.989762423,0,background
6839,mizoram,6789538.507015017,-1516537.2130225438,0,background
6840,mizoram,6844910.862564346,-1515304.164856873,0,background
6841,mizoram,6856777.571199461,-1504358.5781041675,0,background
6842,mizoram,6829592.949499596,-1499890.5541004138,0,background
6843,mizoram,6905166.482302928,-1559763.0122096064,0,background
6844,mizoram,6830957.364533116,-1520263.3249711029,0,background
6845,mizoram,6901536.956254028,-1568553.8016628048,0,background
6846,mizoram,6938076.550411543,-1581332.7640015238,0,background
6847,mizoram,6864078.644836737,-1602564.7686651386,0,background
6848,mizoram,6837604.59283151,-1519439.7109720206,0,background
6849,mizoram,6893312.832543698,-1587564.1918889084,0,background
6850,mizoram,6781778.390401172,-1510448.5915064623,0,background
6851,mizoram,6898601.1917101005,-1599091.8328217505,0,background
6852,mizoram,6951148.253352426,-1591993.5399752352,0,background
6853,mizoram,6758469.219355805,-1542315.7527327063,0,background
6854,mizoram,6884871.105107657,-1577972.5751677712,0,background
6855,mizoram,6893359.162239158,-1598950.5935370189,0,background
6856,mizoram,6825818.334317188,-1572939.502746058,0,background
6857,mizoram,6844272.971892325,-1518523.6194204872,0,background
6858,mizoram,6883678.535299566,-1600586.185245256,0,background
6859,mizoram,6784787.8859500615,-1607040.4310164063,0,background
6860,mizoram,6830284.247714039,-1495942.4185469963,0,background
6861,mizoram,6810716.166475896,-1565989.5421293583,0,background
6862,mizoram,6823101.231444986,-1489408.9369358516,0,background
6863,mizoram,6830990.70365767,-1505749.4019562136,0,background
6864,mizoram,6867695.130601395,-1596345.7941444735,0,background
6865,mizoram,6792038.0731830355,-1515956.990551689,0,background
6866,mizoram,6764726.990590413,-1531045.7706056316,0,background
6867,mizoram,6858176.272358614,-1506241.6595519052,0,background
6868,mizoram,6830560.233808462,-1497151.459216025,0,background
6869,mizoram,6864392.242332503,-1513701.1123992575,0,background
6870,mizoram,6867078.35218216,-1601608.9695014881,0,background
6871,mizoram,6948587.706220013,-1592050.5344671577,0,background
6872,mizoram,6836909.154656868,-1527851.3808412235,0,background
6873,mizoram,6790112.064417871,-1511257.2598936134,0,background
6874,mizoram,6753866.582312538,-1546957.3104311312,0,background
6875,mizoram,6935177.151957386,-1568448.9482347982,0,background
6876,mizoram,6936067.726576747,-1580630.2768386074,0,background
6877,mizoram,6901300.935073512,-1565485.8261111858,0,background
6878,mizoram,6753410.877391797,-1543150.3902701351,0,background
6879,mizoram,6938042.402424567,-1582044.7995236816,0,background
6880,mizoram,6865989.705910094,-1518950.1376615267,0,background
6881,mizoram,6844934.644168846,-1528148.8756003152,0,background
6882,mizoram,6815120.827011065,-1500315.1521721594,0,background
6883,mizoram,6911916.337999124,-1618131.4828832247,0,background
6884,mizoram,6835668.239749947,-1573835.122967065,0,background
6885,mizoram,6950556.6023700135,-1550419.963653299,0,background
6886,mizoram,6866971.51521667,-1513726.6160057643,0,background
6887,mizoram,6900075.474142582,-1600650.9441794534,0,background
6888,mizoram,6873193.589975426,-1526761.6487849916,0,background
6889,mizoram,6832244.150436073,-1500856.8313055758,0,background
6890,mizoram,6917117.77971585,-1573436.504578633,0,background
6891,mizoram,6809466.391212447,-1498186.560861549,0,background
6892,mizoram,6935503.795135922,-1574958.9659357578,0,background
6893,mizoram,6869942.01809102,-1532472.0918190624,0,background
6894,mizoram,6759994.882770634,-1530010.0219225679,0,background
6895,mizoram,6834027.397909064,-1574163.0960151062,0,background
6896,mizoram,6878474.724565343,-1600017.1043220593,0,background
6897,mizoram,6756969.346736767,-1529471.0651973078,0,background
6898,mizoram,6932942.884388498,-1583223.3187612998,0,background
6899,mizoram,6866732.760846365,-1523025.1696226385,0,background
6900,mizoram,6884217.093595479,-1595203.0546862937,0,background
6901,mizoram,6834082.615513811,-1495881.6753765435,0,background
6902,mizoram,6849989.295268456,-1506156.0811107727,0,background
6903,mizoram,6892963.663724397,-1605189.3739825534,0,background
6904,mizoram,6807629.645464638,-1500209.3769036247,0,background
6905,mizoram,6846709.637132505,-1504534.1531125219,0,background
6906,mizoram,6843858.125149426,-1527960.3776795564,0,background
6907,mizoram,6891379.550687498,-1584445.66282813,0,background
6908,mizoram,6810830.002563329,-1496444.7190551374,0,background
6909,mizoram,6801398.707477081,-1498792.7256565501,0,background
6910,mizoram,6925159.257954562,-1588622.4747412037,0,background
6911,mizoram,6960774.24532851,-1560557.0693382255,0,background
6912,mizoram,6861198.867022783,-1599581.8228473407,0,background
6913,mizoram,6781669.20780341,-1497909.7173972095,0,background
6914,mizoram,6833277.645445024,-1573373.897914425,0,background
6915,mizoram,6784146.814283462,-1507894.9122581643,0,background
6916,mizoram,6805199.839678217,-1503055.403534049,0,background
6917,mizoram,6831101.150890519,-1564160.1316223699,0,background
6918,mizoram,6951541.622048708,-1595475.0063327234,0,background
6919,mizoram,6961149.42566491,-1557295.1626133574,0,background
6920,mizoram,6899752.737021764,-1563986.2919567416,0,background
6921,mizoram,6893034.895986457,-1588660.432831278,0,background
6922,mizoram,6846396.7960943505,-1505371.7122250497,0,background
6923,mizoram,6829643.067316463,-1573422.8766643947,0,background
6924,mizoram,6866904.425499885,-1570354.2109810773,0,background
6925,mizoram,6872674.677793493,-1519584.7302018106,0,background
6926,mizoram,6813054.806239849,-1484347.0404549935,0,background
6927,mizoram,6855601.493773485,-1577812.3057198275,0,background
6928,mizoram,6871022.947621687,-1535464.878074981,0,background
6929,mizoram,6824998.394440455,-1498740.1385771802,0,background
6930,mizoram,6874984.092395567,-1530731.4710811158,0,background
6931,mizoram,6903221.044514263,-1568024.1023256953,0,background
6932,mizoram,6944386.925271963,-1600413.4402404171,0,background
6933,mizoram,6835668.746401052,-1510061.6865850345,0,background
6934,mizoram,6784066.9045745935,-1500400.0695208197,0,background
6935,mizoram,6873588.114729358,-1528941.634489544,0,background
6936,mizoram,6842474.743744723,-1522335.5706289085,0,background
6937,mizoram,6784704.192745151,-1607871.272501137,0,background
6938,mizoram,6922397.778800143,-1619452.225765543,0,background
6939,mizoram,6753365.060979139,-1545735.6348048102,0,background
6940,mizoram,6853637.917784137,-1575411.9423334994,0,background
6941,mizoram,6766616.705757567,-1561222.56563238,0,background
6942,mizoram,6784822.303847909,-1601156.0445142628,0,background
6943,mizoram,6877399.901924584,-1511876.0898221566,0,background
6944,mizoram,6906654.588118795,-1615780.4063316202,0,background
6945,mizoram,6768134.698774617,-1530407.9686574757,0,background
6946,mizoram,6792485.264167564,-1554762.643560572,0,background
6947,mizoram,6866416.847782595,-1512971.596146919,0,background
6948,mizoram,6899934.847721703,-1602679.574057693,0,background
6949,mizoram,6783882.873552822,-1501014.0715549586,0,background
6950,mizoram,6939634.391111367,-1592233.6328632876,0,background
6951,mizoram,6925052.645533245,-1587865.0923564201,0,background
6952,mizoram,6841541.6642002,-1501369.343999974,0,background
6953,mizoram,6816861.4477255745,-1503166.8064431313,0,background
6954,mizoram,6863291.222027393,-1508569.2583640597,0,background
6955,mizoram,6811841.850536397,-1502947.1470030067,0,background
6956,mizoram,6903288.916892836,-1565331.326096595,0,background
6957,mizoram,6841194.01983172,-1519552.1635598615,0,background
6958,mizoram,6862554.265213893,-1506769.0829627877,0,background
6959,mizoram,6827795.595463095,-1497572.9273296755,0,background
6960,mizoram,6848899.681917985,-1512232.161848765,0,background
6961,mizoram,6832579.864876921,-1508095.7063432257,0,background
6962,mizoram,6851709.464118747,-1505353.018211414,0,background
6963,mizoram,6893239.283944004,-1589524.8913155166,0,background
6964,mizoram,6786082.120929297,-1597648.2210457923,0,background
6965,mizoram,6931329.682775498,-1581058.2290786023,0,background
6966,mizoram,6756748.7880259985,-1541761.2010242597,0,background
6967,mizoram,6808088.574519914,-1506167.8292766248,0,background
6968,mizoram,6783754.27641551,-1512850.277746971,0,background
6969,mizoram,6877268.215098751,-1544542.7123785585,0,background
6970,mizoram,6836124.497105053,-1508936.2812050597,0,background
6971,mizoram,6924634.767767531,-1588679.8778950912,0,background
6972,mizoram,6864465.001634046,-1593431.0564968137,0,background
6973,mizoram,6832947.728851633,-1509574.4769338209,0,background
6974,mizoram,6786440.898372012,-1601827.6532525558,0,background
6975,mizoram,6786083.505087228,-1492801.9599868252,0,background
6976,mizoram,6824806.289345818,-1491252.5991859944,0,background
6977,mizoram,6846887.497698712,-1510599.363167578,0,background
6978,mizoram,6945974.017129357,-1592607.3153792785,0,background
6979,mizoram,6874570.257827696,-1539504.8095384324,0,background
6980,mizoram,6890999.422186562,-1601502.2527823395,0,background
6981,mizoram,6828593.983526225,-1575486.107534622,0,background
6982,mizoram,6902395.61094947,-1569513.0787128108,0,background
6983,mizoram,6838683.51014336,-1517444.0134335903,0,background
6984,mizoram,6888120.0351355225,-1562331.4429706535,0,background
6985,mizoram,6934018.682001753,-1578567.8513022556,0,background
6986,mizoram,6841950.808700498,-1517700.3736543728,0,background
6987,mizoram,6919174.706179204,-1572368.4085327655,0,background
6988,mizoram,6937950.520042725,-1581096.230766543,0,background
6989,mizoram,6870817.080628933,-1599868.1634911385,0,background
6990,mizoram,6934201.544747709,-1586890.8809438813,0,background
6991,mizoram,6831754.701342742,-1521007.5687222276,0,background
6992,mizoram,6837254.963937302,-1503224.3545460082,0,background
6993,mizoram,6934612.160604173,-1570639.382875181,0,background
6994,mizoram,6770273.500246388,-1512507.7542462556,0,background
6995,mizoram,6784673.9238174725,-1513638.80124159,0,background
6996,mizoram,6955574.471668931,-1592875.3045812992,0,background
6997,mizoram,6834952.949833116,-1504568.3374283651,0,background
6998,mizoram,6781624.680275027,-1510210.0090341212,0,background
6999,mizoram,6779265.90353569,-1544163.540769428,0,background
7000,mizoram,6873952.599461229,-1527319.2143093275,0,background
7001,mizoram,6901198.13429557,-1603527.5886313126,0,background
7002,mizoram,6848627.090136468,-1506055.6241966982,0,background
7003,mizoram,6755543.022812494,-1544824.9609106495,0,background
7004,mizoram,6814794.7182549825,-1500256.872040153,0,background
7005,mizoram,6826944.38849044,-1575453.3726405422,0,background
7006,mizoram,6878525.733087537,-1541158.5474863513,0,background
7007,mizoram,6787249.23043825,-1492305.279487974,0,background
7008,mizoram,6845089.019140998,-1505043.040538457,0,background
7009,mizoram,6840104.733460591,-1520410.0513179572,0,background
7010,mizoram,6949879.10242447,-1588948.5555497697,0,background
7011,mizoram,6898368.540518088,-1594471.2415668014,0,background
7012,mizoram,6870778.343065167,-1523142.9050433373,0,background
7013,mizoram,6872332.546727699,-1536695.3415445355,0,background
7014,mizoram,6873264.619211337,-1510136.0528259063,0,background
7015,mizoram,6836542.4973809505,-1515256.4984197365,0,background
7016,mizoram,6868162.993635786,-1597532.3712786094,0,background
7017,mizoram,6841253.596060371,-1513053.890930396,0,background
7018,mizoram,6872692.366522707,-1523527.1653039998,0,background
7019,mizoram,6866459.304992107,-1538080.1331468336,0,background
7020,mizoram,6846990.289182807,-1529055.067581403,0,background
7021,mizoram,6805295.174175878,-1500412.6634561562,0,background
7022,mizoram,6836919.919514825,-1572534.370629679,0,background
7023,mizoram,6950046.4537045965,-1564851.291784688,0,background
7024,mizoram,6925174.846546452,-1590231.1642210148,0,background
7025,mizoram,6928656.820887524,-1587295.4994400067,0,background
7026,mizoram,6890904.065054718,-1581955.0877922568,0,background
7027,mizoram,6889866.143897616,-1559320.7646936274,0,background
7028,mizoram,6749556.6429260485,-1541399.2443032393,0,background
7029,mizoram,6846020.253255751,-1510429.0995354194,0,background
7030,mizoram,6868049.444632513,-1587582.5322657328,0,background
7031,mizoram,6814312.730952775,-1499624.4084868797,0,background
7032,mizoram,6782331.35354066,-1496450.079248245,0,background
7033,mizoram,6841838.134216782,-1498951.5234571958,0,background
7034,mizoram,6873387.5268010115,-1525865.8018916913,0,background
7035,mizoram,6793231.245760938,-1482889.1564344915,0,background
7036,mizoram,6837635.842960862,-1498649.1408572912,0,background
7037,mizoram,6838735.7794656865,-1519478.6474172762,0,background
7038,mizoram,6924891.503107929,-1596197.429804639,0,background
7039,mizoram,6879647.618593226,-1510688.9160388173,0,background
7040,mizoram,6830893.3675944125,-1509061.6395902885,0,background
7041,mizoram,6825847.8760138145,-1598780.0347827259,0,background
7042,mizoram,6894097.0952949,-1604871.2564338413,0,background
7043,mizoram,6781841.747205552,-1513163.7105383985,0,background
7044,mizoram,6914761.125793291,-1573273.8739318312,0,background
7045,mizoram,6876072.616701595,-1534987.5676543126,0,background
7046,mizoram,6734845.975809254,-1555142.4213720364,0,background
7047,mizoram,6845687.253148443,-1505809.9941038738,0,background
7048,mizoram,6787682.073233915,-1514441.1603917952,0,background
7049,mizoram,6810258.057023269,-1502604.5277859634,0,background
7050,mizoram,6883704.934175047,-1578259.0426046702,0,background
7051,mizoram,6757311.211116601,-1543220.9392669923,0,background
7052,mizoram,6862419.846396713,-1602346.4866092745,0,background
7053,mizoram,6845468.087480336,-1562785.0374316801,0,background
7054,mizoram,6788908.128966612,-1596221.948859782,0,background
7055,mizoram,6866828.170748958,-1513696.695914609,0,background
7056,mizoram,6839954.7592068035,-1498008.1489831542,0,background
7057,mizoram,6834504.041803436,-1577383.2605261686,0,background
7058,mizoram,6825431.4110887265,-1496287.0519363089,0,background
7059,mizoram,6868937.159202315,-1515244.3829751427,0,background
7060,mizoram,6894520.894470925,-1565550.7322793782,0,background
7061,mizoram,6921694.95915455,-1618703.1871607301,0,background
7062,mizoram,6824122.046965023,-1498802.8798498402,0,background
7063,mizoram,6762236.608113916,-1560261.7350647098,0,background
7064,mizoram,6854528.970865833,-1511510.661554346,0,background
7065,mizoram,6764764.291467139,-1558850.6846383493,0,background
7066,mizoram,6833234.645401697,-1498785.1200243058,0,background
7067,mizoram,6890004.804287896,-1598592.921044811,0,background
7068,mizoram,6874666.908440641,-1527443.3521379216,0,background
7069,mizoram,6820288.301602586,-1498678.771057296,0,background
7070,mizoram,6834128.860075222,-1514970.5080054258,0,background
7071,mizoram,6891814.620218976,-1536746.507098155,0,background
7072,mizoram,6834438.881693502,-1538038.3622061668,0,background
7073,mizoram,6831457.959714267,-1497633.4826444685,0,background
7074,mizoram,6844081.317077401,-1527278.8363373205,0,background
7075,mizoram,6899200.234489719,-1604569.958424301,0,background
7076,mizoram,6849768.3163300725,-1508728.5844675237,0,background
7077,mizoram,6935611.50325603,-1570890.966162492,0,background
7078,mizoram,6814133.1259446,-1514097.8225295348,0,background
7079,mizoram,6789216.916470926,-1493876.8332996108,0,background
7080,mizoram,6820473.287094224,-1513894.8731678303,0,background
7081,mizoram,6937769.161506097,-1591560.0380276295,0,background
7082,mizoram,6833920.420363371,-1516514.0008011048,0,background
7083,mizoram,6836418.060756837,-1574994.1351349864,0,background
7084,mizoram,6837807.326633379,-1512115.1764350752,0,background
7085,mizoram,6836123.998780193,-1571163.807302159,0,background
7086,mizoram,6907572.574995457,-1565050.5977228184,0,background
7087,mizoram,6791771.132122868,-1484122.5646547924,0,background
7088,mizoram,6929833.393595369,-1583128.883748865,0,background
7089,mizoram,6788068.858255796,-1517830.2177404265,0,background
7090,mizoram,6928493.379953225,-1582918.7358693616,0,background
7091,mizoram,6902809.583732023,-1602256.1344478044,0,background
7092,mizoram,6912607.584888113,-1618131.49891462,0,background
7093,mizoram,6865495.885143467,-1511552.9200818923,0,background
7094,mizoram,6849682.821951538,-1506710.6196711839,0,background
7095,mizoram,6819067.227543746,-1516210.1522527353,0,background
7096,mizoram,6822452.778560076,-1492287.6624150667,0,background
7097,mizoram,6837370.619256358,-1497997.4946053075,0,background
7098,mizoram,6867669.775112292,-1514549.3139932782,0,background
7099,mizoram,6877793.23428193,-1514848.549749522,0,background
7100,mizoram,6950425.07137322,-1589273.2405967573,0,background
7101,mizoram,6828862.348637536,-1492898.5737519967,0,background
7102,mizoram,6890676.714450485,-1603220.926655919,0,background
7103,mizoram,6833446.044162137,-1493286.3357089174,0,background
7104,mizoram,6867857.386495932,-1601583.0229014494,0,background
7105,mizoram,6814834.135874112,-1589107.0300588876,0,background
7106,mizoram,6895311.5875426335,-1595564.777415346,0,background
7107,mizoram,6888593.8673421405,-1581320.925005027,0,background
7108,mizoram,6824891.0808783425,-1493640.6121847786,0,background
7109,mizoram,6782347.484725742,-1514844.9834421196,0,background
7110,mizoram,6847935.085286159,-1562452.3280976587,0,background
7111,mizoram,6832411.52578948,-1505649.0783496518,0,background
7112,mizoram,6835646.156458534,-1503002.9884778827,0,background
7113,mizoram,6865504.873237739,-1596920.9570678505,0,background
7114,mizoram,6893983.423347825,-1538669.268266904,0,background
7115,mizoram,6945248.826763964,-1569325.797957399,0,background
7116,mizoram,6755413.581196441,-1543632.1076087635,0,background
7117,mizoram,6963268.764333894,-1557603.497331197,0,background
7118,mizoram,6831649.746385764,-1574131.3142069837,0,background
7119,mizoram,6791408.900374155,-1513520.767327371,0,background
7120,mizoram,6842622.619413345,-1523741.0335195723,0,background
7121,mizoram,6789276.093512538,-1496735.5845845623,0,background
7122,mizoram,6880245.688539003,-1539197.8399222468,0,background
7123,mizoram,6874665.020843124,-1599542.6290341858,0,background
7124,mizoram,6950881.412133943,-1596886.5695657597,0,background
7125,mizoram,6912729.328989201,-1618140.9473647904,0,background
7126,mizoram,6866117.004970225,-1597090.8544945728,0,background
7127,mizoram,6839054.595022216,-1502596.5849880641,0,background
7128,mizoram,6759338.4463716475,-1528022.773594957,0,background
7129,mizoram,6789774.587969712,-1619065.4565266126,0,background
7130,mizoram,6788850.263549256,-1518455.7755170008,0,background
7131,mizoram,6898229.54420981,-1597027.231064057,0,background
7132,mizoram,6950140.442397031,-1604876.6626575075,0,background
7133,mizoram,6865398.6138110915,-1594616.3452620455,0,background
7134,mizoram,6908456.150854485,-1617938.851888534,0,background
7135,mizoram,6804794.942533436,-1502904.3112032516,0,background
7136,mizoram,6826097.736326585,-1497589.2636150757,0,background
7137,mizoram,6869457.851699414,-1590131.4005940564,0,background
7138,mizoram,6876075.275072832,-1528573.8212782426,0,background
7139,mizoram,6887176.73526907,-1600064.720737751,0,background
7140,mizoram,6793142.761089045,-1585310.911835795,0,background
7141,mizoram,6848056.604402645,-1509131.1858188557,0,background
7142,mizoram,6936954.107453561,-1582539.469771034,0,background
7143,mizoram,6791511.629808943,-1512040.8038073706,0,background
7144,mizoram,6767427.065054897,-1529745.2143404623,0,background
7145,mizoram,6828283.105698038,-1501984.777396241,0,background
7146,mizoram,6887382.992097943,-1581063.4790895574,0,background
7147,mizoram,6918564.703514825,-1573471.7273504185,0,background
7148,mizoram,6883932.914497854,-1575213.9058421343,0,background
7149,mizoram,6877592.852453741,-1518763.3128817966,0,background
7150,mizoram,6823768.875770638,-1497017.6493965513,0,background
7151,mizoram,6789145.816370691,-1599578.9411173014,0,background
7152,mizoram,6925929.178504008,-1596731.9627304696,0,background
7153,mizoram,6901773.384801838,-1567100.542858294,0,background
7154,mizoram,6811275.288299793,-1504057.6910502468,0,background
7155,mizoram,6882603.161365241,-1592509.274533628,0,background
7156,mizoram,6809037.655383894,-1497043.4069840305,0,background
7157,mizoram,6842592.595100519,-1510832.2388902954,0,background
7158,mizoram,6829924.405679402,-1576534.398438765,0,background
7159,mizoram,6906796.663466715,-1561984.8760693925,0,background
7160,mizoram,6816373.181783386,-1515684.1898260473,0,background
7161,mizoram,6879886.961241242,-1537789.098411102,0,background
7162,mizoram,6801285.288004647,-1498332.0867818557,0,background
7163,mizoram,6871068.761409812,-1517177.1779661863,0,background
7164,mizoram,6805769.303308642,-1504275.4384266404,0,background
7165,mizoram,6840803.107002997,-1515608.3702660496,0,background
7166,mizoram,6866399.734795294,-1538017.009608412,0,background
7167,mizoram,6869692.091678916,-1524406.1621036856,0,background
7168,mizoram,6863302.770876384,-1516469.5096425072,0,background
7169,mizoram,6948484.163578738,-1599357.3601340381,0,background
7170,mizoram,6899986.739362511,-1601907.2074477002,0,background
7171,mizoram,6924738.403436027,-1594100.1731789007,0,background
7172,mizoram,6938128.977428558,-1594002.6859683713,0,background
7173,mizoram,6935004.475263034,-1579932.095650133,0,background
7174,mizoram,6863681.639955892,-1538291.0371827588,0,background
7175,mizoram,6901964.203044877,-1565825.606845008,0,background
7176,mizoram,6828577.861325745,-1499451.7963781056,0,background
7177,mizoram,6841731.7050719205,-1515832.0213832299,0,background
7178,mizoram,6884914.716527917,-1597345.666430099,0,background
7179,mizoram,6825035.101231757,-1502771.6827534174,0,background
7180,mizoram,6787883.037026891,-1618009.9272676548,0,background
7181,mizoram,6834637.766822297,-1497579.3259534403,0,background
7182,mizoram,6782132.197728534,-1512192.7666645385,0,background
7183,mizoram,6789185.663044415,-1597138.20147118,0,background
7184,mizoram,6761477.59919553,-1528366.2585765608,0,background
7185,mizoram,6918093.927499965,-1573171.8553078969,0,background
7186,mizoram,6832682.868946293,-1577984.4362427013,0,background
7187,mizoram,6873355.044384441,-1527191.6076487296,0,background
7188,mizoram,6837474.1038429625,-1515292.0635088321,0,background
7189,mizoram,6860051.45489292,-1593763.998828956,0,background
7190,mizoram,6875912.701100956,-1542491.9153429382,0,background
7191,mizoram,6880338.738569628,-1514330.5222304652,0,background
7192,mizoram,6945068.683549856,-1602420.518175573,0,background
7193,mizoram,6763708.045793974,-1529195.1748210746,0,background
7194,mizoram,6843402.423317884,-1528924.5020149255,0,background
7195,mizoram,6832476.866985157,-1515219.1002098732,0,background
7196,mizoram,6753439.165341042,-1527310.5955072774,0,background
7197,mizoram,6937772.098203678,-1567485.9537510392,0,background
7198,mizoram,6867956.107153383,-1535475.1200494915,0,background
7199,mizoram,6833056.733995252,-1510956.378846472,0,background
7200,mizoram,6830587.856358527,-1492631.125960861,0,background
7201,mizoram,6960711.457290483,-1556074.1632133524,0,background
7202,mizoram,6788643.155375606,-1618892.7965581778,0,background
7203,mizoram,6842422.198582468,-1511826.4204010817,0,background
7204,mizoram,6793290.638457541,-1619974.70072129,0,background
7205,mizoram,6837566.972899215,-1523272.2785398357,0,background
7206,mizoram,6784944.872996765,-1498231.792536403,0,background
7207,mizoram,6870961.132277482,-1527877.6981855861,0,background
7208,mizoram,6948648.990413882,-1596199.0610157966,0,background
7209,mizoram,6889284.467950074,-1534205.2033409516,0,background
7210,mizoram,6879416.963365038,-1538479.81738892,0,background
7211,mizoram,6782307.082109732,-1596820.0403294219,0,background
7212,mizoram,6773757.186004859,-1509097.718946583,0,background
7213,mizoram,6895643.708931866,-1599294.8794425048,0,background
7214,mizoram,6855531.701931812,-1575772.7318272267,0,background
7215,mizoram,6817815.410313429,-1500835.3915778084,0,background
7216,mizoram,6881439.876251453,-1514882.4143729073,0,background
7217,mizoram,6850803.499967531,-1510129.9652368256,0,background
7218,mizoram,6867934.4289809745,-1514456.5730105878,0,background
7219,mizoram,6856442.556369294,-1513397.7808852613,0,background
7220,mizoram,6877437.923445096,-1518617.029610121,0,background
7221,mizoram,6779548.019482865,-1507591.940717911,0,background
7222,mizoram,6752371.39926795,-1527251.324125225,0,background
7223,mizoram,6843761.149394872,-1516765.4045219042,0,background
7224,mizoram,6775318.129198073,-1543848.933214884,0,background
7225,mizoram,6904842.892219241,-1563819.5066913257,0,background
7226,mizoram,6813872.433510308,-1499757.621743001,0,background
7227,mizoram,6827761.767569862,-1573901.5041513152,0,background
7228,mizoram,6825700.009535718,-1576508.6194277164,0,background
7229,mizoram,6866341.859447677,-1521409.216762052,0,background
7230,mizoram,6868274.014878777,-1585756.506133621,0,background
7231,mizoram,6782872.618943981,-1595836.0622755731,0,background
7232,mizoram,6831269.617664399,-1564076.290322659,0,background
7233,mizoram,6873272.406574876,-1597751.1922894272,0,background
7234,mizoram,6826825.917857002,-1500356.8956360074,0,background
7235,mizoram,6930149.891805382,-1582275.537164866,0,background
7236,mizoram,6923691.662945314,-1595011.4239853667,0,background
7237,mizoram,6861978.660159439,-1511529.573229406,0,background
7238,mizoram,6863172.6493389,-1507990.5332785584,0,background
7239,mizoram,6853897.046217534,-1509890.9739427955,0,background
7240,mizoram,6836819.610144062,-1514287.2647937997,0,background
7241,mizoram,6894257.799760232,-1598567.2307441395,0,background
7242,mizoram,6901666.977467154,-1565261.5838887712,0,background
7243,mizoram,6851898.513940626,-1507314.2913329967,0,background
7244,mizoram,6765877.505860774,-1530572.451981508,0,background
7245,mizoram,6828900.996320125,-1496347.3258268433,0,background
7246,mizoram,6832343.285470249,-1499301.0922599568,0,background
7247,mizoram,6860578.569412255,-1510683.014222433,0,background
7248,mizoram,6861885.124254573,-1511715.3869503571,0,background
7249,mizoram,6930573.193745597,-1582109.7647300037,0,background
7250,mizoram,6881852.205348307,-1511571.4894600234,0,background
7251,mizoram,6939413.361982059,-1592773.0540645951,0,background
7252,mizoram,6818619.863295818,-1514776.1383096331,0,background
7253,mizoram,6866598.783865019,-1517119.437500457,0,background
7254,mizoram,6762889.049508138,-1545376.250730426,0,background
7255,mizoram,6799395.480640012,-1601652.2553953242,0,background
7256,mizoram,6879574.892981845,-1544649.9245859352,0,background
7257,mizoram,6847741.017925815,-1518970.348553982,0,background
7258,mizoram,6807620.99211221,-1500683.6166310825,0,background
7259,mizoram,6793084.507626081,-1619591.16343044,0,background
7260,mizoram,6813255.947788135,-1564951.940392767,0,background
7261,mizoram,6931560.899654208,-1576060.9510903282,0,background
7262,mizoram,6825204.96626627,-1488519.3497863247,0,background
7263,mizoram,6788239.791756517,-1485158.5321996047,0,background
7264,mizoram,6873225.447753122,-1597797.342073038,0,background
7265,mizoram,6868605.892249983,-1585536.2487800336,0,background
7266,mizoram,6840990.851154489,-1517737.1675641064,0,background
7267,mizoram,6870246.0257113455,-1597622.3427978167,0,background
7268,mizoram,6841320.326892352,-1508394.1211363676,0,background
7269,mizoram,6863690.350440879,-1518830.4208662529,0,background
7270,mizoram,6896609.509974496,-1604347.1828069927,0,background
7271,mizoram,6835970.138951998,-1520900.4487223648,0,background
7272,mizoram,6875497.045810362,-1528952.2690697415,0,background
7273,mizoram,6872101.826795803,-1538911.159019019,0,background
7274,mizoram,6884600.503507268,-1579543.2999619157,0,background
7275,mizoram,6783042.952197902,-1597056.999239283,0,background
7276,mizoram,6860759.547847498,-1506109.7586086178,0,background
7277,mizoram,6950475.001750598,-1590328.192260741,0,background
7278,mizoram,6835968.6648379415,-1501086.7534015197,0,background
7279,mizoram,6887376.522584633,-1561766.7847175912,0,background
7280,mizoram,6788725.8574389005,-1509420.785399732,0,background
7281,mizoram,6791922.933134071,-1584929.0325019734,0,background
7282,mizoram,6875598.3482450135,-1541216.89452527,0,background
7283,mizoram,6848042.486564636,-1506322.7281281007,0,background
7284,mizoram,6838200.0616430715,-1526628.965790667,0,background
7285,mizoram,6946824.108441227,-1599980.9756666021,0,background
7286,mizoram,6929564.309480741,-1579102.0038149895,0,background
7287,mizoram,6788077.026374327,-1597053.396452163,0,background
7288,mizoram,6790458.272986834,-1484455.059955933,0,background
7289,mizoram,6845720.940148496,-1527583.188827548,0,background
7290,mizoram,6866726.703564073,-1536039.2957231293,0,background
7291,mizoram,6794014.9461007565,-1620385.2704701514,0,background
7292,mizoram,6780461.1816949835,-1516407.7342685985,0,background
7293,mizoram,6838621.630638181,-1501041.3137387761,0,background
7294,mizoram,6763041.4265889,-1559556.9689776197,0,background
7295,mizoram,6828378.636021339,-1512901.6335828095,0,background
7296,mizoram,6759794.577281073,-1544421.0401087864,0,background
7297,mizoram,6838303.335789845,-1500518.6106755333,0,background
7298,mizoram,6785597.267030968,-1515179.4793004927,0,background
7299,mizoram,6770008.321434342,-1518405.6498208535,0,background
7300,mizoram,6774377.827128757,-1529451.5970852873,0,background
7301,mizoram,6885650.29758797,-1583820.954247796,0,background
7302,mizoram,6833063.716782118,-1516538.818634499,0,background
7303,mizoram,6863189.422937952,-1516522.9951205086,0,background
7304,mizoram,6941442.776378057,-1595375.3675201864,0,background
7305,mizoram,6873313.094545921,-1521885.8164648656,0,background
7306,mizoram,6772097.177355764,-1528375.4479813229,0,background
7307,mizoram,6873048.290261444,-1539302.088319976,0,background
7308,mizoram,6822141.626011389,-1497756.7999214607,0,background
7309,mizoram,6872101.14371608,-1526764.7063260423,0,background
7310,mizoram,6762328.9862640705,-1558966.4355056586,0,background
7311,mizoram,6929397.9891346,-1576685.8802299788,0,background
7312,mizoram,6800597.619837753,-1497341.629021398,0,background
7313,mizoram,6898041.290262991,-1602858.3542093318,0,background
7314,mizoram,6800482.859423412,-1498947.7535088449,0,background
7315,mizoram,6869330.989311405,-1521156.4321586392,0,background
7316,mizoram,6892564.9294519415,-1529766.9083245667,0,background
7317,mizoram,6818049.05378963,-1498555.9259273885,0,background
7318,mizoram,6859881.29475851,-1508678.6026265267,0,background
7319,mizoram,6931360.225614494,-1585254.0375162868,0,background
7320,mizoram,6943569.632352972,-1594430.7627587814,0,background
7321,mizoram,6792135.535378542,-1599053.583292161,0,background
7322,mizoram,6879155.800579361,-1600641.1900745751,0,background
7323,mizoram,6785648.302415799,-1601913.6122305612,0,background
7324,mizoram,6877039.1033339305,-1598100.5208274855,0,background
7325,mizoram,6887308.436377503,-1555757.3716564423,0,background
7326,mizoram,6945224.757980646,-1598611.6898239912,0,background
7327,mizoram,6877618.402630461,-1511638.0989542496,0,background
7328,mizoram,6888689.168003557,-1600646.764056938,0,background
7329,mizoram,6827328.015090847,-1598958.8550494234,0,background
7330,mizoram,6835782.628074818,-1505435.4608958978,0,background
7331,mizoram,6876741.781706261,-1539190.4990298948,0,background
7332,mizoram,6771598.723232507,-1509489.910733318,0,background
7333,mizoram,6889820.703194767,-1602897.1788108586,0,background
7334,mizoram,6795744.20773256,-1559244.9746051237,0,background
7335,mizoram,6889610.865621046,-1597152.4257289774,0,background
7336,mizoram,6929864.440605512,-1584165.9911693274,0,background
7337,mizoram,6785722.374093935,-1603289.2852513073,0,background
7338,mizoram,6848432.48666718,-1506119.9423404504,0,background
7339,mizoram,6784355.627775888,-1601017.0712434978,0,background
7340,mizoram,6827918.328980493,-1503844.7861598744,0,background
7341,mizoram,6926904.561058269,-1591348.4698090611,0,background
7342,mizoram,6838171.379603059,-1524838.3381656131,0,background
7343,mizoram,6794431.7863081535,-1621480.601989476,0,background
7344,mizoram,6893398.348965604,-1525775.8440483673,0,background
7345,mizoram,6948971.224353008,-1596517.7793244629,0,background
7346,mizoram,6875668.42441532,-1526029.9636562532,0,background
7347,mizoram,6848033.349745415,-1561393.4629075371,0,background
7348,mizoram,6844434.108857063,-1509058.8277614403,0,background
7349,mizoram,6880541.687642956,-1516410.9555703825,0,background
7350,mizoram,6867196.035706688,-1513624.015047401,0,background
7351,mizoram,6946808.5337759005,-1594233.8968735335,0,background
7352,mizoram,6932132.919996713,-1580453.722107973,0,background
7353,mizoram,6824948.696935871,-1499160.7986854473,0,background
7354,mizoram,6940004.137600173,-1581857.356611311,0,background
7355,mizoram,6851041.115600897,-1578670.455492938,0,background
7356,mizoram,6781345.457373866,-1519777.3069178793,0,background
7357,mizoram,6762476.060132574,-1561056.3061986952,0,background
7358,mizoram,6882749.849605536,-1598997.7691652204,0,background
7359,mizoram,6897281.56807692,-1602413.5951114125,0,background
7360,mizoram,6936128.122443226,-1576293.3699380974,0,background
7361,mizoram,6838821.230822714,-1511083.2178410236,0,background
7362,mizoram,6922824.589479661,-1593149.1223213954,0,background
7363,mizoram,6831630.367007834,-1495436.48639711,0,background
7364,mizoram,6768892.144514324,-1527432.6073109077,0,background
7365,mizoram,6790997.60399008,-1616767.2733534996,0,background
7366,mizoram,6944986.245756719,-1601422.0222761221,0,background
7367,mizoram,6884838.442928726,-1579861.8857231264,0,background
7368,mizoram,6900593.126903711,-1607145.9496909485,0,background
7369,mizoram,6786948.652027866,-1516893.47509348,0,background
7370,mizoram,6867363.884029953,-1511361.4289556085,0,background
7371,mizoram,6781798.152180211,-1497457.8415103313,0,background
7372,mizoram,6857448.136139824,-1505519.6680104902,0,background
7373,mizoram,6881012.642903684,-1597422.5767457697,0,background
7374,mizoram,6796327.104381678,-1558986.4726260307,0,background
7375,mizoram,6867952.6284046415,-1534994.1998100553,0,background
7376,mizoram,6867048.239894102,-1593526.749277251,0,background
7377,mizoram,6868078.72719448,-1597845.030230977,0,background
7378,mizoram,6785479.065011935,-1495004.3298475882,0,background
7379,mizoram,6871457.488096085,-1526590.3124587336,0,background
7380,mizoram,6893556.435226282,-1589569.5106923874,0,background
7381,mizoram,6826774.186063737,-1575296.3091279017,0,background
7382,mizoram,6757600.950261023,-1541987.6025472442,0,background
7383,mizoram,6865346.204322017,-1593496.765239892,0,background
7384,mizoram,6886689.121919111,-1577279.9513109634,0,background
7385,mizoram,6830941.152957049,-1571860.6552500166,0,background
7386,mizoram,6873051.346279806,-1536748.0307501038,0,background
7387,mizoram,6829254.374755491,-1507947.765797311,0,background
7388,mizoram,6769393.179466037,-1528734.9234689376,0,background
7389,mizoram,6842273.942160538,-1523352.154551354,0,background
7390,mizoram,6871341.6480488675,-1516510.2038633283,0,background
7391,mizoram,6837382.102060731,-1494764.845161299,0,background
7392,mizoram,6734055.583660667,-1556487.509883385,0,background
7393,mizoram,6917437.057758714,-1570661.4711810779,0,background
7394,mizoram,6820815.004810924,-1493773.8871731532,0,background
7395,mizoram,6841197.005302826,-1513872.0296787766,0,background
7396,mizoram,6785192.711917732,-1505076.7351859089,0,background
7397,mizoram,6878816.558994899,-1545595.7825930268,0,background
7398,mizoram,6861924.654859491,-1601717.7360459717,0,background
7399,mizoram,6859615.484488733,-1505677.2902403518,0,background
7400,mizoram,6765748.123124637,-1544043.9565352832,0,background
7401,mizoram,6871632.587781673,-1539476.8241554392,0,background
7402,mizoram,6836109.389462192,-1513555.7130525624,0,background
7403,mizoram,6928286.488811484,-1584429.9630475093,0,background
7404,mizoram,6935509.9475981705,-1580656.4075212842,0,background
7405,mizoram,6786553.161061485,-1599019.304638594,0,background
7406,mizoram,6848432.819471767,-1509290.3053877759,0,background
7407,mizoram,6873183.587967093,-1541198.2718713123,0,background
7408,mizoram,6848641.435569139,-1510887.9628657522,0,background
7409,mizoram,6867706.448915418,-1537863.296290814,0,background
7410,mizoram,6778820.112924662,-1509297.2968002488,0,background
7411,mizoram,6894104.069247087,-1609051.244000098,0,background
7412,mizoram,6892313.930366371,-1563213.0229393719,0,background
7413,mizoram,6953664.449653075,-1554658.607923946,0,background
7414,mizoram,6862842.431940015,-1507014.0236125283,0,background
7415,mizoram,6897702.61159753,-1605016.8187660694,0,background
7416,mizoram,6781694.370524779,-1499684.2005645346,0,background
7417,mizoram,6932323.4407421565,-1585195.3929598897,0,background
7418,mizoram,6863055.930854397,-1510267.0231619475,0,background
7419,mizoram,6891493.402140257,-1530476.8726893195,0,background
7420,mizoram,6909535.031469522,-1544875.5807169636,0,background
7421,mizoram,6933460.752760387,-1577834.1879469932,0,background
7422,mizoram,6825619.8434855,-1573787.6249699958,0,background
7423,mizoram,6784081.477070054,-1513506.4694535034,0,background
7424,mizoram,6946083.904979099,-1598746.4944385893,0,background
7425,mizoram,6813506.6190384105,-1503629.962164111,0,background
7426,mizoram,6822055.258074016,-1493180.7465564678,0,background
7427,mizoram,6908630.35101154,-1542289.9811164187,0,background
7428,mizoram,6783858.97040711,-1499199.2244863135,0,background
7429,mizoram,6817774.653015496,-1512719.0769447207,0,background
7430,mizoram,6871661.722813867,-1588607.0547196332,0,background
7431,mizoram,6784079.170385032,-1507179.2064243418,0,background
7432,mizoram,6820463.104191527,-1516877.973057406,0,background
7433,mizoram,6947824.669680213,-1594438.0866346494,0,background
7434,mizoram,6881771.125534716,-1510552.5663613887,0,background
7435,mizoram,6788308.75659753,-1597066.0136929634,0,background
7436,mizoram,6841281.804432805,-1499256.2021281912,0,background
7437,mizoram,6845446.414467806,-1511305.8322610497,0,background
7438,mizoram,6784871.611858788,-1606920.377378111,0,background
7439,mizoram,6867722.394870653,-1584178.122970735,0,background
7440,mizoram,6895787.855031644,-1603800.9748587115,0,background
7441,mizoram,6888674.742147677,-1583193.2998225999,0,background
7442,mizoram,6780018.364908114,-1561270.7576296765,0,background
7443,mizoram,6790138.88096614,-1511798.8689557242,0,background
7444,mizoram,6882722.775510965,-1515292.3772256225,0,background
7445,mizoram,6826644.859900714,-1503417.9095153445,0,background
7446,mizoram,6915394.125702363,-1569831.2164845585,0,background
7447,mizoram,6787285.155773353,-1497107.4006291935,0,background
7448,mizoram,6846082.851070346,-1512579.899100222,0,background
7449,mizoram,6875566.427725972,-1510095.9726702059,0,background
7450,mizoram,6791287.059745264,-1599230.4301134078,0,background
7451,mizoram,6943699.456953976,-1603363.8112042246,0,background
7452,mizoram,6847486.571119774,-1518043.902218632,0,background
7453,mizoram,6786881.004686191,-1597793.931457275,0,background
7454,mizoram,6834243.407982543,-1522104.3435226257,0,background
7455,mizoram,6928518.637087844,-1587010.0720401853,0,background
7456,mizoram,6843523.751310827,-1511134.5822658706,0,background
7457,mizoram,6896909.491660002,-1603607.8770353342,0,background
7458,mizoram,6845756.420202329,-1507778.4093733886,0,background
7459,mizoram,6768534.04561638,-1543459.0489001158,0,background
7460,mizoram,6791102.457768067,-1515873.1351186729,0,background
7461,mizoram,6869514.296523127,-1536331.8921909018,0,background
7462,mizoram,6933708.959104157,-1585333.6621616036,0,background
7463,mizoram,6845492.4302673405,-1523496.5581017006,0,background
7464,mizoram,6929805.457505148,-1584014.0801233863,0,background
7465,mizoram,6842944.507511532,-1499951.7136601128,0,background
7466,mizoram,6739022.477490351,-1521654.3547339914,0,background
7467,mizoram,6893328.666937045,-1535204.6124767964,0,background
7468,mizoram,6862936.381731804,-1568258.1924741624,0,background
7469,mizoram,6900440.446718748,-1570629.2625549647,0,background
7470,mizoram,6737240.839288318,-1552575.54586139,0,background
7471,mizoram,6843054.149329313,-1507452.236518927,0,background
7472,mizoram,6891344.875578335,-1603692.205970321,0,background
7473,mizoram,6786133.686458972,-1605655.4379266128,0,background
7474,mizoram,6841349.814272335,-1521275.8354950573,0,background
7475,mizoram,6955172.588728135,-1593143.9608895935,0,background
7476,mizoram,6867802.558738969,-1507913.6099371563,0,background
7477,mizoram,6864821.922790269,-1568565.128858843,0,background
7478,mizoram,6950955.439023466,-1596302.8944918492,0,background
7479,mizoram,6939648.401187215,-1607207.5445013058,0,background
7480,mizoram,6882279.648602244,-1592474.0625532367,0,background
7481,mizoram,6876204.781174881,-1528570.0771324297,0,background
7482,mizoram,6808585.639804686,-1503840.2283689785,0,background
7483,mizoram,6833781.803168725,-1492711.6229423261,0,background
7484,mizoram,6812335.287136881,-1487421.063529786,0,background
7485,mizoram,6833460.269122691,-1520505.2317422095,0,background
7486,mizoram,6769839.6756484555,-1525244.3130797439,0,background
7487,mizoram,6941420.492968441,-1594635.9738594464,0,background
7488,mizoram,6865362.889848212,-1516815.4392423925,0,background
7489,mizoram,6943539.723425039,-1595444.3571825065,0,background
7490,mizoram,6813510.951657098,-1500077.7555371895,0,background
7491,mizoram,6953871.97995881,-1592674.7300621045,0,background
7492,mizoram,6928522.729480277,-1577970.102983251,0,background
7493,mizoram,6888061.015045378,-1599709.3525483229,0,background
7494,mizoram,6953016.776718797,-1592082.1950359447,0,background
7495,mizoram,6887982.791522856,-1578618.6288444768,0,background
7496,mizoram,6862093.246342497,-1508975.1777446892,0,background
7497,mizoram,6866113.16714785,-1505397.5080875787,0,background
7498,mizoram,6811132.459239328,-1565429.5951480696,0,background
7499,mizoram,6793966.949054744,-1620168.7470563992,0,background
7500,mizoram,6806773.095367118,-1501206.2233533429,0,background
7501,mizoram,6769506.279210636,-1530220.6121194032,0,background
7502,mizoram,6785871.2319407845,-1511330.7590210964,0,background
7503,mizoram,6786721.4565412775,-1599403.910967978,0,background
7504,mizoram,6832559.389041116,-1578588.832383562,0,background
7505,mizoram,6874698.689677121,-1539029.8313742776,0,background
7506,mizoram,6786057.300719514,-1508439.698010295,0,background
7507,mizoram,6868876.85068324,-1524545.2322973753,0,background
7508,mizoram,6874574.397634342,-1524587.272585358,0,background
7509,mizoram,6961756.021698511,-1558244.354192289,0,background
7510,mizoram,6798240.02582574,-1600326.3359828345,0,background
7511,mizoram,6791751.129861404,-1518435.278149894,0,background
7512,mizoram,6828899.952908075,-1514868.2461930881,0,background
7513,mizoram,6893713.462640669,-1593269.5439751851,0,background
7514,mizoram,6831858.0414397465,-1575856.0599312824,0,background
7515,mizoram,6845243.804722039,-1509082.1288947465,0,background
7516,mizoram,6898819.7206526855,-1602768.865228777,0,background
7517,mizoram,6949488.115214687,-1602201.12599053,0,background
7518,mizoram,6784005.468476204,-1509668.8555093973,0,background
7519,mizoram,6834556.242249462,-1573647.8430305761,0,background
7520,mizoram,6832206.521739309,-1565321.4043585313,0,background
7521,mizoram,6737494.370205364,-1552820.776986482,0,background
7522,mizoram,6843604.606886536,-1509303.1439419899,0,background
7523,mizoram,6840310.958837724,-1507168.508747082,0,background
7524,mizoram,6791656.827156471,-1517941.0264278036,0,background
7525,mizoram,6929125.803234535,-1579746.8594318063,0,background
7526,mizoram,6893347.824294522,-1597704.2531200703,0,background
7527,mizoram,6874202.348735373,-1536612.8837604758,0,background
7528,mizoram,6867267.347044822,-1599415.396057047,0,background
7529,mizoram,6846760.949672579,-1504745.372038106,0,background
7530,mizoram,6952232.459185585,-1590064.929706283,0,background
7531,mizoram,6787648.80833336,-1497819.3335656773,0,background
7532,mizoram,6853144.383132098,-1506875.8094523293,0,background
7533,mizoram,6846310.541039991,-1509351.3217451146,0,background
7534,mizoram,6781591.054278917,-1511393.5465273564,0,background
7535,mizoram,6784492.267033895,-1605127.3784487976,0,background
7536,mizoram,6804176.586219997,-1498629.3285420965,0,background
7537,mizoram,6818065.270478539,-1498764.2809954681,0,background
7538,mizoram,6835000.058318226,-1572078.3343662266,0,background
7539,mizoram,6896981.170880636,-1600894.299796725,0,background
7540,mizoram,6851736.540469753,-1576849.5357970863,0,background
7541,mizoram,6867853.275068989,-1515787.3233411915,0,background
7542,mizoram,6770570.554685353,-1515330.816429198,0,background
7543,mizoram,6836940.77284756,-1496944.1180302761,0,background
7544,mizoram,6921760.508553834,-1618393.6470404863,0,background
7545,mizoram,6836180.664928114,-1513123.244094762,0,background
7546,mizoram,6770407.3597331215,-1528660.3203574445,0,background
7547,mizoram,6875642.139935469,-1511680.9616220344,0,background
7548,mizoram,6961823.138373151,-1559849.9852101854,0,background
7549,mizoram,6804681.119681228,-1498247.0400044252,0,background
7550,mizoram,6857146.681784818,-1500988.3549358475,0,background
7551,mizoram,6847430.433094319,-1509322.4673489193,0,background
7552,mizoram,6830386.722212517,-1508911.1254699777,0,background
7553,mizoram,6933823.245912293,-1572518.6964524353,0,background
7554,mizoram,6836297.577851652,-1517737.0425329253,0,background
7555,mizoram,6786621.947618844,-1515611.5233731424,0,background
7556,mizoram,6891093.543610841,-1599061.3752786373,0,background
7557,mizoram,6866707.346564316,-1515853.9934088802,0,background
7558,mizoram,6822181.463872164,-1514957.8327418517,0,background
7559,mizoram,6868722.671823062,-1599155.068990487,0,background
7560,mizoram,6821718.399442882,-1569534.9510486035,0,background
7561,mizoram,6874281.912304612,-1526848.360125273,0,background
7562,mizoram,6771963.609177685,-1517993.3622359275,0,background
7563,mizoram,6811452.399290101,-1487008.7401012967,0,background
7564,mizoram,6793419.228299589,-1482892.6263725087,0,background
7565,mizoram,6855240.427052451,-1509315.3424462115,0,background
7566,mizoram,6883730.130717502,-1514643.8504240469,0,background
7567,mizoram,6866067.604218001,-1505503.3905489945,0,background
7568,mizoram,6891502.5785068115,-1526284.7121972584,0,background
7569,mizoram,6823419.040451774,-1492073.4596678468,0,background
7570,mizoram,6864597.128613685,-1511303.6417791548,0,background
7571,mizoram,6781203.285694952,-1597488.0059260875,0,background
7572,mizoram,6876594.227043336,-1518917.089602382,0,background
7573,mizoram,6762733.175952263,-1542489.8214301644,0,background
7574,mizoram,6830441.939955061,-1504558.734112097,0,background
7575,mizoram,6829262.411954986,-1504947.9103131022,0,background
7576,mizoram,6896083.233889865,-1593957.9667321614,0,background
7577,mizoram,6838353.549297566,-1505650.2264361817,0,background
7578,mizoram,6753502.661243326,-1527235.312012861,0,background
7579,mizoram,6878002.079947359,-1517183.0552763855,0,background
7580,mizoram,6822308.257088321,-1569037.0713853927,0,background
7581,mizoram,6876767.31135526,-1511908.786664549,0,background
7582,mizoram,6770220.223806484,-1518544.7946225477,0,background
7583,mizoram,6786108.341120917,-1500306.722175196,0,background
7584,mizoram,6842831.520147879,-1525519.2510607291,0,background
7585,mizoram,6771078.145436962,-1517593.2690186962,0,background
7586,mizoram,6872366.942400001,-1597334.423983026,0,background
7587,mizoram,6787822.4685189,-1514548.1289243195,0,background
7588,mizoram,6868472.676913504,-1516313.588756947,0,background
7589,mizoram,6844517.624390709,-1513745.5178072578,0,background
7590,mizoram,6833842.035078785,-1494417.3853610866,0,background
7591,mizoram,6933250.652299707,-1582899.9473440037,0,background
7592,mizoram,6827575.21632999,-1514446.8068058558,0,background
7593,mizoram,6831696.396560768,-1623885.5145971014,0,background
7594,mizoram,6841431.859080155,-1512946.33717734,0,background
7595,mizoram,6872786.202752378,-1537192.0236776085,0,background
7596,mizoram,6889559.655322519,-1595620.605880912,0,background
7597,mizoram,6892843.842594153,-1602441.1305933,0,background
7598,mizoram,6863918.470790135,-1511865.1758275395,0,background
7599,mizoram,6886324.7605061745,-1554909.7877796665,0,background
7600,mizoram,6863403.583007387,-1504895.7755764134,0,background
7601,mizoram,6815799.757685921,-1484987.8208037796,0,background
7602,mizoram,6783350.0958509175,-1517977.9482776616,0,background
7603,mizoram,6915393.195468169,-1574730.9385632838,0,background
7604,mizoram,6909189.474019834,-1618400.4754910038,0,background
7605,mizoram,6873953.8900649045,-1520725.8349972933,0,background
7606,mizoram,6858171.515978841,-1508863.4098158176,0,background
7607,mizoram,6761536.059066436,-1557846.3832130437,0,background
7608,mizoram,6789821.005070507,-1599453.8545912746,0,background
7609,mizoram,6831504.428867446,-1493979.1011318297,0,background
7610,mizoram,6814867.857133585,-1589286.4219925383,0,background
7611,mizoram,6865218.448981511,-1516969.4871525392,0,background
7612,mizoram,6756298.997606509,-1544131.4620486372,0,background
7613,mizoram,6756997.532005596,-1529980.685384639,0,background
7614,mizoram,6892685.770149676,-1560069.031459632,0,background
7615,mizoram,6860016.954628076,-1600691.4457621565,0,background
7616,mizoram,6877997.788445761,-1599756.0754034512,0,background
7617,mizoram,6892631.588596419,-1534678.6843267258,0,background
7618,mizoram,6868864.470974497,-1590299.0331759262,0,background
7619,mizoram,6943877.825293995,-1597350.9929360442,0,background
7620,mizoram,6881727.793615677,-1514437.016120682,0,background
7621,mizoram,6890489.443632004,-1600072.4020342948,0,background
7622,mizoram,6815566.179166256,-1486631.776351231,0,background
7623,mizoram,6870567.775462079,-1594175.9409963258,0,background
7624,mizoram,6847104.554363188,-1502929.5041257092,0,background
7625,mizoram,6824235.658313022,-1499589.4120230258,0,background
7626,mizoram,6836416.320819009,-1576574.337152932,0,background
7627,mizoram,6894663.744983819,-1527010.825029904,0,background
7628,mizoram,6924968.630239984,-1588337.667017953,0,background
7629,mizoram,6867886.071734323,-1599373.1935001174,0,background
7630,mizoram,6851878.372730867,-1510046.9398803045,0,background
7631,mizoram,6782684.76358902,-1602415.8520361932,0,background
7632,mizoram,6826579.3098666025,-1573869.361489129,0,background
7633,mizoram,6749278.004389005,-1541395.2413297682,0,background
7634,mizoram,6867771.488203748,-1522360.3286066102,0,background
7635,mizoram,6843149.4577502785,-1515143.8342973287,0,background
7636,mizoram,6767794.891362336,-1543590.228470695,0,background
7637,mizoram,6833048.275153512,-1514420.700934304,0,background
7638,mizoram,6871216.825012394,-1529912.2165459315,0,background
7639,mizoram,6830796.98460648,-1503922.3172345387,0,background
7640,mizoram,6930575.979936118,-1579199.238740788,0,background
7641,mizoram,6768281.447345652,-1526352.6820774951,0,background
7642,mizoram,6866824.62915216,-1588895.3931579574,0,background
7643,mizoram,6788023.944931866,-1486185.1482730194,0,background
7644,mizoram,6892199.861586127,-1563335.98160788,0,background
7645,mizoram,6848500.965460242,-1562002.2655192001,0,background
7646,mizoram,6786071.393949553,-1597337.0011294787,0,background
7647,mizoram,6818630.195659014,-1508881.8239415137,0,background
7648,mizoram,6835403.0970187215,-1498186.344156851,0,background
7649,mizoram,6861509.733170721,-1600156.6205067215,0,background
7650,mizoram,6784760.646439765,-1495173.7416341808,0,background
7651,mizoram,6899713.957294048,-1567647.816279206,0,background
7652,mizoram,6878380.205953807,-1538346.8236838111,0,background
7653,mizoram,6879772.457328325,-1537328.6770372512,0,background
7654,mizoram,6920129.9997110395,-1622583.529601574,0,background
7655,mizoram,6847978.873204387,-1513257.9870991053,0,background
7656,mizoram,6864891.002527392,-1509978.4878836162,0,background
7657,mizoram,6782405.283568423,-1602159.3921847472,0,background
7658,mizoram,6839603.343726121,-1503159.354536852,0,background
7659,mizoram,6865652.620730273,-1537582.1498165815,0,background
7660,mizoram,6929221.895363143,-1578120.8641448591,0,background
7661,mizoram,6934041.606965695,-1585697.800433344,0,background
7662,mizoram,6839193.3732470535,-1520171.9349264335,0,background
7663,mizoram,6873859.457855183,-1599692.8505846357,0,background
7664,mizoram,6870378.420295836,-1509855.9467616354,0,background
7665,mizoram,6890478.390026561,-1530366.6632957365,0,background
7666,mizoram,6897615.75244896,-1599551.2511792933,0,background
7667,mizoram,6945104.20820117,-1594821.6325928664,0,background
7668,mizoram,6889736.084772676,-1560533.4654402782,0,background
7669,mizoram,6783982.736197464,-1515033.5480146278,0,background
7670,mizoram,6890337.896647912,-1600715.9117797732,0,background
7671,mizoram,6866378.680771608,-1588183.582882384,0,background
7672,mizoram,6788687.546705688,-1617760.4128168093,0,background
7673,mizoram,6850787.756202823,-1510979.6393144552,0,background
7674,mizoram,6796398.695938117,-1598818.8485607144,0,background
7675,mizoram,6814061.951624219,-1514687.3922285428,0,background
7676,mizoram,6870628.195870785,-1537495.0158211957,0,background
7677,mizoram,6791995.606781568,-1620277.085860952,0,background
7678,mizoram,6905552.440089266,-1559622.5237241678,0,background
7679,mizoram,6830735.807808789,-1497732.5264632876,0,background
7680,mizoram,6894570.813433515,-1562807.6620776628,0,background
7681,mizoram,6757937.515945859,-1542419.417285491,0,background
7682,mizoram,6784968.927260105,-1593438.1818057213,0,background
7683,mizoram,6832530.707893072,-1569806.0638266865,0,background
7684,mizoram,6848975.715931621,-1511399.469560758,0,background
7685,mizoram,6833200.528488017,-1503360.9147866166,0,background
7686,mizoram,6814133.251175047,-1503450.7669697166,0,background
7687,mizoram,6839365.358877579,-1497528.1988394877,0,background
7688,mizoram,6896308.2216307325,-1526206.6378937329,0,background
7689,mizoram,6824959.000585962,-1496613.3260907058,0,background
7690,mizoram,6841641.82867913,-1526724.7096820904,0,background
7691,mizoram,6868205.937377402,-1584279.0867294613,0,background
7692,mizoram,6883674.193852882,-1594231.6042481181,0,background
7693,mizoram,6821828.337905071,-1497325.7592222732,0,background
7694,mizoram,6861888.987084275,-1599466.898776601,0,background
7695,mizoram,6809492.9585348675,-1497711.7488723432,0,background
7696,mizoram,6838012.898385665,-1522312.8910494074,0,background
7697,mizoram,6804636.546976886,-1498065.2140304765,0,background
7698,mizoram,6788449.84624948,-1596832.6822034132,0,background
7699,mizoram,6821419.787185077,-1500177.4536216557,0,background
7700,mizoram,6888908.146092283,-1531271.6837194548,0,background
7701,mizoram,6943198.86056526,-1568658.2987937455,0,background
7702,mizoram,6884724.247923331,-1578379.6672480763,0,background
7703,mizoram,6767110.717969123,-1529047.5796288268,0,background
7704,mizoram,6838646.871851943,-1508097.1283427512,0,background
7705,mizoram,6872216.946695232,-1529632.444349613,0,background
7706,mizoram,6885505.177892102,-1600164.3184871867,0,background
7707,mizoram,6785339.095100337,-1500893.827321653,0,background
7708,mizoram,6819309.917567234,-1498370.6410334902,0,background
7709,mizoram,6814448.005087756,-1497615.4287516633,0,background
7710,mizoram,6841555.583968821,-1515004.361640181,0,background
7711,mizoram,6754916.094255207,-1527179.1269633113,0,background
7712,mizoram,6776070.693242943,-1546681.4758265174,0,background
7713,mizoram,6862764.954028252,-1512186.1425529139,0,background
7714,mizoram,6835750.2131095175,-1503149.6829483004,0,background
7715,mizoram,6837519.521095513,-1509482.4093894828,0,background
7716,mizoram,6902645.805517263,-1567027.08513112,0,background
7717,mizoram,6816046.602208368,-1487350.896108628,0,background
7718,mizoram,6791159.843367218,-1513850.3343540742,0,background
7719,mizoram,6886630.682724805,-1578820.5273072717,0,background
7720,mizoram,6813277.9570565,-1565834.22708514,0,background
7721,mizoram,6873585.981334581,-1510286.885562348,0,background
7722,mizoram,6946095.9259088645,-1592782.4774789056,0,background
7723,mizoram,6926519.6198582575,-1595446.1360230853,0,background
7724,mizoram,6866603.078584578,-1593773.068658409,0,background
7725,mizoram,6870751.239710833,-1524870.5970420558,0,background
7726,mizoram,6894917.34108905,-1596571.0105959799,0,background
7727,mizoram,6847270.790019818,-1508904.3478777758,0,background
7728,mizoram,6784419.179767454,-1494827.7099147255,0,background
7729,mizoram,6844517.667806965,-1501512.0855423776,0,background
7730,mizoram,6829201.978662469,-1496321.9898053776,0,background
7731,mizoram,6786833.876192903,-1517081.840124979,0,background
7732,mizoram,6839881.636396183,-1525188.5946621087,0,background
7733,mizoram,6852565.722761345,-1507137.5895843185,0,background
7734,mizoram,6890129.847685855,-1533921.5123262927,0,background
7735,mizoram,6902737.416836689,-1566164.5861206315,0,background
7736,mizoram,6932529.812570418,-1577603.0415693333,0,background
7737,mizoram,6838051.554634465,-1524554.3835357802,0,background
7738,mizoram,6842003.901120677,-1501535.1312909222,0,background
7739,mizoram,6944246.604975883,-1594009.985485745,0,background
7740,mizoram,6866510.236956737,-1599940.904602547,0,background
7741,mizoram,6926512.001011789,-1577097.7329183389,0,background
7742,mizoram,6880761.137280826,-1515636.4944348638,0,background
7743,mizoram,6832737.138562903,-1573398.9369161688,0,background
7744,mizoram,6899429.511349337,-1568242.2091870825,0,background
7745,mizoram,6862831.553995392,-1516330.2756461175,0,background
7746,mizoram,6903949.36527944,-1568122.1529462028,0,background
7747,mizoram,6842144.094141372,-1509890.7338059256,0,background
7748,mizoram,6876226.635754716,-1516841.580052164,0,background
7749,mizoram,6862262.497976658,-1596494.7584514548,0,background
7750,mizoram,6833156.558426595,-1498703.6279136154,0,background
7751,mizoram,6954513.826570009,-1555028.6999816801,0,background
7752,mizoram,6800115.748351334,-1602250.6508717523,0,background
7753,mizoram,6762038.066656201,-1561713.103117264,0,background
7754,mizoram,6950261.856799103,-1596004.0075902108,0,background
7755,mizoram,6859161.243137948,-1597488.1185824524,0,background
7756,mizoram,6876320.617857075,-1529821.9466526003,0,background
7757,mizoram,6943359.151568765,-1597855.0901293834,0,background
7758,mizoram,6872363.414121537,-1528897.3111349784,0,background
7759,mizoram,6878637.9781492455,-1543464.4784188932,0,background
7760,mizoram,6893886.384166548,-1609132.272858496,0,background
7761,mizoram,6895845.191312765,-1602977.4422614214,0,background
7762,mizoram,6789106.2387645785,-1510851.5889606334,0,background
7763,mizoram,6808561.345685311,-1498039.5958077929,0,background
7764,mizoram,6877069.834649468,-1511020.3008913482,0,background
7765,mizoram,6865283.107174772,-1519368.8885115983,0,background
7766,mizoram,6818744.11848194,-1516713.1358298624,0,background
7767,mizoram,6867985.075976055,-1510436.934010746,0,background
7768,mizoram,6787834.240358096,-1617474.1692387771,0,background
7769,mizoram,6782016.843488579,-1597268.3025709705,0,background
7770,mizoram,6869228.461564386,-1587213.4470448464,0,background
7771,mizoram,6792387.1135634035,-1512006.211982442,0,background
7772,mizoram,6825944.110596301,-1499227.587605986,0,background
7773,mizoram,6838422.215726721,-1520983.412353338,0,background
7774,mizoram,6763263.975452524,-1545595.5722021586,0,background
7775,mizoram,6930561.624821305,-1584104.4835502605,0,background
7776,mizoram,6877316.1819178285,-1515643.004534907,0,background
7777,mizoram,6773834.772748173,-1528841.4140838746,0,background
7778,mizoram,6754014.670004842,-1543790.7316635805,0,background
7779,mizoram,6864720.780613469,-1520235.0715174454,0,background
7780,mizoram,6843356.962388852,-1506461.1066542799,0,background
7781,mizoram,6871956.015019842,-1517934.518763748,0,background
7782,mizoram,6887305.812896444,-1581510.3113532101,0,background
7783,mizoram,6767040.824535641,-1611133.003771611,0,background
7784,mizoram,6772007.03991389,-1527611.9023428038,0,background
7785,mizoram,6845232.543878608,-1520076.9867677775,0,background
7786,mizoram,6880294.410266661,-1542601.7495309156,0,background
7787,mizoram,6868096.062343508,-1598930.4486759123,0,background
7788,mizoram,6828467.314423912,-1505858.9977387744,0,background
7789,mizoram,6841871.229249123,-1513022.89184712,0,background
7790,mizoram,6924435.165337269,-1590799.0488940263,0,background
7791,mizoram,6782454.63553872,-1499847.3865714502,0,background
7792,mizoram,6835428.12789923,-1497178.8071136947,0,background
7793,mizoram,6935319.103476547,-1575463.613132993,0,background
7794,mizoram,6807731.427283353,-1484418.7854786555,0,background
7795,mizoram,6875154.810274556,-1597114.5427326958,0,background
7796,mizoram,6880719.791404766,-1597965.308013224,0,background
7797,mizoram,6905001.61683595,-1558253.2616474042,0,background
7798,mizoram,6928208.757057493,-1575675.937413383,0,background
7799,mizoram,6845725.122786157,-1503631.6844625566,0,background
7800,mizoram,6870009.735822367,-1597575.262429072,0,background
7801,mizoram,6909273.572388979,-1542613.8699414977,0,background
7802,mizoram,6897619.495817365,-1602948.342687606,0,background
7803,mizoram,6756011.488494042,-1544035.7774232512,0,background
7804,mizoram,6905604.335832899,-1560503.347335015,0,background
7805,mizoram,6766274.699821314,-1559672.9220585336,0,background
7806,mizoram,6840617.235110936,-1520675.9371734073,0,background
7807,mizoram,6902474.0136812795,-1602362.5417512949,0,background
7808,mizoram,6889266.357198323,-1562528.22554522,0,background
7809,mizoram,6874172.947309194,-1540807.6214409152,0,background
7810,mizoram,6867918.154981568,-1588531.9910213295,0,background
7811,mizoram,6846099.517483508,-1510183.6343813604,0,background
7812,mizoram,6913725.527523514,-1574039.258980983,0,background
7813,mizoram,6825550.000814525,-1598224.3198441125,0,background
7814,mizoram,6853858.786840783,-1508609.8890177421,0,background
7815,mizoram,6868829.91080278,-1520128.0327810715,0,background
7816,mizoram,6870128.303706037,-1524184.252959516,0,background
7817,mizoram,6937544.306576842,-1581922.9455073148,0,background
7818,mizoram,6805788.223906311,-1503035.2562276304,0,background
7819,mizoram,6893453.951844867,-1564771.870417315,0,background
7820,mizoram,6900573.380240842,-1603805.121331179,0,background
7821,mizoram,6828935.337905651,-1494113.2675044136,0,background
7822,mizoram,6820514.135345955,-1503408.2153053859,0,background
7823,mizoram,6867642.290556783,-1519275.9076364401,0,background
7824,mizoram,6834320.624300103,-1503369.536282594,0,background
7825,mizoram,6948700.348946464,-1595646.7903343257,0,background
7826,mizoram,6923477.455039471,-1619148.5028205472,0,background
7827,mizoram,6833739.616198051,-1508921.0752750926,0,background
7828,mizoram,6848272.11185759,-1504211.9240787798,0,background
7829,mizoram,6891980.790173004,-1583753.4611723407,0,background
7830,mizoram,6862931.798379033,-1593827.40277069,0,background
7831,mizoram,6866921.42166086,-1512349.4315478376,0,background
7832,mizoram,6804076.5910709025,-1499125.9892664915,0,background
7833,mizoram,6836330.86186112,-1504780.7058122752,0,background
7834,mizoram,6888042.520604596,-1601191.8183088705,0,background
7835,mizoram,6906037.351778934,-1560905.1969954951,0,background
7836,mizoram,6842867.384138778,-1500912.3367681,0,background
7837,mizoram,6813183.146925277,-1590919.8162349896,0,background
7838,mizoram,6856329.536472763,-1577906.133281709,0,background
7839,mizoram,6848629.012021739,-1504813.4308222088,0,background
7840,mizoram,6955060.49250859,-1555817.5687836069,0,background
7841,mizoram,6865262.385455734,-1512386.0941987364,0,background
7842,mizoram,6836535.093439031,-1497594.671378993,0,background
7843,mizoram,6840598.265687648,-1524879.2506334775,0,background
7844,mizoram,6869188.2163581345,-1592893.5466953956,0,background
7845,mizoram,6931732.517472275,-1579590.3215680036,0,background
7846,mizoram,6889547.724652719,-1597818.6586839277,0,background
7847,mizoram,6956330.340096913,-1555969.0173737167,0,background
7848,mizoram,6751710.192202811,-1542949.3412335282,0,background
7849,mizoram,6752323.939884986,-1543204.3329236135,0,background
7850,mizoram,6844514.899468549,-1508802.9524106914,0,background
7851,mizoram,6893723.735158557,-1595771.294464278,0,background
7852,mizoram,6824592.266495844,-1503642.7239835868,0,background
7853,mizoram,6884873.274185491,-1576123.110446579,0,background
7854,mizoram,6858841.617925471,-1511316.7112634839,0,background
7855,mizoram,6778467.6038446305,-1509187.0455179797,0,background
7856,mizoram,6815240.415626698,-1487361.203872073,0,background
7857,mizoram,6863973.184317611,-1514196.7868267742,0,background
7858,mizoram,6824790.092593122,-1502664.3195879674,0,background
7859,mizoram,6892390.948142253,-1606462.2992225569,0,background
7860,mizoram,6834572.9789116355,-1536367.9475099572,0,background
7861,mizoram,6928113.242604782,-1580148.484332983,0,background
7862,mizoram,6847485.829533541,-1513852.9475454874,0,background
7863,mizoram,6892020.410319883,-1584327.2457553092,0,background
7864,mizoram,6826307.149182528,-1493367.862322382,0,background
7865,mizoram,6878576.182989344,-1541786.4465445296,0,background
7866,mizoram,6875431.9452354,-1538034.4296546835,0,background
7867,mizoram,6917073.27787397,-1621297.037548767,0,background
7868,mizoram,6793635.415380133,-1584498.847454856,0,background
7869,mizoram,6845697.922299402,-1512801.5522689216,0,background
7870,mizoram,6902089.858001878,-1567360.4983111385,0,background
7871,mizoram,6834745.7049034415,-1503629.1478425427,0,background
7872,mizoram,6938695.084648864,-1593335.0720964614,0,background
7873,mizoram,6896517.170810116,-1564595.8745179954,0,background
7874,mizoram,6833124.176230079,-1573711.6038548225,0,background
7875,mizoram,6938839.436679517,-1594807.6146382699,0,background
7876,mizoram,6802325.219424051,-1501346.4169420118,0,background
7877,mizoram,6864749.349351564,-1504459.824397027,0,background
7878,mizoram,6872656.5986986095,-1511021.9364597884,0,background
7879,mizoram,6931414.815901084,-1580351.8759906292,0,background
7880,mizoram,6812760.320125534,-1484493.2530444749,0,background
7881,mizoram,6784454.924753677,-1497752.1277849795,0,background
7882,mizoram,6831237.9698949875,-1576944.8779065015,0,background
7883,mizoram,6889415.007709412,-1560785.4709299651,0,background
7884,mizoram,6945529.325714675,-1601791.3917093067,0,background
7885,mizoram,6868044.912540192,-1587362.8346526443,0,background
7886,mizoram,6794786.2235503895,-1599182.4692165977,0,background
7887,mizoram,6943713.495118812,-1600120.63185561,0,background
7888,mizoram,6839087.779280576,-1505064.0930607503,0,background
7889,mizoram,6833115.663000862,-1574261.016957334,0,background
7890,mizoram,6788351.080314474,-1600401.776865438,0,background
7891,mizoram,6947773.300398646,-1602629.8047334435,0,background
7892,mizoram,6893134.590926773,-1596012.257575232,0,background
7893,mizoram,6833328.034997233,-1495521.208484488,0,background
7894,mizoram,6781020.610645855,-1561746.9028123433,0,background
7895,mizoram,6761481.795030654,-1529801.6891967116,0,background
7896,mizoram,6847733.58777213,-1519748.2430984445,0,background
7897,mizoram,6868179.511086481,-1506915.3365748366,0,background
7898,mizoram,6874714.330889604,-1522051.5794972626,0,background
7899,mizoram,6871315.425170498,-1532160.7907042732,0,background
7900,mizoram,6826111.082481485,-1600675.2348363933,0,background
7901,mizoram,6822997.065754901,-1570033.668419125,0,background
7902,mizoram,6805347.986332895,-1501564.3347883318,0,background
7903,mizoram,6851969.804851534,-1578044.048525954,0,background
7904,mizoram,6779860.772166434,-1507677.282684301,0,background
7905,mizoram,6952071.51032343,-1588815.7727612224,0,background
7906,mizoram,6809199.840942311,-1562742.3505028405,0,background
7907,mizoram,6868072.365728934,-1588075.585560604,0,background
7908,mizoram,6783288.920937873,-1511036.6439247488,0,background
7909,mizoram,6924236.711782111,-1593232.5767639424,0,background
7910,mizoram,6843160.490680326,-1508098.3487397472,0,background
7911,mizoram,6841084.992060756,-1501360.4514752948,0,background
7912,mizoram,6849927.757394021,-1509190.9198153608,0,background
7913,mizoram,6873770.669312059,-1537398.924546107,0,background
7914,mizoram,6791620.9508185,-1517081.9746065512,0,background
7915,mizoram,6785865.76642105,-1493611.546497232,0,background
7916,mizoram,6827962.197825484,-1504518.4199413573,0,background
7917,mizoram,6905803.539624436,-1564555.5810399533,0,background
7918,mizoram,6842877.767487468,-1529128.2466547145,0,background
7919,mizoram,6954054.154455565,-1555663.17277168,0,background
7920,mizoram,6830942.47390416,-1514982.8185593963,0,background
7921,mizoram,6839430.394528578,-1496016.587444392,0,background
7922,mizoram,6860289.354503377,-1599067.6657346399,0,background
7923,mizoram,6865286.19000069,-1506855.8763962851,0,background
7924,mizoram,6934993.962289495,-1582511.6848549345,0,background
7925,mizoram,6868006.319050044,-1588175.7412074672,0,background
7926,mizoram,6821020.870904577,-1497332.1591677144,0,background
7927,mizoram,6831692.672155141,-1506520.439809225,0,background
7928,mizoram,6923382.086081258,-1595195.0767917715,0,background
7929,mizoram,6892992.753325256,-1584542.1563786117,0,background
7930,mizoram,6960576.837721958,-1559290.4981417693,0,background
7931,mizoram,6822348.964436129,-1493550.0265818436,0,background
7932,mizoram,6831513.301040903,-1573942.535086829,0,background
7933,mizoram,6826239.801101316,-1497038.8164851486,0,background
7934,mizoram,6759544.837313773,-1507199.1524736974,0,background
7935,mizoram,6817270.03965323,-1514560.3713036994,0,background
7936,mizoram,6837630.705330821,-1520846.1108462191,0,background
7937,mizoram,6850237.45674259,-1509682.565780474,0,background
7938,mizoram,6838989.307236592,-1521088.6554489252,0,background
7939,mizoram,6835571.310842343,-1515364.16938554,0,background
7940,mizoram,6867114.808185139,-1523263.9058822456,0,background
7941,mizoram,6793539.537890164,-1584643.8737253528,0,background
7942,mizoram,6943681.662051336,-1593746.3967900765,0,background
7943,mizoram,6871674.084653099,-1513451.5895396066,0,background
7944,mizoram,6848756.281797529,-1505699.0960032374,0,background
7945,mizoram,6838661.2557407385,-1506788.2296370014,0,background
7946,mizoram,6872588.81566531,-1518318.958562846,0,background
7947,mizoram,6952229.671053602,-1593428.9631656506,0,background
7948,mizoram,6840676.539431754,-1506852.6318833919,0,background
7949,mizoram,6846355.770341977,-1518915.4965038097,0,background
7950,mizoram,6894036.198573835,-1562820.4468942038,0,background
7951,mizoram,6906509.069111889,-1562692.9369810398,0,background
7952,mizoram,6840834.584442255,-1505274.2806941895,0,background
7953,mizoram,6878581.375534184,-1599624.2734992353,0,background
7954,mizoram,6931573.830342073,-1583517.9922276938,0,background
7955,mizoram,6881362.968280701,-1510350.51182727,0,background
7956,mizoram,6802378.339977053,-1498155.8277689086,0,background
7957,mizoram,6837846.098695771,-1499285.7153885474,0,background
7958,mizoram,6809796.243089163,-1562552.8310732052,0,background
7959,mizoram,6809199.707316648,-1499320.2508622662,0,background
7960,mizoram,6759245.6913081175,-1543120.9343622806,0,background
7961,mizoram,6961990.19240048,-1558414.7452858684,0,background
7962,mizoram,6882329.460645314,-1592497.499685677,0,background
7963,mizoram,6932295.489034831,-1580784.6432844952,0,background
7964,mizoram,6832121.407262864,-1513218.3063962294,0,background
7965,mizoram,6865404.3618046865,-1522240.4698356262,0,background
7966,mizoram,6812440.630153279,-1565341.0215412155,0,background
7967,mizoram,6807118.778258239,-1502933.3267480854,0,background
7968,mizoram,6861525.455519493,-1503762.5823824385,0,background
7969,mizoram,6932735.656064904,-1577626.4155648598,0,background
7970,mizoram,6874989.207158105,-1535579.2924656342,0,background
7971,mizoram,6828331.33247842,-1493979.5955562252,0,background
7972,mizoram,6855665.10320806,-1511881.5716607675,0,background
7973,mizoram,6804765.929858964,-1500986.451827168,0,background
7974,mizoram,6902428.424887446,-1601345.0941655883,0,background
7975,mizoram,6830018.074043459,-1513985.369569427,0,background
7976,mizoram,6863844.255208073,-1594929.1607999436,0,background
7977,mizoram,6944559.4895933485,-1598248.6946865856,0,background
7978,mizoram,6824409.413403358,-1515471.745622393,0,background
7979,mizoram,6837385.968359613,-1508306.027875147,0,background
7980,mizoram,6789559.596748252,-1617666.6967437356,0,background
7981,mizoram,6853552.447183657,-1575385.8980398881,0,background
7982,mizoram,6893357.4875253085,-1589289.658833947,0,background
7983,mizoram,6932245.2967672795,-1586237.3634726705,0,background
7984,mizoram,6870110.709817144,-1519375.158890336,0,background
7985,mizoram,6870859.458207904,-1521907.0271733678,0,background
7986,mizoram,6873859.764548491,-1542222.269075402,0,background
7987,mizoram,6857416.273823462,-1506657.2323698576,0,background
7988,mizoram,6865832.029677744,-1599350.1002994943,0,background
7989,mizoram,6814832.986553307,-1500862.753870089,0,background
7990,mizoram,6952011.442192364,-1594494.58425578,0,background
7991,mizoram,6838388.6845647115,-1502694.489973163,0,background
7992,mizoram,6891899.454288973,-1534831.999398999,0,background
7993,mizoram,6874430.670364158,-1516054.0708700537,0,background
7994,mizoram,6960184.991388124,-1557482.233158183,0,background
7995,mizoram,6887358.947157962,-1577150.8008799797,0,background
7996,mizoram,6758669.154981458,-1543376.0018886616,0,background
7997,mizoram,6882803.294448318,-1538298.3095376228,0,background
7998,mizoram,6958329.197981434,-1554856.4915959171,0,background
7999,mizoram,6757746.658694129,-1529500.2065132435,0,background
8000,mizoram,6893985.120030797,-1591735.0565057227,0,background
8001,mizoram,6806200.410878047,-1496848.8362110562,0,background
8002,mizoram,6858481.332393684,-1502806.2220703773,0,background
8003,mizoram,6844999.972885715,-1516429.0290583156,0,background
8004,mizoram,6895551.925275852,-1599477.7497418958,0,background
8005,mizoram,6868868.738036779,-1538603.9694282403,0,background
8006,mizoram,6867649.261353044,-1512918.4658207109,0,background
8007,mizoram,6844582.554994768,-1501461.1144042835,0,background
8008,mizoram,6832802.229038845,-1517243.4468087025,0,background
8009,mizoram,6899057.473953222,-1606251.586199467,0,background
8010,mizoram,6789898.23700207,-1620357.457844065,0,background
8011,mizoram,6832740.594259486,-1579232.7152431337,0,background
8012,mizoram,6769529.101931928,-1518972.1554109703,0,background
8013,mizoram,6786276.876121787,-1540202.5236250092,0,background
8014,mizoram,6791358.787522919,-1513110.0560402067,0,background
8015,mizoram,6931562.238319211,-1585944.3629170465,0,background
8016,mizoram,6949328.609842701,-1599421.2861397476,0,background
8017,mizoram,6824709.567725762,-1514159.5330475764,0,background
8018,mizoram,6875267.722077076,-1513251.065131748,0,background
8019,mizoram,6830349.689527376,-1509363.519636757,0,background
8020,mizoram,6848970.909945768,-1504690.7596245357,0,background
8021,mizoram,6806700.040860009,-1505269.5755950536,0,background
8022,mizoram,6893519.460428047,-1590513.476845889,0,background
8023,mizoram,6789272.690310614,-1483698.1030663468,0,background
8024,mizoram,6870530.648971737,-1533024.0184220234,0,background
8025,mizoram,6843447.61544192,-1504530.1809943372,0,background
8026,mizoram,6904718.981786973,-1563437.4370958763,0,background
8027,mizoram,6761633.590642669,-1505830.231749028,0,background
8028,mizoram,6850830.828010267,-1506998.5619748684,0,background
8029,mizoram,6834593.039266162,-1511165.894443923,0,background
8030,mizoram,6882076.219971998,-1540564.8207159236,0,background
8031,mizoram,6881964.125587449,-1540054.3390547317,0,background
8032,mizoram,6863426.62919135,-1602859.2947075772,0,background
8033,mizoram,6891559.288821518,-1593805.4667829003,0,background
8034,mizoram,6898423.775462127,-1598250.2288885568,0,background
8035,mizoram,6899430.76043044,-1595060.6968584398,0,background
8036,mizoram,6823823.020223236,-1489868.799709274,0,background
8037,mizoram,6894173.635480812,-1538612.9210758624,0,background
8038,mizoram,6835951.367677059,-1501996.1124619995,0,background
8039,mizoram,6867181.0903295465,-1538005.859047535,0,background
8040,mizoram,6875686.460243807,-1515328.710714381,0,background
8041,mizoram,6834345.258982594,-1535714.2416438707,0,background
8042,mizoram,6842240.64747872,-1515866.952406506,0,background
8043,mizoram,6864775.203905115,-1601019.4299382367,0,background
8044,mizoram,6862509.014048892,-1508832.0487000002,0,background
8045,mizoram,6830575.532563775,-1517223.0394487495,0,background
8046,mizoram,6752161.550993626,-1541811.2377496597,0,background
8047,mizoram,6950795.018929051,-1596218.7189873501,0,background
8048,mizoram,6789287.2415175205,-1515021.4469910718,0,background
8049,mizoram,6808138.251837763,-1485432.85519523,0,background
8050,mizoram,6877123.6193196755,-1511200.615747551,0,background
8051,mizoram,6832000.138353408,-1495892.819513587,0,background
8052,mizoram,6879594.114945929,-1514141.385697987,0,background
8053,mizoram,6892951.992293118,-1597806.6008730796,0,background
8054,mizoram,6835146.31792012,-1516920.1456496639,0,background
8055,mizoram,6807621.588107069,-1500616.1269704446,0,background
8056,mizoram,6950934.13669161,-1550371.0183719029,0,background
8057,mizoram,6871053.813941876,-1526555.7001288878,0,background
8058,mizoram,6838985.720606086,-1517760.2062973941,0,background
8059,mizoram,6784134.32839515,-1502333.076055765,0,background
8060,mizoram,6937017.02412691,-1579801.1554727065,0,background
8061,mizoram,6953027.939781412,-1551595.6793996166,0,background
8062,mizoram,6783096.364261136,-1605730.0119407258,0,background
8063,mizoram,6916516.575739735,-1570441.892133665,0,background
8064,mizoram,6737103.3306323225,-1552390.9022292555,0,background
8065,mizoram,6912062.339174081,-1618324.907296367,0,background
8066,mizoram,6892148.537147019,-1605230.6365553457,0,background
8067,mizoram,6762489.759412915,-1529890.2192445167,0,background
8068,mizoram,6884548.500310827,-1580177.1767756385,0,background
8069,mizoram,6766698.60564189,-1530536.3353695779,0,background
8070,mizoram,6869453.75992015,-1524471.8573037714,0,background
8071,mizoram,6792898.557793578,-1511217.2983454547,0,background
8072,mizoram,6841912.097670245,-1521513.0708613119,0,background
8073,mizoram,6851049.6079226155,-1507133.927266127,0,background
8074,mizoram,6891325.123862494,-1606938.3864143572,0,background
8075,mizoram,6894560.194452491,-1563480.2927104128,0,background
8076,mizoram,6842955.174971428,-1521474.724379667,0,background
8077,mizoram,6864430.508039595,-1537854.295648866,0,background
8078,mizoram,6837205.006295015,-1521211.1718318094,0,background
8079,mizoram,6821867.281010489,-1493874.9083398287,0,background
8080,mizoram,6829439.234808194,-1511490.7308219576,0,background
8081,mizoram,6819294.262753763,-1496344.1898235804,0,background
8082,mizoram,6812282.1478202855,-1501222.2046247378,0,background
8083,mizoram,6847729.385049019,-1512219.925690103,0,background
8084,mizoram,6782762.609488148,-1504513.0478359472,0,background
8085,mizoram,6845729.433914847,-1507084.7625611,0,background
8086,mizoram,6755157.737726011,-1542476.413574847,0,background
8087,mizoram,6817570.895144313,-1502699.5950799147,0,background
8088,mizoram,6762109.798857444,-1557285.8711836997,0,background
8089,mizoram,6787708.064344924,-1500893.5751047907,0,background
8090,mizoram,6906406.5937952055,-1561859.748570232,0,background
8091,mizoram,6867411.863496798,-1524080.8590790972,0,background
8092,mizoram,6954014.684752555,-1553414.7681778534,0,background
8093,mizoram,6806182.882887613,-1498646.5833359074,0,background
8094,mizoram,6911105.062204445,-1542847.1660995008,0,background
8095,mizoram,6899197.133137662,-1600518.8110797924,0,background
8096,mizoram,6865367.909089729,-1534850.8390781623,0,background
8097,mizoram,6820508.823410411,-1503574.3292306152,0,background
8098,mizoram,6843821.5883312905,-1516372.4380358434,0,background
8099,mizoram,6828418.726510562,-1512538.5207904237,0,background
8100,mizoram,6771103.680558331,-1544372.233285244,0,background
8101,mizoram,6825552.027450062,-1573860.6827133617,0,background
8102,mizoram,6846969.555521218,-1503188.6952748916,0,background
8103,mizoram,6801607.27397295,-1497419.940724964,0,background
8104,mizoram,6942862.213600398,-1603422.985187541,0,background
8105,mizoram,6833282.573598194,-1624469.6100579603,0,background
8106,mizoram,6890133.4549966995,-1530897.1497525056,0,background
8107,mizoram,6829602.140679113,-1493724.3691370236,0,background
8108,mizoram,6814675.818037797,-1499875.4167723237,0,background
8109,mizoram,6831171.071193969,-1504345.554395696,0,background
8110,mizoram,6878331.444216008,-1545557.9363861226,0,background
8111,mizoram,6784078.892638845,-1497726.3237854533,0,background
8112,mizoram,6923819.803093495,-1617563.571864568,0,background
8113,mizoram,6870913.618017622,-1588935.2246799967,0,background
8114,mizoram,6879133.085686559,-1597088.3208435662,0,background
8115,mizoram,6952112.448544939,-1603277.9007605803,0,background
8116,mizoram,6841188.105136114,-1516027.179521324,0,background
8117,mizoram,6816422.474391069,-1514829.345986753,0,background
8118,mizoram,6898680.834622477,-1563616.7929636245,0,background
8119,mizoram,6903118.864742731,-1565936.5392816477,0,background
8120,mizoram,6870231.03085433,-1586407.9888888001,0,background
8121,mizoram,6876674.288449112,-1544550.7505972546,0,background
8122,mizoram,6893958.979261724,-1591300.5857820858,0,background
8123,mizoram,6762989.366769111,-1560401.698277816,0,background
8124,mizoram,6863772.229066572,-1600135.0760362125,0,background
8125,mizoram,6787214.119934807,-1617279.6094217822,0,background
8126,mizoram,6878697.738744712,-1542526.8495070974,0,background
8127,mizoram,6870330.996832342,-1594778.9778416464,0,background
8128,mizoram,6835401.8962246375,-1579043.8129607067,0,background
8129,mizoram,6820754.605535215,-1485813.1504662167,0,background
8130,mizoram,6750930.451949293,-1529850.7954743695,0,background
8131,mizoram,6763413.345150768,-1545786.585237099,0,background
8132,mizoram,6881067.616136129,-1543737.9088815446,0,background
8133,mizoram,6936551.984455765,-1577870.6947548355,0,background
8134,mizoram,6836550.971143357,-1514896.7491492028,0,background
8135,mizoram,6887799.5163156465,-1596682.3441837376,0,background
8136,mizoram,6818909.498232622,-1511520.5467328874,0,background
8137,mizoram,6949631.304324313,-1596860.6043124436,0,background
8138,mizoram,6781155.372104865,-1505894.6753152015,0,background
8139,mizoram,6878967.936058595,-1598560.3127146272,0,background
8140,mizoram,6839935.041238346,-1527375.990478815,0,background
8141,mizoram,6835812.749558459,-1518514.873344241,0,background
8142,mizoram,6858302.764044505,-1503383.6236260422,0,background
8143,mizoram,6798893.655766811,-1601168.920499615,0,background
8144,mizoram,6819120.029643933,-1512448.8600014308,0,background
8145,mizoram,6831634.613298241,-1500371.0009090605,0,background
8146,mizoram,6872959.367818356,-1539435.1816460772,0,background
8147,mizoram,6896341.339105101,-1602124.6421722132,0,background
8148,mizoram,6812445.844654199,-1566213.1175247058,0,background
8149,mizoram,6846914.483961987,-1504419.747954301,0,background
8150,mizoram,6829419.467702256,-1511482.878447797,0,background
8151,mizoram,6902025.110314112,-1561123.998781161,0,background
8152,mizoram,6836443.158707833,-1572148.7178794062,0,background
8153,mizoram,6861437.453440975,-1600823.2062709662,0,background
8154,mizoram,6793520.112551535,-1514127.854998409,0,background
8155,mizoram,6943057.730948356,-1593178.5416602294,0,background
8156,mizoram,6785110.340991796,-1592889.1913292257,0,background
8157,mizoram,6881339.904379715,-1596654.6898252282,0,background
8158,mizoram,6809599.679595154,-1485627.2312882808,0,background
8159,mizoram,6829757.233319929,-1514815.4186860449,0,background
8160,mizoram,6860258.378895731,-1510346.9181179705,0,background
8161,mizoram,6849208.400850799,-1562776.0134885933,0,background
8162,mizoram,6871632.991029386,-1512818.2254859835,0,background
8163,mizoram,6928643.863690213,-1582957.9504021879,0,background
8164,mizoram,6871938.165755571,-1529257.4510719376,0,background
8165,mizoram,6819652.77892484,-1497502.076328125,0,background
8166,mizoram,6867915.444610567,-1601081.6991882934,0,background
8167,mizoram,6867776.5614652075,-1593313.411913512,0,background
8168,mizoram,6949605.1583377365,-1591444.2356404124,0,background
8169,mizoram,6758917.429053929,-1530513.156057884,0,background
8170,mizoram,6873950.882779226,-1519837.450572271,0,background
8171,mizoram,6815634.267368907,-1513041.362550527,0,background
8172,mizoram,6826219.469841335,-1499502.329419706,0,background
8173,mizoram,6905680.000198915,-1564503.7501841458,0,background
8174,mizoram,6818072.010830755,-1511811.7516812105,0,background
8175,mizoram,6863838.334460531,-1513247.0718623854,0,background
8176,mizoram,6902886.06020455,-1567918.8768147524,0,background
8177,mizoram,6836082.439670013,-1526900.8012974828,0,background
8178,mizoram,6848889.527931805,-1507255.9326361066,0,background
8179,mizoram,6735045.307232286,-1552933.392887222,0,background
8180,mizoram,6832416.595249192,-1518121.7598703608,0,background
8181,mizoram,6880457.954894391,-1514318.838026555,0,background
8182,mizoram,6847411.962016193,-1519332.950025038,0,background
8183,mizoram,6898485.6199165825,-1602577.68774178,0,background
8184,mizoram,6805840.368206693,-1504450.800699265,0,background
8185,mizoram,6892689.959699854,-1593225.5449901142,0,background
8186,mizoram,6825252.074923656,-1574429.6734755866,0,background
8187,mizoram,6918822.785252607,-1572673.1441242674,0,background
8188,mizoram,6815804.378952135,-1486872.6759435984,0,background
8189,mizoram,6783683.919986493,-1605823.3028772653,0,background
8190,mizoram,6909443.320037807,-1617415.9755599473,0,background
8191,mizoram,6938204.629516184,-1594340.074358036,0,background
8192,mizoram,6846252.674774487,-1502249.9904256235,0,background
8193,mizoram,6809614.585165509,-1498676.6485498906,0,background
8194,mizoram,6866869.740264132,-1598461.7664070083,0,background
8195,mizoram,6810148.551665002,-1501813.9394118616,0,background
8196,mizoram,6868031.010743968,-1523977.9329864797,0,background
8197,mizoram,6958114.807199591,-1557279.746553663,0,background
8198,mizoram,6866086.438593201,-1597381.7226207093,0,background
8199,mizoram,6782241.757065817,-1605895.6546141608,0,background
8200,mizoram,6891163.382562679,-1583080.4168238079,0,background
8201,mizoram,6780977.646825853,-1596428.6605390261,0,background
8202,mizoram,6824817.598643999,-1495135.6460203463,0,background
8203,mizoram,6900175.0341509385,-1603166.5557449057,0,background
8204,mizoram,6895279.909640869,-1602783.2541665433,0,background
8205,mizoram,6753708.245534039,-1528833.0090682025,0,background
8206,mizoram,6876544.188284148,-1597246.040765687,0,background
8207,mizoram,6789282.511072819,-1596739.9906543917,0,background
8208,mizoram,6770173.782368889,-1529189.3373764148,0,background
8209,mizoram,6826964.1161666475,-1504028.294956495,0,background
8210,mizoram,6824926.070700946,-1572197.0865588258,0,background
8211,mizoram,6836851.893739286,-1507993.4662106526,0,background
8212,mizoram,6885203.340856527,-1583186.0347582093,0,background
8213,mizoram,6901910.77472577,-1569463.8258852654,0,background
8214,mizoram,6895351.541395194,-1607205.5893361496,0,background
8215,mizoram,6955165.179448384,-1593963.338232242,0,background
8216,mizoram,6841608.184380717,-1512636.0482173415,0,background
8217,mizoram,6834919.183541311,-1579240.34454514,0,background
8218,mizoram,6905198.583229948,-1558367.619398288,0,background
8219,mizoram,6892605.057652259,-1608626.5879486178,0,background
8220,mizoram,6835526.56313239,-1567505.248919816,0,background
8221,mizoram,6783220.283578102,-1595868.9420986185,0,background
8222,mizoram,6793970.54660472,-1484054.0480812024,0,background
8223,mizoram,6902844.852025626,-1562568.9802458899,0,background
8224,mizoram,6815724.302567904,-1500494.6348862625,0,background
8225,mizoram,6787180.520048559,-1497506.550177309,0,background
8226,mizoram,6906674.869367726,-1616789.148166313,0,background
8227,mizoram,6817588.965519091,-1506077.202312823,0,background
8228,mizoram,6921564.340582523,-1620914.7831196468,0,background
8229,mizoram,6846823.443186992,-1561489.2526198835,0,background
8230,mizoram,6818981.333044148,-1511366.799153595,0,background
8231,mizoram,6950645.869125813,-1605146.9865208818,0,background
8232,mizoram,6778972.474897645,-1508791.4105093451,0,background
8233,mizoram,6869322.348741927,-1520163.8156259474,0,background
8234,mizoram,6789330.027088378,-1483515.126406022,0,background
8235,mizoram,6836245.314614923,-1511074.026538754,0,background
8236,mizoram,6950636.391977449,-1594050.559464419,0,background
8237,mizoram,6809199.325448648,-1484002.4521432666,0,background
8238,mizoram,6834750.359754084,-1572640.339315193,0,background
8239,mizoram,6931858.509406051,-1584424.5709626577,0,background
8240,mizoram,6768630.84429638,-1522935.8517677996,0,background
8241,mizoram,6792004.891400517,-1617010.1995604532,0,background
8242,mizoram,6848513.377043183,-1561298.5597373224,0,background
8243,mizoram,6848467.729017883,-1510337.8061378072,0,background
8244,mizoram,6903934.692771048,-1564858.464259309,0,background
8245,nagaland,6536474.136689613,-1744893.8915455244,0,background
8246,nagaland,6572058.624177044,-1717407.8217242686,0,background
8247,nagaland,6621456.205403137,-1580578.4385533885,0,background
8248,nagaland,6500326.530366395,-1706914.7777249122,0,background
8249,nagaland,6621724.972886093,-1607123.19982517,0,background
8250,nagaland,6502970.051232144,-1745330.653467465,0,background
8251,nagaland,6535256.947752927,-1740299.543863544,0,background
8252,nagaland,6470840.70635355,-1704945.3612034952,0,background
8253,nagaland,6617737.540247894,-1583554.4145022945,0,background
8254,nagaland,6571518.890646076,-1717576.3368556092,0,background
8255,nagaland,6483061.425460024,-1716116.8761538798,0,background
8256,nagaland,6584802.163266207,-1730179.2122418964,0,background
8257,nagaland,6513066.789610125,-1710238.1154211191,0,background
8258,nagaland,6625371.6070909435,-1595136.7081637778,0,background
8259,nagaland,6484391.123802017,-1737979.4849643782,0,background
8260,nagaland,6531858.734187921,-1670606.140614015,0,background
8261,nagaland,6499006.520597389,-1755115.0223626513,0,background
8262,nagaland,6501066.78117438,-1710486.9864775909,0,background
8263,nagaland,6536313.251359975,-1751091.370716259,0,background
8264,nagaland,6548031.594335897,-1757854.7274951802,0,background
8265,nagaland,6535931.518151768,-1747072.960398031,0,background
8266,nagaland,6620485.8040576605,-1578384.939402326,0,background
8267,nagaland,6606084.364755618,-1586321.5662257094,0,background
8268,nagaland,6615339.914348829,-1581939.3491129114,0,background
8269,nagaland,6512172.236153316,-1649999.923980948,0,background
8270,nagaland,6437299.601080868,-1742486.4301059048,0,background
8271,nagaland,6529159.681408587,-1745175.7766954652,0,background
8272,nagaland,6626994.450865464,-1593828.8941843011,0,background
8273,nagaland,6465346.671711478,-1719985.1863953383,0,background
8274,nagaland,6561022.079628039,-1746341.426520543,0,background
8275,nagaland,6542404.3782954905,-1635715.0477511892,0,background
8276,nagaland,6598867.322523238,-1589745.6430401916,0,background
8277,nagaland,6516416.669592218,-1652158.5238821215,0,background
8278,nagaland,6516023.557436446,-1650573.8556185435,0,background
8279,nagaland,6519345.3117541205,-1739542.1779072315,0,background
8280,nagaland,6531560.010654495,-1762077.7053927756,0,background
8281,nagaland,6613135.375510838,-1624243.627334017,0,background
8282,nagaland,6489082.925880567,-1734915.684990026,0,background
8283,nagaland,6559434.090902822,-1752781.325351968,0,background
8284,nagaland,6447156.5969873825,-1747997.4383804738,0,background
8285,nagaland,6578900.175323135,-1608736.13677381,0,background
8286,nagaland,6535251.037048827,-1719239.3934637473,0,background
8287,nagaland,6610765.051505926,-1596147.7073491665,0,background
8288,nagaland,6456816.68703555,-1723191.027659331,0,background
8289,nagaland,6498222.87632795,-1756287.3579470732,0,background
8290,nagaland,6454670.549781645,-1721428.5348959216,0,background
8291,nagaland,6468716.321051442,-1723058.1670679923,0,background
8292,nagaland,6470823.642284345,-1725105.1440888755,0,background
8293,nagaland,6458719.4062408125,-1716036.9406512347,0,background
8294,nagaland,6603315.530547201,-1596130.6285195204,0,background
8295,nagaland,6615601.529006124,-1598451.4346811553,0,background
8296,nagaland,6575805.036932668,-1629227.6943140412,0,background
8297,nagaland,6554972.532045827,-1755886.4972785984,0,background
8298,nagaland,6489488.618502085,-1689505.1304768494,0,background
8299,nagaland,6596315.5543227205,-1594824.9763391602,0,background
8300,nagaland,6438095.623334823,-1743043.290438996,0,background
8301,nagaland,6554930.204098246,-1756517.9943080537,0,background
8302,nagaland,6537263.2991794385,-1740781.826203776,0,background
8303,nagaland,6444012.551454068,-1753016.2395815912,0,background
8304,nagaland,6465104.964145751,-1719754.9315656752,0,background
8305,nagaland,6602497.729900525,-1599740.1478747642,0,background
8306,nagaland,6437552.838129354,-1741353.5484788374,0,background
8307,nagaland,6575033.705954981,-1630824.6380161645,0,background
8308,nagaland,6597546.454655672,-1594396.7743330398,0,background
8309,nagaland,6560961.20920063,-1706849.3745305277,0,background
8310,nagaland,6476268.650550402,-1723578.78359963,0,background
8311,nagaland,6518580.72831394,-1646612.8984025354,0,background
8312,nagaland,6622561.039755972,-1600606.3170838987,0,background
8313,nagaland,6451532.06271253,-1725858.1991085038,0,background
8314,nagaland,6581887.404317056,-1612231.2072772316,0,background
8315,nagaland,6507758.989358973,-1716536.9404634691,0,background
8316,nagaland,6602552.005913122,-1594938.8424411824,0,background
8317,nagaland,6444224.670019258,-1738866.3666424742,0,background
8318,nagaland,6563845.0576893035,-1707865.2804571346,0,background
8319,nagaland,6534999.306973909,-1749709.1494733049,0,background
8320,nagaland,6503108.764310958,-1743676.288373328,0,background
8321,nagaland,6611182.878342688,-1596282.915743466,0,background
8322,nagaland,6581661.20469004,-1611654.5399656154,0,background
8323,nagaland,6522541.87775702,-1717303.9457950394,0,background
8324,nagaland,6610208.81843191,-1593999.423354558,0,background
8325,nagaland,6448318.410420392,-1742594.020399952,0,background
8326,nagaland,6534856.849551312,-1756285.384706956,0,background
8327,nagaland,6570283.564553595,-1717860.0715782824,0,background
8328,nagaland,6484545.025526437,-1724134.1346160956,0,background
8329,nagaland,6616299.889695388,-1592622.201816627,0,background
8330,nagaland,6623862.430601479,-1597125.2843508127,0,background
8331,nagaland,6505165.833255329,-1740887.0641323307,0,background
8332,nagaland,6572582.277966281,-1610940.890959507,0,background
8333,nagaland,6512067.97664275,-1659544.2453629966,0,background
8334,nagaland,6494954.323413028,-1709677.5234161243,0,background
8335,nagaland,6612405.465355524,-1587936.0937654483,0,background
8336,nagaland,6508124.0271276245,-1718289.9216864596,0,background
8337,nagaland,6562392.864227886,-1751918.1807441316,0,background
8338,nagaland,6520921.010557992,-1767071.337686495,0,background
8339,nagaland,6577562.354610273,-1627596.6416396657,0,background
8340,nagaland,6510989.750466243,-1651085.2004628363,0,background
8341,nagaland,6474392.785071603,-1711979.9100881973,0,background
8342,nagaland,6621086.817106268,-1599177.6483924827,0,background
8343,nagaland,6534868.888432775,-1751614.268540476,0,background
8344,nagaland,6537632.468325692,-1753974.6229653284,0,background
8345,nagaland,6628771.20528448,-1607918.6679354862,0,background
8346,nagaland,6602133.763913971,-1604089.0693026609,0,background
8347,nagaland,6536797.034747924,-1714869.2221616772,0,background
8348,nagaland,6459636.620794827,-1712283.3228743833,0,background
8349,nagaland,6620827.807529734,-1610843.376654155,0,background
8350,nagaland,6507740.714657593,-1759738.7168525304,0,background
8351,nagaland,6434782.992433464,-1744187.9584451793,0,background
8352,nagaland,6495591.527113648,-1689422.537642552,0,background
8353,nagaland,6534113.855542604,-1719855.3545469914,0,background
8354,nagaland,6624235.730170437,-1610107.1588919393,0,background
8355,nagaland,6567400.276385762,-1719707.2764251756,0,background
8356,nagaland,6507117.823976908,-1653418.679708014,0,background
8357,nagaland,6507427.706177138,-1656041.5331006933,0,background
8358,nagaland,6518237.015831304,-1667529.813940388,0,background
8359,nagaland,6608910.0840012,-1606432.0516201628,0,background
8360,nagaland,6495809.863365797,-1708278.330296222,0,background
8361,nagaland,6559094.241644236,-1716091.99752338,0,background
8362,nagaland,6614611.955252051,-1625010.0645164528,0,background
8363,nagaland,6515502.794978293,-1658326.372035304,0,background
8364,nagaland,6510690.168876158,-1758050.328337987,0,background
8365,nagaland,6487375.192547848,-1689501.5162495489,0,background
8366,nagaland,6575798.894518157,-1628490.373377145,0,background
8367,nagaland,6523551.179589565,-1717421.5584417651,0,background
8368,nagaland,6476770.832694283,-1719499.044155751,0,background
8369,nagaland,6617520.663389867,-1580252.4308800471,0,background
8370,nagaland,6456175.449896496,-1723273.576582012,0,background
8371,nagaland,6518778.404750603,-1668898.2075290475,0,background
8372,nagaland,6605840.065760386,-1601358.8074101137,0,background
8373,nagaland,6618847.637554967,-1597568.5528596023,0,background
8374,nagaland,6447546.556687521,-1731651.108656683,0,background
8375,nagaland,6571940.961500425,-1716230.915706628,0,background
8376,nagaland,6610833.511109594,-1603509.9938652636,0,background
8377,nagaland,6601889.742903137,-1600949.3012003643,0,background
8378,nagaland,6521197.63183623,-1763043.726188322,0,background
8379,nagaland,6560219.76666156,-1752426.2039622178,0,background
8380,nagaland,6619599.016971651,-1595955.9102653784,0,background
8381,nagaland,6587986.243308049,-1729895.6721174673,0,background
8382,nagaland,6452651.309516551,-1715441.5323520952,0,background
8383,nagaland,6458754.291472663,-1722689.081647101,0,background
8384,nagaland,6506734.770179876,-1717873.5393447662,0,background
8385,nagaland,6504039.63016428,-1739892.092005004,0,background
8386,nagaland,6534211.8671735125,-1752793.7540882244,0,background
8387,nagaland,6534912.800686555,-1714420.767672893,0,background
8388,nagaland,6641577.100586431,-1600556.7134275443,0,background
8389,nagaland,6490430.163237037,-1732183.7827359634,0,background
8390,nagaland,6470058.032137911,-1725462.2149615134,0,background
8391,nagaland,6534550.495866036,-1750574.6972536866,0,background
8392,nagaland,6475310.93596957,-1710838.7205011877,0,background
8393,nagaland,6526663.276063391,-1764404.9674138175,0,background
8394,nagaland,6619335.699876965,-1579038.216920658,0,background
8395,nagaland,6604993.644949473,-1587641.662541171,0,background
8396,nagaland,6523432.229033334,-1649607.7107979083,0,background
8397,nagaland,6505075.967709997,-1682743.3558661258,0,background
8398,nagaland,6449187.437632484,-1727402.019784011,0,background
8399,nagaland,6514724.832341598,-1654056.4191304585,0,background
8400,nagaland,6515743.235054123,-1651161.4427084504,0,background
8401,nagaland,6602493.190528369,-1602113.4211531826,0,background
8402,nagaland,6479252.903466365,-1724334.8143525354,0,background
8403,nagaland,6629020.073193718,-1605140.2326488283,0,background
8404,nagaland,6475901.571877088,-1710314.7855596424,0,background
8405,nagaland,6477511.86459441,-1714759.637290333,0,background
8406,nagaland,6511978.35484001,-1659097.0885883295,0,background
8407,nagaland,6513838.382836163,-1647385.913229483,0,background
8408,nagaland,6451372.735003065,-1721122.6064883338,0,background
8409,nagaland,6532926.043008927,-1747706.7204738264,0,background
8410,nagaland,6443305.483987582,-1752131.370897731,0,background
8411,nagaland,6561663.800508501,-1707560.295411419,0,background
8412,nagaland,6603402.361558679,-1588933.029315709,0,background
8413,nagaland,6456791.266701362,-1718995.9554980786,0,background
8414,nagaland,6631168.923760415,-1605860.2339533141,0,background
8415,nagaland,6532697.479319078,-1738985.4711740417,0,background
8416,nagaland,6554880.285668387,-1648456.9893029036,0,background
8417,nagaland,6494190.238469934,-1689762.7759164628,0,background
8418,nagaland,6459286.038464984,-1713075.1584856475,0,background
8419,nagaland,6606893.159259067,-1604500.5731461702,0,background
8420,nagaland,6538711.084626164,-1740212.7448866223,0,background
8421,nagaland,6440549.432855475,-1749724.204106074,0,background
8422,nagaland,6468834.171666909,-1702012.3569747452,0,background
8423,nagaland,6514778.422253825,-1706034.0806334252,0,background
8424,nagaland,6451798.101150155,-1721801.0316859675,0,background
8425,nagaland,6607803.677272723,-1593682.418252498,0,background
8426,nagaland,6602177.792812941,-1602063.524409768,0,background
8427,nagaland,6618218.564664693,-1578613.7614942382,0,background
8428,nagaland,6553573.985492251,-1650070.293251801,0,background
8429,nagaland,6478098.685704321,-1717928.1221504093,0,background
8430,nagaland,6593775.365705933,-1597114.8962263337,0,background
8431,nagaland,6584362.396871233,-1731394.7418013955,0,background
8432,nagaland,6591109.566801909,-1717836.5246467122,0,background
8433,nagaland,6610622.584736534,-1585502.5920597021,0,background
8434,nagaland,6445554.76548452,-1745230.5099174185,0,background
8435,nagaland,6615333.914799017,-1596267.7015804849,0,background
8436,nagaland,6480845.220941997,-1720948.5160269875,0,background
8437,nagaland,6499309.673480216,-1709511.0104011933,0,background
8438,nagaland,6446177.992461218,-1744530.5124422594,0,background
8439,nagaland,6605465.0747727975,-1586668.3132784304,0,background
8440,nagaland,6500892.052474418,-1745428.0124893158,0,background
8441,nagaland,6449246.54077577,-1732081.9526476073,0,background
8442,nagaland,6453753.267636066,-1754369.8499266726,0,background
8443,nagaland,6554003.446309697,-1679156.4546308077,0,background
8444,nagaland,6534444.986209063,-1758122.9645448602,0,background
8445,nagaland,6491306.753202073,-1691589.827315965,0,background
8446,nagaland,6530994.363670563,-1710956.1205932724,0,background
8447,nagaland,6554200.933993238,-1758375.829139099,0,background
8448,nagaland,6495656.181674824,-1751943.4566986647,0,background
8449,nagaland,6517436.037087514,-1662222.5998717581,0,background
8450,nagaland,6503917.2102184165,-1653546.0545061626,0,background
8451,nagaland,6538457.229607384,-1724321.865281245,0,background
8452,nagaland,6553776.326439649,-1680033.999070978,0,background
8453,nagaland,6498566.0363480775,-1755748.4631262785,0,background
8454,nagaland,6538759.791400354,-1715796.8362257308,0,background
8455,nagaland,6535798.963099305,-1722618.213625313,0,background
8456,nagaland,6469829.616981884,-1707064.9377039683,0,background
8457,nagaland,6607285.494314005,-1594950.319590545,0,background
8458,nagaland,6441664.336305885,-1746831.8432934955,0,background
8459,nagaland,6460026.413894064,-1717669.2848210586,0,background
8460,nagaland,6638384.972121619,-1601306.369828084,0,background
8461,nagaland,6620606.661630963,-1594609.3525651323,0,background
8462,nagaland,6536302.726979365,-1722110.7298453653,0,background
8463,nagaland,6451935.120023018,-1729789.2595282933,0,background
8464,nagaland,6642039.214555432,-1602107.8930461144,0,background
8465,nagaland,6497176.799839115,-1681430.5408949247,0,background
8466,nagaland,6572130.391211674,-1716123.2333064175,0,background
8467,nagaland,6614856.312041692,-1598250.4936705295,0,background
8468,nagaland,6521059.728939842,-1767924.3055920105,0,background
8469,nagaland,6486104.485232112,-1685880.2912063028,0,background
8470,nagaland,6534498.424545562,-1672904.1267715064,0,background
8471,nagaland,6563644.794074945,-1749495.3720309525,0,background
8472,nagaland,6574375.867669757,-1613277.795350571,0,background
8473,nagaland,6630245.868040777,-1605678.9833263035,0,background
8474,nagaland,6515000.284451829,-1661747.1329994614,0,background
8475,nagaland,6608084.104235969,-1599214.6040281986,0,background
8476,nagaland,6574086.627801721,-1716148.0483986214,0,background
8477,nagaland,6535150.237304255,-1718235.210543635,0,background
8478,nagaland,6630526.156700583,-1612086.9672383538,0,background
8479,nagaland,6564761.7021707725,-1748156.8829417014,0,background
8480,nagaland,6621274.547693945,-1595187.1273703186,0,background
8481,nagaland,6618569.24900359,-1594930.5067226822,0,background
8482,nagaland,6568383.201109664,-1719682.6197989762,0,background
8483,nagaland,6620394.92346325,-1574876.745025773,0,background
8484,nagaland,6448203.985911487,-1728986.7886394416,0,background
8485,nagaland,6625775.256661813,-1614352.7861273377,0,background
8486,nagaland,6601096.849475493,-1599470.725545035,0,background
8487,nagaland,6476216.194136779,-1724064.253854518,0,background
8488,nagaland,6525180.625045473,-1740391.683119602,0,background
8489,nagaland,6484764.377539531,-1745805.7393356967,0,background
8490,nagaland,6578513.584810597,-1607044.5463953055,0,background
8491,nagaland,6542746.067270823,-1635600.8717522097,0,background
8492,nagaland,6600044.790264715,-1617391.469642033,0,background
8493,nagaland,6469099.814929454,-1704977.5541925458,0,background
8494,nagaland,6495560.030470416,-1693251.5999992727,0,background
8495,nagaland,6623780.2524831025,-1610057.9264128562,0,background
8496,nagaland,6617186.315263048,-1622841.940657161,0,background
8497,nagaland,6529919.124875473,-1725325.6127339785,0,background
8498,nagaland,6449340.56911959,-1745071.3353542828,0,background
8499,nagaland,6539622.960575979,-1739394.1038337802,0,background
8500,nagaland,6473616.331740864,-1723249.83302777,0,background
8501,nagaland,6516175.988520536,-1662621.3165884775,0,background
8502,nagaland,6448909.029302074,-1721193.003160091,0,background
8503,nagaland,6475457.8437671345,-1720932.6119928935,0,background
8504,nagaland,6529178.812131687,-1712606.2875841623,0,background
8505,nagaland,6620476.636394764,-1575982.1335352885,0,background
8506,nagaland,6529378.2154397145,-1665237.6318197346,0,background
8507,nagaland,6482588.27034039,-1716676.9395796952,0,background
8508,nagaland,6532408.396575815,-1749963.1923284603,0,background
8509,nagaland,6511966.704664261,-1650314.0042147601,0,background
8510,nagaland,6623743.114081314,-1604713.586623942,0,background
8511,nagaland,6625605.48882227,-1597885.799647051,0,background
8512,nagaland,6535964.741516104,-1748091.5567306133,0,background
8513,nagaland,6522682.139013829,-1743487.2084734065,0,background
8514,nagaland,6559651.373579292,-1749424.9966305206,0,background
8515,nagaland,6447913.576287483,-1745110.49135207,0,background
8516,nagaland,6516827.942222623,-1663431.1860027297,0,background
8517,nagaland,6517196.659675311,-1654366.4003286136,0,background
8518,nagaland,6497019.641320136,-1749199.1146278863,0,background
8519,nagaland,6529015.906010151,-1711891.315838996,0,background
8520,nagaland,6458271.403640687,-1713222.5610355171,0,background
8521,nagaland,6559615.449916897,-1715579.942792488,0,background
8522,nagaland,6517236.285297953,-1647259.783678435,0,background
8523,nagaland,6485848.393228763,-1724156.211178939,0,background
8524,nagaland,6456541.2714930205,-1752409.4448924956,0,background
8525,nagaland,6537541.812547035,-1724281.783880352,0,background
8526,nagaland,6469208.167443051,-1706472.6164538595,0,background
8527,nagaland,6521627.454168834,-1743657.7300972089,0,background
8528,nagaland,6453929.952663636,-1746248.105812012,0,background
8529,nagaland,6612895.5581264105,-1624807.8472260716,0,background
8530,nagaland,6528071.396158457,-1737607.7798377187,0,background
8531,nagaland,6434079.614486749,-1745612.7996241993,0,background
8532,nagaland,6620870.804875647,-1580441.574153748,0,background
8533,nagaland,6516268.6408585375,-1705785.0947637206,0,background
8534,nagaland,6538258.867526006,-1739173.777955039,0,background
8535,nagaland,6448102.927180336,-1733554.5874858277,0,background
8536,nagaland,6614792.908343078,-1597895.696421027,0,background
8537,nagaland,6457097.867821091,-1716658.3418808326,0,background
8538,nagaland,6439385.372315124,-1739210.9392715904,0,background
8539,nagaland,6530793.2892999,-1743498.7665783814,0,background
8540,nagaland,6528000.784091107,-1727309.586520906,0,background
8541,nagaland,6508522.182072553,-1655157.4687829642,0,background
8542,nagaland,6454416.514435494,-1720050.745751249,0,background
8543,nagaland,6552525.909978827,-1679147.429450569,0,background
8544,nagaland,6555615.627579925,-1646904.8570970776,0,background
8545,nagaland,6453615.751182692,-1726448.876616374,0,background
8546,nagaland,6462919.723318352,-1711371.579126688,0,background
8547,nagaland,6498519.301747132,-1693484.584561905,0,background
8548,nagaland,6443626.505142422,-1743889.7922247557,0,background
8549,nagaland,6464704.42222359,-1708034.151041291,0,background
8550,nagaland,6599917.809671589,-1646064.7557650388,0,background
8551,nagaland,6556411.167987629,-1755425.1323281457,0,background
8552,nagaland,6521008.518687565,-1666963.9643111622,0,background
8553,nagaland,6494689.169843883,-1689876.9069062609,0,background
8554,nagaland,6524110.511842322,-1738000.7121801642,0,background
8555,nagaland,6513712.229975585,-1652692.128531428,0,background
8556,nagaland,6521219.6743609,-1653744.626395739,0,background
8557,nagaland,6535695.299846933,-1717576.763177369,0,background
8558,nagaland,6580900.678429702,-1610998.691596307,0,background
8559,nagaland,6526849.127093527,-1650884.6930201969,0,background
8560,nagaland,6441377.004162911,-1742586.8687789852,0,background
8561,nagaland,6475161.273793476,-1715140.7656141683,0,background
8562,nagaland,6469713.609803162,-1722874.6114381275,0,background
8563,nagaland,6496954.236001514,-1684098.3525749426,0,background
8564,nagaland,6521850.633702512,-1737913.975741157,0,background
8565,nagaland,6471168.185416112,-1724609.9027573285,0,background
8566,nagaland,6538439.817639638,-1716633.2143580867,0,background
8567,nagaland,6610908.83076393,-1590705.0958963973,0,background
8568,nagaland,6556797.68527357,-1751368.831041859,0,background
8569,nagaland,6520224.553950051,-1648948.0864135236,0,background
8570,nagaland,6452661.971266792,-1744585.4951574546,0,background
8571,nagaland,6468087.778106449,-1718885.1900422948,0,background
8572,nagaland,6612905.934819846,-1576892.6983718749,0,background
8573,nagaland,6538939.311558501,-1741893.176356524,0,background
8574,nagaland,6532528.273823243,-1743987.9369396388,0,background
8575,nagaland,6507143.512895585,-1651597.601485041,0,background
8576,nagaland,6503958.921479526,-1653432.5983129074,0,background
8577,nagaland,6446563.45663253,-1743859.866749655,0,background
8578,nagaland,6525360.920142373,-1651810.8084023134,0,background
8579,nagaland,6577838.047145814,-1606521.6339643935,0,background
8580,nagaland,6579627.503913381,-1623720.2204299856,0,background
8581,nagaland,6533862.379256793,-1752579.2144300493,0,background
8582,nagaland,6552565.981444275,-1680220.7744344478,0,background
8583,nagaland,6497814.407556788,-1691179.1183160797,0,background
8584,nagaland,6628778.205759157,-1595839.2915849877,0,background
8585,nagaland,6629107.096984976,-1612332.7074770497,0,background
8586,nagaland,6474497.893983223,-1718734.066905112,0,background
8587,nagaland,6442295.324049998,-1752560.359650365,0,background
8588,nagaland,6473956.8446629355,-1725180.7989720465,0,background
8589,nagaland,6612491.006302242,-1583995.5693281153,0,background
8590,nagaland,6529915.189935297,-1668040.318584704,0,background
8591,nagaland,6538568.892093816,-1718489.6169269811,0,background
8592,nagaland,6599591.559669872,-1653562.8087916817,0,background
8593,nagaland,6614508.290031516,-1580927.0617985975,0,background
8594,nagaland,6536665.209169202,-1742331.5427408523,0,background
8595,nagaland,6467127.832641874,-1720741.3424311725,0,background
8596,nagaland,6601593.295001515,-1593399.057975817,0,background
8597,nagaland,6536448.414686751,-1716132.7770735126,0,background
8598,nagaland,6505574.16407353,-1716184.4366430712,0,background
8599,nagaland,6593156.953815646,-1599889.4264955642,0,background
8600,nagaland,6511119.1355995815,-1653227.2277983492,0,background
8601,nagaland,6516587.145794709,-1652237.5830218666,0,background
8602,nagaland,6618356.840123877,-1572667.3850603227,0,background
8603,nagaland,6453709.794841778,-1713155.0433249462,0,background
8604,nagaland,6560677.403158695,-1751630.8312799868,0,background
8605,nagaland,6515276.416136523,-1663004.0769695637,0,background
8606,nagaland,6438289.510688031,-1740152.0314576451,0,background
8607,nagaland,6589133.529914555,-1625113.969880009,0,background
8608,nagaland,6587944.053522048,-1728143.975195934,0,background
8609,nagaland,6501413.307345789,-1691746.5707434393,0,background
8610,nagaland,6478999.373563234,-1719314.3005608073,0,background
8611,nagaland,6479327.441382555,-1717613.8070193424,0,background
8612,nagaland,6488987.96045452,-1726190.7797834724,0,background
8613,nagaland,6583953.313809353,-1735312.4825044894,0,background
8614,nagaland,6488483.857416559,-1724871.753563286,0,background
8615,nagaland,6434358.200832084,-1745534.2312768062,0,background
8616,nagaland,6553226.97427817,-1758221.210481463,0,background
8617,nagaland,6475805.058591873,-1716486.477800061,0,background
8618,nagaland,6510333.83533434,-1757732.3143967364,0,background
8619,nagaland,6602118.071259773,-1590270.255283439,0,background
8620,nagaland,6560126.804525747,-1749936.3794587424,0,background
8621,nagaland,6523451.648850208,-1763486.3030966527,0,background
8622,nagaland,6621165.249519938,-1601537.3846534968,0,background
8623,nagaland,6466932.912455377,-1720940.1621051487,0,background
8624,nagaland,6466822.440766993,-1705178.919352226,0,background
8625,nagaland,6561441.570525005,-1748814.2741855942,0,background
8626,nagaland,6480467.34014219,-1723370.3709440203,0,background
8627,nagaland,6608504.082705718,-1588236.6103127494,0,background
8628,nagaland,6444965.6370728,-1732372.529742285,0,background
8629,nagaland,6617176.727458559,-1598742.7907580088,0,background
8630,nagaland,6499535.326365871,-1708030.4938888708,0,background
8631,nagaland,6454170.681688682,-1747514.6721075713,0,background
8632,nagaland,6605678.252449915,-1586259.8317374825,0,background
8633,nagaland,6565946.6318979375,-1749249.8653426515,0,background
8634,nagaland,6615688.979489496,-1576927.237359284,0,background
8635,nagaland,6530011.401724426,-1668271.9509741084,0,background
8636,nagaland,6581734.108498411,-1610913.8712044985,0,background
8637,nagaland,6621117.850361974,-1594885.1185460566,0,background
8638,nagaland,6623172.996684211,-1601589.5945269158,0,background
8639,nagaland,6507843.3037221525,-1684206.2237118839,0,background
8640,nagaland,6460465.907615595,-1722093.0100367824,0,background
8641,nagaland,6522155.670220679,-1649451.9492367704,0,background
8642,nagaland,6561419.604459192,-1748408.2558003848,0,background
8643,nagaland,6615204.996948658,-1577850.0021606297,0,background
8644,nagaland,6622947.024217399,-1573144.4230811335,0,background
8645,nagaland,6531953.995256653,-1751119.495832006,0,background
8646,nagaland,6505236.686040059,-1741270.4712954992,0,background
8647,nagaland,6617090.51767212,-1582673.4519953679,0,background
8648,nagaland,6611431.00046348,-1590235.8411863057,0,background
8649,nagaland,6551282.754346861,-1679752.2814559455,0,background
8650,nagaland,6469775.258257865,-1728299.66938993,0,background
8651,nagaland,6603306.415667524,-1591986.974725107,0,background
8652,nagaland,6472681.349088082,-1724248.0839201496,0,background
8653,nagaland,6554428.264449909,-1678660.3997528208,0,background
8654,nagaland,6615697.8955935575,-1593110.0370581024,0,background
8655,nagaland,6457041.236972595,-1723405.402023569,0,background
8656,nagaland,6599929.2486884715,-1643622.432866051,0,background
8657,nagaland,6570722.730258848,-1610655.3072010307,0,background
8658,nagaland,6518740.9655713085,-1647059.6697191691,0,background
8659,nagaland,6536473.005893573,-1748039.6192741087,0,background
8660,nagaland,6499226.680359112,-1706902.8412482727,0,background
8661,nagaland,6448370.568681439,-1724516.9296359972,0,background
8662,nagaland,6613784.949337535,-1593556.5897390714,0,background
8663,nagaland,6573300.111160408,-1719852.5831180639,0,background
8664,nagaland,6627676.051335019,-1593547.798837078,0,background
8665,nagaland,6530943.161116887,-1739397.0871182003,0,background
8666,nagaland,6583780.098157197,-1735847.8565893152,0,background
8667,nagaland,6604078.693219244,-1596307.1594539902,0,background
8668,nagaland,6523385.163935144,-1763314.352287625,0,background
8669,nagaland,6612831.559272662,-1596075.0027982455,0,background
8670,nagaland,6625783.234267738,-1615684.5493283006,0,background
8671,nagaland,6524771.927646986,-1715743.2897671382,0,background
8672,nagaland,6564660.939781677,-1747195.80357901,0,background
8673,nagaland,6524386.74316653,-1646345.0772707835,0,background
8674,nagaland,6559665.316908778,-1712810.179366533,0,background
8675,nagaland,6483342.293302619,-1716663.1961132456,0,background
8676,nagaland,6527922.440254345,-1648397.6728582024,0,background
8677,nagaland,6554313.784587547,-1648235.4638415023,0,background
8678,nagaland,6469078.888181003,-1706578.2932228274,0,background
8679,nagaland,6558259.649943696,-1714374.2542458791,0,background
8680,nagaland,6473569.234534376,-1723634.8678601286,0,background
8681,nagaland,6533552.116765868,-1712674.8329965787,0,background
8682,nagaland,6527412.991982015,-1739821.3606185762,0,background
8683,nagaland,6598272.619653238,-1590534.940720648,0,background
8684,nagaland,6496491.896171177,-1684259.0941146796,0,background
8685,nagaland,6616036.572702462,-1587495.2593007714,0,background
8686,nagaland,6448443.076158924,-1721645.2980922982,0,background
8687,nagaland,6513922.729384334,-1648133.198023456,0,background
8688,nagaland,6585160.221697452,-1733184.8435600225,0,background
8689,nagaland,6605894.97695211,-1596371.2611600005,0,background
8690,nagaland,6525516.477359006,-1713931.3718865607,0,background
8691,nagaland,6484495.08990561,-1747520.372782932,0,background
8692,nagaland,6575501.484348876,-1611746.0856685615,0,background
8693,nagaland,6600651.47481497,-1593986.1418880688,0,background
8694,nagaland,6446354.777147088,-1746196.7266745495,0,background
8695,nagaland,6512218.691699857,-1705172.9088202126,0,background
8696,nagaland,6452479.329606293,-1715240.620512468,0,background
8697,nagaland,6600258.741297551,-1642862.0555209187,0,background
8698,nagaland,6562354.069121346,-1707198.794703147,0,background
8699,nagaland,6628511.929593558,-1614216.2701167585,0,background
8700,nagaland,6536544.790322936,-1742905.610974152,0,background
8701,nagaland,6518466.889835716,-1654964.405239816,0,background
8702,nagaland,6455482.237197503,-1720365.9496992088,0,background
8703,nagaland,6609610.8796658125,-1606567.275467632,0,background
8704,nagaland,6478219.987731723,-1721285.5044737298,0,background
8705,nagaland,6532565.436578067,-1724189.7193076685,0,background
8706,nagaland,6626709.135208532,-1614313.6376816616,0,background
8707,nagaland,6604283.5175933745,-1587914.7689242526,0,background
8708,nagaland,6630734.732157559,-1606788.9125284187,0,background
8709,nagaland,6515801.256885727,-1656784.087449601,0,background
8710,nagaland,6537332.056663748,-1744511.7850961334,0,background
8711,nagaland,6534170.382444027,-1750643.9762628903,0,background
8712,nagaland,6611147.6737490585,-1602141.1111267416,0,background
8713,nagaland,6472902.716050389,-1707160.7619337784,0,background
8714,nagaland,6591042.5023447415,-1717616.8531454436,0,background
8715,nagaland,6499386.88935555,-1750331.454729532,0,background
8716,nagaland,6611416.1530722855,-1591347.4515168224,0,background
8717,nagaland,6446237.332864789,-1734339.4783437771,0,background
8718,nagaland,6496942.467265085,-1679395.0841552962,0,background
8719,nagaland,6501311.586991772,-1713591.8882032551,0,background
8720,nagaland,6492614.25266549,-1754483.412869749,0,background
8721,nagaland,6486885.969640537,-1687641.8525044052,0,background
8722,nagaland,6455325.575644336,-1714313.5424850306,0,background
8723,nagaland,6484693.40082389,-1743413.5209160035,0,background
8724,nagaland,6501000.336910004,-1749007.2398260408,0,background
8725,nagaland,6622179.576639372,-1614285.1610058553,0,background
8726,nagaland,6442443.435687226,-1748754.318182428,0,background
8727,nagaland,6455298.545337753,-1751216.1450052399,0,background
8728,nagaland,6584209.279831643,-1734771.5915116684,0,background
8729,nagaland,6529808.4413942415,-1740219.7762083926,0,background
8730,nagaland,6491739.460025274,-1695051.0902922219,0,background
8731,nagaland,6530262.858689044,-1739183.2146982355,0,background
8732,nagaland,6597405.427302921,-1593169.5989653312,0,background
8733,nagaland,6463005.939018299,-1709016.421020097,0,background
8734,nagaland,6575820.474493389,-1627613.3658332988,0,background
8735,nagaland,6501416.886078636,-1710663.362301329,0,background
8736,nagaland,6612585.68174165,-1602560.5891901862,0,background
8737,nagaland,6450157.380359075,-1718121.1488253782,0,background
8738,nagaland,6452632.319673434,-1717817.5507458437,0,background
8739,nagaland,6625762.061197834,-1608232.711677171,0,background
8740,nagaland,6487225.63953081,-1725908.2966901339,0,background
8741,nagaland,6532373.482769237,-1713669.9264469743,0,background
8742,nagaland,6620519.4906208925,-1595305.2920066656,0,background
8743,nagaland,6545563.714577961,-1756520.6980708705,0,background
8744,nagaland,6527941.872965556,-1712117.4102690194,0,background
8745,nagaland,6559463.733301633,-1715910.6591651249,0,background
8746,nagaland,6607360.4941984005,-1606316.5831780045,0,background
8747,nagaland,6484418.799568597,-1742052.47295747,0,background
8748,nagaland,6606596.762907204,-1605184.527650095,0,background
8749,nagaland,6619168.774932351,-1579841.910883004,0,background
8750,nagaland,6516384.319343243,-1664882.6502517895,0,background
8751,nagaland,6449030.789181796,-1746522.0599163885,0,background
8752,nagaland,6620452.140765866,-1611370.602159802,0,background
8753,nagaland,6507382.875247119,-1683280.0514059283,0,background
8754,nagaland,6621097.132998163,-1573792.0747429328,0,background
8755,nagaland,6454628.577669009,-1754360.1672718937,0,background
8756,nagaland,6442772.95541292,-1736436.2732318586,0,background
8757,nagaland,6435931.067453911,-1748330.9238891897,0,background
8758,nagaland,6440945.831965874,-1750687.7839537035,0,background
8759,nagaland,6529533.116270197,-1762948.9322023455,0,background
8760,nagaland,6621961.606382953,-1611851.620937156,0,background
8761,nagaland,6452513.719391699,-1722202.0009380567,0,background
8762,nagaland,6487687.798850158,-1726917.4023128382,0,background
8763,nagaland,6614533.5456282785,-1576701.4723248286,0,background
8764,nagaland,6496801.869641412,-1679782.2389035467,0,background
8765,nagaland,6504513.529797737,-1715845.9682001097,0,background
8766,nagaland,6600635.29517055,-1594596.6158036748,0,background
8767,nagaland,6590180.642098011,-1693409.208778678,0,background
8768,nagaland,6443082.927721694,-1736415.666253143,0,background
8769,nagaland,6548061.53135611,-1760107.1113050755,0,background
8770,nagaland,6495557.428382629,-1690292.7195501346,0,background
8771,nagaland,6612020.381734136,-1577813.4013505105,0,background
8772,nagaland,6618129.982904461,-1584419.506448956,0,background
8773,nagaland,6535716.37661188,-1674456.542517893,0,background
8774,nagaland,6614383.113795137,-1589318.9169232924,0,background
8775,nagaland,6492110.949017884,-1751336.7093387851,0,background
8776,nagaland,6611821.508901874,-1580232.588214881,0,background
8777,nagaland,6458638.917961921,-1723903.42629408,0,background
8778,nagaland,6477944.199555962,-1724868.4312225485,0,background
8779,nagaland,6607218.408244215,-1586603.302909218,0,background
8780,nagaland,6498980.191100352,-1750342.4368383333,0,background
8781,nagaland,6481052.915842791,-1719394.093329162,0,background
8782,nagaland,6557157.4141840525,-1752019.7714934736,0,background
8783,nagaland,6601928.248582153,-1615001.1482240742,0,background
8784,nagaland,6579419.7302379655,-1610496.2263846446,0,background
8785,nagaland,6478498.179212979,-1716697.086834765,0,background
8786,nagaland,6612379.031838864,-1593244.5685925484,0,background
8787,nagaland,6488902.890508807,-1689837.4560422048,0,background
8788,nagaland,6457388.422155153,-1710798.9498265984,0,background
8789,nagaland,6468266.056120838,-1706608.616633956,0,background
8790,nagaland,6535019.934633633,-1717363.907102013,0,background
8791,nagaland,6530851.1892609205,-1762441.0302371192,0,background
8792,nagaland,6517993.478544172,-1664039.2150192114,0,background
8793,nagaland,6530310.380118182,-1671813.7025939762,0,background
8794,nagaland,6461628.884267543,-1719884.2524094302,0,background
8795,nagaland,6453040.539278198,-1745444.3806501662,0,background
8796,nagaland,6557330.510205348,-1753848.9503036018,0,background
8797,nagaland,6626015.969874059,-1610545.3275540445,0,background
8798,nagaland,6625052.040782715,-1602370.535901704,0,background
8799,nagaland,6475566.444802898,-1716062.431894729,0,background
8800,nagaland,6499961.641114161,-1712640.1620528214,0,background
8801,nagaland,6519389.232361529,-1763635.1686039271,0,background
8802,nagaland,6450864.691390636,-1747869.2865414594,0,background
8803,nagaland,6531696.091011372,-1669651.6586595953,0,background
8804,nagaland,6617515.816737835,-1582031.9419576407,0,background
8805,nagaland,6498200.9641670855,-1750485.077711927,0,background
8806,nagaland,6445977.303971348,-1749574.3967076447,0,background
8807,nagaland,6535058.254654273,-1719194.129464344,0,background
8808,nagaland,6625956.677912521,-1605176.0179617326,0,background
8809,nagaland,6573139.89203891,-1630862.15306719,0,background
8810,nagaland,6441564.955603072,-1743991.634897923,0,background
8811,nagaland,6619777.414477307,-1571049.749556927,0,background
8812,nagaland,6463587.1837156825,-1709755.0666364369,0,background
8813,nagaland,6470068.636763049,-1704181.8165823105,0,background
8814,nagaland,6521237.809959064,-1739203.8533174666,0,background
8815,nagaland,6528252.339862459,-1743475.1599093694,0,background
8816,nagaland,6506008.666511052,-1714811.8877398828,0,background
8817,nagaland,6610477.931527944,-1593255.892983018,0,background
8818,nagaland,6462891.462304347,-1709495.57908611,0,background
8819,nagaland,6609057.713530925,-1602684.3566892527,0,background
8820,nagaland,6476440.024534022,-1716727.6278133714,0,background
8821,nagaland,6518765.689366615,-1766689.869374506,0,background
8822,nagaland,6623028.246720617,-1618958.7363329001,0,background
8823,nagaland,6530782.297448062,-1762824.293968895,0,background
8824,nagaland,6531411.41937687,-1669943.6753633395,0,background
8825,nagaland,6534939.023839608,-1757368.187223314,0,background
8826,nagaland,6620277.772729631,-1571425.5970473858,0,background
8827,nagaland,6485094.301592655,-1738082.1575102885,0,background
8828,nagaland,6596869.757149411,-1592684.3559973047,0,background
8829,nagaland,6598954.010588536,-1600241.7089135794,0,background
8830,nagaland,6621391.114530986,-1581959.1518585924,0,background
8831,nagaland,6612457.937051932,-1585399.034987441,0,background
8832,nagaland,6473399.6054071095,-1720351.2018515076,0,background
8833,nagaland,6615850.561438912,-1596674.3581878694,0,background
8834,nagaland,6534476.843220551,-1718209.3630651487,0,background
8835,nagaland,6525439.998785981,-1650811.4533665606,0,background
8836,nagaland,6516108.103052673,-1650055.4724388297,0,background
8837,nagaland,6521150.486529038,-1767870.6111685114,0,background
8838,nagaland,6523190.029186189,-1743777.6979071603,0,background
8839,nagaland,6538038.063208339,-1743885.8375567188,0,background
8840,nagaland,6504551.18546269,-1744414.4609194184,0,background
8841,nagaland,6608901.899139067,-1590720.621294719,0,background
8842,nagaland,6513767.5377678275,-1647149.981637219,0,background
8843,nagaland,6611658.796111009,-1595081.7957979357,0,background
8844,nagaland,6525890.679155324,-1740618.1072058796,0,background
8845,nagaland,6596159.175127087,-1594482.0849431946,0,background
8846,nagaland,6452473.792753869,-1720189.948907379,0,background
8847,nagaland,6618899.905226189,-1595314.27855292,0,background
8848,nagaland,6489300.299545927,-1730973.1530453088,0,background
8849,nagaland,6625290.407448041,-1604978.5279121322,0,background
8850,nagaland,6630824.309718401,-1595384.11644868,0,background
8851,nagaland,6505361.608673111,-1739754.4230925543,0,background
8852,nagaland,6620994.528816257,-1602604.9859002922,0,background
8853,nagaland,6448172.452701107,-1722419.2542866867,0,background
8854,nagaland,6611504.724096052,-1581252.2054929663,0,background
8855,nagaland,6578196.328165832,-1629194.857550951,0,background
8856,nagaland,6484710.418320775,-1722904.0310116396,0,background
8857,nagaland,6517816.748110705,-1658325.8706333716,0,background
8858,nagaland,6510776.185902575,-1757977.5049419946,0,background
8859,nagaland,6444516.405769738,-1748935.4073966502,0,background
8860,nagaland,6480778.655964118,-1715713.8750797815,0,background
8861,nagaland,6527542.470884634,-1738437.9808926873,0,background
8862,nagaland,6437950.084405045,-1747069.122629467,0,background
8863,nagaland,6475845.086750144,-1716239.7584449823,0,background
8864,nagaland,6577023.827829541,-1611851.5366815196,0,background
8865,nagaland,6506192.2628965415,-1715152.018995931,0,background
8866,nagaland,6598948.121132804,-1616368.0361955534,0,background
8867,nagaland,6597952.433258314,-1616841.7338299197,0,background
8868,nagaland,6590879.622958741,-1717749.163988256,0,background
8869,nagaland,6439241.920898754,-1750195.384654604,0,background
8870,nagaland,6512867.428996779,-1706492.4923134076,0,background
8871,nagaland,6609139.208378433,-1586613.0419058863,0,background
8872,nagaland,6434593.98813846,-1745898.2744929967,0,background
8873,nagaland,6442537.798508875,-1746618.0773376215,0,background
8874,nagaland,6620826.96963289,-1580191.151981904,0,background
8875,nagaland,6525625.652714471,-1739310.3044337942,0,background
8876,nagaland,6627941.9054394,-1608640.5728857056,0,background
8877,nagaland,6469557.311110775,-1706290.0206414727,0,background
8878,nagaland,6478230.297512223,-1716171.4458703203,0,background
8879,nagaland,6575589.62429488,-1721680.618760086,0,background
8880,nagaland,6514849.321248331,-1647109.113983225,0,background
8881,nagaland,6514228.739516933,-1651941.810652824,0,background
8882,nagaland,6593171.921701942,-1600371.8754228756,0,background
8883,nagaland,6444611.273425196,-1750750.9426937732,0,background
8884,nagaland,6617358.465345687,-1575515.7486898107,0,background
8885,nagaland,6579420.056970772,-1611574.6015073159,0,background
8886,nagaland,6524665.206103987,-1651934.5534223297,0,background
8887,nagaland,6473251.234329674,-1718628.3616853016,0,background
8888,nagaland,6513722.419741472,-1647097.1778202876,0,background
8889,nagaland,6624590.872441717,-1597332.2582857017,0,background
8890,nagaland,6439287.568545713,-1738878.894865916,0,background
8891,nagaland,6473784.0391676165,-1708564.7910797093,0,background
8892,nagaland,6503408.786243964,-1691864.757767866,0,background
8893,nagaland,6462936.82766062,-1710423.2305309232,0,background
8894,nagaland,6512727.44700711,-1660275.0491303054,0,background
8895,nagaland,6555261.530021957,-1757766.5230507292,0,background
8896,nagaland,6558735.748878092,-1754704.3937217763,0,background
8897,nagaland,6473546.216069714,-1721446.276659408,0,background
8898,nagaland,6516757.695042328,-1656071.5979246644,0,background
8899,nagaland,6558492.3531656945,-1715265.3850976627,0,background
8900,nagaland,6613520.100883938,-1603254.586221665,0,background
8901,nagaland,6574470.634322147,-1720016.1157901066,0,background
8902,nagaland,6455943.979269859,-1726228.7289721493,0,background
8903,nagaland,6526999.733662662,-1764141.022860953,0,background
8904,nagaland,6470044.4492251845,-1704174.0610937674,0,background
8905,nagaland,6488780.705291037,-1736677.1471098214,0,background
8906,nagaland,6502595.621151161,-1654334.6958857677,0,background
8907,nagaland,6483014.612481168,-1715378.681054625,0,background
8908,nagaland,6572332.467698431,-1612112.0700522643,0,background
8909,nagaland,6480611.672899295,-1716670.5103119693,0,background
8910,nagaland,6626167.489309535,-1596722.7407615515,0,background
8911,nagaland,6624485.313838676,-1610642.3193896574,0,background
8912,nagaland,6621398.931071082,-1597367.1756814,0,background
8913,nagaland,6512924.533731611,-1659027.2791353588,0,background
8914,nagaland,6537168.394733958,-1754638.1568984198,0,background
8915,nagaland,6634351.529584879,-1592896.6860705998,0,background
8916,nagaland,6612020.244703698,-1587258.2168059521,0,background
8917,nagaland,6497542.760696236,-1679763.7552381137,0,background
8918,nagaland,6522913.763670971,-1715443.1527198297,0,background
8919,nagaland,6485237.8883095365,-1723735.0394703783,0,background
8920,nagaland,6480105.959832115,-1718375.3864181405,0,background
8921,nagaland,6614601.06169456,-1581405.920865475,0,background
8922,nagaland,6488026.150277977,-1735860.700767608,0,background
8923,nagaland,6630940.903335832,-1594487.1615908684,0,background
8924,nagaland,6612079.446344339,-1577635.8670726153,0,background
8925,nagaland,6531395.8270146055,-1755265.508881656,0,background
8926,nagaland,6498603.945915628,-1693544.7087719564,0,background
8927,nagaland,6615278.2979739,-1589746.2099464599,0,background
8928,nagaland,6601851.358390829,-1597811.955956154,0,background
8929,nagaland,6525768.161582808,-1665641.1258244507,0,background
8930,nagaland,6611841.395155767,-1602296.3990572,0,background
8931,nagaland,6492994.99490048,-1752646.524473358,0,background
8932,nagaland,6476456.010782801,-1724736.8989474552,0,background
8933,nagaland,6517298.198818144,-1739549.9362374148,0,background
8934,nagaland,6593044.000766315,-1622948.6755828415,0,background
8935,nagaland,6605030.823217178,-1593531.3352363326,0,background
8936,nagaland,6547574.176154681,-1682324.1312296737,0,background
8937,nagaland,6578629.979050239,-1622213.2604101272,0,background
8938,nagaland,6479621.031744821,-1713156.5926952441,0,background
8939,nagaland,6591748.224814333,-1624447.214302948,0,background
8940,nagaland,6537711.691672456,-1725002.23878548,0,background
8941,nagaland,6597820.359431495,-1592815.2205765708,0,background
8942,nagaland,6531457.96877898,-1747226.3511704511,0,background
8943,nagaland,6515542.832997278,-1662808.105557158,0,background
8944,nagaland,6533584.801633073,-1753023.9485364677,0,background
8945,nagaland,6453999.571177594,-1723246.1404387897,0,background
8946,nagaland,6516408.382451981,-1741278.284421408,0,background
8947,nagaland,6621580.96350145,-1582346.2861255861,0,background
8948,nagaland,6581706.092345137,-1612148.528645686,0,background
8949,nagaland,6596315.900801015,-1600900.232640024,0,background
8950,nagaland,6538998.344597394,-1744467.3640654327,0,background
8951,nagaland,6532214.994910738,-1754380.5074328112,0,background
8952,nagaland,6508073.683962236,-1760312.5340644086,0,background
8953,nagaland,6530712.567374158,-1672103.9711214264,0,background
8954,nagaland,6612917.929281591,-1576799.5961535105,0,background
8955,nagaland,6519544.316236465,-1653904.9928305277,0,background
8956,nagaland,6501411.784203415,-1745753.0448944408,0,background
8957,nagaland,6565469.863178184,-1746939.8003843974,0,background
8958,nagaland,6479308.021592467,-1715960.0560584913,0,background
8959,nagaland,6581515.764390101,-1727555.117010547,0,background
8960,nagaland,6468736.605730918,-1725652.6052776158,0,background
8961,nagaland,6470233.1970557785,-1722389.4831758623,0,background
8962,nagaland,6583277.530722578,-1610989.581361789,0,background
8963,nagaland,6463513.356406847,-1710655.4681378123,0,background
8964,nagaland,6494651.310262308,-1753015.9043376835,0,background
8965,nagaland,6517569.903338294,-1666068.9455870206,0,background
8966,nagaland,6512149.457615991,-1757965.7166860385,0,background
8967,nagaland,6598519.116878751,-1600441.4498573863,0,background
8968,nagaland,6618097.460334998,-1575561.2342310923,0,background
8969,nagaland,6496390.683627233,-1690178.988907291,0,background
8970,nagaland,6507511.054678547,-1682225.9299295524,0,background
8971,nagaland,6615899.161323035,-1594782.7035799671,0,background
8972,nagaland,6506200.246164511,-1743734.5610660694,0,background
8973,nagaland,6440051.625665763,-1741728.574383077,0,background
8974,nagaland,6451459.605797894,-1719595.3843976362,0,background
8975,nagaland,6618916.837288097,-1593689.5153218687,0,background
8976,nagaland,6510625.6802405715,-1758777.8236005625,0,background
8977,nagaland,6493443.241955468,-1728666.387837544,0,background
8978,nagaland,6448689.465132972,-1733500.4250806018,0,background
8979,nagaland,6625804.847465903,-1592230.4000541714,0,background
8980,nagaland,6482281.697522323,-1724117.0118580582,0,background
8981,nagaland,6553089.231195455,-1758586.8108847933,0,background
8982,nagaland,6612481.7105679605,-1602242.5520468694,0,background
8983,nagaland,6445474.788248908,-1734813.3237619502,0,background
8984,nagaland,6519294.074976112,-1738193.8966327298,0,background
8985,nagaland,6573974.784248677,-1631725.4667327676,0,background
8986,nagaland,6504780.3424470145,-1739465.8994252677,0,background
8987,nagaland,6532304.920065374,-1751796.7840057646,0,background
8988,nagaland,6538328.42747643,-1740353.1190987728,0,background
8989,nagaland,6559461.778883888,-1746361.7008016054,0,background
8990,nagaland,6610055.8399723675,-1591904.3788409194,0,background
8991,nagaland,6624587.182574014,-1595262.043753839,0,background
8992,nagaland,6510729.441606764,-1649120.9802449278,0,background
8993,nagaland,6471787.041165739,-1723422.298748733,0,background
8994,nagaland,6612364.205227085,-1592143.689628826,0,background
8995,nagaland,6517062.183990692,-1647903.027515026,0,background
8996,nagaland,6608281.328785533,-1603155.609697012,0,background
8997,nagaland,6602020.014066855,-1598447.6518857873,0,background
8998,nagaland,6592608.292129977,-1600744.7089753957,0,background
8999,nagaland,6584633.418646869,-1733961.4214490545,0,background
9000,nagaland,6454238.783216393,-1746678.6799775127,0,background
9001,nagaland,6589238.5728817,-1717290.0637780828,0,background
9002,nagaland,6614468.695823376,-1599064.4513615186,0,background
9003,nagaland,6548872.81727922,-1759251.3089957815,0,background
9004,nagaland,6459602.9992472725,-1710142.1864083596,0,background
9005,nagaland,6598678.395176919,-1591699.8194570227,0,background
9006,nagaland,6457967.282171772,-1716802.7862601364,0,background
9007,nagaland,6453749.929017995,-1724372.2779044197,0,background
9008,nagaland,6527177.883880925,-1741492.4211106456,0,background
9009,nagaland,6532602.152702954,-1746557.5299242425,0,background
9010,nagaland,6524493.906249352,-1766614.2110063066,0,background
9011,nagaland,6526336.219256211,-1762626.058170419,0,background
9012,nagaland,6606060.366444788,-1595477.758309962,0,background
9013,nagaland,6486334.0452442905,-1723703.7420058248,0,background
9014,nagaland,6512005.343182477,-1661006.3033580459,0,background
9015,nagaland,6562573.979225162,-1708118.1680612206,0,background
9016,nagaland,6473196.529277923,-1709821.4620923016,0,background
9017,nagaland,6507106.12435281,-1739901.6218779471,0,background
9018,nagaland,6610660.205512918,-1604279.3090892907,0,background
9019,nagaland,6618885.266975991,-1594824.1527075241,0,background
9020,nagaland,6598770.954206035,-1589493.464300541,0,background
9021,nagaland,6560955.680158117,-1743991.8836912152,0,background
9022,nagaland,6450655.445650518,-1718919.5599989272,0,background
9023,nagaland,6503665.504901927,-1741583.596533546,0,background
9024,nagaland,6440717.945448962,-1738819.07428486,0,background
9025,nagaland,6477761.811804582,-1712761.7846994079,0,background
9026,nagaland,6556871.06298684,-1752791.6096892587,0,background
9027,nagaland,6623307.006177851,-1601939.4043671072,0,background
9028,nagaland,6446252.388788077,-1736414.916650774,0,background
9029,nagaland,6578623.860129637,-1623444.4918914235,0,background
9030,nagaland,6538143.915161616,-1750125.549603262,0,background
9031,nagaland,6442464.673446238,-1743998.8620557608,0,background
9032,nagaland,6530650.507968467,-1669217.131099248,0,background
9033,nagaland,6554324.981734729,-1758876.0607794318,0,background
9034,nagaland,6563255.354574109,-1750734.7491650693,0,background
9035,nagaland,6629005.829016915,-1613544.2535750552,0,background
9036,nagaland,6446274.436542793,-1737738.8413973546,0,background
9037,nagaland,6453838.86205839,-1725776.920306752,0,background
9038,nagaland,6444410.320127635,-1743200.581808619,0,background
9039,nagaland,6598054.181626056,-1594499.6482063124,0,background
9040,nagaland,6623009.8706909465,-1594256.3478621384,0,background
9041,nagaland,6529738.659922842,-1672522.6869521572,0,background
9042,nagaland,6535939.836995029,-1751431.153869266,0,background
9043,nagaland,6513136.206154543,-1662728.2574508104,0,background
9044,nagaland,6454032.050706827,-1725437.1137376234,0,background
9045,nagaland,6472795.920034358,-1706368.9797029442,0,background
9046,nagaland,6521647.149038052,-1654353.2339636262,0,background
9047,nagaland,6589543.755114567,-1627332.3093819167,0,background
9048,nagaland,6492450.717449744,-1707436.0111565965,0,background
9049,nagaland,6607363.222922094,-1592066.2648863022,0,background
9050,nagaland,6443063.361218153,-1753767.2458269293,0,background
9051,nagaland,6470452.874496474,-1705947.8539760574,0,background
9052,nagaland,6573860.160750718,-1612034.129353862,0,background
9053,nagaland,6615275.875469989,-1600700.254109915,0,background
9054,nagaland,6455255.669577467,-1756411.6958937112,0,background
9055,nagaland,6579873.71481261,-1612300.932581873,0,background
9056,nagaland,6559148.662760838,-1715012.3793636542,0,background
9057,nagaland,6613347.449868001,-1582495.1153248982,0,background
9058,nagaland,6442481.006401675,-1736091.4381277924,0,background
9059,nagaland,6557807.83504726,-1755654.8643423119,0,background
9060,nagaland,6534518.876011156,-1756456.953728279,0,background
9061,nagaland,6518346.709143036,-1647477.1171502199,0,background
9062,nagaland,6550673.714069546,-1760405.7690203814,0,background
9063,nagaland,6440859.811786138,-1741341.7019425442,0,background
9064,nagaland,6574242.112346758,-1612051.5942622023,0,background
9065,nagaland,6534699.119744501,-1741564.557080708,0,background
9066,nagaland,6466925.634883414,-1719430.817982933,0,background
9067,nagaland,6640117.677492794,-1599550.8063482,0,background
9068,nagaland,6476497.869083197,-1717075.1042603508,0,background
9069,nagaland,6470787.263698167,-1706757.6444124822,0,background
9070,nagaland,6549971.758366588,-1678793.0985490554,0,background
9071,nagaland,6561092.618387437,-1717227.8250431747,0,background
9072,nagaland,6526195.994605827,-1713522.0989308327,0,background
9073,nagaland,6557878.151516005,-1755464.9401260877,0,background
9074,nagaland,6564804.421608216,-1706195.1884338704,0,background
9075,nagaland,6483093.422681462,-1720073.6974641443,0,background
9076,nagaland,6538281.7262244355,-1724793.6438396233,0,background
9077,nagaland,6619894.96037788,-1584110.3897767384,0,background
9078,nagaland,6605170.17544204,-1599326.5004422253,0,background
9079,nagaland,6554550.92940313,-1649119.0374273139,0,background
9080,nagaland,6561234.2613885235,-1705940.0591562353,0,background
9081,nagaland,6484984.104137669,-1742718.2878465373,0,background
9082,nagaland,6570454.043432645,-1720095.16470715,0,background
9083,nagaland,6542100.891070413,-1636026.253302215,0,background
9084,nagaland,6611183.982627149,-1602087.5253216594,0,background
9085,nagaland,6576011.027984628,-1631475.8988775671,0,background
9086,nagaland,6465394.284307159,-1707839.2956510105,0,background
9087,nagaland,6450427.46553934,-1726562.7160586242,0,background
9088,nagaland,6616531.771349615,-1587395.4670443337,0,background
9089,nagaland,6515985.032743086,-1708094.7263299874,0,background
9090,nagaland,6450817.993553377,-1719662.7028733974,0,background
9091,nagaland,6617638.38364784,-1582088.7909960244,0,background
9092,nagaland,6471493.603676817,-1703111.9959904184,0,background
9093,nagaland,6462864.549516316,-1717967.4982289802,0,background
9094,nagaland,6513765.807776557,-1658489.5770268037,0,background
9095,nagaland,6609391.992040365,-1602276.0060898669,0,background
9096,nagaland,6518428.723562406,-1657204.4162702314,0,background
9097,nagaland,6618316.635009307,-1584440.3884521094,0,background
9098,nagaland,6471601.021103916,-1706960.1477563803,0,background
9099,nagaland,6578584.0434661135,-1621051.7638032432,0,background
9100,nagaland,6611167.32786246,-1586519.7856352986,0,background
9101,nagaland,6615599.3355991915,-1577177.2606409886,0,background
9102,nagaland,6515735.887008376,-1706525.638131586,0,background
9103,nagaland,6615747.30961022,-1602857.4964247225,0,background
9104,nagaland,6536889.614527563,-1721733.796050511,0,background
9105,nagaland,6530324.377017977,-1753064.0640110616,0,background
9106,nagaland,6641556.662418758,-1600867.815228529,0,background
9107,nagaland,6453492.541058237,-1723228.9007772105,0,background
9108,nagaland,6550153.698578314,-1759709.344200095,0,background
9109,nagaland,6597031.4468484605,-1600674.5081880924,0,background
9110,nagaland,6522566.97400968,-1649145.9997771117,0,background
9111,nagaland,6557702.697306598,-1749919.5642228874,0,background
9112,nagaland,6499593.59815749,-1709929.7057883036,0,background
9113,nagaland,6523965.405308779,-1740175.9699789537,0,background
9114,nagaland,6449755.502273993,-1748968.7967416474,0,background
9115,nagaland,6490923.062957675,-1672317.6729458333,0,background
9116,nagaland,6577091.669930766,-1724543.7476083727,0,background
9117,nagaland,6470517.744462283,-1719645.8081898747,0,background
9118,nagaland,6490417.853392648,-1690816.8064640693,0,background
9119,nagaland,6441388.515094705,-1747847.278388718,0,background
9120,nagaland,6609835.151003603,-1603889.3522901342,0,background
9121,nagaland,6617972.627538875,-1585608.408607059,0,background
9122,nagaland,6524765.910127626,-1741036.3049444088,0,background
9123,nagaland,6604641.456201268,-1597183.838297273,0,background
9124,nagaland,6471780.212538491,-1726582.0911559162,0,background
9125,nagaland,6441122.320078293,-1738902.8308450487,0,background
9126,nagaland,6543140.351843162,-1753751.033006366,0,background
9127,nagaland,6527532.263055565,-1648206.2260423363,0,background
9128,nagaland,6569358.094615295,-1635155.158970908,0,background
9129,nagaland,6623532.360969062,-1609362.069553698,0,background
9130,nagaland,6620839.573661159,-1603812.215496897,0,background
9131,nagaland,6499606.440031077,-1713379.6072036996,0,background
9132,nagaland,6605236.566853075,-1587559.2442943768,0,background
9133,nagaland,6451380.706189965,-1721092.656028358,0,background
9134,nagaland,6604814.890937806,-1597094.050265881,0,background
9135,nagaland,6531584.817677554,-1757429.5771920232,0,background
9136,nagaland,6528334.698739161,-1746025.6720703158,0,background
9137,nagaland,6509122.981571422,-1657413.5028739762,0,background
9138,nagaland,6460389.431930659,-1709859.9487918925,0,background
9139,nagaland,6626057.321932811,-1614407.5235568446,0,background
9140,nagaland,6600803.784361223,-1598612.2465084959,0,background
9141,nagaland,6610214.58407393,-1591765.4190125258,0,background
9142,nagaland,6623165.295386121,-1597316.7065293395,0,background
9143,nagaland,6459041.256366606,-1716187.222126106,0,background
9144,nagaland,6623702.945209149,-1599316.6411702973,0,background
9145,nagaland,6531741.429947757,-1750423.4920831365,0,background
9146,nagaland,6615835.861194458,-1574077.2339261847,0,background
9147,nagaland,6560575.332748738,-1711029.9789553515,0,background
9148,nagaland,6577227.52525832,-1630053.6377428188,0,background
9149,nagaland,6622319.188362106,-1602697.0345161106,0,background
9150,nagaland,6614916.03868375,-1599392.1605715877,0,background
9151,nagaland,6484774.719978374,-1737401.8521323996,0,background
9152,nagaland,6478231.734273514,-1713749.435503163,0,background
9153,nagaland,6518429.132647742,-1739991.6673195888,0,background
9154,nagaland,6507395.2318257,-1741252.0063070164,0,background
9155,nagaland,6457288.306130698,-1725806.3501223882,0,background
9156,nagaland,6613483.022710313,-1595586.6634905061,0,background
9157,nagaland,6499540.900716134,-1750983.2393518307,0,background
9158,nagaland,6630374.535369852,-1610444.3516167526,0,background
9159,nagaland,6596715.314365676,-1620527.6342583087,0,background
9160,nagaland,6519603.852950338,-1649313.7540536304,0,background
9161,nagaland,6480513.254365982,-1714820.5906704096,0,background
9162,nagaland,6485998.906395785,-1740106.4389422191,0,background
9163,nagaland,6447984.811136306,-1741521.3035273673,0,background
9164,nagaland,6472943.185136483,-1721214.5421308412,0,background
9165,nagaland,6446640.609274182,-1742860.108672254,0,background
9166,nagaland,6530548.994789362,-1744640.9780029636,0,background
9167,nagaland,6553229.779643779,-1758376.280492866,0,background
9168,nagaland,6643142.097798288,-1603232.1867695546,0,background
9169,nagaland,6503886.774895386,-1739888.8613451559,0,background
9170,nagaland,6517565.536940011,-1665252.0262692412,0,background
9171,nagaland,6628971.228382215,-1611847.1735164635,0,background
9172,nagaland,6509213.446543532,-1656569.1792051308,0,background
9173,nagaland,6532405.734467131,-1750165.6369545194,0,background
9174,nagaland,6521739.509212051,-1651211.6496059722,0,background
9175,nagaland,6536534.361524145,-1740268.233237885,0,background
9176,nagaland,6529227.72367904,-1728200.9311203398,0,background
9177,nagaland,6471934.930695758,-1720686.3968653989,0,background
9178,nagaland,6527491.321938057,-1740942.7576881188,0,background
9179,nagaland,6525814.097506971,-1765017.0809078966,0,background
9180,nagaland,6532579.48532036,-1711787.7203281098,0,background
9181,nagaland,6532207.29269791,-1759352.9008779558,0,background
9182,nagaland,6600927.402429339,-1616868.7311383097,0,background
9183,nagaland,6513301.7995792795,-1707509.149841962,0,background
9184,nagaland,6589989.5105787795,-1693348.9166092905,0,background
9185,nagaland,6607367.8450940065,-1600555.691153132,0,background
9186,nagaland,6521033.371101823,-1742289.3745722764,0,background
9187,nagaland,6511129.404813182,-1648814.647622924,0,background
9188,nagaland,6444229.625129254,-1745719.0339570502,0,background
9189,nagaland,6617933.029210619,-1574180.2282377626,0,background
9190,nagaland,6503161.112862314,-1745631.7878696313,0,background
9191,nagaland,6482926.372173095,-1718433.728085705,0,background
9192,nagaland,6493333.074941488,-1752005.6915019345,0,background
9193,nagaland,6518268.760682008,-1654187.5754931234,0,background
9194,nagaland,6598809.948663907,-1591367.4274815323,0,background
9195,nagaland,6526931.173593273,-1646074.2356916184,0,background
9196,nagaland,6520719.187502434,-1740256.539380392,0,background
9197,nagaland,6443518.701900474,-1753847.1952043816,0,background
9198,nagaland,6506981.733601734,-1683635.412309863,0,background
9199,nagaland,6503372.0991952205,-1741949.119627442,0,background
9200,nagaland,6529009.392314632,-1729220.8901872737,0,background
9201,nagaland,6482279.269720804,-1716401.9576169788,0,background
9202,nagaland,6590116.149016195,-1694160.1025943782,0,background
9203,nagaland,6599088.265328968,-1589495.3001009626,0,background
9204,nagaland,6631221.764998721,-1613645.782720678,0,background
9205,nagaland,6555433.362494342,-1755442.154470902,0,background
9206,nagaland,6518580.439560777,-1738782.339363302,0,background
9207,nagaland,6553774.202329804,-1633743.596106659,0,background
9208,nagaland,6445214.877207555,-1734704.2746871444,0,background
9209,nagaland,6524577.418680581,-1741804.0828104417,0,background
9210,nagaland,6526345.954768475,-1645786.2811866598,0,background
9211,nagaland,6508074.528727852,-1717771.625358637,0,background
9212,nagaland,6627428.949365985,-1606197.5451035874,0,background
9213,nagaland,6440083.501852753,-1750634.518055193,0,background
9214,nagaland,6587126.721512743,-1730453.9062926471,0,background
9215,nagaland,6443285.930145175,-1738386.9133726743,0,background
9216,nagaland,6616733.580612871,-1601313.4817878634,0,background
9217,nagaland,6557672.092604102,-1714089.162565992,0,background
9218,nagaland,6456817.1402113335,-1749912.8205041098,0,background
9219,nagaland,6524691.121620134,-1763538.6823142837,0,background
9220,nagaland,6454362.0178118795,-1712489.3613716767,0,background
9221,nagaland,6568963.00088973,-1635212.4211106047,0,background
9222,nagaland,6591045.294705711,-1598358.8267657505,0,background
9223,nagaland,6524733.427499275,-1715412.496348987,0,background
9224,nagaland,6476840.370424155,-1718877.9903069008,0,background
9225,nagaland,6642072.009922498,-1602269.6145665364,0,background
9226,nagaland,6612736.866384787,-1591619.3064616385,0,background
9227,nagaland,6595455.481336458,-1594477.0668494478,0,background
9228,nagaland,6495060.8726977995,-1751405.9137137828,0,background
9229,nagaland,6510185.348086137,-1757819.044778089,0,background
9230,nagaland,6502843.028166233,-1743377.0307748981,0,background
9231,nagaland,6438501.723020527,-1745489.839347292,0,background
9232,nagaland,6446465.537062176,-1743847.6617738456,0,background
9233,nagaland,6616431.304420865,-1623697.8271010313,0,background
9234,nagaland,6446825.2717814315,-1735243.204634615,0,background
9235,nagaland,6486332.458581593,-1723563.9178519512,0,background
9236,nagaland,6495835.5982961245,-1693821.149536719,0,background
9237,nagaland,6550897.119268237,-1756306.3739751885,0,background
9238,nagaland,6626863.857306866,-1599047.2086124013,0,background
9239,nagaland,6444097.957774988,-1750857.2503980387,0,background
9240,nagaland,6483232.23211427,-1724957.9169979526,0,background
9241,nagaland,6603629.218193279,-1592976.5135916271,0,background
9242,nagaland,6527053.570848966,-1726271.692624044,0,background
9243,nagaland,6472258.044161641,-1721563.5148798272,0,background
9244,nagaland,6616966.361841816,-1581516.4117784696,0,background
9245,nagaland,6562382.379073742,-1745245.5819937438,0,background
9246,nagaland,6439038.935108594,-1738530.9252666936,0,background
9247,nagaland,6472183.035683129,-1723745.9573861116,0,background
9248,nagaland,6531668.668031056,-1669989.1946321647,0,background
9249,nagaland,6566919.367631744,-1633770.8290947888,0,background
9250,nagaland,6454068.416116371,-1754876.890277236,0,background
9251,nagaland,6479568.375561205,-1723078.8566299202,0,background
9252,nagaland,6621379.9544776175,-1578221.6690144248,0,background
9253,nagaland,6519226.879829535,-1762725.1238932807,0,background
9254,nagaland,6621808.581999363,-1601378.1130945666,0,background
9255,nagaland,6598355.57704726,-1616307.5501666134,0,background
9256,nagaland,6450210.729701626,-1722356.7860921733,0,background
9257,nagaland,6529014.977066096,-1665615.399937447,0,background
9258,nagaland,6543744.136245752,-1754549.0008326734,0,background
9259,nagaland,6503728.091554932,-1682133.4416026156,0,background
9260,nagaland,6565063.465513712,-1744954.9305599816,0,background
9261,nagaland,6454759.308284845,-1718759.2035084956,0,background
9262,nagaland,6500067.876153046,-1679645.5944579071,0,background
9263,nagaland,6525673.3986511715,-1712536.6501540167,0,background
9264,nagaland,6560690.120183858,-1744089.9039565232,0,background
9265,nagaland,6580896.1438878365,-1610564.4242067684,0,background
9266,nagaland,6623345.53794259,-1606025.6117984331,0,background
9267,nagaland,6510553.56076265,-1759177.7559116925,0,background
9268,nagaland,6519859.017372439,-1667056.6724788554,0,background
9269,nagaland,6536331.04074778,-1715431.5880341777,0,background
9270,nagaland,6534450.424968975,-1719317.81489723,0,background
9271,nagaland,6515042.090765494,-1661893.6781766012,0,background
9272,nagaland,6612190.292279615,-1585593.7404932345,0,background
9273,nagaland,6463577.479700714,-1720275.704691391,0,background
9274,nagaland,6534445.115860085,-1722900.63763689,0,background
9275,nagaland,6497747.910630853,-1709927.7422600328,0,background
9276,nagaland,6620655.290280402,-1570180.4378921667,0,background
9277,nagaland,6451917.248012307,-1722351.7305987584,0,background
9278,nagaland,6619069.60664438,-1601533.2814601765,0,background
9279,nagaland,6450575.119366781,-1730408.2037426396,0,background
9280,nagaland,6522985.64454816,-1764681.7438682916,0,background
9281,nagaland,6477860.519321492,-1717854.3541699515,0,background
9282,nagaland,6600005.690980391,-1597047.9200325506,0,background
9283,nagaland,6526563.404944457,-1744339.1606072588,0,background
9284,nagaland,6446918.908690885,-1735460.4204829824,0,background
9285,nagaland,6537737.480925631,-1745472.3840441052,0,background
9286,nagaland,6453295.693022403,-1718483.6159724623,0,background
9287,nagaland,6505676.169639136,-1681706.2816207106,0,background
9288,nagaland,6638410.887338939,-1598993.6136541655,0,background
9289,nagaland,6613218.917541453,-1577040.4353297101,0,background
9290,nagaland,6516332.121812638,-1656553.0874277041,0,background
9291,nagaland,6438694.1790644955,-1745021.4778240228,0,background
9292,nagaland,6572310.292335246,-1715106.4522640295,0,background
9293,nagaland,6559156.7050965,-1745645.5266153472,0,background
9294,nagaland,6480064.005450095,-1725323.162368058,0,background
9295,nagaland,6518207.385760311,-1664842.691382535,0,background
9296,nagaland,6438279.428372045,-1745220.9955438303,0,background
9297,nagaland,6490820.250709398,-1728099.456822716,0,background
9298,nagaland,6534657.283501446,-1745956.0533324224,0,background
9299,nagaland,6478479.716295769,-1717523.519185378,0,background
9300,nagaland,6558008.009801816,-1754019.6887944702,0,background
9301,nagaland,6530965.658065776,-1760740.365275474,0,background
9302,nagaland,6599159.810246791,-1618049.2846746545,0,background
9303,nagaland,6452413.091559858,-1715251.7231158705,0,background
9304,nagaland,6537646.027619325,-1753579.4586056818,0,background
9305,nagaland,6461647.088548558,-1710881.2654775654,0,background
9306,nagaland,6619407.482004527,-1576346.727081332,0,background
9307,nagaland,6606460.668278913,-1601963.4943851063,0,background
9308,nagaland,6458086.153295592,-1718599.3341867197,0,background
9309,nagaland,6520152.424695377,-1765615.5343808834,0,background
9310,nagaland,6498927.588482568,-1707025.196933926,0,background
9311,nagaland,6535614.212176685,-1741127.5116170687,0,background
9312,nagaland,6486852.298786565,-1735695.5965168152,0,background
9313,nagaland,6618039.304706751,-1594386.3616854139,0,background
9314,nagaland,6484822.461931756,-1739825.2494195658,0,background
9315,nagaland,6468384.092431978,-1723084.5029346752,0,background
9316,nagaland,6623707.534088464,-1601000.5427746319,0,background
9317,nagaland,6522812.916465976,-1719877.6884337126,0,background
9318,nagaland,6619266.872649365,-1595978.0658992825,0,background
9319,nagaland,6615077.737184564,-1603048.5765705442,0,background
9320,nagaland,6484279.1716059055,-1735888.7594747865,0,background
9321,nagaland,6618498.931555097,-1581796.3313372016,0,background
9322,nagaland,6452648.269690876,-1718758.716402723,0,background
9323,nagaland,6535140.01186975,-1748030.5109793702,0,background
9324,nagaland,6476562.370298699,-1711404.0385552775,0,background
9325,nagaland,6591563.098538482,-1623675.54508376,0,background
9326,nagaland,6623587.87854554,-1613853.336623329,0,background
9327,nagaland,6617668.901485009,-1574975.0443546183,0,background
9328,nagaland,6497342.806362161,-1680128.2424940548,0,background
9329,nagaland,6624506.954818844,-1596640.227094928,0,background
9330,nagaland,6607851.207315351,-1587685.7439457988,0,background
9331,nagaland,6573973.09332822,-1630029.8305241852,0,background
9332,nagaland,6513548.390685633,-1709307.0114362047,0,background
9333,nagaland,6513792.448273002,-1653141.5781528093,0,background
9334,nagaland,6514895.605213099,-1704514.7041849417,0,background
9335,nagaland,6558271.240863803,-1752794.3113169835,0,background
9336,nagaland,6580020.695836657,-1627560.278105407,0,background
9337,nagaland,6605521.321292097,-1588855.94309409,0,background
9338,nagaland,6544731.411867797,-1755310.547170395,0,background
9339,nagaland,6517188.923953039,-1740584.4971966268,0,background
9340,nagaland,6513493.438839358,-1707555.812684046,0,background
9341,nagaland,6595825.297229436,-1599229.4543439709,0,background
9342,nagaland,6518121.868420554,-1648545.3434326372,0,background
9343,nagaland,6499010.378730004,-1747410.6504856155,0,background
9344,nagaland,6639185.75540403,-1600015.3398272574,0,background
9345,nagaland,6439896.603782635,-1747079.18782695,0,background
9346,nagaland,6503962.561867177,-1682232.8917838787,0,background
9347,nagaland,6598917.812491155,-1591555.0816562984,0,background
9348,nagaland,6588728.014950683,-1604804.3485221968,0,background
9349,nagaland,6614959.472137714,-1584983.7430817925,0,background
9350,nagaland,6614473.768804097,-1602156.7889131948,0,background
9351,nagaland,6505388.322809909,-1740462.3015780095,0,background
9352,nagaland,6455868.31542816,-1748753.3937695667,0,background
9353,nagaland,6574722.662648458,-1612591.9589471058,0,background
9354,nagaland,6606358.516179858,-1592489.900746024,0,background
9355,nagaland,6628763.142553937,-1605895.3159905905,0,background
9356,nagaland,6579081.156960677,-1614541.8932231732,0,background
9357,nagaland,6626578.1415665755,-1606330.0118281362,0,background
9358,nagaland,6550312.50346141,-1758049.284818284,0,background
9359,nagaland,6452070.459520929,-1729605.0183651475,0,background
9360,nagaland,6467170.738294321,-1704770.1486249627,0,background
9361,nagaland,6605635.972091872,-1596106.5575185635,0,background
9362,nagaland,6625655.084639138,-1608400.058626313,0,background
9363,nagaland,6620140.740379136,-1575154.7192137097,0,background
9364,nagaland,6578913.156175754,-1609717.3886711828,0,background
9365,nagaland,6537382.498466719,-1750806.2025395415,0,background
9366,nagaland,6590911.136346555,-1627041.6172886281,0,background
9367,nagaland,6497029.782492083,-1748024.463701556,0,background
9368,nagaland,6517977.532137573,-1651826.8111413973,0,background
9369,nagaland,6470161.218809896,-1705112.4388794438,0,background
9370,nagaland,6478401.622645053,-1714312.8224446531,0,background
9371,nagaland,6510404.300578921,-1653681.8290704496,0,background
9372,nagaland,6563147.043974976,-1748769.8708586844,0,background
9373,nagaland,6515628.937984152,-1655857.3564235622,0,background
9374,nagaland,6572645.323849291,-1632322.1278678188,0,background
9375,nagaland,6522656.096139007,-1648904.8481082518,0,background
9376,nagaland,6441848.310098911,-1748208.3182900667,0,background
9377,nagaland,6522862.505418778,-1764825.1503832552,0,background
9378,nagaland,6460479.744829095,-1721769.3909413603,0,background
9379,nagaland,6532750.097924162,-1750087.6232333628,0,background
9380,nagaland,6522584.494474625,-1741129.834760319,0,background
9381,nagaland,6495508.191438452,-1689272.9850416782,0,background
9382,nagaland,6488241.025035567,-1726250.1150954966,0,background
9383,nagaland,6502978.672078279,-1740275.96666769,0,background
9384,nagaland,6620579.417874058,-1602057.3323824727,0,background
9385,nagaland,6511708.0519355945,-1651158.1186006202,0,background
9386,nagaland,6618376.183681629,-1601480.9290322813,0,background
9387,nagaland,6471974.64264748,-1719523.713532736,0,background
9388,nagaland,6495507.823893628,-1710251.8910831634,0,background
9389,nagaland,6528151.5710140625,-1714631.2949066549,0,background
9390,nagaland,6463080.105066577,-1709697.46094233,0,background
9391,nagaland,6485811.983913312,-1736323.612555072,0,background
9392,nagaland,6529031.383530343,-1748664.8962856925,0,background
9393,nagaland,6456690.893380123,-1724042.6094750776,0,background
9394,nagaland,6537232.067769217,-1721390.466588507,0,background
9395,nagaland,6449239.615458647,-1729441.756497156,0,background
9396,nagaland,6509115.202210868,-1654049.473467611,0,background
9397,nagaland,6605114.105349982,-1590714.8307211297,0,background
9398,nagaland,6602874.494801296,-1595528.9765204529,0,background
9399,nagaland,6447440.547337973,-1721934.4174270038,0,background
9400,nagaland,6523307.332393744,-1647971.9296552807,0,background
9401,nagaland,6563484.152623348,-1744885.561252066,0,background
9402,nagaland,6600998.734464506,-1598630.145277259,0,background
9403,nagaland,6515315.8682237435,-1661214.136721303,0,background
9404,nagaland,6522734.76274874,-1744572.5750729532,0,background
9405,nagaland,6449680.391602683,-1730772.2476728144,0,background
9406,nagaland,6536242.173666904,-1720327.4691608306,0,background
9407,nagaland,6469582.721329905,-1702464.4707104045,0,background
9408,nagaland,6501911.327755747,-1713235.9095466472,0,background
9409,nagaland,6454418.213986709,-1713288.499131004,0,background
9410,nagaland,6601443.435898369,-1594194.746167347,0,background
9411,nagaland,6530639.1777236685,-1760319.805137621,0,background
9412,nagaland,6507734.0148318,-1683980.2639925159,0,background
9413,nagaland,6589886.15288509,-1600389.084302032,0,background
9414,nagaland,6538205.959222311,-1736100.7226103588,0,background
9415,nagaland,6499479.799580384,-1715513.388778917,0,background
9416,nagaland,6640588.47238932,-1603121.1858578355,0,background
9417,nagaland,6609977.33155937,-1593219.3708457423,0,background
9418,nagaland,6495631.5131835835,-1688806.9864690881,0,background
9419,nagaland,6520403.194013172,-1738746.4749743359,0,background
9420,nagaland,6557266.714784609,-1755415.099694907,0,background
9421,nagaland,6448478.0738206925,-1729015.5933583674,0,background
9422,nagaland,6525724.996738943,-1745753.4118280418,0,background
9423,nagaland,6477549.343834601,-1714305.7673554728,0,background
9424,nagaland,6449302.331508432,-1726387.127003477,0,background
9425,nagaland,6612355.338522454,-1577561.3481136921,0,background
9426,nagaland,6509209.3509409595,-1712995.5225491058,0,background
9427,nagaland,6447289.013467378,-1743277.123229214,0,background
9428,nagaland,6532176.689385592,-1758134.6491524542,0,background
9429,nagaland,6450582.295606322,-1727429.8986750853,0,background
9430,nagaland,6525400.855068985,-1764139.9761086279,0,background
9431,nagaland,6580324.082270536,-1724902.399574561,0,background
9432,nagaland,6574539.108314978,-1717617.3229989705,0,background
9433,nagaland,6508931.287417778,-1655930.5565706834,0,background
9434,nagaland,6492031.78430897,-1691403.0621430024,0,background
9435,nagaland,6445547.490329908,-1747328.7438163655,0,background
9436,nagaland,6493470.7275743345,-1691722.224603365,0,background
9437,nagaland,6527484.608833346,-1714302.4240728607,0,background
9438,nagaland,6476813.724241869,-1719868.306865515,0,background
9439,nagaland,6522365.640252655,-1647927.4997871653,0,background
9440,nagaland,6634049.317697842,-1592464.902746343,0,background
9441,nagaland,6530445.048693099,-1726986.976082854,0,background
9442,nagaland,6452044.846018476,-1744842.0253642094,0,background
9443,nagaland,6535987.9668683745,-1756351.2543189216,0,background
9444,nagaland,6496130.687832634,-1709053.0302500417,0,background
9445,nagaland,6474642.69195295,-1717077.8510008187,0,background
9446,nagaland,6614081.594717625,-1597213.0791698992,0,background
9447,nagaland,6512773.256134697,-1653719.956361543,0,background
9448,nagaland,6605916.039335133,-1604049.3473521806,0,background
9449,nagaland,6627089.153417519,-1612673.1378924442,0,background
9450,nagaland,6504175.078092464,-1715575.5117722694,0,background
9451,nagaland,6484717.109695947,-1744612.1247678662,0,background
9452,nagaland,6624560.944421402,-1617926.1812659192,0,background
9453,nagaland,6615317.100615882,-1580847.6637124566,0,background
9454,nagaland,6602798.142054821,-1593797.4006146998,0,background
9455,nagaland,6548097.563829868,-1759848.2796189317,0,background
9456,nagaland,6530570.23952045,-1749057.9193297364,0,background
9457,nagaland,6622681.276433094,-1597846.6990498397,0,background
9458,nagaland,6447095.158357808,-1747380.5904613254,0,background
9459,nagaland,6539047.69974302,-1744437.5923519263,0,background
9460,nagaland,6594292.495185024,-1595706.7943418291,0,background
9461,nagaland,6480661.892052252,-1723895.5942979306,0,background
9462,nagaland,6453374.038421029,-1717984.689186151,0,background
9463,nagaland,6479813.113433528,-1719950.335104277,0,background
9464,nagaland,6606941.3380740145,-1599111.2398007396,0,background
9465,nagaland,6468414.95289318,-1705031.5510822625,0,background
9466,nagaland,6627713.884664692,-1607786.3491212104,0,background
9467,nagaland,6573091.284393454,-1715987.595158711,0,background
9468,nagaland,6470996.327946041,-1707024.9434228088,0,background
9469,nagaland,6441861.64847162,-1746066.642046142,0,background
9470,nagaland,6604743.647910328,-1596467.6937231524,0,background
9471,nagaland,6440738.783693565,-1744417.3094023364,0,background
9472,nagaland,6633351.033628573,-1595363.0486113278,0,background
9473,nagaland,6612004.9011712205,-1596453.3410432057,0,background
9474,nagaland,6452542.537795299,-1749590.6522763239,0,background
9475,nagaland,6483460.014510024,-1716706.7240558653,0,background
9476,nagaland,6618670.159706965,-1579820.993880413,0,background
9477,nagaland,6526063.639218088,-1741595.8114219024,0,background
9478,nagaland,6575050.420322061,-1612922.6878366745,0,background
9479,nagaland,6553794.998006126,-1648772.9653514468,0,background
9480,nagaland,6475325.912139593,-1711249.4565314206,0,background
9481,nagaland,6584213.368383462,-1610389.8649084386,0,background
9482,nagaland,6562030.620499692,-1747858.202057556,0,background
9483,nagaland,6558481.0654266635,-1754217.735754475,0,background
9484,nagaland,6537966.877286934,-1739403.3657537214,0,background
9485,nagaland,6452464.484417313,-1724014.0421009138,0,background
9486,nagaland,6607527.165204696,-1598540.4003411082,0,background
9487,nagaland,6496713.923881196,-1754079.9406383121,0,background
9488,nagaland,6525947.996553415,-1713976.6006920252,0,background
9489,nagaland,6537744.890503336,-1715322.0918573455,0,background
9490,nagaland,6563577.877764228,-1745875.2389860656,0,background
9491,nagaland,6493821.607715831,-1753005.1513120008,0,background
9492,nagaland,6493614.189487738,-1689475.4901754633,0,background
9493,nagaland,6558949.861127033,-1716504.1248847216,0,background
9494,nagaland,6454430.498121221,-1752922.822598604,0,background
9495,nagaland,6535738.554921283,-1723940.7209943472,0,background
9496,nagaland,6503932.989645434,-1653750.727126314,0,background
9497,nagaland,6615479.15989456,-1596474.5529084785,0,background
9498,nagaland,6514840.350487161,-1647902.1426657375,0,background
9499,nagaland,6451105.914101776,-1722726.1326976584,0,background
9500,nagaland,6457304.764217152,-1716552.4476874825,0,background
9501,nagaland,6524173.497837277,-1742946.86335001,0,background
9502,nagaland,6621533.744749664,-1594951.5596441408,0,background
9503,nagaland,6623073.191103702,-1612656.4397532812,0,background
9504,nagaland,6444657.451691961,-1734506.6721366812,0,background
9505,nagaland,6638749.859713243,-1601463.6252870376,0,background
9506,nagaland,6563011.838839998,-1750781.9756089866,0,background
9507,nagaland,6466952.269611633,-1719812.2142166004,0,background
9508,nagaland,6575129.840705501,-1630209.505616492,0,background
9509,nagaland,6452198.686660511,-1719666.0197265977,0,background
9510,nagaland,6452701.415428345,-1754092.833030847,0,background
9511,nagaland,6622585.715725693,-1600997.134632455,0,background
9512,nagaland,6531238.858084297,-1724669.5749087962,0,background
9513,nagaland,6578925.964884228,-1623810.5064946648,0,background
9514,nagaland,6538981.312757753,-1754453.9430424613,0,background
9515,nagaland,6578594.088171345,-1726746.3022176079,0,background
9516,nagaland,6602865.466214329,-1603419.9886853877,0,background
9517,nagaland,6562074.55469032,-1748981.5632844358,0,background
9518,nagaland,6465915.515823703,-1706530.2758853436,0,background
9519,nagaland,6599018.633397065,-1656466.1065701263,0,background
9520,nagaland,6529186.802436003,-1710538.7660433778,0,background
9521,nagaland,6569874.188795691,-1719321.0127351526,0,background
9522,nagaland,6604561.98845928,-1595817.6522092153,0,background
9523,nagaland,6625299.96744285,-1593060.5633734385,0,background
9524,nagaland,6524533.853541008,-1765335.173362637,0,background
9525,nagaland,6504163.516152424,-1745516.392217696,0,background
9526,nagaland,6519263.296220603,-1767991.7711496311,0,background
9527,nagaland,6576483.179229219,-1723580.8843889455,0,background
9528,nagaland,6532842.752080747,-1749089.854372584,0,background
9529,nagaland,6453007.456650318,-1728756.1076326969,0,background
9530,nagaland,6529234.016722485,-1762524.4067996019,0,background
9531,nagaland,6503393.471098655,-1691821.5507997419,0,background
9532,nagaland,6455490.649911752,-1750618.4493603562,0,background
9533,nagaland,6607632.884109088,-1599799.6231906107,0,background
9534,nagaland,6533665.2021541195,-1672218.858096986,0,background
9535,nagaland,6610992.017778685,-1590209.4244633783,0,background
9536,nagaland,6526280.637241591,-1726141.6986158974,0,background
9537,nagaland,6614214.19614035,-1599253.1259583652,0,background
9538,nagaland,6455010.124151155,-1712728.0340455212,0,background
9539,nagaland,6506315.638269078,-1655335.6389771868,0,background
9540,nagaland,6549977.173213263,-1652193.2030927674,0,background
9541,nagaland,6608110.56396219,-1595518.889660281,0,background
9542,nagaland,6570788.177684235,-1715997.499273733,0,background
9543,nagaland,6534847.541733265,-1711666.5273229748,0,background
9544,nagaland,6641293.532352945,-1599348.3346287154,0,background
9545,nagaland,6534490.79599167,-1723128.6190536057,0,background
9546,nagaland,6453064.910440785,-1725571.347802052,0,background
9547,nagaland,6450877.533986495,-1717220.6642609786,0,background
9548,nagaland,6449321.291392344,-1750457.4332954255,0,background
9549,nagaland,6528056.090406032,-1666912.4426003168,0,background
9550,nagaland,6623038.057738795,-1596954.558943478,0,background
9551,nagaland,6527715.302510518,-1742504.6970834131,0,background
9552,nagaland,6615674.119809299,-1594576.4549587525,0,background
9553,nagaland,6605800.830965816,-1598468.184715092,0,background
9554,nagaland,6481992.708208938,-1722595.8287769067,0,background
9555,nagaland,6455209.261921149,-1725477.7567325612,0,background
9556,nagaland,6478140.949567249,-1715997.858648677,0,background
9557,nagaland,6620697.60428045,-1613131.8742398077,0,background
9558,nagaland,6470285.931405429,-1727648.349423751,0,background
9559,nagaland,6534492.046240818,-1745101.5723708756,0,background
9560,nagaland,6528961.169192039,-1726153.3126279635,0,background
9561,nagaland,6448228.209955841,-1730965.7447077974,0,background
9562,nagaland,6523573.055799765,-1739593.1681969229,0,background
9563,nagaland,6553052.0215351,-1755949.041744445,0,background
9564,nagaland,6529280.622711156,-1739099.8299516905,0,background
9565,nagaland,6518517.967302926,-1654662.8557962563,0,background
9566,nagaland,6560127.900740124,-1749509.0903186852,0,background
9567,nagaland,6575345.0012278715,-1721882.594973724,0,background
9568,nagaland,6578329.642451942,-1726713.062822324,0,background
9569,nagaland,6622786.715820576,-1572592.2484461335,0,background
9570,nagaland,6598914.761693976,-1589815.7683364004,0,background
9571,nagaland,6444951.503720304,-1748741.2692094222,0,background
9572,nagaland,6481790.633629768,-1723183.5927198855,0,background
9573,nagaland,6630201.894659301,-1607645.2870723268,0,background
9574,nagaland,6514880.820529834,-1654131.252491458,0,background
9575,nagaland,6532397.504589574,-1742519.8855101238,0,background
9576,nagaland,6528648.369907733,-1738922.4394656103,0,background
9577,nagaland,6580119.239491902,-1611871.9759367986,0,background
9578,nagaland,6519444.312916517,-1647031.511002953,0,background
9579,nagaland,6569061.787636367,-1718656.126935661,0,background
9580,nagaland,6577953.644718082,-1630695.1896649462,0,background
9581,nagaland,6456241.409481618,-1751935.8847178032,0,background
9582,nagaland,6577199.677846785,-1609040.3928673323,0,background
9583,nagaland,6558156.169391521,-1745704.4207070882,0,background
9584,nagaland,6601648.059402255,-1594135.3894959998,0,background
9585,nagaland,6626304.142604552,-1609928.3632151706,0,background
9586,nagaland,6485768.408852622,-1740376.3405140261,0,background
9587,nagaland,6587886.524439727,-1729335.062705974,0,background
9588,nagaland,6442782.953570777,-1741232.8061417118,0,background
9589,nagaland,6577429.8841051,-1631662.0616272734,0,background
9590,nagaland,6601854.832475401,-1598838.7144411018,0,background
9591,nagaland,6500073.312880497,-1749460.2053254044,0,background
9592,nagaland,6614975.391871801,-1591654.2676422657,0,background
9593,nagaland,6459657.331918809,-1715967.429700964,0,background
9594,nagaland,6535488.810621524,-1743433.5610285187,0,background
9595,nagaland,6565267.899251469,-1745599.083061674,0,background
9596,nagaland,6620109.249312237,-1572780.0305142873,0,background
9597,nagaland,6525793.326515313,-1737979.8588728986,0,background
9598,nagaland,6533172.0325831715,-1722798.2186985281,0,background
9599,nagaland,6489809.078820084,-1728753.415491483,0,background
9600,nagaland,6601869.148183448,-1603819.4421783886,0,background
9601,nagaland,6623918.604880047,-1618639.7925431344,0,background
9602,nagaland,6533801.932649635,-1743639.7758692582,0,background
9603,nagaland,6487862.096605796,-1725767.7316693813,0,background
9604,nagaland,6443220.916842624,-1735132.6184554785,0,background
9605,nagaland,6536052.320546172,-1740456.0620379397,0,background
9606,nagaland,6486995.98035984,-1726132.8601125774,0,background
9607,nagaland,6588994.149165574,-1603986.1977702368,0,background
9608,nagaland,6440227.688532682,-1739044.7919132244,0,background
9609,nagaland,6441143.741950976,-1744335.2529942573,0,background
9610,nagaland,6598000.501910913,-1617276.0154647816,0,background
9611,nagaland,6610537.001825255,-1596378.3032161046,0,background
9612,nagaland,6516018.815689149,-1741413.0458930403,0,background
9613,nagaland,6538118.411235336,-1736390.6956760283,0,background
9614,nagaland,6616680.538922328,-1583913.0824423565,0,background
9615,nagaland,6534989.651265556,-1718642.0537109578,0,background
9616,nagaland,6524602.807982256,-1744085.2785469317,0,background
9617,nagaland,6493357.8899861,-1693410.4620091068,0,background
9618,nagaland,6491995.361259928,-1691937.3079676095,0,background
9619,nagaland,6625574.888366983,-1600674.119528096,0,background
9620,nagaland,6460963.531316376,-1719190.8621969812,0,background
9621,nagaland,6526349.630901134,-1765379.6572045283,0,background
9622,nagaland,6558319.334472786,-1752165.509047397,0,background
9623,nagaland,6598014.689703521,-1600114.3999451913,0,background
9624,nagaland,6580667.508423856,-1728238.1971955844,0,background
9625,nagaland,6456275.130744835,-1717234.7038523194,0,background
9626,nagaland,6617770.696296539,-1598319.6871674436,0,background
9627,nagaland,6479050.374851394,-1717433.2123071111,0,background
9628,nagaland,6497899.418271888,-1748348.615733378,0,background
9629,nagaland,6513821.66399754,-1657371.994764486,0,background
9630,nagaland,6453824.870983244,-1748205.9696083977,0,background
9631,nagaland,6497874.372789211,-1709789.916643378,0,background
9632,nagaland,6554506.051309851,-1649669.5245951682,0,background
9633,nagaland,6620690.966412804,-1597191.9367957232,0,background
9634,nagaland,6562284.621607705,-1749293.7566188304,0,background
9635,nagaland,6513749.029643213,-1650868.2687874574,0,background
9636,nagaland,6462216.037446696,-1710935.0224731273,0,background
9637,nagaland,6584411.828436592,-1733601.2724491202,0,background
9638,nagaland,6443884.227147684,-1740196.4852899485,0,background
9639,nagaland,6519144.15117921,-1768058.3483548143,0,background
9640,nagaland,6578031.4809777,-1607027.0085558186,0,background
9641,nagaland,6535109.300424315,-1747018.3459711494,0,background
9642,nagaland,6521350.586112111,-1654582.179732324,0,background
9643,nagaland,6571593.65626805,-1717396.3816097663,0,background
9644,nagaland,6499093.034920649,-1750175.3764636992,0,background
9645,nagaland,6537432.583075013,-1716121.7004045611,0,background
9646,nagaland,6483762.510884723,-1724479.2041187221,0,background
9647,nagaland,6590606.564462413,-1718227.2071501724,0,background
9648,nagaland,6617059.073961907,-1591016.1566313184,0,background
9649,nagaland,6477953.865379926,-1713936.8103961353,0,background
9650,nagaland,6536072.979832781,-1721834.3504910585,0,background
9651,nagaland,6615321.505495023,-1623028.838529215,0,background
9652,nagaland,6615160.2930996725,-1574817.7726895697,0,background
9653,nagaland,6496608.423799314,-1752165.8569734523,0,background
9654,nagaland,6589903.148165574,-1625052.5980468579,0,background
9655,nagaland,6478386.553906298,-1722813.3786843892,0,background
9656,nagaland,6523551.233411644,-1718739.6990692127,0,background
9657,nagaland,6532400.17496748,-1746203.2969007494,0,background
9658,nagaland,6516261.776765652,-1656588.0716603133,0,background
9659,nagaland,6448823.237296967,-1727198.0334231015,0,background
9660,nagaland,6517303.39936856,-1646718.716975691,0,background
9661,nagaland,6459980.638328508,-1718549.0853557216,0,background
9662,nagaland,6594893.024364335,-1597327.890027239,0,background
9663,nagaland,6589014.035721211,-1602934.9666487079,0,background
9664,nagaland,6464740.144986839,-1720791.5249585013,0,background
9665,nagaland,6625437.984891003,-1605646.9271191782,0,background
9666,nagaland,6456726.432111956,-1753678.3090739963,0,background
9667,nagaland,6524177.914682593,-1765772.5881911987,0,background
9668,nagaland,6556302.365358165,-1755600.3974874122,0,background
9669,nagaland,6441104.402734476,-1739704.5518294538,0,background
9670,nagaland,6614548.9261566745,-1597739.1485726875,0,background
9671,nagaland,6451346.030934437,-1722656.0726235735,0,background
9672,nagaland,6557484.635300933,-1751106.2154223565,0,background
9673,nagaland,6613185.976467407,-1599370.8920696522,0,background
9674,nagaland,6534035.127166994,-1754733.421896152,0,background
9675,nagaland,6579919.555802111,-1741071.7544598505,0,background
9676,nagaland,6450353.875940321,-1748239.6410832838,0,background
9677,nagaland,6529214.005043594,-1743370.0995013393,0,background
9678,nagaland,6487590.438865764,-1734772.134047031,0,background
9679,nagaland,6452640.43680182,-1714724.6797986974,0,background
9680,nagaland,6616734.895122447,-1583152.0387705911,0,background
9681,nagaland,6512642.605111087,-1708385.4513107976,0,background
9682,nagaland,6553982.869560768,-1679753.932529007,0,background
9683,nagaland,6512702.276609486,-1660912.0556933545,0,background
9684,nagaland,6448769.969836673,-1718427.817273246,0,background
9685,nagaland,6624109.950697885,-1603996.9604224286,0,background
9686,nagaland,6455948.067381182,-1726299.6057680263,0,background
9687,nagaland,6502546.820464083,-1714858.3446087334,0,background
9688,nagaland,6618172.104946293,-1579309.595948683,0,background
9689,nagaland,6472998.651158502,-1718766.8449874667,0,background
9690,nagaland,6440395.039763336,-1742988.281345529,0,background
9691,nagaland,6577588.729446547,-1722208.9933541343,0,background
9692,nagaland,6452941.335965871,-1717465.0657616535,0,background
9693,nagaland,6581949.185794633,-1612069.1199896336,0,background
9694,nagaland,6451897.934426808,-1715292.043390932,0,background
9695,nagaland,6446763.290430348,-1740330.855518418,0,background
9696,nagaland,6449819.592645728,-1751109.205816512,0,background
9697,nagaland,6609874.038040048,-1585072.843290619,0,background
9698,nagaland,6613068.7148605585,-1581369.6364652754,0,background
9699,nagaland,6535463.162633629,-1684363.702817973,0,background
9700,nagaland,6498310.795015526,-1693485.1150196271,0,background
9701,nagaland,6606952.243593426,-1585000.7658850453,0,background
9702,nagaland,6616771.04816912,-1602798.6204156973,0,background
9703,nagaland,6456480.492733158,-1724888.9994171923,0,background
9704,nagaland,6534672.337183075,-1740840.2386313786,0,background
9705,nagaland,6488800.302058437,-1726227.108580345,0,background
9706,nagaland,6509594.607008732,-1649992.156863319,0,background
9707,nagaland,6520269.093129393,-1714972.5713727772,0,background
9708,nagaland,6524741.715898382,-1763443.1593613408,0,background
9709,nagaland,6447927.5890722815,-1726580.7820271936,0,background
9710,nagaland,6451876.0165302595,-1732661.751731192,0,background
9711,nagaland,6476031.391737111,-1720162.4479524484,0,background
9712,nagaland,6467799.762659018,-1719792.6700901375,0,background
9713,nagaland,6446520.330854258,-1742707.9875546237,0,background
9714,nagaland,6444780.331767317,-1746221.6353130627,0,background
9715,nagaland,6591533.43746105,-1597506.6901568142,0,background
9716,nagaland,6535942.306450865,-1717436.5283065685,0,background
9717,nagaland,6496803.317713239,-1680103.7141951285,0,background
9718,nagaland,6451238.767704635,-1747735.3921136262,0,background
9719,nagaland,6620229.068346722,-1571217.9941749435,0,background
9720,nagaland,6580136.793048619,-1612270.4581950991,0,background
9721,nagaland,6597677.091537722,-1597484.2181614793,0,background
9722,nagaland,6461559.936588585,-1711740.4563127512,0,background
9723,nagaland,6460444.579308587,-1722153.6571004218,0,background
9724,nagaland,6457150.132738705,-1715047.264963525,0,background
9725,nagaland,6455600.011895402,-1754320.3805444266,0,background
9726,nagaland,6497897.210777766,-1755480.1173956215,0,background
9727,nagaland,6506906.724185959,-1742354.8814081913,0,background
9728,nagaland,6493673.222706244,-1693470.3296284794,0,background
9729,nagaland,6625059.793853284,-1617316.5424214357,0,background
9730,nagaland,6629163.340466988,-1608968.1040604739,0,background
9731,nagaland,6603653.9143100185,-1590678.1836094118,0,background
9732,nagaland,6560165.942064717,-1712779.583377756,0,background
9733,nagaland,6589940.849119379,-1717594.307968317,0,background
9734,nagaland,6512440.587087586,-1655552.4755801365,0,background
9735,nagaland,6453560.825767124,-1747050.6089059582,0,background
9736,nagaland,6590711.089179814,-1718497.2823099736,0,background
9737,nagaland,6461990.609887318,-1716257.0339858094,0,background
9738,nagaland,6488936.091435885,-1726609.4851172226,0,background
9739,nagaland,6526159.218985614,-1649732.703294961,0,background
9740,nagaland,6614663.753683106,-1600519.8381902021,0,background
9741,nagaland,6626321.924669751,-1606683.6242812322,0,background
9742,nagaland,6459463.237806064,-1722952.2679318197,0,background
9743,nagaland,6499952.667548991,-1749835.0748704069,0,background
9744,nagaland,6451270.702447509,-1751361.3840190547,0,background
9745,nagaland,6553274.735524142,-1758998.122399667,0,background
9746,nagaland,6446002.717988302,-1736543.8181472889,0,background
9747,nagaland,6591991.682104136,-1627157.3432578885,0,background
9748,nagaland,6626637.736748242,-1600388.9581487274,0,background
9749,nagaland,6555323.221233021,-1755835.958087123,0,background
9750,nagaland,6611104.717275183,-1595884.3300873695,0,background
9751,nagaland,6521353.742794749,-1652541.61399688,0,background
9752,nagaland,6599331.742707948,-1614619.8544455532,0,background
9753,nagaland,6509347.050028921,-1656979.7923585218,0,background
9754,nagaland,6612637.400496607,-1600211.365090367,0,background
9755,nagaland,6501282.260933575,-1713745.8133463222,0,background
9756,nagaland,6526019.607615027,-1712787.4939373783,0,background
9757,nagaland,6562074.686239802,-1751427.2548675118,0,background
9758,nagaland,6578602.288964951,-1740923.4360421817,0,background
9759,nagaland,6550126.808120367,-1758081.0372873466,0,background
9760,nagaland,6548031.316537015,-1759101.7244939907,0,background
9761,nagaland,6449548.587082934,-1724059.6571568158,0,background
9762,nagaland,6599427.367544942,-1594792.3538387986,0,background
9763,nagaland,6596328.012840931,-1593097.805056139,0,background
9764,nagaland,6621043.537756315,-1600909.7033306686,0,background
9765,nagaland,6444972.422003749,-1748941.7302724905,0,background
9766,nagaland,6611012.975037494,-1601241.658214313,0,background
9767,nagaland,6625993.024949732,-1608163.7781565352,0,background
9768,nagaland,6497956.426338022,-1752893.3113914796,0,background
9769,nagaland,6599980.78617813,-1616431.5601958656,0,background
9770,nagaland,6614203.445783582,-1593779.4827345577,0,background
9771,nagaland,6484566.815328716,-1738636.4019213682,0,background
9772,nagaland,6521606.705156255,-1744036.1647388416,0,background
9773,nagaland,6624070.042507543,-1602732.3310184234,0,background
9774,nagaland,6522240.124826594,-1765119.7736793447,0,background
9775,nagaland,6455216.807613683,-1751060.3134890543,0,background
9776,nagaland,6454724.857847864,-1722264.7152915536,0,background
9777,nagaland,6620111.749084603,-1581319.872105473,0,background
9778,nagaland,6572304.625359233,-1715155.1654791094,0,background
9779,nagaland,6618652.832544944,-1602212.9045878574,0,background
9780,nagaland,6528907.6496661315,-1667238.7092444645,0,background
9781,nagaland,6608077.389153774,-1590103.0216821034,0,background
9782,nagaland,6615526.744312198,-1591340.995660546,0,background
9783,nagaland,6534269.684854427,-1759009.883130328,0,background
9784,nagaland,6527054.023641497,-1710720.0627754657,0,background
9785,nagaland,6558138.474106788,-1748848.1071394146,0,background
9786,nagaland,6585027.648382408,-1737443.1985755085,0,background
9787,nagaland,6523697.2060638135,-1739801.8481989382,0,background
9788,nagaland,6441237.752710559,-1748428.5582138768,0,background
9789,nagaland,6470336.43978986,-1722441.6212156508,0,background
9790,nagaland,6597027.801771272,-1619540.078884775,0,background
9791,nagaland,6549006.446944248,-1759379.775145385,0,background
9792,nagaland,6458715.348833655,-1724255.1101847067,0,background
9793,nagaland,6444715.635078716,-1745784.07645114,0,background
9794,nagaland,6622158.687472732,-1573322.4190604056,0,background
9795,nagaland,6617586.028907798,-1577873.2626530633,0,background
9796,nagaland,6535195.220827772,-1721032.6218221388,0,background
9797,nagaland,6557213.190451704,-1754344.3384860123,0,background
9798,nagaland,6523875.096246817,-1714680.483072386,0,background
9799,nagaland,6474029.248159239,-1717009.6671150199,0,background
9800,nagaland,6598309.486752974,-1592062.499412727,0,background
9801,nagaland,6450593.710112977,-1715047.935365865,0,background
9802,nagaland,6489874.966026384,-1689624.4011267726,0,background
9803,nagaland,6610059.231617352,-1583859.284838858,0,background
9804,nagaland,6444223.985907331,-1743684.1776589095,0,background
9805,nagaland,6458882.820665052,-1709622.158337741,0,background
9806,nagaland,6577149.677098448,-1721924.4153713207,0,background
9807,nagaland,6444271.641679369,-1734631.155718161,0,background
9808,nagaland,6456085.424202828,-1721771.7899257871,0,background
9809,nagaland,6481342.69101826,-1723622.3412361706,0,background
9810,nagaland,6518307.899959738,-1666438.3504064858,0,background
9811,nagaland,6539446.958095159,-1753985.6942743831,0,background
9812,nagaland,6523517.17257224,-1739518.6585081453,0,background
9813,nagaland,6531865.3140312405,-1744755.4104728564,0,background
9814,nagaland,6451364.646297401,-1744731.794123977,0,background
9815,nagaland,6612829.243611525,-1581459.3926977217,0,background
9816,nagaland,6602086.040445767,-1598286.4644898898,0,background
9817,nagaland,6456384.038127625,-1754172.4714545407,0,background
9818,nagaland,6513324.405352302,-1707107.1191310212,0,background
9819,nagaland,6619696.203671641,-1579327.608528671,0,background
9820,nagaland,6534128.438618151,-1725883.9565495278,0,background
9821,nagaland,6539104.557156926,-1741716.4853526796,0,background
9822,nagaland,6485169.157406545,-1737042.468999089,0,background
9823,nagaland,6511114.2061096,-1652531.439495621,0,background
9824,nagaland,6491754.9751659725,-1706626.0740580398,0,background
9825,nagaland,6558169.126343571,-1750825.292622729,0,background
9826,nagaland,6557725.404691983,-1755342.593763807,0,background
9827,nagaland,6514729.712968432,-1656729.8943702339,0,background
9828,nagaland,6446619.816604481,-1734983.4996442094,0,background
9829,nagaland,6437005.538827184,-1748569.082113776,0,background
9830,nagaland,6512413.324500381,-1707276.374047373,0,background
9831,nagaland,6619731.645479388,-1599664.3212242268,0,background
9832,nagaland,6613839.672815986,-1600127.9529723134,0,background
9833,nagaland,6497337.831509907,-1692583.561974812,0,background
9834,nagaland,6574479.930462542,-1720705.072080391,0,background
9835,nagaland,6559586.531822609,-1645945.5473375372,0,background
9836,nagaland,6435934.658156642,-1744455.0041230996,0,background
9837,nagaland,6436647.691855281,-1744307.2280754198,0,background
9838,nagaland,6552725.637629132,-1679489.5117959515,0,background
9839,nagaland,6528333.127427791,-1742601.345702374,0,background
9840,nagaland,6441789.720144617,-1746203.7403885806,0,background
9841,nagaland,6491311.368662407,-1692407.3902496968,0,background
9842,nagaland,6608106.558249174,-1584400.4918005606,0,background
9843,nagaland,6611097.335483763,-1588993.3882875855,0,background
9844,nagaland,6560586.6777122645,-1707951.3925923805,0,background
9845,nagaland,6443560.0076221945,-1745852.870422567,0,background
9846,nagaland,6510552.080424762,-1649668.591206655,0,background
9847,nagaland,6449067.967870613,-1723908.2648069786,0,background
9848,nagaland,6578698.045433022,-1611461.8024139425,0,background
9849,nagaland,6557918.974681195,-1754544.2167268856,0,background
9850,nagaland,6485878.145821877,-1740490.560412408,0,background
9851,nagaland,6533732.603708744,-1758399.8193258848,0,background
9852,nagaland,6503178.903564176,-1655002.4316323746,0,background
9853,nagaland,6458042.935714405,-1715904.5497143264,0,background
9854,nagaland,6533816.97873921,-1715123.0506932696,0,background
9855,nagaland,6617337.019981718,-1595520.8419279207,0,background
9856,nagaland,6450546.730521458,-1728862.653992138,0,background
9857,nagaland,6455692.051228615,-1756069.9177451083,0,background
9858,nagaland,6438761.5010402715,-1746417.0029633825,0,background
9859,nagaland,6454373.401309706,-1717471.6365067747,0,background
9860,nagaland,6496073.360017697,-1754462.4176030625,0,background
9861,nagaland,6627710.079663015,-1611135.9513644124,0,background
9862,nagaland,6506554.557351302,-1682346.0588026464,0,background
9863,nagaland,6540772.900148054,-1738347.4536778284,0,background
9864,nagaland,6557619.358104996,-1751777.9061056976,0,background
9865,nagaland,6521597.274669124,-1653198.9597219508,0,background
9866,nagaland,6622845.791664421,-1606528.5653846704,0,background
9867,nagaland,6620805.266844657,-1597029.8488734362,0,background
9868,nagaland,6531619.573131622,-1743749.146319941,0,background
9869,nagaland,6621099.183843219,-1573981.8887577893,0,background
9870,nagaland,6604363.652397625,-1592639.9567799268,0,background
9871,nagaland,6534170.583603402,-1750029.8511135161,0,background
9872,nagaland,6612882.847965361,-1583887.4876240497,0,background
9873,nagaland,6610956.117905867,-1600173.3746356957,0,background
9874,nagaland,6450030.027295678,-1729182.9747685452,0,background
9875,nagaland,6458983.990981185,-1717700.5248956808,0,background
9876,nagaland,6629328.904486436,-1606550.5153405685,0,background
9877,nagaland,6478396.714514574,-1711143.8486887882,0,background
9878,nagaland,6474407.770553777,-1716007.1282919028,0,background
9879,nagaland,6506315.465676712,-1684463.785941987,0,background
9880,nagaland,6614416.405238162,-1600980.60859035,0,background
9881,nagaland,6571729.168546353,-1715122.713642088,0,background
9882,nagaland,6622585.83570112,-1574434.3529347156,0,background
9883,nagaland,6453957.632234642,-1747097.607425653,0,background
9884,nagaland,6438094.282939724,-1745493.2768570352,0,background
9885,nagaland,6561285.320206579,-1743951.1344126833,0,background
9886,nagaland,6610287.712231919,-1599327.9783507548,0,background
9887,nagaland,6439527.679209282,-1745647.9872017747,0,background
9888,nagaland,6442103.337311015,-1743337.5871052817,0,background
9889,nagaland,6638455.822844041,-1601658.9037189581,0,background
9890,nagaland,6626318.496881897,-1605809.8594168709,0,background
9891,nagaland,6475723.601103413,-1719167.8287766234,0,background
9892,nagaland,6520241.987227794,-1649844.3501601203,0,background
9893,nagaland,6557873.226222757,-1751985.7514565447,0,background
9894,nagaland,6589177.279149277,-1599080.8717759706,0,background
9895,nagaland,6440287.616484282,-1739086.5322977903,0,background
9896,nagaland,6608049.999665981,-1597227.2917625068,0,background
9897,nagaland,6500864.065016279,-1747064.0500632618,0,background
9898,nagaland,6574900.884357482,-1720334.1447488824,0,background
9899,nagaland,6620568.108935928,-1579033.1912074555,0,background
9900,nagaland,6465861.691647451,-1718869.1321691298,0,background
9901,nagaland,6435396.96349241,-1743697.1573303319,0,background
9902,nagaland,6525743.41735957,-1715080.0682232268,0,background
9903,nagaland,6497744.843257527,-1706515.4290785608,0,background
9904,nagaland,6462734.033521925,-1720211.397891789,0,background
9905,nagaland,6484571.923703448,-1723862.822277546,0,background
9906,nagaland,6448581.689658652,-1726532.1534675998,0,background
9907,nagaland,6535778.685893614,-1726603.4616865637,0,background
9908,nagaland,6538358.667124262,-1739517.7342339377,0,background
9909,nagaland,6607270.998719516,-1604074.9231374033,0,background
9910,nagaland,6540105.439612908,-1739348.5365681658,0,background
9911,nagaland,6513404.982283837,-1655292.42533371,0,background
9912,nagaland,6495014.170401424,-1709267.7301299023,0,background
9913,nagaland,6477515.530967339,-1711034.3837425527,0,background
9914,nagaland,6580766.3767903205,-1727577.3994744772,0,background
9915,nagaland,6434924.07090576,-1745421.7348210288,0,background
9916,nagaland,6623870.8215715205,-1615305.9528703778,0,background
9917,nagaland,6623683.47415211,-1599774.4701568936,0,background
9918,nagaland,6510751.398252581,-1652960.3343575844,0,background
9919,nagaland,6442781.032124679,-1736058.5682475758,0,background
9920,nagaland,6627352.536165521,-1610077.496653138,0,background
9921,nagaland,6609784.79955336,-1594806.4029256718,0,background
9922,nagaland,6465807.744625514,-1706804.182214063,0,background
9923,nagaland,6492506.245379906,-1693247.8508781758,0,background
9924,nagaland,6455796.892493527,-1721568.8988807003,0,background
9925,nagaland,6451877.230946951,-1726959.3552312073,0,background
9926,nagaland,6593943.840757463,-1598964.2989323565,0,background
9927,nagaland,6526346.497669592,-1725351.3440583856,0,background
9928,nagaland,6608999.592058963,-1604341.2141405721,0,background
9929,nagaland,6611329.141600761,-1582156.3106860279,0,background
9930,nagaland,6596734.238611685,-1595258.5529316384,0,background
9931,nagaland,6592754.026015563,-1622749.7617469742,0,background
9932,nagaland,6598301.038034956,-1591490.8654895776,0,background
9933,nagaland,6443312.175731381,-1747824.9555451327,0,background
9934,nagaland,6575943.584289382,-1722140.0235076598,0,background
9935,nagaland,6493439.18067027,-1693710.55757401,0,background
9936,nagaland,6583455.86545658,-1729605.3244620834,0,background
9937,nagaland,6605396.063105871,-1598577.5397430398,0,background
9938,nagaland,6570492.668442784,-1716649.5294848967,0,background
9939,nagaland,6529231.212807854,-1761274.319221939,0,background
9940,nagaland,6611087.902067403,-1597928.3451146975,0,background
9941,nagaland,6444390.861311376,-1734185.8824992266,0,background
9942,nagaland,6531156.148976148,-1739822.4429080705,0,background
9943,nagaland,6469301.251833099,-1703602.892765792,0,background
9944,nagaland,6456194.0844233455,-1725159.4561677298,0,background
9945,nagaland,6518395.164459784,-1653259.4772525502,0,background
9946,nagaland,6524515.67406262,-1652624.806842295,0,background
9947,nagaland,6599523.693036494,-1621060.622248516,0,background
9948,nagaland,6619343.983744224,-1600531.3887516393,0,background
9949,nagaland,6586379.3344881395,-1732873.600231632,0,background
9950,nagaland,6616355.782655678,-1591285.600013315,0,background
9951,nagaland,6525559.791048336,-1737715.2417175574,0,background
9952,nagaland,6500336.814886813,-1715389.649523715,0,background
9953,nagaland,6451650.2884281725,-1726380.644685876,0,background
9954,nagaland,6510871.817321759,-1652594.0120970886,0,background
9955,nagaland,6534932.326682928,-1726867.7282199247,0,background
9956,nagaland,6535083.817126662,-1672485.9579031088,0,background
9957,nagaland,6594913.731395976,-1594799.5190671135,0,background
9958,nagaland,6444421.614582367,-1738976.9376469606,0,background
9959,nagaland,6521626.714715604,-1649008.5972920423,0,background
9960,nagaland,6615879.594764633,-1591662.40172344,0,background
9961,nagaland,6528880.249122092,-1738614.246453991,0,background
9962,nagaland,6585075.477050117,-1736372.1892143725,0,background
9963,nagaland,6562243.600600307,-1743336.6805498728,0,background
9964,nagaland,6621793.429860591,-1579131.2602302618,0,background
9965,nagaland,6482431.926317655,-1722575.2511146776,0,background
9966,nagaland,6490997.897040344,-1731163.3349439434,0,background
9967,nagaland,6596231.941216381,-1595252.329477742,0,background
9968,nagaland,6455704.198415472,-1720557.2108138627,0,background
9969,nagaland,6532429.911374772,-1724142.9281670342,0,background
9970,nagaland,6614246.022856177,-1578717.368360717,0,background
9971,nagaland,6536875.946454831,-1737901.282191345,0,background
9972,nagaland,6525852.0134952925,-1726667.7745824533,0,background
9973,nagaland,6600241.308481803,-1591565.3277813005,0,background
9974,nagaland,6434843.705237666,-1743685.5872744897,0,background
9975,nagaland,6473859.090359638,-1718635.3965916578,0,background
9976,nagaland,6625334.809244178,-1601180.0144478797,0,background
9977,nagaland,6515491.853051888,-1647519.7584258625,0,background
9978,nagaland,6448768.802616899,-1744599.1560369642,0,background
9979,nagaland,6602428.29083389,-1590774.5512575859,0,background
9980,nagaland,6451645.043823941,-1743836.1916241508,0,background
9981,nagaland,6533565.231259965,-1760114.4139529215,0,background
9982,nagaland,6608444.814578074,-1593843.776730084,0,background
9983,nagaland,6624317.676299317,-1606346.53720918,0,background
9984,nagaland,6604212.326075444,-1595429.0409756636,0,background
9985,nagaland,6620185.789889024,-1572201.3684217788,0,background
9986,nagaland,6489767.066683484,-1730857.4135435724,0,background
9987,nagaland,6517378.030960152,-1656099.7714701192,0,background
9988,nagaland,6594729.096794575,-1597477.4843365368,0,background
9989,nagaland,6609396.826823907,-1587535.1897747722,0,background
9990,nagaland,6529818.559906311,-1763132.3594929238,0,background
9991,nagaland,6518954.145791008,-1666459.3820176676,0,background
9992,nagaland,6484484.700025368,-1742157.9249508027,0,background
9993,nagaland,6445574.0972544,-1734883.6963482942,0,background
9994,nagaland,6546499.97203784,-1757561.682326767,0,background
9995,nagaland,6615410.445392231,-1593015.9047641156,0,background
9996,nagaland,6614716.993149226,-1597369.9549997058,0,background
9997,nagaland,6435575.140014645,-1746794.093889972,0,background
9998,nagaland,6530227.396616019,-1752171.8179643792,0,background
9999,nagaland,6538756.533238275,-1753653.6295571944,0,background
10000,nagaland,6478527.91360461,-1720568.0743028156,0,background
10001,nagaland,6523195.583689899,-1717722.8216613592,0,background
10002,nagaland,6534829.875469908,-1738516.031912426,0,background
10003,nagaland,6519529.128474166,-1653457.071719561,0,background
10004,nagaland,6579395.340265721,-1624054.4668052206,0,background
10005,nagaland,6489298.165519016,-1730084.1449116217,0,background
10006,nagaland,6509176.694808962,-1654515.7333269627,0,background
10007,nagaland,6492721.922146598,-1694269.1883175792,0,background
10008,nagaland,6501523.229859007,-1692244.009784099,0,background
10009,nagaland,6486132.53377168,-1685681.6086989974,0,background
10010,nagaland,6555639.870836924,-1678989.627755501,0,background
10011,nagaland,6447105.481740729,-1744661.6940987792,0,background
10012,nagaland,6536617.875060714,-1721766.5459935467,0,background
10013,nagaland,6452197.19017864,-1747748.5077615716,0,background
10014,nagaland,6451723.548700235,-1751111.7173991222,0,background
10015,nagaland,6458649.551261699,-1711241.5807858023,0,background
10016,nagaland,6571906.460809121,-1632859.1938775454,0,background
10017,nagaland,6513105.682810366,-1709732.6907624884,0,background
10018,nagaland,6526922.853907743,-1713694.1517978788,0,background
10019,nagaland,6612929.291933,-1594267.3115136682,0,background
10020,nagaland,6614357.366297411,-1579431.0050402265,0,background
10021,nagaland,6540813.16562117,-1740209.4494074464,0,background
10022,nagaland,6456510.389354883,-1751459.4801818116,0,background
10023,nagaland,6520834.261950306,-1651512.765565957,0,background
10024,nagaland,6521998.158762669,-1652269.249232007,0,background
10025,nagaland,6449116.681753849,-1743249.082600475,0,background
10026,nagaland,6529029.269100979,-1748682.2403327895,0,background
10027,nagaland,6518509.1050167205,-1647662.5654513077,0,background
10028,nagaland,6462962.771748856,-1714982.858678741,0,background
10029,nagaland,6562027.303918583,-1710261.4176913907,0,background
10030,nagaland,6611264.183277736,-1583694.644663402,0,background
10031,nagaland,6529157.119974888,-1665565.717003814,0,background
10032,nagaland,6599886.055089166,-1601099.25356702,0,background
10033,nagaland,6492757.970043742,-1708134.1120793961,0,background
10034,nagaland,6617779.005491551,-1595797.4552806648,0,background
10035,nagaland,6608780.514474647,-1584537.5138879512,0,background
10036,nagaland,6599155.54190008,-1618867.7068057598,0,background
10037,nagaland,6532462.685387448,-1748031.5051577173,0,background
10038,nagaland,6534393.986679208,-1740201.2950103136,0,background
10039,nagaland,6495419.362715132,-1752271.9100235347,0,background
10040,nagaland,6598118.4640067695,-1597580.096305582,0,background
10041,nagaland,6483367.440446986,-1737865.5101346716,0,background
10042,nagaland,6459312.4325072495,-1722989.150191384,0,background
10043,nagaland,6560252.306646809,-1708028.7974502966,0,background
10044,nagaland,6525486.936570171,-1738251.8269686839,0,background
10045,nagaland,6460337.336392419,-1716245.1469149895,0,background
10046,nagaland,6556899.208794535,-1750613.8146836248,0,background
10047,nagaland,6529649.355414722,-1668460.233874794,0,background
10048,nagaland,6434482.615353649,-1745023.7239497346,0,background
10049,nagaland,6480323.740393423,-1717527.696703052,0,background
10050,nagaland,6451953.754355214,-1725290.4359430245,0,background
10051,nagaland,6598410.846294237,-1591623.665322447,0,background
10052,nagaland,6574296.094811818,-1721746.9413738742,0,background
10053,nagaland,6639448.428284566,-1602601.5341266303,0,background
10054,nagaland,6506305.993526099,-1653888.1618289682,0,background
10055,nagaland,6445743.515717255,-1740027.889973545,0,background
10056,nagaland,6511788.342407555,-1657728.253370787,0,background
10057,nagaland,6473185.826723872,-1720834.025126556,0,background
10058,nagaland,6506568.955127358,-1744096.307801311,0,background
10059,nagaland,6512379.771775616,-1658800.9806399303,0,background
10060,nagaland,6453011.765487526,-1720343.4881598675,0,background
10061,nagaland,6531487.803744717,-1755073.121186233,0,background
10062,nagaland,6581962.675456934,-1739755.6037961708,0,background
10063,nagaland,6528872.644777712,-1650956.766175616,0,background
10064,nagaland,6482374.866609999,-1723821.2189343139,0,background
10065,nagaland,6508254.902590535,-1652289.7540885822,0,background
10066,nagaland,6492831.2521486655,-1728861.0593628536,0,background
10067,nagaland,6497370.403675642,-1752052.2658246658,0,background
10068,nagaland,6607622.256789473,-1600025.0548169329,0,background
10069,nagaland,6590480.366519623,-1726602.2242635416,0,background
10070,nagaland,6626536.373583704,-1610403.3119735185,0,background
10071,nagaland,6442882.855691802,-1749141.1521188742,0,background
10072,nagaland,6588031.394571909,-1599832.0326215494,0,background
10073,nagaland,6516738.805024024,-1649501.6976611738,0,background
10074,nagaland,6519051.112683468,-1739296.5188085043,0,background
10075,nagaland,6512518.837462153,-1653754.3916700487,0,background
10076,nagaland,6524161.252873951,-1741109.5897096936,0,background
10077,nagaland,6535068.72197022,-1741267.124819465,0,background
10078,nagaland,6602297.515720889,-1600140.7791550972,0,background
10079,nagaland,6533731.305379924,-1726727.4544088973,0,background
10080,nagaland,6579806.859883432,-1610852.4508067716,0,background
10081,nagaland,6552329.642100119,-1759070.2716226769,0,background
10082,nagaland,6533087.455838903,-1746067.2924704866,0,background
10083,nagaland,6451546.792355636,-1725126.530185883,0,background
10084,nagaland,6610600.3502469845,-1583188.9577389031,0,background
10085,nagaland,6457028.282460156,-1724781.5227946797,0,background
10086,nagaland,6503454.197812106,-1741717.4935363836,0,background
10087,nagaland,6456835.498541144,-1718407.8275663524,0,background
10088,nagaland,6507738.304413558,-1654873.490896607,0,background
10089,nagaland,6589594.652771457,-1602379.6607296322,0,background
10090,nagaland,6528280.617129615,-1742150.2721952063,0,background
10091,nagaland,6498343.760936988,-1753831.9209157217,0,background
10092,nagaland,6619997.098765979,-1596368.073081144,0,background
10093,nagaland,6583282.351277277,-1737691.1057396883,0,background
10094,nagaland,6496193.8389120195,-1689022.4150686376,0,background
10095,nagaland,6532402.277982696,-1745802.7263848584,0,background
10096,nagaland,6497755.009755611,-1692635.8539496025,0,background
10097,nagaland,6522254.8479565475,-1648651.7449627614,0,background
10098,nagaland,6561354.682571249,-1705458.153143634,0,background
10099,nagaland,6531182.561029708,-1743228.3918788626,0,background
10100,nagaland,6507595.296917486,-1657082.9768450083,0,background
10101,nagaland,6520458.764303962,-1648277.22032183,0,background
10102,nagaland,6532725.9573706435,-1738933.1645270016,0,background
10103,nagaland,6520465.088088765,-1762898.5479928162,0,background
10104,nagaland,6515570.280651028,-1708345.7969425658,0,background
10105,nagaland,6535975.188072718,-1720795.4004975846,0,background
10106,nagaland,6439855.394019516,-1744922.1270068223,0,background
10107,nagaland,6536839.549922088,-1723254.0081229156,0,background
10108,nagaland,6480152.482502827,-1713377.1117230277,0,background
10109,nagaland,6484417.495879118,-1745840.8947531676,0,background
10110,nagaland,6618062.855842737,-1597262.8031714999,0,background
10111,nagaland,6615379.219205412,-1600595.5463607367,0,background
10112,nagaland,6468724.904712249,-1728177.3901496616,0,background
10113,nagaland,6481074.350384906,-1721698.2435828291,0,background
10114,nagaland,6452838.445797768,-1721267.5077405628,0,background
10115,nagaland,6574934.565239758,-1723555.425929581,0,background
10116,nagaland,6497053.1755859265,-1707159.763906415,0,background
10117,nagaland,6534955.767843249,-1748084.7509752628,0,background
10118,nagaland,6527574.995696224,-1726629.8573600512,0,background
10119,nagaland,6609193.805767328,-1589267.383220504,0,background
10120,nagaland,6603612.671202505,-1590622.70723236,0,background
10121,nagaland,6438288.445099913,-1743776.9633538597,0,background
10122,nagaland,6468360.253935008,-1705779.8904387592,0,background
10123,nagaland,6497880.325064831,-1681879.3015360264,0,background
10124,nagaland,6515302.724366589,-1709538.6294054966,0,background
10125,nagaland,6531562.231353566,-1745599.2180219656,0,background
10126,nagaland,6622330.29715755,-1572480.8307415526,0,background
10127,nagaland,6529213.818916135,-1749134.005869417,0,background
10128,nagaland,6537206.722660128,-1714927.5362339355,0,background
10129,nagaland,6443442.091757489,-1753133.3604356742,0,background
10130,nagaland,6513223.760377918,-1663307.7575296247,0,background
10131,nagaland,6581099.360986916,-1609784.4294444264,0,background
10132,nagaland,6568108.595279572,-1720239.6963825529,0,background
10133,nagaland,6605984.033896542,-1604922.6087465093,0,background
10134,nagaland,6449728.898228058,-1723565.808060321,0,background
10135,nagaland,6614665.402902967,-1580613.7760375757,0,background
10136,nagaland,6514943.172076735,-1651880.4940180576,0,background
10137,nagaland,6577795.243486325,-1607718.1850257039,0,background
10138,nagaland,6620268.6822870625,-1622631.2190925633,0,background
10139,nagaland,6496539.607931164,-1689099.044519205,0,background
10140,nagaland,6626586.107752209,-1615914.9853860985,0,background
10141,nagaland,6624518.169449667,-1613985.372389046,0,background
10142,nagaland,6609269.069075368,-1590847.1796363522,0,background
10143,nagaland,6560249.051341988,-1646018.6093157018,0,background
10144,nagaland,6533229.127754694,-1751178.4921993276,0,background
10145,nagaland,6612421.03819487,-1590033.6246677465,0,background
10146,nagaland,6458330.8665869115,-1721169.6743625912,0,background
10147,sikkim,6544029.4478572495,-953958.8088821695,0,background
10148,sikkim,6501532.851521171,-1013050.3609078762,0,background
10149,sikkim,6554533.412373811,-967386.1886444823,0,background
10150,sikkim,6504164.263506755,-1010402.7892203713,0,background
10151,sikkim,6514515.636477974,-984741.9978688745,0,background
10152,sikkim,6499948.756290647,-966284.5473602093,0,background
10153,sikkim,6521728.521229754,-999084.6629514747,0,background
10154,sikkim,6535924.576244423,-1008571.6096979461,0,background
10155,sikkim,6502927.721533062,-966726.5262712452,0,background
10156,sikkim,6564164.784283174,-929988.9660916028,0,background
10157,sikkim,6495933.787758378,-997805.4072452786,0,background
10158,sikkim,6528812.566332559,-958858.7874133548,0,background
10159,sikkim,6504303.461094467,-972967.7822777752,0,background
10160,sikkim,6512607.107634899,-989181.0028928085,0,background
10161,sikkim,6520806.08505993,-944033.509083606,0,background
10162,sikkim,6497680.729708465,-992280.5247524208,0,background
10163,sikkim,6546394.901185778,-940507.7756864257,0,background
10164,sikkim,6492658.800488838,-995108.8029668704,0,background
10165,sikkim,6517775.303577395,-997152.0326075349,0,background
10166,sikkim,6547763.825828127,-954203.7788473307,0,background
10167,sikkim,6531890.621735635,-938034.3068784066,0,background
10168,sikkim,6540440.772071494,-951005.0169719422,0,background
10169,sikkim,6533962.407893137,-949960.3924155731,0,background
10170,sikkim,6527601.840314122,-975427.7223628162,0,background
10171,sikkim,6493947.296152942,-1005583.625649214,0,background
10172,sikkim,6502034.631250226,-999330.1902218914,0,background
10173,sikkim,6564138.194766712,-933675.6143271935,0,background
10174,sikkim,6538334.973921716,-937485.8136379614,0,background
10175,sikkim,6497122.2735024,-996431.7051179131,0,background
10176,sikkim,6507879.855191386,-986233.0991897569,0,background
10177,sikkim,6517585.182308118,-932320.1384398488,0,background
10178,sikkim,6554048.25518913,-975832.1688160243,0,background
10179,sikkim,6515441.975416182,-978042.2584787693,0,background
10180,sikkim,6490098.294243399,-999834.0246070711,0,background
10181,sikkim,6534815.234046519,-966519.3397303977,0,background
10182,sikkim,6537992.481471806,-964060.6382799984,0,background
10183,sikkim,6504463.213579532,-996146.8439232724,0,background
10184,sikkim,6508301.108288483,-976519.297965071,0,background
10185,sikkim,6503296.590271918,-962866.1293398464,0,background
10186,sikkim,6523684.416906652,-958170.9249081146,0,background
10187,sikkim,6497450.753401837,-994065.5947336488,0,background
10188,sikkim,6549916.820354766,-1002593.6842227363,0,background
10189,sikkim,6539857.427270849,-945214.9095296595,0,background
10190,sikkim,6509775.363484787,-974718.0035217009,0,background
10191,sikkim,6547336.0398614155,-936679.5221644108,0,background
10192,sikkim,6520081.87027577,-994274.5333652177,0,background
10193,sikkim,6561426.636124919,-938047.2663664973,0,background
10194,sikkim,6552980.352608044,-972760.1824943599,0,background
10195,sikkim,6508087.363273252,-962169.6738258002,0,background
10196,sikkim,6509333.447058629,-955991.6783166446,0,background
10197,sikkim,6541115.800618895,-961589.8507800824,0,background
10198,sikkim,6509980.553454895,-1001848.7765982948,0,background
10199,sikkim,6547147.604264163,-937538.3871955607,0,background
10200,sikkim,6534811.208673583,-947514.1308031309,0,background
10201,sikkim,6533839.726778188,-969870.1025800727,0,background
10202,sikkim,6503560.043615995,-962835.4019029957,0,background
10203,sikkim,6568447.63283777,-930195.3907605979,0,background
10204,sikkim,6516982.201186166,-941735.4916771764,0,background
10205,sikkim,6553377.282103793,-933013.1530220819,0,background
10206,sikkim,6495886.2072575735,-970572.1233457181,0,background
10207,sikkim,6557672.295421285,-939043.7970573293,0,background
10208,sikkim,6553996.906163878,-957547.358891831,0,background
10209,sikkim,6514742.460636186,-992175.3226417877,0,background
10210,sikkim,6534703.609858608,-976596.311043842,0,background
10211,sikkim,6548954.869918189,-947156.7064388471,0,background
10212,sikkim,6519005.264489788,-937747.8032332703,0,background
10213,sikkim,6495579.523904249,-990524.401988509,0,background
10214,sikkim,6538652.010014282,-981289.4054304865,0,background
10215,sikkim,6543278.211260397,-999659.5372377747,0,background
10216,sikkim,6521136.073918212,-944663.1225587814,0,background
10217,sikkim,6507276.311871611,-950060.2805911169,0,background
10218,sikkim,6547751.578875222,-973591.0563980386,0,background
10219,sikkim,6517561.521760004,-976087.6556785973,0,background
10220,sikkim,6512557.495706669,-947475.6692503614,0,background
10221,sikkim,6494089.040272709,-984021.1318836436,0,background
10222,sikkim,6553371.945300517,-943290.4613435718,0,background
10223,sikkim,6503193.665741525,-987100.8444152186,0,background
10224,sikkim,6510580.878003766,-1013007.4353917938,0,background
10225,sikkim,6555159.666096226,-972709.6164914444,0,background
10226,sikkim,6513431.271288598,-961324.698446212,0,background
10227,sikkim,6557396.606567794,-931093.5692034931,0,background
10228,sikkim,6545283.450266197,-972183.5777836534,0,background
10229,sikkim,6510339.729915785,-986008.5150626849,0,background
10230,sikkim,6554109.590870867,-941291.8846344866,0,background
10231,sikkim,6495949.344549548,-980409.579545596,0,background
10232,sikkim,6532011.281344891,-978620.1320329376,0,background
10233,sikkim,6528207.673078935,-1011287.4663954905,0,background
10234,sikkim,6538937.342602772,-982042.9707154885,0,background
10235,sikkim,6513615.679273681,-945497.4241568726,0,background
10236,sikkim,6503591.615231567,-1000121.8950660903,0,background
10237,sikkim,6527741.331988815,-940989.0102254297,0,background
10238,sikkim,6558994.650658879,-952022.1309216786,0,background
10239,sikkim,6529608.713076447,-964234.2783098946,0,background
10240,sikkim,6518109.507748614,-998975.2852191423,0,background
10241,sikkim,6497795.735887121,-993055.1821480133,0,background
10242,sikkim,6522139.438667124,-990659.0212796176,0,background
10243,sikkim,6494573.306219174,-990454.9835818792,0,background
10244,sikkim,6540164.963525169,-949326.3892059244,0,background
10245,sikkim,6542561.605263936,-952517.2684209716,0,background
10246,sikkim,6553350.2952220505,-964484.4611286507,0,background
10247,sikkim,6504617.07101304,-1000599.3044487671,0,background
10248,sikkim,6581235.214101959,-929089.9588782054,0,background
10249,sikkim,6538023.363591575,-957429.7890508414,0,background
10250,sikkim,6565522.241521379,-935601.3498141039,0,background
10251,sikkim,6556227.551827611,-931613.2449931273,0,background
10252,sikkim,6526709.216059744,-966124.2647869589,0,background
10253,sikkim,6523123.334599185,-968102.7348445973,0,background
10254,sikkim,6567402.120679187,-929549.6215950109,0,background
10255,sikkim,6531552.5254517505,-943049.5109329411,0,background
10256,sikkim,6512804.683468777,-986498.9713628183,0,background
10257,sikkim,6510302.971950781,-941888.2828055387,0,background
10258,sikkim,6498956.629542937,-982833.8419677346,0,background
10259,sikkim,6520941.389353285,-965640.7351722071,0,background
10260,sikkim,6540408.205716391,-972434.6469831646,0,background
10261,sikkim,6546107.992162431,-951584.4460720181,0,background
10262,sikkim,6507002.047213569,-956822.6328069932,0,background
10263,sikkim,6511349.036526004,-978568.7922029005,0,background
10264,sikkim,6518117.866149026,-978517.3104905663,0,background
10265,sikkim,6509611.519661528,-964073.8581650463,0,background
10266,sikkim,6519741.803463709,-1010397.1345327251,0,background
10267,sikkim,6532058.30976226,-937051.9018293566,0,background
10268,sikkim,6513302.287131345,-1011725.2147462326,0,background
10269,sikkim,6521527.686889731,-1007888.3408697209,0,background
10270,sikkim,6558391.452876257,-946345.5887273991,0,background
10271,sikkim,6506655.015760445,-1010126.1907178585,0,background
10272,sikkim,6521973.498605665,-965627.7538561162,0,background
10273,sikkim,6537640.999307876,-976561.9376499298,0,background
10274,sikkim,6509834.713102472,-974413.6394218334,0,background
10275,sikkim,6517997.454945639,-1007363.6460614251,0,background
10276,sikkim,6551752.211534851,-968157.9572212677,0,background
10277,sikkim,6534408.490722655,-948092.7670566334,0,background
10278,sikkim,6558120.706668777,-968850.6030586034,0,background
10279,sikkim,6498805.031703858,-984771.285596788,0,background
10280,sikkim,6521413.6783874575,-999943.2449004365,0,background
10281,sikkim,6541352.896721597,-962789.75321696,0,background
10282,sikkim,6509331.3066224875,-966908.1208117488,0,background
10283,sikkim,6501982.798462939,-1003823.1591830074,0,background
10284,sikkim,6513926.763354721,-1009916.2831183698,0,background
10285,sikkim,6511316.245985275,-945230.3118750036,0,background
10286,sikkim,6540007.390106622,-933708.6150106569,0,background
10287,sikkim,6513435.610260554,-970412.9469227432,0,background
10288,sikkim,6527399.796590078,-995849.4066214848,0,background
10289,sikkim,6509828.878947897,-976979.19354574,0,background
10290,sikkim,6499461.14483457,-994523.376186614,0,background
10291,sikkim,6543739.546634595,-951062.1811360719,0,background
10292,sikkim,6502268.362895886,-1008371.188628587,0,background
10293,sikkim,6536772.368007561,-960811.7449569358,0,background
10294,sikkim,6515489.934559341,-981588.7982777006,0,background
10295,sikkim,6534819.205345402,-952356.7601721861,0,background
10296,sikkim,6546485.1304351315,-936058.4131788159,0,background
10297,sikkim,6518708.662466086,-964657.9048423249,0,background
10298,sikkim,6537770.372157471,-965441.2397479699,0,background
10299,sikkim,6562263.932861801,-937348.9959979019,0,background
10300,sikkim,6516482.99714646,-1013496.0042563904,0,background
10301,sikkim,6548108.4882759005,-955185.5657129735,0,background
10302,sikkim,6538659.671798018,-957862.0448027402,0,background
10303,sikkim,6519744.559696499,-1003223.874308038,0,background
10304,sikkim,6525039.586961811,-969204.4825810023,0,background
10305,sikkim,6540810.954184192,-933427.2724424386,0,background
10306,sikkim,6544802.893402898,-969933.2516344469,0,background
10307,sikkim,6497428.147308207,-982803.5525456548,0,background
10308,sikkim,6567092.914130101,-928018.2228622838,0,background
10309,sikkim,6536366.532541028,-939810.8618758512,0,background
10310,sikkim,6524862.106949904,-968395.669112883,0,background
10311,sikkim,6524782.040350704,-994841.941170248,0,background
10312,sikkim,6519865.254132731,-993523.9355393647,0,background
10313,sikkim,6529970.872585195,-953393.7928547869,0,background
10314,sikkim,6503490.567698395,-1014605.8506286956,0,background
10315,sikkim,6547255.669984952,-969492.0988822996,0,background
10316,sikkim,6526361.79345717,-1013805.0326730448,0,background
10317,sikkim,6504863.465825222,-1008010.8459799025,0,background
10318,sikkim,6530073.680465951,-949492.5194281938,0,background
10319,sikkim,6528871.151819434,-975257.6791360645,0,background
10320,sikkim,6504022.528234077,-1013130.2194359705,0,background
10321,sikkim,6512549.088037976,-990757.6632081246,0,background
10322,sikkim,6525796.346617704,-962986.497341818,0,background
10323,sikkim,6549815.048309353,-955602.5388874378,0,background
10324,sikkim,6509423.083444539,-962089.1531733465,0,background
10325,sikkim,6524687.462704721,-943881.4284615349,0,background
10326,sikkim,6506235.9646411,-960515.4624067377,0,background
10327,sikkim,6542530.193035114,-1010442.7528391595,0,background
10328,sikkim,6519372.202584513,-945192.1991864168,0,background
10329,sikkim,6512291.703751931,-968496.2617365265,0,background
10330,sikkim,6525861.3861124255,-965023.051428593,0,background
10331,sikkim,6528426.065947121,-972420.2487422089,0,background
10332,sikkim,6533351.413369772,-939957.4055820394,0,background
10333,sikkim,6563344.726920447,-937281.3205639339,0,background
10334,sikkim,6488714.17302237,-985432.6101555702,0,background
10335,sikkim,6538555.007736345,-1001492.2636496811,0,background
10336,sikkim,6511314.792361274,-964065.9209357691,0,background
10337,sikkim,6512699.105783143,-1011443.6742312819,0,background
10338,sikkim,6539759.235621413,-1000940.527889182,0,background
10339,sikkim,6543909.888774977,-939401.1310302644,0,background
10340,sikkim,6550401.882460209,-967447.5553196571,0,background
10341,sikkim,6574342.390631578,-1011064.8982965628,0,background
10342,sikkim,6523339.115419998,-986093.620553029,0,background
10343,sikkim,6520702.344388829,-999438.7054452838,0,background
10344,sikkim,6515081.335110946,-955287.1984470797,0,background
10345,sikkim,6532258.834946357,-970947.2609947659,0,background
10346,sikkim,6507191.767874061,-953899.493665443,0,background
10347,sikkim,6534125.2002762975,-954349.1977109552,0,background
10348,sikkim,6528301.341144356,-958431.0354963971,0,background
10349,sikkim,6553249.280247292,-947041.7294557577,0,background
10350,sikkim,6543220.361100206,-1001136.4907989089,0,background
10351,sikkim,6495349.132079204,-992023.2019767833,0,background
10352,sikkim,6556852.080694541,-939498.0044666545,0,background
10353,sikkim,6549801.552818432,-946308.668459056,0,background
10354,sikkim,6541080.9161292305,-1010530.9928220944,0,background
10355,sikkim,6515103.15555831,-957505.8569663427,0,background
10356,sikkim,6498131.730111012,-1005459.4181089704,0,background
10357,sikkim,6546643.858161834,-996354.8594188457,0,background
10358,sikkim,6545681.132701813,-938161.0097632844,0,background
10359,sikkim,6537336.063448156,-939317.8663221374,0,background
10360,sikkim,6563241.810911233,-932714.304754646,0,background
10361,sikkim,6525143.220745988,-950348.0835804199,0,background
10362,sikkim,6526663.494743164,-950236.7563823552,0,background
10363,sikkim,6497162.804424577,-1004559.8431523233,0,background
10364,sikkim,6514132.574503572,-992674.8516783648,0,background
10365,sikkim,6508983.871719906,-998657.5161328018,0,background
10366,sikkim,6502592.657736336,-966124.6553337284,0,background
10367,sikkim,6548924.410253388,-932338.3929495001,0,background
10368,sikkim,6535776.1642255485,-966706.8340927624,0,background
10369,sikkim,6503504.108339011,-1005391.6061649019,0,background
10370,sikkim,6504455.5095918495,-1006436.3816686926,0,background
10371,sikkim,6520169.7777632605,-949076.3106631171,0,background
10372,sikkim,6538107.6587178605,-1006094.5997626428,0,background
10373,sikkim,6542246.473420847,-968224.9016602857,0,background
10374,sikkim,6498990.758818844,-1001807.977578963,0,background
10375,sikkim,6564272.184200425,-940607.8876966393,0,background
10376,sikkim,6539440.4485385725,-961833.0918521393,0,background
10377,sikkim,6511493.94140842,-990821.3534256082,0,background
10378,sikkim,6534162.105231265,-954838.4313405891,0,background
10379,sikkim,6534092.099847261,-941728.2852219361,0,background
10380,sikkim,6519947.432364226,-944449.685670623,0,background
10381,sikkim,6540868.4382608505,-959496.6007532035,0,background
10382,sikkim,6549769.725100459,-947245.8766814354,0,background
10383,sikkim,6551851.904993617,-957500.6047309255,0,background
10384,sikkim,6535274.959515638,-943685.031586436,0,background
10385,sikkim,6511498.722045861,-964236.7082621081,0,background
10386,sikkim,6538396.716393919,-964011.8043699675,0,background
10387,sikkim,6538519.713971055,-950980.1016449243,0,background
10388,sikkim,6579571.223229544,-929182.8923808378,0,background
10389,sikkim,6529364.5978626525,-958954.9845732851,0,background
10390,sikkim,6507751.385626771,-957889.3572157441,0,background
10391,sikkim,6512790.518870007,-961908.0640222187,0,background
10392,sikkim,6512882.265551266,-988266.1619852228,0,background
10393,sikkim,6521936.317455686,-962199.8809709253,0,background
10394,sikkim,6531986.1418860825,-940379.0384031114,0,background
10395,sikkim,6561111.875251874,-939941.4838237112,0,background
10396,sikkim,6546675.437536449,-950980.5029470172,0,background
10397,sikkim,6545756.69835206,-934583.5502810008,0,background
10398,sikkim,6532784.152659407,-947337.0550222064,0,background
10399,sikkim,6527867.2738074055,-958722.1055916302,0,background
10400,sikkim,6533751.102874028,-1008484.3079793591,0,background
10401,sikkim,6514557.247413025,-967498.4739352204,0,background
10402,sikkim,6496630.575973979,-979759.8402582207,0,background
10403,sikkim,6553995.071236397,-965637.914469882,0,background
10404,sikkim,6499298.044952022,-988335.0149835601,0,background
10405,sikkim,6552747.045968344,-970830.6929893389,0,background
10406,sikkim,6501873.673723311,-1003705.6372942871,0,background
10407,sikkim,6534384.827928441,-961477.5224433419,0,background
10408,sikkim,6555601.837135692,-972080.0094038432,0,background
10409,sikkim,6556366.712522343,-939977.4596617443,0,background
10410,sikkim,6527405.258699914,-952859.7635919201,0,background
10411,sikkim,6522177.514562004,-993566.101818565,0,background
10412,sikkim,6542111.033963859,-940104.7796433646,0,background
10413,sikkim,6543423.8527236935,-1000656.078450234,0,background
10414,sikkim,6547188.078112379,-965144.3506872085,0,background
10415,sikkim,6509361.69442048,-1010622.5308187408,0,background
10416,sikkim,6533816.701926909,-941402.2234129725,0,background
10417,sikkim,6535980.537260921,-983371.3191260556,0,background
10418,sikkim,6524101.659582891,-1012280.3698777668,0,background
10419,sikkim,6517775.950841433,-961679.7464024941,0,background
10420,sikkim,6493612.905819036,-1004839.5841339326,0,background
10421,sikkim,6510434.126993074,-984850.4904023171,0,background
10422,sikkim,6554409.055222063,-965741.6110190048,0,background
10423,sikkim,6502648.844806682,-1011919.4409170887,0,background
10424,sikkim,6557253.093121198,-1025294.656903593,0,background
10425,sikkim,6532122.557662845,-960954.626769864,0,background
10426,sikkim,6497301.575820752,-1007938.8692237008,0,background
10427,sikkim,6492037.524534568,-1001382.2571225006,0,background
10428,sikkim,6579210.336712369,-927834.6901740615,0,background
10429,sikkim,6536055.291532696,-982403.3866596549,0,background
10430,sikkim,6529157.954942306,-960052.0476460692,0,background
10431,sikkim,6552150.2076277165,-932145.2655421015,0,background
10432,sikkim,6541336.714824834,-939912.5711677391,0,background
10433,sikkim,6551503.668926393,-958315.6835734772,0,background
10434,sikkim,6561667.595044663,-939722.9298477239,0,background
10435,sikkim,6557449.627720879,-970884.5124433546,0,background
10436,sikkim,6559737.922653474,-946176.856424705,0,background
10437,sikkim,6528373.916321972,-947206.1084902363,0,background
10438,sikkim,6521738.091813949,-995756.3956597139,0,background
10439,sikkim,6493584.026175541,-1005740.44434619,0,background
10440,sikkim,6550706.796505474,-967146.7774050587,0,background
10441,sikkim,6531053.4002648,-965500.991452498,0,background
10442,sikkim,6532559.462641802,-975802.2972282396,0,background
10443,sikkim,6524844.8339966275,-990051.1705827689,0,background
10444,sikkim,6537783.952087,-969534.7760002966,0,background
10445,sikkim,6555498.279653836,-945649.544632342,0,background
10446,sikkim,6496293.671592307,-992982.579042433,0,background
10447,sikkim,6511208.1229127245,-979209.4432838584,0,background
10448,sikkim,6516057.506702394,-999830.6997866173,0,background
10449,sikkim,6538317.600908777,-946671.3635442504,0,background
10450,sikkim,6545150.299144122,-997118.6508672099,0,background
10451,sikkim,6512729.507119931,-955584.2314805359,0,background
10452,sikkim,6498258.376587174,-986629.3067357342,0,background
10453,sikkim,6511187.599233576,-970854.1488922378,0,background
10454,sikkim,6539379.887787512,-946367.0031538215,0,background
10455,sikkim,6506913.790562573,-1005657.3284439379,0,background
10456,sikkim,6526016.603729315,-966373.9995833136,0,background
10457,sikkim,6509297.107588675,-992798.0442101731,0,background
10458,sikkim,6512938.986680677,-948979.7655281277,0,background
10459,sikkim,6527236.76755007,-944661.7110868924,0,background
10460,sikkim,6529927.646548052,-965052.7608954165,0,background
10461,sikkim,6502686.764750151,-968874.4720263674,0,background
10462,sikkim,6495745.858359139,-1006820.7403739871,0,background
10463,sikkim,6539041.084538169,-966772.7772232988,0,background
10464,sikkim,6534247.654836998,-968067.2763581733,0,background
10465,sikkim,6525372.459393969,-957739.331256975,0,background
10466,sikkim,6542083.338215781,-954744.1779724305,0,background
10467,sikkim,6494181.4889485445,-1000929.7097859546,0,background
10468,sikkim,6517601.371123229,-1009372.5046058235,0,background
10469,sikkim,6520637.40766035,-1005803.3574937534,0,background
10470,sikkim,6538399.26379453,-1005079.4878033343,0,background
10471,sikkim,6549042.561758012,-938766.1763621198,0,background
10472,sikkim,6517693.743319426,-974378.7041373877,0,background
10473,sikkim,6492330.857146863,-981329.6638765883,0,background
10474,sikkim,6537997.5696125105,-1008442.3509773787,0,background
10475,sikkim,6519924.614273042,-951479.1772193193,0,background
10476,sikkim,6501189.307930262,-988089.5447567607,0,background
10477,sikkim,6554597.937188131,-948825.6107640201,0,background
10478,sikkim,6515888.000479089,-972240.1903077547,0,background
10479,sikkim,6536063.298009188,-967439.6070699954,0,background
10480,sikkim,6563927.472496251,-939999.6009949795,0,background
10481,sikkim,6515806.862375354,-948004.6186144123,0,background
10482,sikkim,6500609.262217035,-988156.5270862344,0,background
10483,sikkim,6493101.749482588,-991350.1320999969,0,background
10484,sikkim,6496701.089954987,-983965.7036903574,0,background
10485,sikkim,6507297.1591726625,-963312.0512317776,0,background
10486,sikkim,6548977.637892253,-965490.9773760568,0,background
10487,sikkim,6530698.805600897,-948955.5461017406,0,background
10488,sikkim,6496257.669193181,-997942.7416554042,0,background
10489,sikkim,6545619.331461922,-945548.5377796948,0,background
10490,sikkim,6546452.282449886,-997637.1684741231,0,background
10491,sikkim,6527461.904587122,-974985.6827460759,0,background
10492,sikkim,6571672.794724979,-1015646.8343637458,0,background
10493,sikkim,6505241.213383463,-982911.7606480276,0,background
10494,sikkim,6526314.332866381,-991327.0557993365,0,background
10495,sikkim,6556985.474819438,-944156.5821188621,0,background
10496,sikkim,6507216.871748551,-974137.3679016418,0,background
10497,sikkim,6563506.188341817,-928938.2279137045,0,background
10498,sikkim,6517726.592663323,-1013662.8439981986,0,background
10499,sikkim,6532255.736692252,-953408.583891306,0,background
10500,sikkim,6524427.561370124,-990493.0767361757,0,background
10501,sikkim,6516836.747753801,-948325.4348722999,0,background
10502,sikkim,6528567.821914161,-958458.4988922855,0,background
10503,sikkim,6545495.887042762,-963738.4963699646,0,background
10504,sikkim,6557359.304321865,-930925.713515593,0,background
10505,sikkim,6515025.065081558,-992815.4821773669,0,background
10506,sikkim,6504336.208538768,-961204.3317592635,0,background
10507,sikkim,6523224.019796904,-964970.2503492968,0,background
10508,sikkim,6498210.406804104,-1007954.6633330084,0,background
10509,sikkim,6537467.106012425,-962996.2734834801,0,background
10510,sikkim,6514668.557621813,-947113.7182933803,0,background
10511,sikkim,6558373.547464078,-969303.9100794602,0,background
10512,sikkim,6549580.291462219,-945774.2937483259,0,background
10513,sikkim,6519031.410534047,-1015915.0794888509,0,background
10514,sikkim,6548556.162549171,-938063.8377492055,0,background
10515,sikkim,6510772.701579591,-934780.6653939696,0,background
10516,sikkim,6530769.758086216,-951594.2260331953,0,background
10517,sikkim,6556493.589387365,-942673.0068986954,0,background
10518,sikkim,6549549.880963365,-949398.1505019033,0,background
10519,sikkim,6576548.142626405,-928035.8135545696,0,background
10520,sikkim,6538612.896021886,-953875.953746005,0,background
10521,sikkim,6535360.671304642,-968490.850119279,0,background
10522,sikkim,6504607.81401622,-965860.5723738156,0,background
10523,sikkim,6505995.601216555,-952549.1850274502,0,background
10524,sikkim,6500850.616661821,-995515.7322823061,0,background
10525,sikkim,6543490.478602388,-938138.6409867657,0,background
10526,sikkim,6520685.092263137,-965490.8355336292,0,background
10527,sikkim,6532731.403280992,-968710.9574827017,0,background
10528,sikkim,6540460.681949886,-969554.1233423997,0,background
10529,sikkim,6544493.058703886,-971536.6163559562,0,background
10530,sikkim,6493954.819757786,-977938.9283276525,0,background
10531,sikkim,6554495.813883352,-948531.2802098093,0,background
10532,sikkim,6536215.905441959,-948149.8373686563,0,background
10533,sikkim,6500712.8036184,-983895.189946979,0,background
10534,sikkim,6526997.703501697,-963133.6522552244,0,background
10535,sikkim,6523405.781436153,-942898.3305200727,0,background
10536,sikkim,6542984.070965084,-970386.3154180951,0,background
10537,sikkim,6521332.378694578,-1010130.7834592029,0,background
10538,sikkim,6532923.0214309655,-982049.7422979365,0,background
10539,sikkim,6534218.306421603,-954374.7896801034,0,background
10540,sikkim,6549626.041081356,-951970.4217254071,0,background
10541,sikkim,6510267.51818037,-1002207.5150386598,0,background
10542,sikkim,6526023.048607328,-974433.807759366,0,background
10543,sikkim,6511532.726880856,-986091.2820090088,0,background
10544,sikkim,6549359.102445555,-1002738.5022078917,0,background
10545,sikkim,6540829.8733795015,-1008733.3130105144,0,background
10546,sikkim,6520110.36340709,-966625.7358912019,0,background
10547,sikkim,6510650.36066789,-1005940.7791774289,0,background
10548,sikkim,6540435.548674755,-941788.9034641592,0,background
10549,sikkim,6497575.109566497,-975360.2071652078,0,background
10550,sikkim,6555948.646513689,-940811.8365625493,0,background
10551,sikkim,6533088.856614879,-982038.0717503963,0,background
10552,sikkim,6550784.513792873,-941854.6339760618,0,background
10553,sikkim,6538919.589933998,-962271.0152947819,0,background
10554,sikkim,6530644.992084643,-946324.8301404926,0,background
10555,sikkim,6562041.303241751,-1023726.4937011456,0,background
10556,sikkim,6511385.176126342,-1008398.2260105496,0,background
10557,sikkim,6518258.360618396,-1012159.0545568841,0,background
10558,sikkim,6536419.122628374,-951418.8338686508,0,background
10559,sikkim,6534348.039179372,-973789.4036105177,0,background
10560,sikkim,6523078.132173036,-944714.1527703542,0,background
10561,sikkim,6547478.214911163,-969799.3660096993,0,background
10562,sikkim,6524571.006891733,-947195.7966997348,0,background
10563,sikkim,6516966.809379683,-947673.1465356265,0,background
10564,sikkim,6505950.970708552,-1014620.7772542447,0,background
10565,sikkim,6535057.902966823,-946612.1014496163,0,background
10566,sikkim,6502489.0667737555,-963943.5209326259,0,background
10567,sikkim,6537188.459332838,-971629.4033841521,0,background
10568,sikkim,6538474.321982647,-945026.0019815357,0,background
10569,sikkim,6516735.294584546,-956190.343474474,0,background
10570,sikkim,6503238.524859137,-994666.620950971,0,background
10571,sikkim,6519960.1241730945,-1014491.4615723605,0,background
10572,sikkim,6546167.418907176,-962253.1518778629,0,background
10573,sikkim,6517767.689990947,-959685.22892,0,background
10574,sikkim,6548274.982237438,-1000404.8987075975,0,background
10575,sikkim,6535772.923404625,-957841.3075960996,0,background
10576,sikkim,6506971.347222096,-997733.9087850567,0,background
10577,sikkim,6560100.775569516,-939676.6567237811,0,background
10578,sikkim,6550396.912337375,-948167.0343036364,0,background
10579,sikkim,6540360.460061604,-960243.878367164,0,background
10580,sikkim,6523076.26411585,-972974.1491685198,0,background
10581,sikkim,6490591.526046625,-985706.0307102825,0,background
10582,sikkim,6515813.770318125,-954504.9110514948,0,background
10583,sikkim,6513583.655298362,-943966.0889172342,0,background
10584,sikkim,6538465.175077744,-956863.0333240685,0,background
10585,sikkim,6515349.890524018,-998562.1358924934,0,background
10586,sikkim,6543507.493593417,-960544.2352088745,0,background
10587,sikkim,6536616.870246463,-941267.7227630764,0,background
10588,sikkim,6541448.327191819,-938879.0488649717,0,background
10589,sikkim,6527878.939522798,-975970.08271574,0,background
10590,sikkim,6544342.889063931,-949661.5901693515,0,background
10591,sikkim,6547163.821591845,-966773.23452227,0,background
10592,sikkim,6554011.27660672,-968352.402540542,0,background
10593,sikkim,6535744.98918455,-1004697.6962554249,0,background
10594,sikkim,6535159.5964629315,-952768.7222811187,0,background
10595,sikkim,6490939.443804841,-980581.9859340958,0,background
10596,sikkim,6513131.784698628,-1014691.3034292193,0,background
10597,sikkim,6505382.835523573,-979602.4498438368,0,background
10598,sikkim,6513503.207319983,-966394.6125212978,0,background
10599,sikkim,6536149.04700797,-1007820.7458499284,0,background
10600,sikkim,6541474.851692789,-946716.5272513211,0,background
10601,sikkim,6514732.570415604,-976460.3405693661,0,background
10602,sikkim,6555105.590296849,-935941.5698495953,0,background
10603,sikkim,6516257.455010899,-966689.5553091145,0,background
10604,sikkim,6492271.562296482,-1002627.9923799278,0,background
10605,sikkim,6552471.035068091,-967111.1917294925,0,background
10606,sikkim,6550741.342625288,-932441.6088259029,0,background
10607,sikkim,6521302.09480653,-959429.5244398689,0,background
10608,sikkim,6500202.514662462,-974275.1165140196,0,background
10609,sikkim,6527831.290601874,-958011.3823084079,0,background
10610,sikkim,6512994.201108496,-960014.6517420557,0,background
10611,sikkim,6552645.288657201,-956668.1166950586,0,background
10612,sikkim,6502575.977938676,-990630.080436906,0,background
10613,sikkim,6500246.389493714,-984887.2380185892,0,background
10614,sikkim,6547700.929787068,-962799.4847658998,0,background
10615,sikkim,6493441.555954049,-994113.0120404821,0,background
10616,sikkim,6516434.557188679,-987031.4960196925,0,background
10617,sikkim,6544713.055088419,-959588.4749056307,0,background
10618,sikkim,6507475.1824452905,-991651.8293735324,0,background
10619,sikkim,6530576.171302069,-951474.0182794611,0,background
10620,sikkim,6519234.896064842,-989505.752077645,0,background
10621,sikkim,6501355.298138423,-973511.8040741336,0,background
10622,sikkim,6538561.785256749,-972249.5012534347,0,background
10623,sikkim,6515581.652424361,-983870.3260736944,0,background
10624,sikkim,6505241.3405749,-1002450.7432615993,0,background
10625,sikkim,6519896.343123699,-971839.3984647827,0,background
10626,sikkim,6499920.228422738,-969504.4870222097,0,background
10627,sikkim,6541218.403438427,-965099.273534188,0,background
10628,sikkim,6505883.427532668,-965380.9428618032,0,background
10629,sikkim,6490345.2674284885,-988518.199769793,0,background
10630,sikkim,6538688.485876848,-980268.7993353396,0,background
10631,sikkim,6555884.222712062,-935752.4268771736,0,background
10632,sikkim,6522589.472771866,-968656.6591297991,0,background
10633,sikkim,6506066.885620496,-999737.2722866472,0,background
10634,sikkim,6523665.7119401265,-950901.0747056385,0,background
10635,sikkim,6533821.273880082,-976603.1783368117,0,background
10636,sikkim,6559953.222337523,-944158.5286801639,0,background
10637,sikkim,6497046.651414573,-1008489.4593392725,0,background
10638,sikkim,6528716.307391915,-941445.6336016667,0,background
10639,sikkim,6535559.581750786,-983062.1215949393,0,background
10640,sikkim,6520994.459930912,-998340.7607605938,0,background
10641,sikkim,6513318.562663835,-946526.5717640459,0,background
10642,sikkim,6545464.257235624,-942270.5426469235,0,background
10643,sikkim,6492894.148638334,-987290.2794630281,0,background
10644,sikkim,6497213.108060955,-993270.0628726489,0,background
10645,sikkim,6515315.9602196235,-975443.7506123347,0,background
10646,sikkim,6554438.744816558,-947544.4738773942,0,background
10647,sikkim,6514905.53429941,-987724.5806233757,0,background
10648,sikkim,6513534.051146826,-1005215.7077614384,0,background
10649,sikkim,6548044.014269401,-1005867.7253586687,0,background
10650,sikkim,6529695.51995047,-977443.5774340433,0,background
10651,sikkim,6546537.534710499,-968950.768515849,0,background
10652,sikkim,6536494.391293604,-972373.6930100216,0,background
10653,sikkim,6499404.8575628735,-999892.1339403491,0,background
10654,sikkim,6517046.022321475,-952250.4878764314,0,background
10655,sikkim,6496338.942227189,-996609.5337131751,0,background
10656,sikkim,6512515.354229771,-992099.1192194673,0,background
10657,sikkim,6516639.081869529,-942599.8216155249,0,background
10658,sikkim,6554128.717552457,-964144.5428550522,0,background
10659,sikkim,6550531.364014803,-955902.7469201498,0,background
10660,sikkim,6554002.32235753,-931513.4422184417,0,background
10661,sikkim,6496672.31222241,-998478.5833254661,0,background
10662,sikkim,6548396.6465835925,-948846.562933885,0,background
10663,sikkim,6521953.677210819,-1007626.8284461307,0,background
10664,sikkim,6491583.259139898,-991116.3376654716,0,background
10665,sikkim,6526542.306677361,-950309.16565308,0,background
10666,sikkim,6549664.2811381295,-1007307.6248985014,0,background
10667,sikkim,6514906.588738938,-966705.2615977129,0,background
10668,sikkim,6516857.911189468,-953281.3283941988,0,background
10669,sikkim,6524490.407023705,-962901.0303877665,0,background
10670,sikkim,6505682.127517722,-955886.2464716377,0,background
10671,sikkim,6514148.952895307,-937726.2933123743,0,background
10672,sikkim,6492134.015692866,-991324.3230180707,0,background
10673,sikkim,6516496.609272232,-959545.2184734092,0,background
10674,sikkim,6536282.288020799,-949737.2820821702,0,background
10675,sikkim,6522244.766980833,-993344.4373761517,0,background
10676,sikkim,6561745.63782338,-936870.0854578335,0,background
10677,sikkim,6530525.554294414,-948995.0922023606,0,background
10678,sikkim,6515637.5715807155,-988224.0066658508,0,background
10679,sikkim,6532043.735529728,-952373.6854549822,0,background
10680,sikkim,6561936.790138424,-932339.1577912265,0,background
10681,sikkim,6508194.113443445,-991540.3077466463,0,background
10682,sikkim,6500074.431292618,-1008965.6418839897,0,background
10683,sikkim,6500665.780228099,-969727.0338698268,0,background
10684,sikkim,6547609.957367109,-945840.5712699896,0,background
10685,sikkim,6519696.1953615965,-1002392.2563339592,0,background
10686,sikkim,6514446.070162478,-934928.4714507195,0,background
10687,sikkim,6529534.590313229,-964328.1950162222,0,background
10688,sikkim,6509779.299872452,-974717.0652400018,0,background
10689,sikkim,6530685.792215631,-946267.1853317481,0,background
10690,sikkim,6528108.248961975,-972981.4413536417,0,background
10691,sikkim,6506639.285082495,-983347.0675965347,0,background
10692,sikkim,6509787.3483101325,-941463.7973642813,0,background
10693,sikkim,6511473.588942471,-970625.6148324168,0,background
10694,sikkim,6548057.372110217,-1003681.3141470725,0,background
10695,sikkim,6507876.7889110055,-963975.0772137427,0,background
10696,sikkim,6489357.429687623,-985074.709643554,0,background
10697,sikkim,6522243.30501501,-950982.1513691178,0,background
10698,sikkim,6520841.397701327,-969847.6651494532,0,background
10699,sikkim,6510653.69403953,-948259.1900322494,0,background
10700,sikkim,6520981.30153228,-971186.3675123764,0,background
10701,sikkim,6509635.836386294,-961690.5793778169,0,background
10702,sikkim,6574709.803542662,-1009400.6542156495,0,background
10703,sikkim,6513675.581523553,-940131.5711800464,0,background
10704,sikkim,6520450.596132063,-1000074.5486585583,0,background
10705,sikkim,6532286.227283781,-948996.1818074435,0,background
10706,sikkim,6506206.762162595,-978012.3681305754,0,background
10707,sikkim,6504426.482025759,-968410.5588205686,0,background
10708,sikkim,6493388.408931038,-1007812.2068804492,0,background
10709,sikkim,6549404.807563595,-949944.4251220068,0,background
10710,sikkim,6513674.975021065,-973749.1093658595,0,background
10711,sikkim,6490163.973298318,-985431.1039777714,0,background
10712,sikkim,6515736.144774299,-997847.9887956609,0,background
10713,sikkim,6515639.028583552,-985697.7443342432,0,background
10714,sikkim,6524304.575449365,-951675.6516371869,0,background
10715,sikkim,6550015.722334937,-968461.0831625992,0,background
10716,sikkim,6542600.39152505,-948968.8698322012,0,background
10717,sikkim,6544307.411384805,-1001836.078564341,0,background
10718,sikkim,6535411.5531620905,-976338.5884649011,0,background
10719,sikkim,6553490.524566821,-944159.8215923947,0,background
10720,sikkim,6530882.7184287775,-955771.3667013795,0,background
10721,sikkim,6553239.579866234,-934568.502497202,0,background
10722,sikkim,6519710.571051162,-1009026.4268382364,0,background
10723,sikkim,6553870.7382729845,-941181.4279658137,0,background
10724,sikkim,6540517.150905602,-954465.3334496635,0,background
10725,sikkim,6502208.78352639,-990018.1260025513,0,background
10726,sikkim,6557065.113368577,-948397.0181233918,0,background
10727,sikkim,6509114.977138955,-984155.5393874585,0,background
10728,sikkim,6524626.996114696,-972352.5475547683,0,background
10729,sikkim,6516297.309382741,-1012921.6499118647,0,background
10730,sikkim,6546546.197619444,-1003360.4432146748,0,background
10731,sikkim,6514170.374054188,-972747.3710082733,0,background
10732,sikkim,6520441.774692212,-997583.5140464325,0,background
10733,sikkim,6518626.518508975,-965316.1066748166,0,background
10734,sikkim,6525392.4870743705,-953886.4690231658,0,background
10735,sikkim,6518473.509809729,-958734.5609020973,0,background
10736,sikkim,6548164.818793969,-932162.2588651882,0,background
10737,sikkim,6547257.38512843,-960167.2574717291,0,background
10738,sikkim,6526717.935705262,-1008641.542131605,0,background
10739,sikkim,6513084.2446060125,-1000550.9218729094,0,background
10740,sikkim,6554195.663194361,-953354.4238079073,0,background
10741,sikkim,6519824.0660447,-985687.5424091823,0,background
10742,sikkim,6511928.108174,-988264.3172863765,0,background
10743,sikkim,6532929.820813352,-1007991.0147613074,0,background
10744,sikkim,6514153.951565411,-1001506.9964739487,0,background
10745,sikkim,6495395.6846412495,-998556.7002011,0,background
10746,sikkim,6546428.564404115,-967598.6015765152,0,background
10747,sikkim,6512228.187628158,-962524.2834196364,0,background
10748,sikkim,6545118.967354938,-956561.0079220108,0,background
10749,sikkim,6512582.840457258,-996954.5319136725,0,background
10750,sikkim,6542966.455594073,-1008268.0495363928,0,background
10751,sikkim,6551849.131851692,-957124.2766894076,0,background
10752,sikkim,6510855.313067839,-969252.2644545272,0,background
10753,sikkim,6545434.263413995,-968582.5383869521,0,background
10754,sikkim,6509791.663564762,-963633.9978428296,0,background
10755,sikkim,6507140.512864509,-1003575.0325562318,0,background
10756,sikkim,6510323.292539523,-1001273.8444543383,0,background
10757,sikkim,6544804.494555262,-953882.9373106823,0,background
10758,sikkim,6567053.913094811,-931439.7795479089,0,background
10759,sikkim,6545769.4947696095,-1008509.2084248837,0,background
10760,sikkim,6557398.572366575,-952841.8124841751,0,background
10761,sikkim,6538237.983297145,-969096.0290321133,0,background
10762,sikkim,6550538.817023962,-937199.8751393263,0,background
10763,sikkim,6530175.114987345,-948275.8163078849,0,background
10764,sikkim,6510402.382624735,-964397.4018621291,0,background
10765,sikkim,6527607.630703829,-956680.9442524352,0,background
10766,sikkim,6514626.419849512,-944443.297002644,0,background
10767,sikkim,6488660.79791116,-983513.49380252,0,background
10768,sikkim,6525886.289127664,-950629.9665619609,0,background
10769,sikkim,6511540.292507439,-961840.0955390298,0,background
10770,sikkim,6501961.797177131,-1012693.9884723078,0,background
10771,sikkim,6552331.294306623,-945532.5930375174,0,background
10772,sikkim,6510553.4260813035,-997272.6262363446,0,background
10773,sikkim,6537971.277602069,-976220.4828294807,0,background
10774,sikkim,6520521.519205396,-992442.5978107901,0,background
10775,sikkim,6534858.7660581535,-972284.4135067736,0,background
10776,sikkim,6558400.68473725,-940952.9456478565,0,background
10777,sikkim,6497842.2280607615,-1005501.5510158871,0,background
10778,sikkim,6502048.216848748,-976227.9013734522,0,background
10779,sikkim,6520567.808311731,-1004276.7151858379,0,background
10780,sikkim,6492099.4748831745,-1003885.2709883098,0,background
10781,sikkim,6509041.052379559,-988939.3348133344,0,background
10782,sikkim,6540018.4831452,-965828.2516364919,0,background
10783,sikkim,6553415.683871805,-973563.3681279387,0,background
10784,sikkim,6547174.513147287,-939746.16573136,0,background
10785,sikkim,6497635.184726033,-974425.2530552313,0,background
10786,sikkim,6500270.18076314,-994461.5841507439,0,background
10787,sikkim,6506357.677660534,-958054.3875826503,0,background
10788,sikkim,6535307.343866803,-1008095.3071341172,0,background
10789,sikkim,6488297.018963292,-986042.2070286407,0,background
10790,sikkim,6552667.043733621,-964584.201021613,0,background
10791,sikkim,6537981.145109702,-954836.015391089,0,background
10792,sikkim,6533127.101178608,-942536.8017096564,0,background
10793,sikkim,6504167.881488415,-982756.8988291927,0,background
10794,sikkim,6493824.396156131,-981216.3854530477,0,background
10795,sikkim,6517389.263541724,-971700.8496413582,0,background
10796,sikkim,6520207.724938914,-1006474.8423943877,0,background
10797,sikkim,6493153.721889712,-990837.2804362378,0,background
10798,sikkim,6549604.376176693,-954908.437462404,0,background
10799,sikkim,6560748.2890977645,-946520.6793088545,0,background
10800,sikkim,6542594.708903468,-950417.1538354293,0,background
10801,sikkim,6558726.240611453,-948832.5984870683,0,background
10802,sikkim,6536286.851827143,-946673.8079336513,0,background
10803,sikkim,6505275.072120952,-1011628.1667676149,0,background
10804,sikkim,6558556.394572455,-937706.337302832,0,background
10805,sikkim,6559395.213645109,-935878.2195383877,0,background
10806,sikkim,6549355.083377783,-967792.4302974633,0,background
10807,sikkim,6542123.643427988,-937837.82095458,0,background
10808,sikkim,6501579.143237473,-964177.4297829362,0,background
10809,sikkim,6505973.868333385,-1001259.8536956367,0,background
10810,sikkim,6509741.603165783,-996860.2056453043,0,background
10811,sikkim,6523306.497437072,-957635.5481825949,0,background
10812,sikkim,6549871.384810008,-944742.0802675635,0,background
10813,sikkim,6512664.421522976,-947367.4064459623,0,background
10814,sikkim,6511907.537027102,-958025.1200632467,0,background
10815,sikkim,6547650.2373177605,-932714.2246352336,0,background
10816,sikkim,6512430.73581285,-995763.990657853,0,background
10817,sikkim,6543707.340416705,-1006618.0340236999,0,background
10818,sikkim,6550107.374473115,-1001906.9822986808,0,background
10819,sikkim,6561249.00348727,-945449.0771972028,0,background
10820,sikkim,6540062.521766546,-1004085.9067926807,0,background
10821,sikkim,6517785.604232992,-937941.4136060285,0,background
10822,sikkim,6541921.62121682,-1003510.1444039718,0,background
10823,sikkim,6499045.07177304,-986871.180422908,0,background
10824,sikkim,6540911.516942388,-948650.1584320017,0,background
10825,sikkim,6546437.618017518,-950638.9272812785,0,background
10826,sikkim,6546032.788921525,-943173.554844575,0,background
10827,sikkim,6546521.232173407,-971255.9957471171,0,background
10828,sikkim,6542904.115341805,-940371.344165504,0,background
10829,sikkim,6529018.13639668,-951421.0230808876,0,background
10830,sikkim,6523923.953768056,-956482.3050482753,0,background
10831,sikkim,6543856.010062831,-1005575.695449419,0,background
10832,sikkim,6555208.073975104,-946528.9466078336,0,background
10833,sikkim,6522377.568712764,-959546.3114652367,0,background
10834,sikkim,6548827.669851748,-957535.0409659346,0,background
10835,sikkim,6501553.208572766,-1000814.0303537378,0,background
10836,sikkim,6544091.237768058,-963813.323778268,0,background
10837,sikkim,6561352.430522215,-1027092.774924936,0,background
10838,sikkim,6553723.827285519,-966505.6853880358,0,background
10839,sikkim,6543470.879454544,-969225.1029789787,0,background
10840,sikkim,6491548.1542848125,-992643.8166918309,0,background
10841,sikkim,6506835.740180989,-961442.8831899972,0,background
10842,sikkim,6546330.810945141,-936992.6583784913,0,background
10843,sikkim,6492990.793171235,-994659.3365063608,0,background
10844,sikkim,6564988.150543214,-928992.6664353223,0,background
10845,sikkim,6496251.16945977,-1001504.081639073,0,background
10846,sikkim,6515298.458659315,-995585.2599930876,0,background
10847,sikkim,6499006.508602394,-1005203.2252487413,0,background
10848,sikkim,6520668.458779291,-1002745.3761455908,0,background
10849,sikkim,6519451.672488061,-1013983.6285605677,0,background
10850,sikkim,6535086.894284727,-969480.738221122,0,background
10851,sikkim,6550610.7502806345,-970138.5199769702,0,background
10852,sikkim,6533539.705720722,-1009034.0275829587,0,background
10853,sikkim,6533844.659063221,-952969.0332109135,0,background
10854,sikkim,6518068.088704117,-987321.2308291395,0,background
10855,sikkim,6505413.700445965,-1016129.8822338752,0,background
10856,sikkim,6542172.384775951,-970811.5623388578,0,background
10857,sikkim,6539613.722156084,-1005478.1016368321,0,background
10858,sikkim,6513307.348745252,-1010049.3134130231,0,background
10859,sikkim,6504109.856332569,-1006618.6303686259,0,background
10860,sikkim,6513985.554839512,-944344.0154281277,0,background
10861,sikkim,6500285.460224575,-970449.0824979972,0,background
10862,sikkim,6494910.897171646,-991364.8741861465,0,background
10863,sikkim,6507725.91157587,-960035.3765286005,0,background
10864,sikkim,6511829.330187288,-1003442.4102054489,0,background
10865,sikkim,6546781.866571829,-947741.5291889417,0,background
10866,sikkim,6506481.4070997005,-999154.8099954122,0,background
10867,sikkim,6524752.952669873,-950116.1592833751,0,background
10868,sikkim,6534680.506987456,-976749.0107067715,0,background
10869,sikkim,6528623.069989281,-972511.2719922807,0,background
10870,sikkim,6513538.395355096,-966647.0521014879,0,background
10871,sikkim,6523013.956360179,-1011257.2852765609,0,background
10872,sikkim,6524198.817403746,-946833.4743814429,0,background
10873,sikkim,6509303.133239509,-949775.2884285314,0,background
10874,sikkim,6540873.199077864,-959560.5190782449,0,background
10875,sikkim,6536932.711674258,-944226.2777037525,0,background
10876,sikkim,6509062.386801373,-949521.6114528711,0,background
10877,sikkim,6550673.686220688,-930413.6749283256,0,background
10878,sikkim,6512045.244382875,-933315.7728515051,0,background
10879,sikkim,6551694.384688545,-966324.4854720422,0,background
10880,sikkim,6513194.221661627,-953233.158731618,0,background
10881,sikkim,6546336.475764929,-956600.3739524852,0,background
10882,sikkim,6494135.41128055,-994177.8824489993,0,background
10883,sikkim,6511618.239189109,-983628.5341845802,0,background
10884,sikkim,6534703.769765473,-983226.7363902555,0,background
10885,sikkim,6542035.740043256,-951714.6554751578,0,background
10886,sikkim,6565029.809625444,-936275.1259625257,0,background
10887,sikkim,6526032.829887362,-960983.4488544281,0,background
10888,sikkim,6504855.988466077,-1001189.0143566255,0,background
10889,sikkim,6519400.068985602,-1010114.7578598408,0,background
10890,sikkim,6514200.385567268,-974532.8896730484,0,background
10891,sikkim,6515352.094562327,-978496.638790415,0,background
10892,sikkim,6528206.9313312555,-967902.5495363484,0,background
10893,sikkim,6540952.276260526,-944829.2778271035,0,background
10894,sikkim,6517929.999540474,-988068.7316578326,0,background
10895,sikkim,6531100.216026751,-969874.8735548148,0,background
10896,sikkim,6541083.706594717,-1011357.0243372798,0,background
10897,sikkim,6519919.55219428,-984814.9574023838,0,background
10898,sikkim,6530519.144766661,-958060.7885265899,0,background
10899,sikkim,6545499.412384012,-1005817.1847086989,0,background
10900,sikkim,6542010.841140269,-1003115.2212805109,0,background
10901,sikkim,6532383.637068286,-944858.5023694787,0,background
10902,sikkim,6521363.517392709,-993065.0212330002,0,background
10903,sikkim,6518062.940803898,-946395.5267310315,0,background
10904,sikkim,6494687.320532175,-1007608.705264438,0,background
10905,sikkim,6532842.6895893365,-981177.0545691103,0,background
10906,sikkim,6523480.482848895,-944558.1638610143,0,background
10907,sikkim,6515673.107849897,-981953.5978052884,0,background
10908,sikkim,6552209.577483706,-933259.927376525,0,background
10909,sikkim,6497727.715516054,-986206.8359037513,0,background
10910,sikkim,6545294.036770802,-945476.6466227941,0,background
10911,sikkim,6511069.86150849,-990742.4147945626,0,background
10912,sikkim,6504008.198670826,-988505.7272071595,0,background
10913,sikkim,6508770.064405595,-971907.9632987927,0,background
10914,sikkim,6547558.082693471,-935037.7645879264,0,background
10915,sikkim,6525266.076299239,-964441.1648309535,0,background
10916,sikkim,6537562.328899815,-951865.4890674668,0,background
10917,sikkim,6527689.863093806,-959555.9083709972,0,background
10918,sikkim,6510669.811255568,-935177.2730047446,0,background
10919,sikkim,6533023.986704933,-942445.8873565809,0,background
10920,sikkim,6516170.627370509,-976313.8655569105,0,background
10921,sikkim,6517777.979559233,-970266.2877999675,0,background
10922,sikkim,6519755.129980391,-954330.5155531367,0,background
10923,sikkim,6512086.72136564,-948695.3272550545,0,background
10924,tripura,6842355.681502403,-1384861.1900916556,0,background
10925,tripura,6775964.487565479,-1462307.8678282779,0,background
10926,tripura,6858765.719139549,-1402459.407055845,0,background
10927,tripura,6780075.465820804,-1458837.9025923405,0,background
10928,tripura,6831271.776091686,-1442377.4549272056,0,background
10929,tripura,6796247.114133782,-1425206.309409587,0,background
10930,tripura,6807515.593769492,-1444004.1192903158,0,background
10931,tripura,6870329.763451926,-1421962.423031391,0,background
10932,tripura,6767217.233427738,-1442327.4988424827,0,background
10933,tripura,6818582.790976505,-1391283.2088948844,0,background
10934,tripura,6830568.603497692,-1441373.1821552601,0,background
10935,tripura,6793265.475144326,-1431024.1662736323,0,background
10936,tripura,6806074.498624814,-1371852.8755595828,0,background
10937,tripura,6833962.383371386,-1445511.454776174,0,background
10938,tripura,6861905.510390727,-1388241.1023852373,0,background
10939,tripura,6769946.429923558,-1435086.467268783,0,background
10940,tripura,6846051.160298897,-1367231.9724213835,0,background
10941,tripura,6762100.81626262,-1438793.2704227886,0,background
10942,tripura,6801339.597043612,-1441471.171782591,0,background
10943,tripura,6848189.791371758,-1385182.2530743764,0,background
10944,tripura,6823391.547226019,-1363990.1902190323,0,background
10945,tripura,6836749.197910527,-1380989.8859486724,0,background
10946,tripura,6826628.23835984,-1379620.7782065421,0,background
10947,tripura,6816691.309003246,-1412998.8166506558,0,background
10948,tripura,6828844.222185965,-1441017.5434608946,0,background
10949,tripura,6865886.602228626,-1428105.5876699442,0,background
10950,tripura,6764113.795486788,-1452521.8016394814,0,background
10951,tripura,6776748.4034123365,-1444325.912689468,0,background
10952,tripura,6769073.970068445,-1440527.0948538058,0,background
10953,tripura,6816626.332765006,-1452637.842572436,0,background
10954,tripura,6803204.138525092,-1467169.1021293371,0,background
10955,tripura,6858007.772209321,-1413528.8929991277,0,background
10956,tripura,6797694.306459761,-1416425.4847455283,0,background
10957,tripura,6866796.758582138,-1392909.857752123,0,background
10958,tripura,6832924.304859507,-1398100.8681692197,0,background
10959,tripura,6780542.506806915,-1440153.7495551172,0,background
10960,tripura,6810571.232582971,-1390381.6812831666,0,background
10961,tripura,6769587.144642132,-1437426.0189446865,0,background
10962,tripura,6835837.855329456,-1373401.244767818,0,background
10963,tripura,6847521.473823342,-1362214.5798051835,0,background
10964,tripura,6804943.078974006,-1437699.8584752306,0,background
10965,tripura,6887117.7840060415,-1385673.1058161352,0,background
10966,tripura,6856339.419129795,-1409502.680680965,0,background
10967,tripura,6837803.775337129,-1394862.600147787,0,background
10968,tripura,6807718.662039622,-1470690.7373710175,0,background
10969,tripura,6789162.086097083,-1447626.8269616181,0,background
10970,tripura,6847227.086381513,-1363340.227059427,0,background
10971,tripura,6827954.295081719,-1376414.6543485012,0,background
10972,tripura,6810325.62100602,-1443694.2865492092,0,background
10973,tripura,6856959.5305129085,-1357409.3563900678,0,background
10974,tripura,6857927.551123683,-1389564.4220531227,0,background
10975,tripura,6796601.474905603,-1434948.587086589,0,background
10976,tripura,6874069.905195453,-1374458.2550178498,0,background
10977,tripura,6827786.196588938,-1414530.394480033,0,background
10978,tripura,6850050.524841927,-1375946.2061760137,0,background
10979,tripura,6871922.068180129,-1388898.6833423905,0,background
10980,tripura,6766663.777333081,-1432784.8544476565,0,background
10981,tripura,6833954.667080146,-1420681.2664082556,0,background
10982,tripura,6841182.046461148,-1444757.562076364,0,background
10983,tripura,6806590.030600928,-1372678.060721234,0,background
10984,tripura,6848170.658314161,-1410591.6421526484,0,background
10985,tripura,6801005.611940749,-1413863.739657124,0,background
10986,tripura,6856951.192980686,-1370879.0209747462,0,background
10987,tripura,6790099.955643953,-1462251.6087100666,0,background
10988,tripura,6859744.097078568,-1409436.4077739592,0,background
10989,tripura,6844314.772919311,-1408746.969962924,0,background
10990,tripura,6789723.217014109,-1426866.234485074,0,background
10991,tripura,6858103.595157334,-1368259.642721606,0,background
10992,tripura,6823580.050217061,-1417182.8584375023,0,background
10993,tripura,6844934.097327339,-1429702.7503353837,0,background
10994,tripura,6846435.380015626,-1432915.3278468568,0,background
10995,tripura,6881025.492064191,-1415633.8069011595,0,background
10996,tripura,6849049.294679747,-1431092.3872825312,0,background
10997,tripura,6834400.433867424,-1421668.9055170687,0,background
10998,tripura,6762971.148725668,-1456959.986512635,0,background
10999,tripura,6873075.161418698,-1384447.437408497,0,background
11000,tripura,6779180.834109713,-1445363.5383369466,0,background
11001,tripura,6873578.169104251,-1382357.4024211965,0,background
11002,tripura,6816909.232781281,-1367862.6889109716,0,background
11003,tripura,6865735.38169418,-1382322.9376893407,0,background
11004,tripura,6876521.205740608,-1415349.270414297,0,background
11005,tripura,6819826.587831616,-1398328.4445820325,0,background
11006,tripura,6801861.714480275,-1443860.7664471918,0,background
11007,tripura,6865410.171146825,-1392858.3711616609,0,background
11008,tripura,6870996.006360793,-1376849.269832395,0,background
11009,tripura,6885707.05093045,-1423917.4281150703,0,background
11010,tripura,6770126.100724737,-1436101.7501580636,0,background
11011,tripura,6836318.310256755,-1378789.839763086,0,background
11012,tripura,6888504.227347255,-1426244.7591805418,0,background
11013,tripura,6840062.513797611,-1382971.8757021106,0,background
11014,tripura,6856917.369694068,-1398656.3396444437,0,background
11015,tripura,6846690.072444236,-1422168.0042977943,0,background
11016,tripura,6887724.869770737,-1404718.4594520591,0,background
11017,tripura,6845576.391018726,-1422017.9868748689,0,background
11018,tripura,6780782.873791271,-1445989.2414931697,0,background
11019,tripura,6805564.398368932,-1420936.6918238807,0,background
11020,tripura,6832972.551095196,-1389410.3324536025,0,background
